工	A
了	B
以	C
在	D
有	E
地	F
一	G
上	H
不	I
是	J
中	K
国	L
同	M
民	N
为	O
这	P
我	Q
的	R
要	S
和	T
产	U
发	V
人	W
经	X
主	Y
式	A
节	A
芭	A
基	A
菜	A
革	A
七	A
牙	A
东	A
划	A
或	A
功	A
贡	A
世	A
蒌	A
芝	A
区	A
匠	A
苛	A
攻	A
燕	A
切	A
共	A
药	A
芳	A
陈	B
子	B
取	B
承	B
阴	B
际	B
卫	B
耻	B
孙	B
阳	B
职	B
阵	B
出	B
也	B
耿	B
辽	B
隐	B
孤	B
阿	B
降	B
联	B
限	B
队	B
陛	B
防	B
戏	C
邓	C
双	C
参	C
能	C
对	C
骊	C
骒	C
台	C
劝	C
观	C
马	C
驼	C
允	C
牟	C
骠	C
矣	C
骈	C
艰	C
难	C
驻	C
左	D
顾	D
友	D
大	D
胡	D
夺	D
三	D
丰	D
砂	D
百	D
右	D
历	D
面	D
成	D
灰	D
达	D
克	D
原	D
厅	D
帮	D
磁	D
肆	D
春	D
龙	D
太	D
肛	E
服	E
肥	E
须	E
朋	E
肝	E
且	E
鼐	E
膛	E
胆	E
肿	E
肋	E
肌	E
甩	E
膦	E
爱	E
胸	E
遥	E
采	E
用	E
胶	E
妥	E
脸	E
脂	E
及	E
载	F
支	F
城	F
圾	F
寺	F
二	F
直	F
示	F
进	F
吉	F
协	F
南	F
志	F
赤	F
过	F
无	F
垢	F
霜	F
才	F
增	F
雪	F
夫	F
坳	F
坟	F
开	G
屯	G
到	G
天	G
表	G
于	G
五	G
下	G
理	G
事	G
画	G
现	G
与	G
来	G
列	G
珠	G
末	G
玫	G
平	G
妻	G
珍	G
互	G
玉	G
虎	H
齰	H
皮	H
睚	H
肯	H
睦	H
睛	H
止	H
步	H
旧	H
占	H
卤	H
贞	H
卢	H
眯	H
瞎	H
餐	H
睥	H
盯	H
睡	H
瞳	H
眼	H
具	H
此	H
眩	H
江	I
池	I
汉	I
尖	I
肖	I
法	I
汪	I
小	I
水	I
浊	I
澡	I
渐	I
没	I
沁	I
淡	I
学	I
光	I
泊	I
洒	I
少	I
洋	I
当	I
兴	I
涨	I
注	I
虹	J
最	J
紧	J
晨	J
明	J
时	J
量	J
早	J
晃	J
昌	J
蝇	J
曙	J
遇	J
电	J
显	J
晕	J
晚	J
蝗	J
果	J
昨	J
暗	J
归	J
蛤	J
昆	J
景	J
呀	K
啊	K
吧	K
顺	K
吸	K
叶	K
呈	K
吵	K
虽	K
吕	K
另	K
员	K
叫	K
咪	K
喧	K
史	K
听	K
呆	K
呼	K
啼	K
哪	K
只	K
哟	K
嘛	K
轼	L
囝	L
轻	L
因	L
胃	L
轩	L
车	L
四	L
辊	L
加	L
男	L
轴	L
思	L
辚	L
边	L
罗	L
斩	L
困	L
力	L
较	L
轨	L
办	L
累	L
罚	L
曲	M
邮	M
凤	M
央	M
骨	M
财	M
由	M
峭	M
则	M
迥	M
崭	M
册	M
岂	M
嶙	M
迪	M
风	M
贩	M
朵	M
几	M
赠	M
内	M
嶷	M
凡	M
敢	N
怪	N
居	N
导	N
怀	N
收	N
悄	N
慢	N
避	N
惭	N
届	N
忆	N
屡	N
忱	N
懈	N
怕	N
怵	N
必	N
习	N
恨	N
愉	N
尼	N
心	N
煤	O
籽	O
烃	O
类	O
粗	O
灶	O
业	O
粘	O
炒	O
烛	O
炽	O
烟	O
灿	O
断	O
炎	O
迷	O
炮	O
煌	O
灯	O
烽	O
料	O
娄	O
粉	O
糨	O
米	O
宽	P
字	P
害	P
家	P
守	P
定	P
寂	P
宵	P
审	P
宫	P
军	P
宙	P
官	P
灾	P
之	P
宛	P
宾	P
宁	P
客	P
实	P
安	P
空	P
它	P
社	P
氏	Q
凶	Q
色	Q
然	Q
角	Q
针	Q
钱	Q
外	Q
乐	Q
旬	Q
名	Q
甸	Q
负	Q
包	Q
炙	Q
锭	Q
多	Q
铁	Q
钉	Q
儿	Q
匀	Q
争	Q
欠	Q
镪	Q
久	Q
找	R
报	R
反	R
拓	R
扔	R
持	R
后	R
年	R
朱	R
提	R
扣	R
押	R
抽	R
所	R
搂	R
近	R
换	R
折	R
打	R
手	R
拉	R
扫	R
失	R
批	R
扩	R
械	S
李	S
权	S
枯	S
极	S
村	S
本	S
相	S
档	S
查	S
可	S
楞	S
机	S
杨	S
杰	S
棕	S
构	S
析	S
林	S
格	S
样	S
检	S
楷	S
术	S
长	T
季	T
么	T
知	T
秀	T
行	T
生	T
处	T
秒	T
得	T
各	T
务	T
向	T
秘	T
秋	T
管	T
称	T
物	T
条	T
笔	T
科	T
委	T
答	T
第	T
入	T
并	U
闻	U
冯	U
关	U
前	U
半	U
闰	U
站	U
冰	U
间	U
部	U
曾	U
商	U
决	U
普	U
帝	U
交	U
瓣	U
亲	U
立	U
妆	U
闪	U
北	U
六	U
毁	V
好	V
妈	V
姑	V
奶	V
寻	V
姨	V
叟	V
录	V
旭	V
如	V
舅	V
妯	V
刀	V
灵	V
巡	V
婚	V
姝	V
杂	V
九	V
嫌	V
妇	V
臾	V
姆	V
妨	V
代	W
他	W
公	W
估	W
仍	W
会	W
全	W
个	W
偿	W
介	W
保	W
佃	W
仙	W
亿	W
伙	W
侬	W
你	W
伯	W
休	W
作	W
们	W
分	W
从	W
化	W
信	W
红	X
弛	X
顷	X
级	X
结	X
线	X
引	X
纱	X
旨	X
强	X
细	X
纲	X
纪	X
继	X
综	X
约	X
绵	X
缥	X
张	X
弱	X
绿	X
给	X
比	X
纺	X
度	Y
离	Y
充	Y
庆	Y
衣	Y
计	Y
让	Y
就	Y
刘	Y
训	Y
高	Y
记	Y
变	Y
义	Y
诉	Y
订	Y
放	Y
说	Y
良	Y
认	Y
率	Y
方	Y
𦬀	A
匞	A
苷	A
𦬵	A
𠦜	A
芽	A
𠦌	A
𢌵	A
𦬇	A
戒	A
苣	A
戔	A
𦬗	A
荛	A
芅	A
𦫾	A
𦬎	A
荫	A
芓	A
茸	A
卭	A
邛	A
蒸	A
𦫼	A
茁	A
芤	A
菰	A
萨	A
匜	A
茎	A
苔	A
䔍	A
𦫿	A
莽	A
苊	A
茇	A
弎	A
𠤳	A
𢀚	A
戎	A
苦	A
葳	A
荐	A
藉	A
菲	A
若	A
苈	A
项	A
茂	A
𦫺	A
芖	A
蕨	A
𦬫	A
其	A
茏	A
艿	A
藐	A
𢒄	A
𢒅	A
𢎀	A
苴	A
苚	A
𢦨	A
㣉	A
散	A
藤	A
荽	A
芨	A
鞯	A
邯	A
靶	A
弍	A
甘	A
芏	A
𡉐	A
𦫽	A
蒜	A
芉	A
勒	A
贰	A
苇	A
鞍	A
鞠	A
靳	A
某	A
著	A
蔷	A
鞭	A
荆	A
匡	A
弌	A
𠥻	A
莆	A
芋	A
𦬬	A
廿	A
苤	A
蕙	A
蔌	A
芾	A
匚	A
匸	A
𠥓	A
莱	A
葬	A
茉	A
廾	A
苹	A
萋	A
荑	A
蘧	A
䒙	A
芷	A
苜	A
菽	A
𦫳	A
㐄	A
苫	A
𡕒	A
臣	A
茈	A
茳	A
范	A
菹	A
薄	A
菠	A
藻	A
荡	A
鸫	A
蒎	A
菏	A
落	A
䒕	A
汞	A
𦬭	A
𦭅	A
茫	A
蕞	A
莫	A
𢎃	A
萌	A
䒤	A
昔	A
㓚	A
𧈟	A
𧈱	A
草	A
𢀘	A
蔓	A
葛	A
蓝	A
茧	A
𧈩	A
𧈫	A
郾	A
𧈬	A
葺	A
叵	A
戓	A
𢀛	A
𦬅	A
匮	A
颧	A
莴	A
艻	A
茵	A
𤰭	A
苗	A
𤰻	A
𥁁	A
𦭝	A
莗	A
𦭖	A
匣	A
𢦦	A
荔	A
莲	A
萝	A
菌	A
匦	A
苏	A
芁	A
芟	A
英	A
苒	A
苖	A
茼	A
匝	A
𧴮	A
苘	A
苋	A
貢	A
貣	A
𦮷	A
𧴹	A
黄	A
巩	A
苠	A
艺	A
芑	A
𠃟	A
𦫴	A
𦬊	A
巨	A
蔚	A
𦏺	A
𦭳	A
𦏼	A
蔬	A
忒	A
薜	A
贳	A
蕊	A
𠃖	A
𢀕	A
芯	A
𢖶	A
𢖼	A
𠀍	A
𢀒	A
𢀓	A
𢀔	A
𢍻	A
蓼	A
苡	A
𠤻	A
炗	A
苂	A
菪	A
𨑬	A
蒙	A
荥	A
萤	A
营	A
劳	A
茕	A
荧	A
莺	A
荦	A
荣	A
蓉	A
萦	A
芪	A
苑	A
𠑶	A
菳	A
葡	A
𠀠	A
荀	A
敬	A
殴	A
苞	A
菊	A
欧	A
萄	A
获	A
艾	A
芕	A
兂	A
匹	A
旡	A
芡	A
芍	A
葩	A
菝	A
𢦑	A
苩	A
茱	A
芹	A
萆	A
茜	A
苯	A
葙	A
艼	A
蕈	A
菥	A
㭉	A
𣎽	A
𣏩	A
𣏼	A
菘	A
苌	A
医	A
莠	A
𢦍	A
芊	A
董	A
蓰	A
莉	A
𢎉	A
蓖	A
薇	A
蕃	A
藜	A
莪	A
䒘	A
䒩	A
𠀗	A
萎	A
莓	A
蒴	A
苙	A
菛	A
𢦥	A
莘	A
菩	A
蔽	A
蒂	A
蒋	A
薪	A
蒺	A
𦬩	A
蒹	A
蔺	A
艽	A
芀	A
菇	A
茛	A
荨	A
𦬑	A
𦭻	A
萧	A
茹	A
㓛	A
𠥭	A
萸	A
芄	A
苍	A
蓊	A
茯	A
蔡	A
葵	A
莜	A
𠤭	A
芥	A
𦫻	A
葆	A
巷	A
茶	A
荼	A
䒔	A
𦫸	A
芬	A
巫	A
花	A
蕉	A
荭	A
芎	A
荮	A
莼	A
𢦙	A
蕴	A
芗	A
芘	A
蔗	A
茺	A
𠂀	A
𠥇	A
𠥵	A
䓂	A
苄	A
𢌭	A
𢍺	A
蔼	A
蓑	A
蒿	A
芒	A
葶	A
蘑	A
蔟	A
芠	A
𠀖	A
莨	A
萃	A
蓄	A
𦔸	B
𨸖	B
聀	B
陬	B
䦻	B
孖	B
聑	B
耶	B
𨸙	B
𠙶	B
阤	B
𠨎	B
𦔶	B
陉	B
聂	B
𠬝	B
聚	B
娶	B
䧞	B
𨸕	B
隋	B
随	B
陌	B
𡗖	B
陇	B
䎳	B
𦕘	B
𨸐	B
孺	B
𡤾	B
𤯓	B
䦹	B
陡	B
𠥿	B
𨸗	B
阱	B
陆	B
阮	B
陵	B
孒	B
𠀄	B
𡤼	B
𡤽	B
耳	B
隔	B
陋	B
阢	B
陕	B
陂	B
阯	B
陟	B
屮	B
函	B
丞	B
氶	B
𣎵	B
隙	B
逊	B
阥	B
陧	B
𡥌	B
刵	B
𡥁	B
隅	B
隰	B
𨹁	B
亟	B
叾	B
𡥄	B
𦔻	B
聩	B
陨	B
孟	B
𥁂	B
䧃	B
陣	B
𨸺	B
勐	B
阞	B
𦔳	B
祟	B
聘	B
𦔺	B
𡴳	B
𡴺	B
𨸔	B
粜	B
孭	B
𦐁	B
凵	B
卩	B
阝	B
㔾	B
䎲	B
孔	B
巜	B
耴	B
孞	B
𡳾	B
𦔮	B
恥	B
阦	B
䢊	B
院	B
𨑏	B
耽	B
聍	B
迆	B
陀	B
孢	B
陶	B
聊	B
陷	B
隍	B
𦕄	B
𨸢	B
隗	B
陴	B
䧈	B
𦕩	B
䦺	B
耵	B
𣎿	B
𣏍	B
聒	B
阡	B
隆	B
阼	B
孜	B
𢻱	B
𨸩	B
隧	B
障	B
陪	B
隘	B
𦥖	B
𡥃	B
𨸒	B
𨸓	B
附	B
险	B
𡥀	B
𡭖	B
阶	B
除	B
𡤿	B
𦔷	B
𡥪	B
卪	B
孓	B
𨸘	B
颈	C
𢀖	C
弁	C
馵	C
劲	C
迳	C
驱	C
𩢅	C
巯	C
骤	C
预	C
駬	C
䣕	C
𠨏	C
予	C
𠙸	C
馳	C
驰	C
豫	C
矛	C
又	C
骖	C
驿	C
骀	C
㕕	C
㕛	C
𠬟	C
𩥋	C
骏	C
厸	C
馭	C
騳	C
驭	C
叁	C
𠀧	C
𩢪	C
畚	C
骑	C
䭾	C
馱	C
驮	C
䏍	C
驵	C
𩢋	C
甬	C
勇	C
恿	C
通	C
𠄧	C
圣	C
𡉷	C
𩡶	C
馯	C
䭴	C
𠫘	C
怼	C
𩧩	C
𩡭	C
厼	C
馹	C
驲	C
𠚫	C
𠛋	C
𧈡	C
𧈧	C
邰	C
𠮢	C
𩡳	C
𠺎	C
馴	C
驯	C
怠	C
炱	C
迨	C
驶	C
駟	C
驷	C
骡	C
𠘭	C
駎	C
骋	C
𩧨	C
岊	C
貟	C
贠	C
骣	C
巴	C
𠫖	C
𢟀	C
厶	C
龴	C
𥸿	C
𤆃	C
𤆆	C
遤	C
𠫝	C
驹	C
驳	C
驺	C
欢	C
鸡	C
馸	C
𩡯	C
𠫡	C
𣎼	C
骆	C
骢	C
駇	C
𩧧	C
騂	C
骍	C
骥	C
𡚩	C
𩢹	C
驸	C
验	C
逡	C
骅	C
𩡩	C
𩡮	C
叉	C
蚤	C
骧	C
驴	C
馼	C
矼	D
砑	D
礴	D
㚏	D
厝	D
𥐧	D
磺	D
碟	D
礞	D
奁	D
䂝	D
硗	D
𢦮	D
砌	D
礤	D
硭	D
𠨯	D
耷	D
𡥂	D
矷	D
䂙	D
㚎	D
𠚈	D
础	D
𥐗	D
𥐨	D
厄	D
𠨱	D
夿	D
磉	D
碜	D
码	D
𥑁	D
㕝	D
厷	D
厺	D
犮	D
𩡱	D
𩡷	D
雄	D
碼	D
㕆	D
磊	D
𠯛	D
砳	D
碱	D
𠳬	D
𥑮	D
厦	D
厌	D
厣	D
硕	D
厉	D
魇	D
㚐	D
套	D
餍	D
㹜	D
夶	D
郁	D
硼	D
𨱠	D
砽	D
髭	D
𠳫	D
𠨸	D
鬟	D
髯	D
鬃	D
鹕	D
髟	D
長	D
鬈	D
髹	D
𨱪	D
奔	D
磕	D
圧	D
辰	D
圶	D
夳	D
硅	D
𡉄	D
𡊵	D
矸	D
奈	D
夲	D
厈	D
夸	D
奢	D
压	D
研	D
砘	D
𡗓	D
𥐳	D
古	D
硬	D
咸	D
礓	D
碛	D
戌	D
丆	D
厂	D
𠂇	D
砰	D
威	D
碡	D
戛	D
存	D
破	D
慧	D
𦣻	D
砋	D
戚	D
𡗔	D
艳	D
夏	D
𠀊	D
𡗱	D
契	D
𥐚	D
耔	D
耙	D
耨	D
硝	D
耕	D
耒	D
𣱷	D
耦	D
耜	D
耧	D
夵	D
泵	D
𡭚	D
𣳂	D
耠	D
砅	D
耱	D
厚	D
非	D
碍	D
矵	D
砷	D
𡘗	D
夰	D
奄	D
碣	D
𧈠	D
𧈹	D
夻	D
𥐣	D
夼	D
夯	D
奋	D
𡘃	D
䦉	D
砗	D
硨	D
𥑐	D
𨊦	D
㕅	D
厍	D
厙	D
劯	D
𠡉	D
碘	D
冇	D
碳	D
碉	D
𡘊	D
硐	D
𥑤	D
布	D
𥐢	D
𠩠	D
㞭	D
而	D
𡶪	D
矶	D
𨱙	D
砚	D
頁	D
页	D
𧵎	D
𧵔	D
矾	D
碾	D
乭	D
臧	D
𦏷	D
䎁	D
𥒉	D
嘏	D
趸	D
劢	D
𥐕	D
𥐦	D
迈	D
尥	D
砀	D
怘	D
万	D
尢	D
尤	D
𡯁	D
𢌬	D
尬	D
戊	D
𠩕	D
盔	D
磷	D
𤆍	D
𤇈	D
𥒄	D
𨒙	D
迖	D
碗	D
牵	D
砣	D
㕋	D
兢	D
确	D
𨥴	D
碒	D
砾	D
爽	D
砍	D
矽	D
砶	D
斫	D
𡗲	D
𢪿	D
𠨾	D
碑	D
硒	D
厢	D
矴	D
碴	D
㚓	D
䂞	D
邦	D
寿	D
砟	D
硌	D
硇	D
砭	D
硪	D
故	D
𨱝	D
磙	D
㕇	D
磋	D
𨳔	D
砬	D
𨐒	D
𡗜	D
辜	D
厗	D
碚	D
碰	D
磅	D
冭	D
厩	D
碌	D
𥐛	D
𥐜	D
砼	D
奉	D
奏	D
仄	D
𡗗	D
𡗕	D
秦	D
舂	D
雁	D
礁	D
𥐙	D
龚	D
㔫	D
聋	D
𠨬	D
𡗝	D
砻	D
垄	D
砩	D
䂗	D
𡯃	D
砒	D
袭	D
礅	D
硫	D
𧥢	D
䂴	D
丈	D
态	D
矿	D
碎	D
砇	D
腻	E
胨	E
腊	E
𦘪	E
朦	E
郛	E
孕	E
孚	E
䏪	E
𨛤	E
乳	E
肔	E
胫	E
夃	E
胎	E
盈	E
豝	E
𠬪	E
𦘯	E
𦟐	E
肱	E
呄	E
胯	E
𦙶	E
𦚈	E
𡗮	E
腠	E
胧	E
肰	E
肽	E
貘	E
脬	E
貊	E
月	E
𢒀	E
豺	E
𦙔	E
𦙸	E
豳	E
燹	E
鹏	E
豸	E
肜	E
𢒁	E
貂	E
貅	E
豚	E
豩	E
肢	E
䝅	E
肚	E
肼	E
膨	E
腩	E
肟	E
脖	E
朊	E
爰	E
寽	E
肤	E
肘	E
𣍾	E
肫	E
县	E
脯	E
𦙗	E
胚	E
膈	E
助	E
肺	E
豕	E
雎	E
胰	E
𥄃	E
胩	E
丯	E
辵	E
𦘱	E
𡭘	E
胱	E
尕	E
𦙙	E
㸓	E
刖	E
腽	E
腥	E
𧈦	E
𧋠	E
𦚭	E
𦘶	E
腭	E
脶	E
胭	E
䀃	E
盁	E
𥁎	E
胛	E
爵	E
胁	E
腆	E
股	E
胴	E
𦘹	E
觅	E
𧴭	E
肭	E
㐍	E
脲	E
肊	E
𦘺	E
肠	E
𢗯	E
𦙦	E
𤆄	E
𤉄	E
脒	E
受	E
迌	E
脓	E
𢌘	E
脘	E
腚	E
逐	E
𨒗	E
腕	E
膑	E
胺	E
辸	E
腔	E
胝	E
脆	E
朐	E
胞	E
脎	E
肷	E
胍	E
胉	E
肵	E
腺	E
脾	E
彩	E
膘	E
𦚵	E
𦘭	E
𧰩	E
朶	E
腰	E
膝	E
𦙣	E
胀	E
胜	E
胙	E
𡕔	E
腹	E
胳	E
乃	E
彡	E
𥝩	E
𣍩	E
胼	E
腾	E
胖	E
䏠	E
𦝋	E
𦛛	E
𨐍	E
𠂐	E
臆	E
脱	E
膀	E
腿	E
舀	E
肗	E
𦛓	E
肍	E
腴	E
胗	E
脍	E
脞	E
𣍞	E
𦘩	E
奚	E
𦘷	E
脑	E
脏	E
𧦗	E
豖	E
脐	E
膻	E
肮	E
肪	E
臁	E
腑	E
臃	E
堪	F
霰	F
𢦏	F
卋	F
霸	F
𡉎	F
卉	F
哉	F
贲	F
堞	F
𩂅	F
栽	F
截	F
裁	F
𡉗	F
邗	F
𨙩	F
𨙭	F
𨙯	F
𨜄	F
壭	F
𠙻	F
𡉆	F
凷	F
𠙷	F
𠙽	F
却	F
动	F
翅	F
运	F
魂	F
埃	F
云	F
去	F
𠭍	F
𡏢	F
𩡪	F
雼	F
震	F
坧	F
𡊜	F
𩂚	F
埯	F
坜	F
需	F
塬	F
𡉃	F
垅	F
𡉑	F
𡉩	F
堋	F
埒	F
𡊤	F
𡉁	F
𩁺	F
𧰪	F
坛	F
亖	F
圭	F
填	F
𡈿	F
款	F
𩂀	F
𠥼	F
圬	F
堵	F
垤	F
博	F
圩	F
𩂊	F
𠄞	F
𠄟	F
𠄠	F
𡉠	F
十	F
坏	F
埂	F
塥	F
垭	F
坪	F
越	F
趣	F
坡	F
趄	F
㱏	F
𥃭	F
圵	F
址	F
𡊟	F
赴	F
趟	F
亍	F
盐	F
起	F
赵	F
趱	F
走	F
超	F
真	F
圤	F
霄	F
霈	F
未	F
嫠	F
𡉺	F
𩂍	F
墚	F
求	F
戟	F
朝	F
埋	F
坦	F
𡉭	F
刊	F
刌	F
𠚧	F
亓	F
龺	F
𠦝	F
井	F
墁	F
塌	F
埸	F
乾	F
𧌙	F
翰	F
颉	F
袁	F
𠮷	F
埕	F
圳	F
酃	F
埚	F
喜	F
㿻	F
雷	F
𡊰	F
𡊠	F
𡌄	F
𩂘	F
㔹	F
㘦	F
塄	F
𡉅	F
𩁸	F
垌	F
𡊡	F
圸	F
击	F
垲	F
垛	F
坝	F
垻	F
㐊	F
㐋	F
𩁶	F
䨒	F
韦	F
墀	F
霹	F
馨	F
圠	F
圮	F
圯	F
𡉏	F
声	F
𡔜	F
忈	F
𢖽	F
𩂈	F
亏	F
亐	F
𠃒	F
块	F
坭	F
专	F
𡉾	F
郝	F
赫	F
𧹘	F
赦	F
㶣	F
灻	F
𥸮	F
𩂮	F
勃	F
𨑒	F
垸	F
壹	F
辻	F
迀	F
𢌗	F
毂	F
壳	F
壶	F
索	F
坻	F
元	F
圥	F
顽	F
堍	F
雹	F
远	F
均	F
𣎳	F
坎	F
坂	F
𡊚	F
圻	F
𠦉	F
𩂋	F
埤	F
坼	F
堙	F
圢	F
𩁷	F
坷	F
霖	F
雬	F
𣏅	F
𡉿	F
孝	F
耂	F
霆	F
考	F
埏	F
者	F
雾	F
垧	F
圪	F
𡕟	F
老	F
坆	F
攼	F
丧	F
幸	F
雴	F
𨳌	F
𨳏	F
垃	F
𡍜	F
垶	F
境	F
培	F
墒	F
霎	F
𡉽	F
垠	F
𡉓	F
𡚬	F
𩁻	F
埭	F
埽	F
霓	F
替	F
规	F
埠	F
赍	F
堆	F
𡉇	F
𩁽	F
坶	F
𡉖	F
墩	F
雱	F
霅	F
圡	F
𡈽	F
霁	F
壤	F
坑	F
坊	F
壕	F
圹	F
雯	F
塘	F
邢	G
琪	G
形	G
玒	G
武	G
弄	G
瑛	G
𢦌	G
𢍼	G
珙	G
㺭	G
珥	G
𠙵	G
𠚖	G
至	G
玛	G
𠫓	G
𠫔	G
丟	G
㺨	G
瑪	G
瑚	G
𤤟	G
蚕	G
吞	G
顼	G
忝	G
琦	G
㺯	G
珑	G
㺴	G
青	G
玥	G
甫	G
𤤪	G
靓	G
靛	G
静	G
瑶	G
琢	G
𤥨	G
珐	G
𤣰	G
玕	G
球	G
盂	G
玮	G
迂	G
玩	G
琶	G
王	G
玨	G
环	G
瑟	G
琴	G
琵	G
珏	G
琥	G
玻	G
㠪	G
正	G
𥄪	G
㺺	G
焉	G
𩰊	G
𤴓	G
丅	G
玷	G
丐	G
璨	G
政	G
甭	G
歪	G
𣎴	G
否	G
琐	G
还	G
珧	G
𣱳	G
孬	G
𣄼	G
𣅨	G
亘	G
㺫	G
刬	G
惠	G
丌	G
更	G
𧉉	G
琨	G
吾	G
𠮛	G
囊	G
玔	G
束	G
卅	G
副	G
融	G
带	G
吏	G
豆	G
盏	G
𤤦	G
𤰓	G
玾	G
𤥭	G
柬	G
卌	G
珈	G
玏	G
琏	G
曹	G
瑞	G
𤰔	G
再	G
𤤧	G
刺	G
丗	G
珊	G
玑	G
責	G
责	G
丙	G
丽	G
珼	G
珉	G
㐏	G
𠀂	G
𤣫	G
琚	G
珝	G
瑕	G
㝳	G
玌	G
玘	G
𤣱	G
戸	G
忢	G
𢗣	G
丂	G
𠀁	G
瓦	G
严	G
亚	G
灭	G
赉	G
琰	G
𤥄	G
辷	G
迋	G
琮	G
珲	G
琬	G
琛	G
殛	G
殆	G
殂	G
殖	G
残	G
琻	G
歹	G
𣦶	G
殒	G
殃	G
殡	G
殉	G
殊	G
歼	G
殚	G
兀	G
兀	G
殓	G
死	G
玖	G
碧	G
珀	G
𤤆	G
瑰	G
𤥒	G
玎	G
珂	G
琳	G
珩	G
珞	G
璁	G
麦	G
𤤤	G
𤤔	G
璋	G
夹	G
𤣷	G
瑙	G
玳	G
瑜	G
𠔀	G
兲	G
𠆣	G
玢	G
玐	G
玲	G
纛	G
素	G
𢆰	G
夷	G
璃	G
琉	G
斑	G
琂	G
玊	G
𤤁	G
班	G
琅	G
玟	G
虐	H
遽	H
𥃿	H
眶	H
𥃽	H
𥃲	H
虞	H
瞄	H
虑	H
虚	H
眍	H
虍	H
虔	H
𡥋	H
眲	H
齒	H
𥃬	H
𥃸	H
颇	H
𠧘	H
眙	H
𣥘	H
眸	H
攴	H
睃	H
𥃫	H
𥉊	H
䀦	H
狊	H
眀	H
瞬	H
睬	H
䀐	H
𣥏	H
𥆋	H
歧	H
眭	H
𥃾	H
盰	H
𠦀	H
𥃪	H
睹	H
𥃷	H
盹	H
丄	H
𠃎	H
盱	H
𥄬	H
𩰋	H
眄	H
凸	H
睐	H
睫	H
𣥌	H
𣥒	H
𣥕	H
䀠	H
𣥖	H
丨	H
卡	H
歨	H
矍	H
眦	H
卜	H
𥃨	H
叔	H
频	H
𣱱	H
瞠	H
眺	H
眇	H
尗	H
𡭨	H
㫖	H
𣥜	H
𠚩	H
卓	H
桌	H
𧉘	H
战	H
𠮳	H
𥃹	H
觇	H
乩	H
点	H
盀	H
𣥤	H
卣	H
𥃯	H
𡵩	H
貞	H
凣	H
𥆘	H
眠	H
瞰	H
𠧒	H
鼎	H
𣥃	H
𥃤	H
𥃥	H
鸬	H
𠧕	H
瞩	H
忐	H
𠁡	H
𠁢	H
𠄏	H
瞵	H
𥄧	H
𥅼	H
𥄣	H
㢟	H
𨑗	H
𨑭	H
𨒚	H
壑	H
瞑	H
眈	H
見	H
𠑷	H
瞻	H
𥇶	H
眵	H
㱑	H
歺	H
睁	H
盺	H
𣥍	H
瞟	H
𣏔	H
𣐥	H
𥄢	H
瞅	H
眨	H
𠧔	H
𡕥	H
𥅈	H
瞍	H
𠚬	H
睨	H
齿	H
瞪	H
仧	H
盼	H
瞧	H
𥃱	H
𣥅	H
𥃩	H
砦	H
些	H
赀	H
觜	H
柴	H
雌	H
紫	H
訾	H
眆	H
𥄐	H
盿	H
湛	I
泔	I
𣲟	I
漠	I
𡭛	I
灌	I
潢	I
㲺	I
汇	I
涝	I
沤	I
柒	I
㳀	I
浇	I
沏	I
洪	I
滠	I
汓	I
洱	I
𣱾	I
涵	I
凼	I
泐	I
氾	I
滁	I
泾	I
𣲯	I
渗	I
涌	I
泽	I
治	I
𣲩	I
滩	I
溤	I
湖	I
沯	I
涯	I
𣳖	I
沰	I
沽	I
沣	I
尜	I
淹	I
沥	I
湎	I
源	I
涛	I
溱	I
泷	I
汏	I
汰	I
汱	I
浮	I
淝	I
㳉	I
沮	I
𣍤	I
𣳔	I
削	I
𣱽	I
逍	I
淫	I
𣲀	I
𡭷	I
滔	I
溪	I
汲	I
𣵠	I
灞	I
濡	I
坔	I
尘	I
汢	I
汁	I
汗	I
潮	I
洁	I
𠦂	I
污	I
渤	I
沅	I
渚	I
潜	I
𣷌	I
沌	I
添	I
清	I
𡭤	I
𣱲	I
沔	I
洹	I
滞	I
渍	I
涞	I
洌	I
沫	I
浅	I
浃	I
滤	I
波	I
𥃻	I
沚	I
泪	I
涉	I
淖	I
沾	I
浈	I
泸	I
瀣	I
濉	I
𣱶	I
𣲓	I
消	I
淌	I
洮	I
沙	I
沝	I
𣲙	I
瀑	I
沓	I
汨	I
汩	I
温	I
溻	I
湿	I
渴	I
滥	I
𧈨	I
混	I
涓	I
呇	I
汌	I
溃	I
渑	I
涡	I
涸	I
渭	I
泴	I
涠	I
畄	I
畓	I
𣳉	I
㳑	I
沺	I
泗	I
㳌	I
𣵐	I
𨋉	I
洄	I
氻	I
涟	I
泅	I
漯	I
澧	I
𣱻	I
湍	I
滑	I
油	I
汕	I
测	I
沿	I
㲹	I
𧴪	I
涔	I
浿	I
泯	I
澉	I
汛	I
渥	I
𣴆	I
湄	I
涮	I
㲸	I
汜	I
𣱴	I
𣲆	I
汤	I
泌	I
𢖿	I
𢗨	I
濯	I
泥	I
瀵	I
𡭞	I
𤆲	I
洣	I
𣲧	I
黉	I
龸	I
浓	I
尝	I
演	I
泶	I
𨑾	I
渖	I
党	I
浑	I
沉	I
涫	I
沈	I
滨	I
泞	I
喾	I
滓	I
深	I
沱	I
沟	I
淆	I
鼗	I
𨥗	I
淦	I
泺	I
洵	I
浼	I
涣	I
泡	I
逃	I
淘	I
泖	I
兆	I
㲼	I
汐	I
湃	I
派	I
沂	I
𣲬	I
洙	I
汽	I
浙	I
激	I
漂	I
汀	I
潭	I
河	I
淅	I
淋	I
𡭢	I
漆	I
沐	I
洚	I
沲	I
活	I
𣥂	I
洗	I
省	I
潲	I
洛	I
劣	I
澳	I
汔	I
渊	I
泛	I
涤	I
滗	I
海	I
㳊	I
汷	I
𣲋	I
𣲲	I
溯	I
滚	I
湔	I
泮	I
𡮆	I
泣	I
𣶯	I
㳯	I
漳	I
涪	I
滴	I
滂	I
溢	I
滋	I
溉	I
㳫	I
𢑐	I
汝	I
溲	I
渌	I
沼	I
淄	I
氿	I
𣱼	I
浸	I
染	I
梁	I
涩	I
沧	I
脊	I
举	I
洽	I
濮	I
滏	I
涂	I
氼	I
汾	I
浴	I
沦	I
汃	I
汄	I
淮	I
𣱺	I
泓	I
澠	I
沸	I
溺	I
潍	I
渡	I
淳	I
流	I
𧥿	I
𣵧	I
汴	I
济	I
沩	I
沆	I
汸	I
沪	I
湾	I
濠	I
㲿	I
洲	I
尐	I
濂	I
𣁂	I
浪	I
液	I
泫	I
汶	I
蜞	J
蚶	J
蚜	J
㫒	J
蜡	J
蜮	J
蠛	J
蟥	J
蝶	J
蠓	J
晓	J
暴	J
𧈺	J
㫗	J
虸	J
𧊗	J
𨚰	J
蜢	J
虵	J
肾	J
坚	J
蚂	J
贤	J
蚆	J
蛑	J
竖	J
螞	J
𧈥	J
蛎	J
𤮺	J
蝴	J
䖨	J
蛄	J
𧈵	J
蚌	J
晟	J
螈	J
旲	J
昃	J
𣅤	J
蜉	J
冐	J
暖	J
𧉎	J
蚏	J
𧊊	J
盟	J
𣅅	J
𧈣	J
暧	J
𧰮	J
䖶	J
野	J
里	J
圼	J
蛙	J
𣄾	J
旪	J
旰	J
虷	J
昧	J
旱	J
𠦆	J
蝻	J
暑	J
蚨	J
䖞	J
蛭	J
昊	J
𣶒	J
晴	J
旦	J
旺	J
蚟	J
晤	J
师	J
蛱	J
㫔	J
冒	J
𧉀	J
𧊁	J
刂	J
曱	J
申	J
甴	J
勖	J
虲	J
𣅃	J
𧉆	J
蛸	J
螳	J
𣌢	J
曝	J
𠯮	J
昍	J
蚎	J
蛳	J
𠛿	J
晶	J
𣉦	J
蝎	J
蜾	J
䖵	J
𣆣	J
𣅊	J
蜈	J
𧈶	J
𣅕	J
蜗	J
曼	J
昷	J
蛊	J
蝈	J
䖬	J
蛼	J
𣅼	J
蛔	J
㫑	J
螺	J
蛐	J
映	J
蚺	J
蚰	J
帅	J
旵	J
虮	J
蚬	J
𧴴	J
蚋	J
蛽	J
𣇜	J
𦐇	J
蛡	J
暇	J
虬	J
𣄻	J
𣅗	J
𧈝	J
遢	J
𢗭	J
𧈞	J
曜	J
昵	J
𣅵	J
㫧	J
炅	J
𧈾	J
蝼	J
炚	J
𣅄	J
𨑨	J
暄	J
𧈰	J
螟	J
蜿	J
晏	J
蛇	J
昂	J
蟾	J
蟓	J
易	J
昴	J
昀	J
歇	J
𧈷	J
𣆆	J
昕	J
蚚	J
蛛	J
蜱	J
颗	J
螵	J
晒	J
虰	J
𣄿	J
蚵	J
夥	J
晰	J
杲	J
𠕖	J
蚞	J
蜂	J
蚝	J
星	J
蜊	J
晌	J
虼	J
蟋	J
蛾	J
蝌	J
晦	J
临	J
蛘	J
昱	J
𣅋	J
曦	J
𧉼	J
𣇛	J
蜕	J
螃	J
蛟	J
蝤	J
昗	J
𣅶	J
旯	J
𡿯	J
妟	J
𣅓	J
螋	J
昭	J
旫	J
虭	J
蚣	J
㬰	J
蚧	J
蜍	J
晔	J
暹	J
𣅁	J
𧈢	J
㫐	J
曳	J
蠅	J
蚓	J
蚴	J
昘	J
暾	J
𣅂	J
𧦊	J
蛀	J
蛴	J
曩	J
昉	J
虻	J
蚄	J
蚁	J
旷	J
𧈴	J
旻	J
蠊	J
螂	J
蟀	J
旼	J
蚊	J
嘶	K
嘞	K
叿	K
哐	K
噶	K
𠮽	K
喵	K
咂	K
呓	K
𠮟	K
唠	K
哎	K
哓	K
𠯫	K
哄	K
嚆	K
𠯅	K
嗫	K
咠	K
𠯂	K
吇	K
咡	K
叩	K
𠮩	K
𨙫	K
𠙼	K
咄	K
吔	K
吼	K
邑	K
𨙨	K
嗓	K
嗵	K
吗	K
吮	K
哞	K
唉	K
唆	K
叹	K
嗎	K
呃	K
喹	K
咕	K
𠰴	K
嘎	K
啡	K
呖	K
咴	K
哒	K
㕦	K
噘	K
唪	K
咙	K
吠	K
𠯈	K
肙	K
咀	K
𠯲	K
𠰩	K
嚼	K
𠮨	K
嗳	K
鹃	K
喷	K
吱	K
嚅	K
哇	K
𠮡	K
吐	K
味	K
嘲	K
嘻	K
鄙	K
喃	K
哧	K
噎	K
呒	K
哮	K
呋	K
吋	K
吨	K
吴	K
哺	K
㕵	K
㕶	K
吓	K
呸	K
哽	K
喇	K
啧	K
号	K
哑	K
逞	K
咧	K
唛	K
咦	K
距	K
蹑	K
踊	K
跨	K
啃	K
趺	K
𧾷	K
践	K
𠮵	K
𠯽	K
趾	K
𠮝	K
跳	K
踢	K
盅	K
跺	K
忠	K
蹼	K
踪	K
跑	K
跌	K
路	K
足	K
跟	K
趴	K
嘴	K
卟	K
𠯬	K
哨	K
啵	K
唢	K
咣	K
嘬	K
哩	K
𠯭	K
𠯐	K
呻	K
𠮧	K
唱	K
喁	K
黾	K
喝	K
骂	K
器	K
吅	K
串	K
𠯀	K
品	K
鼍	K
咒	K
咽	K
喟	K
嘿	K
𠱄	K
呬	K
喂	K
𠰘	K
呷	K
唓	K
别	K
咖	K
叻	K
嗣	K
郧	K
喘	K
嘣	K
啁	K
𠰬	K
𠱋	K
吊	K
𠮿	K
勋	K
嘤	K
叽	K
哕	K
哚	K
員	K
呐	K
呗	K
唄	K
叼	K
噼	K
唰	K
𠮙	K
𠮜	K
𠯇	K
㕧	K
嘱	K
𢗀	K
呢	K
吣	K
噗	K
啖	K
喽	K
吙	K
𨑕	K
哝	K
噻	K
嘧	K
咛	K
喀	K
𠯣	K
嚓	K
兄	K
𠮠	K
唏	K
唫	K
噜	K
唤	K
咆	K
哆	K
吻	K
吹	K
鸣	K
唣	K
呱	K
嗥	K
哌	K
㕷	K
𠰅	K
啪	K
啤	K
啦	K
嘌	K
哂	K
叮	K
喳	K
呵	K
啉	K
㕲	K
噬	K
唾	K
咱	K
咯	K
响	K
吃	K
啾	K
哦	K
𠰓	K
呚	K
咊	K
嗍	K
咩	K
㕸	K
㖕	K
吖	K
喑	K
噌	K
嘀	K
𠵘	K
咬	K
唼	K
嗌	K
𠯿	K
叧	K
𠮰	K
呶	K
哏	K
𠯆	K
嗖	K
啸	K
㕤	K
叨	K
呛	K
嗡	K
咐	K
哈	K
喉	K
嗲	K
咻	K
吩	K
唑	K
哗	K
㕥	K
叭	K
喙	K
吲	K
呦	K
叱	K
吡	K
吆	K
哼	K
唷	K
唁	K
哜	K
嚷	K
吭	K
㕫	K
咏	K
嚎	K
嗾	K
啷	K
啐	K
呅	K
𦉱	L
𡆬	L
羁	L
𨊧	L
𢌿	L
㘟	L
𡆪	L
𡥔	L
𨌀	L
𨛩	L
𨊥	L
辄	L
𤰕	L
𨊠	L
𠠾	L
轰	L
㘝	L
囜	L
𡈊	L
𨊹	L
罵	L
𨊢	L
𡇃	L
𤰖	L
𤰜	L
𨎇	L
轭	L
固	L
𡆨	L
𡇈	L
囿	L
罟	L
軲	L
轱	L
𨋓	L
罪	L
恩	L
畸	L
畴	L
𦉼	L
辏	L
畎	L
軑	L
轪	L
𡆱	L
𦊈	L
𦚋	L
䢁	L
𤰾	L
𨊸	L
圂	L
𨊨	L
𦊽	L
𨌇	L
罢	L
𡆤	L
𡆮	L
畦	L
𡉂	L
𦉷	L
軒	L
𤰟	L
団	L
䍐	L
𤰠	L
𦉴	L
辕	L
罱	L
转	L
黑	L
园	L
团	L
圉	L
𤰥	L
𨊭	L
囤	L
轾	L
囯	L
畏	L
𦊄	L
軖	L
罡	L
罘	L
畀	L
辐	L
辆	L
𡇌	L
𥄲	L
𦊆	L
𨊺	L
𡆥	L
罩	L
㐃	L
皿	L
𤰘	L
𨊣	L
囦	L
𡆧	L
𡇋	L
眔	L
軣	L
𥄳	L
𨋈	L
𤱄	L
𣅍	L
𠜒	L
辑	L
驾	L
回	L
䡅	L
甽	L
贺	L
迦	L
架	L
轵	L
袈	L
𡇍	L
畕	L
𤰛	L
䡒	L
圜	L
䡛	L
㘡	L
田	L
㽖	L
䡃	L
𠠴	L
㘞	L
嬲	L
軸	L
軕	L
𡶩	L
𡆯	L
䡄	L
買	L
辋	L
𧴥	L
𧵗	L
𧹒	L
辗	L
囙	L
翈	L
𨋾	L
劜	L
軋	L
轧	L
𨊲	L
𤰨	L
𢖰	L
𡆠	L
𡆳	L
罹	L
𨊳	L
𡇂	L
𡇒	L
䍘	L
𤆗	L
𤰹	L
连	L
連	L
𨒇	L
畹	L
𦉶	L
轹	L
𡆢	L
蜀	L
逻	L
囫	L
𠁤	L
软	L
鸭	L
畈	L
堑	L
斬	L
𣂒	L
暂	L
𡆺	L
錾	L
椠	L
轶	L
町	L
𨊡	L
甼	L
𦉬	L
轲	L
䍒	L
𤱃	L
轿	L
囷	L
略	L
图	L
𦊜	L
畋	L
𢼓	L
𤱛	L
𨊴	L
圈	L
畔	L
𤱗	L
𦊢	L
䢂	L
𨋢	L
𨌍	L
疃	L
罾	L
囡	L
㚻	L
婁	L
轺	L
辎	L
軌	L
𠜥	L
𤰝	L
𨊩	L
轫	L
轸	L
输	L
囚	L
𡆦	L
界	L
𦉵	L
轮	L
㽗	L
囹	L
𨊤	L
𡆩	L
毗	L
辙	L
圁	L
詈	L
𠮚	L
辘	L
𡇅	L
㞬	M
嵌	M
屸	M
岈	M
岽	M
𢌲	M
𢍁	M
冊	M
𠕁	M
崂	M
岖	M
戝	M
典	M
𧴰	M
㕀	M
𡴼	M
𡵇	M
㞨	M
𧴯	M
䢳	M
邖	M
郥	M
𡴹	M
貤	M
𡴱	M
岜	M
峄	M
禸	M
𠕀	M
𠘫	M
𠘯	M
𠫗	M
𩡫	M
贻	M
𡵟	M
𧵅	M
殳	M
𠭁	M
峻	M
贿	M
岩	M
𠰛	M
岵	M
𡶌	M
𧵑	M
崦	M
盎	M
遄	M
炭	M
鸯	M
屵	M
崎	M
㞧	M
髓	M
崩	M
𠘱	M
冑	M
胄	M
岄	M
𧵂	M
髁	M
𡶤	M
髑	M
骰	M
屷	M
髅	M
髂	M
鹘	M
骺	M
骼	M
骱	M
骸	M
岐	M
冃	M
冄	M
冉	M
𠀇	M
亗	M
峙	M
屽	M
巅	M
赇	M
𡵃	M
周	M
赎	M
𧴫	M
赋	M
𠀃	M
𠔼	M
赙	M
𧴽	M
屿	M
崃	M
夙	M
贱	M
峡	M
凪	M
帱	M
帏	M
幅	M
帖	M
帽	M
巾	M
帼	M
帆	M
冂	M
幞	M
帕	M
帐	M
幢	M
帷	M
𧴤	M
𠕒	M
汖	M
嵴	M
𡵰	M
𠕌	M
㞱	M
則	M
𠛰	M
𠙍	M
𦉫	M
赐	M
岿	M
冋	M
𡵅	M
贶	M
屴	M
崮	M
𡶚	M
岬	M
𡷖	M
崽	M
𡴽	M
𧴧	M
峀	M
岫	M
屾	M
岀	M
𠘳	M
山	M
㞦	M
𠘬	M
岗	M
罂	M
婴	M
𠔽	M
賏	M
岷	M
㐕	M
𡴯	M
𦏿	M
嵋	M
剀	M
凯	M
乢	M
屺	M
𠃦	M
𡴭	M
𡴮	M
𡴾	M
𡵆	M
𡱋	M
囘	M
赆	M
㶡	M
赕	M
𡵖	M
嵝	M
𡵼	M
𧵵	M
廸	M
崇	M
贮	M
䢙	M
辿	M
𢌚	M
㞫	M
𨒵	M
崆	M
见	M
购	M
赡	M
崟	M
崯	M
飓	M
冈	M
罓	M
𠘰	M
𡖆	M
刚	M
岣	M
飚	M
网	M
峁	M
岁	M
峥	M
𦉪	M
凰	M
岶	M
岓	M
𧵃	M
𧵆	M
𡵱	M
嵬	M
𡶼	M
𡴵	M
凩	M
剁	M
岢	M
𡵬	M
𣎻	M
𣑍	M
崾	M
崧	M
账	M
峰	M
赂	M
𠘧	M
𠘨	M
贬	M
峨	M
嵊	M
巍	M
敗	M
败	M
𡵲	M
嵯	M
𠙅	M
𦉰	M
岦	M
𡶧	M
峷	M
嶂	M
赔	M
𠔔	M
赚	M
嵫	M
罔	M
屶	M
𡚴	M
𡛽	M
𧴱	M
𠘪	M
赊	M
嵛	M
𠔿	M
㞤	M
肉	M
崔	M
𧴩	M
𡵏	M
崞	M
丹	M
𠕑	M
彤	M
訔	M
赃	M
嵩	M
赅	M
㞵	M
㞶	M
𡰱	N
展	N
𢦐	N
惬	N
羾	N
𢖷	N
异	N
羿	N
懵	N
屉	N
怄	N
懂	N
𦐂	N
殿	N
慌	N
𢖺	N
𦏵	N
孱	N
慑	N
㞌	N
𡱡	N
𢙘	N
䣁	N
邔	N
𨙬	N
屈	N
忚	N
𢖭	N
𦏸	N
屙	N
惨	N
㞋	N
𠫕	N
𠬩	N
怡	N
𢗌	N
𦐆	N
㞎	N
悛	N
𠬮	N
𩢳	N
惰	N
怙	N
剧	N
怖	N
忧	N
恢	N
忕	N
𢗗	N
𢘭	N
𡱰	N
𧰦	N
𢖱	N
𢒆	N
愤	N
层	N
丑	N
𡈾	N
𡰥	N
恃	N
忓	N
慎	N
𦏹	N
屚	N
慰	N
卂	N
𣁬	N
𦫵	N
迅	N
怃	N
屠	N
𦏽	N
忖	N
屋	N
刁	N
情	N
䍿	N
忹	N
怔	N
恒	N
司	N
怦	N
愫	N
眉	N
𤴔	N
胥	N
遐	N
疋	N
蛋	N
丩	N
𠄍	N
𠄐	N
鹛	N
惧	N
疏	N
尿	N
氹	N
惝	N
恍	N
犀	N
𠃝	N
𢖹	N
𢗷	N
悭	N
𡰶	N
𣄽	N
𣅩	N
悍	N
怛	N
惕	N
惺	N
憬	N
𢘷	N
悒	N
𠮞	N
𡰪	N
吢	N
𠮯	N
忡	N
愕	N
辟	N
翼	N
乪	N
屇	N
怬	N
𢘉	N
𢚷	N
忇	N
悃	N
愣	N
惆	N
怞	N
恫	N
刷	N
屃	N
屓	N
㞯	N
恻	N
𡵒	N
恺	N
𢖯	N
惘	N
凥	N
巽	N
𢀵	N
𡰲	N
忸	N
己	N
书	N
局	N
乙	N
忋	N
𠃐	N
𢖪	N
𦏳	N
忌	N
乜	N
𠃉	N
𠃏	N
𠃚	N
𠤬	N
𢎘	N
快	N
怩	N
㤈	N
羽	N
𢗰	N
屎	N
𥸥	N
𥸦	N
𥸨	N
𤆔	N
𢘺	N
𢌟	N
迉	N
恽	N
𨑓	N
𨑖	N
𦑕	N
惍	N
𡗒	N
恂	N
惚	N
𠃔	N
𡰭	N
𢗇	N
𠃓	N
習	N
𦐚	N
忻	N
𢬙	N
𢩦	N
忾	N
愧	N
𧟢	N
恓	N
忊	N
杘	N
𡰨	N
憷	N
𦐔	N
怅	N
悸	N
恬	N
𠂈	N
𠚣	N
𡰣	N
尾	N
性	N
怍	N
虱	N
属	N
恤	N
懊	N
愀	N
履	N
𢖻	N
悔	N
改	N
攺	N
𢗡	N
屏	N
㞐	N
翌	N
㥃	N
翋	N
𢘮	N
𦐹	N
飞	N
惮	N
屖	N
悦	N
憎	N
慊	N
悌	N
悯	N
慨	N
𡰩	N
妀	N
𢖵	N
怊	N
忉	N
尻	N
怆	N
忪	N
戮	N
乆	N
夬	N
𡰦	N
惟	N
𢏖	N
惯	N
憴	N
𢆱	N
怫	N
𢖬	N
𢖸	N
𡰬	N
屁	N
恼	N
𠮸	N
𧥝	N
𢚘	N
惦	N
㣺	N
乄	N
尺	N
𠙴	N
昼	N
咫	N
懔	N
㤃	N
迟	N
尽	N
𦐐	N
慷	N
忟	N
䉺	O
灴	O
灷	O
𥸭	O
炬	O
烧	O
烘	O
𥹢	O
邩	O
𥸬	O
灺	O
糅	O
糁	O
粑	O
𤆵	O
𤆌	O
𤌬	O
𥸩	O
粝	O
糊	O
𤆜	O
䊀	O
炻	O
𤇌	O
烦	O
𡗩	O
㶲	O
爝	O
𤆈	O
𤆟	O
烼	O
糯	O
㶥	O
籵	O
炜	O
烤	O
籿	O
邺	O
精	O
𤆂	O
𤆦	O
粳	O
焐	O
炳	O
凿	O
焯	O
𤆊	O
𣲱	O
𤆩	O
爆	O
焊	O
灲	O
熳	O
煜	O
𧊾	O
𤆑	O
燥	O
𠠽	O
畨	O
煨	O
畑	O
𥹊	O
炠	O
𤉖	O
粙	O
籼	O
炯	O
籶	O
㐘	O
糈	O
𢘻	O
炔	O
烬	O
𤆸	O
𥹀	O
郯	O
剡	O
火	O
炏	O
𤇿	O
𥹫	O
烷	O
煊	O
𨑯	O
熔	O
遴	O
灮	O
烯	O
𥺻	O
烁	O
焕	O
焰	O
炊	O
㶤	O
灼	O
粕	O
𤇢	O
䉼	O
炘	O
粞	O
𤈇	O
𥸧	O
𣏦	O
炑	O
糙	O
炸	O
烙	O
燠	O
燔	O
烀	O
敉	O
炇	O
秌	O
烊	O
燧	O
粒	O
𤇥	O
𤈼	O
焙	O
熵	O
焖	O
糍	O
㶢	O
煺	O
籹	O
灱	O
数	O
炝	O
煅	O
烩	O
糇	O
𥸪	O
烨	O
焓	O
𤆇	O
𥸲	O
炷	O
𤉘	O
炕	O
炉	O
燮	O
𤆓	O
粮	O
粹	O
炫	O
灬	O
炆	O
𥸹	O
𡧇	P
宦	P
寞	P
𡧅	P
𡦻	P
𡧀	P
㝋	P
𡧁	P
㝊	P
𠖖	P
宏	P
寡	P
㝒	P
宕	P
寄	P
宊	P
寮	P
宠	P
𡦺	P
肎	P
𡧓	P
宜	P
农	P
冢	P
宗	P
寒	P
完	P
室	P
㝉	P
宇	P
宣	P
富	P
寅	P
写	P
宝	P
𡧟	P
㓀	P
㲾	P
𠕽	P
幂	P
𠕾	P
寓	P
冥	P
𧉌	P
宴	P
郓	P
寰	P
皲	P
軍	P
冗	P
宂	P
冚	P
甯	P
密	P
寥	P
廴	P
冞	P
宩	P
㝎	P
㓁	P
𡦾	P
冤	P
鸩	P
冘	P
牢	P
𡧳	P
宋	P
𣎾	P
宅	P
宪	P
𠕸	P
褡	P
衩	P
衫	P
衬	P
𠖃	P
袜	P
补	P
衤	P
宰	P
裎	P
裢	P
袖	P
袂	P
褛	P
袍	P
裨	P
襟	P
袄	P
宍	P
袢	P
𠕼	P
初	P
裕	P
襁	P
裤	P
宄	P
𠕴	P
𠕷	P
案	P
窿	P
突	P
罕	P
窒	P
窕	P
窠	P
窜	P
穷	P
帘	P
窟	P
窭	P
穸	P
窑	P
窗	P
穴	P
𡦼	P
究	P
容	P
穹	P
鹤	P
宆	P
祺	P
㝑	P
祁	P
祷	P
祖	P
㝘	P
福	P
祉	P
礻	P
神	P
祝	P
视	P
冖	P
祢	P
祈	P
祚	P
祥	P
禄	P
宀	P
锘	Q
钳	Q
釭	Q
舛	Q
错	Q
𢌳	Q
钷	Q
锚	Q
钜	Q
铹	Q
鈛	Q
铙	Q
氐	Q
釴	Q
镊	Q
𦔰	Q
釨	Q
鉺	Q
铒	Q
𨥂	Q
卬	Q
夘	Q
邜	Q
釕	Q
钌	Q
𨙪	Q
锰	Q
夗	Q
怨	Q
釶	Q
迎	Q
鸳	Q
锕	Q
铎	Q
𨰾	Q
勾	Q
鈀	Q
钯	Q
鎷	Q
钗	Q
𨥁	Q
危	Q
郄	Q
肴	Q
𠣌	Q
锛	Q
鈷	Q
鉐	Q
钴	Q
锲	Q
希	Q
铖	Q
厃	Q
铸	Q
镣	Q
𡗛	Q
𩵋	Q
詹	Q
釱	Q
钛	Q
锊	Q
鈅	Q
钥	Q
觥	Q
觖	Q
釢	Q
觚	Q
釤	Q
钐	Q
斛	Q
解	Q
勻	Q
釷	Q
钍	Q
㚈	Q
針	Q
釬	Q
𠣍	Q
镭	Q
锗	Q
𩁼	Q
𨥇	Q
鲽	Q
印	Q
鲐	Q
鱿	Q
铺	Q
鱼	Q
鲆	Q
钙	Q
盥	Q
鲁	Q
匐	Q
鳃	Q
鲷	Q
鲺	Q
鳞	Q
鲩	Q
鲍	Q
鳇	Q
鳔	Q
鲜	Q
鲟	Q
鲋	Q
鲸	Q
铍	Q
䀏	Q
𠣏	Q
䤠	Q
鉬	Q
钼	Q
亇	Q
钻	Q
釙	Q
钋	Q
销	Q
玺	Q
锁	Q
铴	Q
迩	Q
铫	Q
钞	Q
尔	Q
淾	Q
𣱹	Q
铛	Q
釥	Q
郇	Q
铿	Q
象	Q
锂	Q
鈤	Q
钽	Q
刈	Q
釗	Q
钊	Q
𠜪	Q
𠣜	Q
镘	Q
龟	Q
锡	Q
锞	Q
𧉏	Q
锟	Q
鉵	Q
句	Q
𠮣	Q
𠮥	Q
釦	Q
锃	Q
釧	Q
钏	Q
铝	Q
劬	Q
锅	Q
免	Q
𤰧	Q
鈿	Q
钿	Q
鉀	Q
钾	Q
𠣞	Q
釛	Q
锶	Q
链	Q
锣	Q
镙	Q
𠘮	Q
奂	Q
鈾	Q
铀	Q
𨥉	Q
铡	Q
𡴲	Q
𡴷	Q
𡴸	Q
铅	Q
釠	Q
铠	Q
钢	Q
負	Q
钠	Q
鋇	Q
钡	Q
饶	Q
饣	Q
饴	Q
锯	Q
馁	Q
钮	Q
䦀	Q
乌	Q
𨦫	Q
镅	Q
蚀	Q
馈	Q
饥	Q
釓	Q
釔	Q
釲	Q
钆	Q
钇	Q
𨥈	Q
馆	Q
饮	Q
饭	Q
馇	Q
饿	Q
㣻	Q
饼	Q
馀	Q
铌	Q
鈊	Q
鬯	Q
镤	Q
匊	Q
灳	Q
𠂭	Q
锬	Q
魚	Q
𡖋	Q
镂	Q
鈥	Q
銤	Q
钬	Q
镓	Q
𨑚	Q
镔	Q
铵	Q
镩	Q
铊	Q
匈	Q
钩	Q
鍂	Q
镥	Q
匁	Q
匇	Q
铄	Q
𠂗	Q
铭	Q
钨	Q
鑫	Q
锪	Q
铩	Q
铆	Q
爻	Q
铮	Q
钦	Q
釸	Q
钓	Q
𡖇	Q
𨥘	Q
钣	Q
勿	Q
鉑	Q
铂	Q
釿	Q
𨥋	Q
铢	Q
刎	Q
锦	Q
忽	Q
锨	Q
匆	Q
弑	Q
镖	Q
钵	Q
釘	Q
刹	Q
钶	Q
杀	Q
鈢	Q
猎	Q
犯	Q
狁	Q
锋	Q
犭	Q
𠂎	Q
钎	Q
狂	Q
镍	Q
独	Q
铬	Q
狎	Q
猾	Q
勹	Q
𠂊	Q
锹	Q
狞	Q
狗	Q
狐	Q
猹	Q
猁	Q
狡	Q
狠	Q
猴	Q
狒	Q
㐅	Q
乂	Q
狼	Q
鉌	Q
钭	Q
鉝	Q
鍆	Q
镁	Q
鋅	Q
锌	Q
镜	Q
锐	Q
镝	Q
钔	Q
镨	Q
镑	Q
铰	Q
铲	Q
镒	Q
锑	Q
邹	Q
银	Q
刍	Q
臽	Q
𦥜	Q
釹	Q
钕	Q
铷	Q
锱	Q
急	Q
釖	Q
釚	Q
锓	Q
煞	Q
勼	Q
雏	Q
锻	Q
铨	Q
勽	Q
锉	Q
铧	Q
釟	Q
锥	Q
𨤿	Q
𠣎	Q
镄	Q
𡖅	Q
𨤽	Q
匂	Q
锴	Q
镀	Q
镦	Q
铳	Q
訇	Q
铱	Q
䚻	Q
𧥧	Q
𨧕	Q
𨦼	Q
勺	Q
夊	Q
𠚤	Q
镶	Q
镐	Q
鈁	Q
钫	Q
灸	Q
卵	Q
镰	Q
贸	Q
铉	Q
鈫	Q
拭	R
皂	R
撕	R
撒	R
扛	R
措	R
描	R
拒	R
捞	R
抠	R
拱	R
𢩮	R
揶	R
挕	R
𡥅	R
㧄	R
邤	R
𢩪	R
𤽀	R
𨙰	R
𨚮	R
拯	R
拙	R
扡	R
拚	R
抒	R
掇	R
掺	R
捅	R
择	R
抬	R
把	R
皅	R
返	R
挨	R
㿝	R
𠂓	R
𠂬	R
摊	R
払	R
瓜	R
𢲫	R
扼	R
拔	R
振	R
翱	R
𢫈	R
𢪙	R
排	R
颀	R
扰	R
挞	R
掎	R
㚖	R
撩	R
捧	R
拢	R
㧋	R
𢪂	R
𤝡	R
援	R
抈	R
𦙚	R
拥	R
授	R
摇	R
𠂢	R
技	R
𡉈	R
𣂓	R
扗	R
𢩿	R
扞	R
盾	R
𤽁	R
𤽂	R
擀	R
皁	R
拮	R
𣂑	R
擂	R
质	R
抟	R
挝	R
抚	R
拷	R
扶	R
𢩭	R
邱	R
丘	R
𠂋	R
捕	R
皇	R
抂	R
扌	R
岳	R
遑	R
抹	R
乒	R
挟	R
捷	R
兵	R
乓	R
掳	R
卸	R
披	R
看	R
𣥆	R
扯	R
𢪷	R
攫	R
掉	R
牛	R
𤼽	R
𦈢	R
扑	R
邾	R
捎	R
撑	R
挑	R
抄	R
泉	R
𡿦	R
𤽄	R
挡	R
撮	R
捍	R
抇	R
担	R
𢪏	R
抻	R
𠚶	R
𠛃	R
𢩬	R
𢫵	R
揭	R
揽	R
拽	R
𢫼	R
揖	R
挹	R
捐	R
𠯓	R
捉	R
𤽃	R
操	R
拐	R
损	R
𠡈	R
摁	R
摆	R
畠	R
舞	R
𢪾	R
捙	R
𨋧	R
劤	R
劧	R
劰	R
扐	R
捆	R
撂	R
摞	R
缸	R
投	R
揣	R
𤽙	R
帛	R
𢩳	R
缶	R
撄	R
缺	R
𢩫	R
摧	R
𢭲	R
抿	R
气	R
氢	R
戶	R
据	R
氖	R
扭	R
䎅	R
挧	R
握	R
氘	R
擗	R
氤	R
氙	R
扎	R
癿	R
𢩧	R
𢩵	R
𢩽	R
氮	R
氨	R
扬	R
拨	R
氧	R
𢗹	R
𢘣	R
氯	R
𢀴	R
𢩥	R
𤼾	R
氛	R
氟	R
抋	R
拟	R
𤽈	R
𢬊	R
𤆎	R
廹	R
迫	R
皖	R
揎	R
𨑲	R
挥	R
摈	R
拧	R
按	R
控	R
抵	R
抑	R
皃	R
𤽇	R
鬼	R
捦	R
撸	R
拘	R
抱	R
掬	R
揿	R
掏	R
掐	R
欣	R
𢩩	R
扳	R
㿟	R
拍	R
𢫗	R
抙	R
斦	R
𢪒	R
蜇	R
哲	R
逝	R
掀	R
白	R
捭	R
拆	R
拪	R
揸	R
𣐩	R
𢪮	R
托	R
拖	R
括	R
搬	R
插	R
擤	R
揪	R
斤	R
𠂆	R
敀	R
𢪛	R
拼	R
搠	R
搓	R
拦	R
捫	R
撞	R
𤽮	R
掊	R
摘	R
扪	R
皎	R
撙	R
搁	R
接	R
挪	R
㧮	R
搜	R
招	R
抛	R
㧅	R
扏	R
殷	R
拶	R
捃	R
执	R
抢	R
拊	R
拴	R
迭	R
㒵	R
扮	R
挫	R
抡	R
扒	R
皀	R
掾	R
掼	R
拇	R
指	R
拗	R
㧈	R
搦	R
𢩼	R
摭	R
撤	R
拄	R
掂	R
斥	R
挤	R
攘	R
擅	R
搞	R
㧍	R
护	R
搪	R
掖	R
摔	R
抆	R
𢪖	R
栉	S
棋	S
杢	S
柑	S
杠	S
栋	S
模	S
𢌶	S
𧟥	S
槿	S
横	S
柜	S
檬	S
枢	S
桡	S
𣏾	S
杙	S
椰	S
椭	S
𡥟	S
𦕂	S
杍	S
栮	S
䢶	S
邒	S
𣎸	S
𨚹	S
杝	S
杼	S
桶	S
树	S
杩	S
杷	S
梭	S
榪	S
㭅	S
柘	S
楔	S
枥	S
顶	S
椅	S
梆	S
䙲	S
橛	S
棒	S
栊	S
杕	S
杖	S
枤	S
桴	S
楹	S
棚	S
枂	S
㭁	S
杉	S
㭬	S
𣐠	S
鄄	S
枝	S
垔	S
桂	S
𡉣	S
杜	S
杆	S
标	S
桔	S
檑	S
楠	S
椟	S
材	S
樯	S
棱	S
𣔯	S
醋	S
酏	S
酸	S
酉	S
𠥽	S
酹	S
酝	S
𣎶	S
𧟡	S
枉	S
丁	S
杯	S
醒	S
梧	S
楝	S
柄	S
配	S
醚	S
酡	S
酌	S
酊	S
栈	S
枰	S
酚	S
酯	S
醉	S
杫	S
椒	S
棹	S
桢	S
想	S
朴	S
𣏡	S
梢	S
桫	S
樘	S
桃	S
杪	S
𣏶	S
𣳳	S
榉	S
㭂	S
杳	S
𣆛	S
𣏬	S
𣏀	S
𣑬	S
覃	S
榻	S
棵	S
槛	S
𧉓	S
棍	S
𣑺	S
楫	S
杏	S
枵	S
杊	S
榀	S
哥	S
枳	S
㭗	S
𣐭	S
柶	S
𣐬	S
柙	S
𣒞	S
枷	S
朸	S
椤	S
柚	S
杣	S
栅	S
枫	S
賈	S
贾	S
𧴿	S
枘	S
梖	S
㐉	S
朰	S
橄	S
椐	S
栩	S
楣	S
榍	S
札	S
杞	S
𣎷	S
𣏌	S
𢗦	S
𢙣	S
杺	S
䙳	S
粟	S
𤆰	S
楼	S
𣏹	S
𤆉	S
廼	S
迺	S
𨒿	S
楦	S
棺	S
枕	S
槟	S
柠	S
桉	S
榨	S
柁	S
柢	S
桅	S
桷	S
橹	S
𣔋	S
栎	S
橡	S
枸	S
攀	S
柳	S
榴	S
𣏐	S
板	S
槔	S
柏	S
杽	S
株	S
棉	S
槐	S
皙	S
檄	S
郴	S
彬	S
禁	S
栖	S
朾	S
楂	S
柯	S
梵	S
楚	S
焚	S
梦	S
森	S
栗	S
婪	S
棼	S
枨	S
桥	S
橇	S
棰	S
柞	S
榭	S
楸	S
覆	S
䅇	S
梅	S
枚	S
柇	S
栏	S
柆	S
椚	S
梓	S
樟	S
榈	S
榜	S
校	S
榇	S
梯	S
𣏥	S
概	S
根	S
桕	S
棣	S
朷	S
朹	S
棂	S
枪	S
松	S
椴	S
桧	S
栓	S
𡭕	S
槌	S
枞	S
桦	S
朲	S
朳	S
椎	S
椽	S
朼	S
杛	S
㭃	S
椁	S
梳	S
桩	S
柱	S
榱	S
檀	S
杭	S
枋	S
述	S
榔	S
𣐀	S
筇	T
箕	T
笁	T
筐	T
𢓁	T
逄	T
𥫠	T
升	T
筑	T
簪	T
䇝	T
𥫝	T
乇	T
筮	T
䄩	T
𢓀	T
㐌	T
竾	T
䇯	T
𡕕	T
𢻯	T
𥫞	T
秄	T
𥝔	T
䄦	T
𠚉	T
䄬	T
彵	T
𢒿	T
迤	T
径	T
笆	T
笃	T
𩡨	T
笞	T
𥝧	T
篤	T
𥫛	T
私	T
𥝐	T
𥡗	T
矩	T
舌	T
䇢	T
䄷	T
短	T
秙	T
逢	T
夭	T
乔	T
岙	T
乱	T
适	T
鸹	T
敌	T
矢	T
𥝚	T
𥬇	T
矬	T
笼	T
㣕	T
𥝛	T
舡	T
𡕙	T
𥬅	T
䄴	T
租	T
舻	T
𥞖	T
舟	T
𤰅	T
甪	T
舯	T
盘	T
般	T
䄧	T
艉	T
透	T
㣊	T
舶	T
舸	T
艇	T
𥝞	T
艏	T
稻	T
舱	T
舭	T
航	T
𢓻	T
丢	T
壬	T
𠂒	T
𡈼	T
玍	T
竺	T
𥫦	T
𢓂	T
𥝟	T
秆	T
午	T
竿	T
𥝝	T
千	T
𠀆	T
𠂌	T
德	T
毛	T
迁	T
先	T
箸	T
乖	T
𡬟	T
垂	T
箐	T
竽	T
𥝍	T
彺	T
征	T
重	T
衙	T
熏	T
策	T
徕	T
笺	T
秣	T
秤	T
秉	T
算	T
彼	T
自	T
䇛	T
乍	T
𠂛	T
𥬥	T
䄳	T
片	T
𢓊	T
徙	T
昝	T
𥫘	T
咎	T
鼻	T
息	T
延	T
臬	T
𥝒	T
稍	T
衍	T
簿	T
乑	T
徜	T
箔	T
尓	T
𥝸	T
𥫸	T
香	T
𣅈	T
利	T
䖝	T
𡕓	T
犁	T
梨	T
复	T
𧈸	T
𧉷	T
㕿	T
种	T
𥫨	T
稆	T
禹	T
积	T
竻	T
甶	T
血	T
备	T
盉	T
笽	T
𤰗	T
𤱜	T
箅	T
笚	T
𨋟	T
徊	T
惫	T
粤	T
笾	T
箩	T
衅	T
𠠲	T
稷	T
秃	T
𥫚	T
役	T
身	T
笛	T
㣙	T
微	T
秞	T
币	T
秈	T
㟀	T
屲	T
奥	T
秽	T
筫	T
凢	T
処	T
乞	T
𥫟	T
笥	T
䄫	T
筷	T
𢒼	T
𢒽	T
𥝎	T
𥝏	T
𥝗	T
迄	T
𢘳	T
释	T
釆	T
番	T
釉	T
悉	T
夈	T
𤇕	T
𤇫	T
𥞫	T
𥭁	T
篓	T
𥞪	T
稼	T
乏	T
𨑠	T
箢	T
箜	T
禿	T
稀	T
衔	T
𥯀	T
𠆥	T
徇	T
笱	T
移	T
笏	T
黎	T
𥝘	T
𥫜	T
稳	T
箍	T
筢	T
牜	T
犄	T
特	T
𥬝	T
䄸	T
徨	T
御	T
𥝹	T
穆	T
𢩸	T
𥬄	T
𥬊	T
筘	T
牺	T
牧	T
犍	T
秩	T
牝	T
徼	T
䇴	T
䄽	T
徆	T
笨	T
㣔	T
箱	T
𥝌	T
簟	T
𥫙	T
篥	T
秫	T
𥝰	T
笑	T
竹	T
𠂉	T
笮	T
丿	T
夂	T
禾	T
秝	T
徉	T
箭	T
笠	T
𢓔	T
乎	T
𢓫	T
𥞽	T
简	T
𥭴	T
税	T
乊	T
冬	T
𥫰	T
乘	T
𢓌	T
很	T
𥫭	T
笤	T
逶	T
魏	T
笋	T
筏	T
符	T
筱	T
黍	T
篌	T
徐	T
秂	T
稚	T
𥝙	T
𥫤	T
龜	T
篆	T
每	T
系	T
𥝓	T
後	T
秕	T
篱	T
䇾	T
往	T
穰	T
稿	T
䄱	T
彷	T
𥫳	T
籴	T
簇	T
𥫾	T
稂	T
疘	U
𨳮	U
疳	U
冮	U
瓶	U
冻	U
𤴵	U
竎	U
𢌸	U
阈	U
癀	U
迸	U
䇅	U
𨳍	U
瘩	U
聞	U
𤴳	U
𨳕	U
𨸀	U
𠖭	U
𨚪	U
兯	U
疖	U
疗	U
瘾	U
逆	U
痉	U
闯	U
痛	U
㾺	U
闖	U
𤴨	U
冶	U
𥩙	U
兖	U
𠬠	U
疤	U
竣	U
瘙	U
馮	U
𠬧	U
差	U
郑	U
闳	U
㽽	U
䦒	U
閆	U
闫	U
豢	U
𠲩	U
㓈	U
䇉	U
减	U
𥩪	U
着	U
头	U
龹	U
𤴻	U
𨳓	U
羊	U
疬	U
羰	U
羞	U
送	U
羝	U
拳	U
⺶	U
𦍍	U
桊	U
券	U
凑	U
状	U
閒	U
𦚏	U
疽	U
𦚎	U
𠖿	U
𤵑	U
𨴯	U
痈	U
毅	U
遂	U
㒸	U
豙	U
𧱏	U
疓	U
瘃	U
阖	U
㽵	U
䦌	U
𤴶	U
𨳎	U
兰	U
壮	U
竍	U
阗	U
疛	U
𢆉	U
斗	U
閈	U
闬	U
𤴲	U
闱	U
闭	U
凌	U
装	U
閂	U
閏	U
闩	U
靖	U
𦍌	U
症	U
痞	U
辣	U
盖	U
病	U
恙	U
羔	U
冽	U
羲	U
羡	U
姜	U
冱	U
癍	U
疲	U
㾇	U
阒	U
𤵁	U
𥄈	U
𠖻	U
𣥢	U
癯	U
𤴩	U
䇂	U
丫	U
夔	U
疵	U
𥩖	U
㽷	U
痧	U
閖	U
𨳒	U
阔	U
瘠	U
𡭜	U
𡮉	U
鄣	U
間	U
𤵖	U
彰	U
音	U
𣅑	U
疸	U
痋	U
閩	U
闽	U
章	U
𤴮	U
𨴝	U
瘟	U
意	U
竟	U
赣	U
韶	U
問	U
问	U
㖖	U
咅	U
𠮦	U
瓿	U
冲	U
剖	U
癌	U
总	U
况	U
痼	U
𨳸	U
兽	U
𠖹	U
𥩫	U
㾝	U
閘	U
閳	U
闸	U
𤵭	U
阃	U
瘰	U
𥩕	U
疫	U
㾄	U
端	U
凋	U
敝	U
閴	U
疝	U
閊	U
瘿	U
竌	U
疯	U
𤴪	U
𨳋	U
癜	U
阚	U
翊	U
瘕	U
悶	U
闷	U
𢛩	U
𤵂	U
癖	U
䇃	U
乵	U
𠖬	U
𠖰	U
疡	U
𡰤	U
𢗻	U
㽶	U
𠔃	U
𠔄	U
𤴥	U
𨳉	U
𠖶	U
焛	U
疢	U
痰	U
瘘	U
旁	U
阍	U
郊	U
㾣	U
䦦	U
奖	U
将	U
凎	U
癣	U
浆	U
𤴧	U
阄	U
痪	U
疱	U
桨	U
效	U
净	U
次	U
疚	U
𥩝	U
䦐	U
𤴾	U
𨳜	U
閪	U
𤶈	U
瘭	U
尊	U
㓅	U
閑	U
闲	U
𤴷	U
疔	U
閅	U
鹇	U
新	U
𣓀	U
凇	U
疾	U
閁	U
冼	U
首	U
𤵥	U
痢	U
阁	U
疙	U
疼	U
痿	U
阙	U
痒	U
閚	U
闁	U
𤷱	U
竝	U
辡	U
阐	U
㾕	U
阅	U
𨴲	U
痫	U
閰	U
𨳐	U
痕	U
妾	U
𨐎	U
瘦	U
兼	U
阋	U
𤴦	U
𤴬	U
𨳊	U
𨳖	U
瘐	U
阀	U
疮	U
疹	U
瘵	U
痊	U
閃	U
𤴭	U
𨳥	U
疥	U
益	U
瘊	U
痤	U
准	U
閄	U
邶	U
背	U
弟	U
冀	U
凝	U
辫	U
疕	U
兹	U
訚	U
誾	U
𤶘	U
冫	U
门	U
閔	U
闵	U
𤵒	U
凛	U
闹	U
阂	U
丷	U
辨	U
辩	U
閍	U
阆	U
𨸂	U
瘁	U
痃	U
𥩛	U
媒	V
妅	V
姬	V
舁	V
妪	V
娆	V
𡛏	V
𢦎	V
㚤	V
𦔱	V
㜽	V
㛅	V
媸	V
邚	V
她	V
婀	V
既	V
即	V
驽	V
始	V
努	V
帑	V
妑	V
怒	V
厹	V
𠬚	V
𠬛	V
𩣅	V
弩	V
奴	V
媽	V
𠚦	V
娠	V
𡿵	V
妬	V
㚑	V
𡘑	V
𡚻	V
𢒂	V
垦	V
姐	V
𡛾	V
艮	V
𡿲	V
𤰄	V
退	V
𡝍	V
那	V
妓	V
娃	V
𡔛	V
𡚳	V
奸	V
妹	V
卆	V
媾	V
嬉	V
𦘒	V
妩	V
孀	V
姥	V
𦥘	V
妍	V
𡿧	V
婧	V
嫣	V
嫩	V
娅	V
婕	V
肀	V
𠁣	V
𦥔	V
隶	V
肃	V
逮	V
姚	V
妙	V
𣲂	V
旮	V
𣆫	V
𣇀	V
妲	V
𠚥	V
𠚰	V
𠚴	V
𠜃	V
𧈤	V
娼	V
媪	V
巢	V
邵	V
邕	V
娟	V
召	V
叴	V
劭	V
娲	V
恕	V
迢	V
絮	V
姻	V
𤰙	V
甾	V
𤰚	V
𥁀	V
𥁅	V
㚼	V
𡝀	V
𨋺	V
𢑖	V
邋	V
𠠵	V
嫘	V
𦥪	V
奾	V
㞪	V
𡴴	V
𡴻	V
姗	V
𡚫	V
𧴲	V
㛝	V
㐇	V
妞	V
彐	V
媚	V
妃	V
𡚱	V
㣽	V
鼠	V
𢖫	V
𢀳	V
𢎝	V
妮	V
姒	V
𡚿	V
䊆	V
災	V
嫁	V
婶	V
帚	V
婉	V
嫔	V
姹	V
𦥧	V
廵	V
辺	V
𨑍	V
兒	V
娩	V
舄	V
夛	V
𡿪	V
𡰧	V
妁	V
𡚵	V
𡛳	V
妡	V
𡛊	V
婢	V
嫖	V
㛉	V
奵	V
妖	V
尹	V
妊	V
姓	V
臼	V
群	V
媲	V
娥	V
姀	V
𡛇	V
姘	V
𡛩	V
㛙	V
𠃠	V
婵	V
嫡	V
姣	V
娴	V
嫉	V
娣	V
𠃙	V
𡿭	V
𡚪	V
㚣	V
娜	V
𢑑	V
奻	V
𢑒	V
嫂	V
𠚪	V
女	V
刅	V
妗	V
𡚭	V
𡚧	V
𡚨	V
妣	V
訄	V
𧥥	V
娮	V
𧥠	V
丸	V
刃	V
刄	V
𡚦	V
妫	V
婷	V
嬷	V
㚧	V
娘	V
妏	V
偌	W
仝	W
仜	W
伢	W
借	W
𢌯	W
黛	W
贷	W
牮	W
伐	W
供	W
戗	W
仓	W
𤼥	W
𦔯	W
𦔴	W
仔	W
佴	W
𠆨	W
创	W
颂	W
俑	W
㐷	W
瓮	W
翁	W
𠇕	W
侔	W
俟	W
𤼦	W
俊	W
仅	W
仏	W
傌	W
佐	W
侑	W
侉	W
仨	W
佦	W
佰	W
佑	W
段	W
优	W
倚	W
做	W
僚	W
傣	W
㐲	W
伏	W
俘	W
䏌	W
仴	W
佣	W
㐱	W
𠇊	W
偾	W
儒	W
𠀉	W
侍	W
𡉀	W
仁	W
仕	W
什	W
仠	W
祭	W
仐	W
癷	W
舍	W
舆	W
璺	W
伟	W
佬	W
佞	W
付	W
𠉴	W
倒	W
癸	W
傅	W
亼	W
仼	W
伍	W
剑	W
便	W
合	W
僵	W
俩	W
佤	W
俨	W
例	W
侠	W
企	W
𠆳	W
𥃦	W
仩	W
𠇈	W
佧	W
𠆤	W
侦	W
候	W
修	W
俱	W
仆	W
俏	W
倘	W
佻	W
尒	W
氽	W
㲻	W
仦	W
俚	W
但	W
伸	W
偶	W
偈	W
倮	W
𤼭	W
㕣	W
㐰	W
俣	W
促	W
𠆯	W
侣	W
侃	W
伵	W
𠇻	W
伡	W
俥	W
𠇺	W
𠇚	W
伽	W
儡	W
仂	W
𡯂	W
倜	W
𠔍	W
伷	W
佩	W
仚	W
侧	W
仉	W
𠈥	W
催	W
倔	W
倨	W
伺	W
假	W
僻	W
㐶	W
𠔅	W
侯	W
𠇍	W
亾	W
𠁽	W
伲	W
伈	W
似	W
𤆅	W
偻	W
侎	W
伫	W
倌	W
傧	W
飠	W
倥	W
佗	W
低	W
尣	W
爷	W
爸	W
儋	W
釜	W
釡	W
𠊄	W
像	W
佝	W
侈	W
斧	W
父	W
㐴	W
㒶	W
㐿	W
件	W
伒	W
侏	W
傀	W
俾	W
佚	W
体	W
価	W
仃	W
何	W
僳	W
鸺	W
傈	W
𣐦	W
𤼨	W
伥	W
叙	W
侨	W
任	W
亻	W
俐	W
伤	W
仡	W
途	W
俄	W
余	W
倭	W
侮	W
八	W
𠆢	W
倦	W
伴	W
位	W
們	W
伞	W
𠉄	W
僮	W
倍	W
僧	W
傍	W
佼	W
仒	W
𠆾	W
颁	W
健	W
𡛹	W
㚢	W
盆	W
贫	W
仇	W
侵	W
倪	W
伊	W
仞	W
耸	W
佾	W
坐	W
丛	W
价	W
谷	W
怂	W
仌	W
𠔁	W
份	W
众	W
伦	W
仈	W
𠆧	W
仑	W
𢎦	W
倾	W
华	W
僶	W
佛	W
货	W
仳	W
禽	W
令	W
依	W
储	W
詧	W
𧦴	W
隹	W
僦	W
侪	W
售	W
伪	W
伉	W
仿	W
焦	W
停	W
仪	W
集	W
𠆲	W
亽	W
𣁁	W
食	W
俯	W
伩	W
雠	W
绒	X
绀	X
紅	X
𥾰	X
练	X
绕	X
𥾮	X
𥾐	X
䋙	X
䌺	X
弭	X
𥾌	X
鄳	X
𠨐	X
𢆳	X
𥾇	X
绌	X
䊶	X
纾	X
缀	X
绎	X
绐	X
弝	X
紦	X
弘	X
𢎤	X
𦄀	X
绂	X
毋	X
绔	X
缄	X
𢏆	X
𥿍	X
𢎴	X
弼	X
绮	X
绑	X
缭	X
𡗞	X
紎	X
绷	X
缓	X
组	X
𥾶	X
蠡	X
𥾋	X
绶	X
彖	X
绥	X
纭	X
𢎥	X
疆	X
𢎳	X
𥾘	X
㢨	X
缜	X
𥾅	X
𥾍	X
𠤏	X
毌	X
贯	X
续	X
鸨	X
绪	X
绫	X
紂	X
纣	X
纯	X
㢧	X
彑	X
缚	X
弖	X
纡	X
𥿁	X
绠	X
缰	X
绩	X
彝	X
母	X
彘	X
䊼	X
缈	X
绰	X
弔	X
𢆯	X
𢎟	X
𢎠	X
颍	X
绡	X
绱	X
糸	X
𥾗	X
缇	X
𥿀	X
绅	X
𢏮	X
㔬	X
弗	X
缦	X
费	X
艴	X
缆	X
绲	X
缉	X
绢	X
紃	X
缋	X
缲	X
𢎵	X
织	X
𢆲	X
細	X
𢏎	X
𥿖	X
𦀺	X
幼	X
糼	X
辔	X
𠘩	X
绸	X
䌷	X
紬	X
㢫	X
缨	X
𢎪	X
𥾊	X
𧴦	X
纳	X
𦁀	X
缗	X
纽	X
䋚	X
䌻	X
弓	X
纠	X
乣	X
幻	X
糺	X
紀	X
𢀶	X
𢎞	X
缪	X
𥿂	X
𢏅	X
缕	X
粥	X
䋛	X
绽	X
绾	X
缤	X
缩	X
纸	X
绝	X
䋮	X
弥	X
绚	X
𥾉	X
𥾖	X
绉	X
弧	X
絈	X
紤	X
𢏂	X
𥾹	X
缴	X
絤	X
糽	X
缃	X
䊾	X
颖	X
乡	X
纤	X
缍	X
绺	X
络	X
匕	X
𠤎	X
绦	X
终	X
飨	X
𢎿	X
𥿘	X
缮	X
绊	X
𦁺	X
㢹	X
𦀓	X
弹	X
缯	X
缔	X
绞	X
缣	X
缢	X
缫	X
绍	X
缁	X
㓜	X
䊵	X
糿	X
𢎩	X
纫	X
缎	X
绘	X
缑	X
纷	X
纵	X
纶	X
维	X
𢎢	X
畿	X
缘	X
毕	X
丝	X
繩	X
绋	X
幽	X
弜	X
𥾏	X
皆	X
纟	X
𢆶	X
缡	X
统	X
𢎚	X
𢎛	X
缠	X
缟	X
紡	X
𢎷	X
纩	X
弦	X
紋	X
纹	X
𢎡	X
试	Y
诺	Y
㡲	Y
谋	Y
訌	Y
讧	Y
讶	Y
𢇙	Y
谟	Y
𢌮	Y
谨	Y
席	Y
谍	Y
庶	Y
讴	Y
𧥾	Y
诬	Y
谎	Y
郭	Y
诹	Y
享	Y
斈	Y
斊	Y
誀	Y
邝	Y
邡	Y
亨	Y
㐫	Y
㓙	Y
訑	Y
烹	Y
鹑	Y
敦	Y
熟	Y
𢇚	Y
弃	Y
序	Y
育	Y
译	Y
広	Y
𢉿	Y
诒	Y
诶	Y
𧪨	Y
𩢌	Y
詁	Y
诂	Y
𧦳	Y
诽	Y
斋	Y
诚	Y
诙	Y
庞	Y
彣	Y
谖	Y
𦙟	Y
䚴	Y
诅	Y
裔	Y
䚮	Y
谣	Y
䚲	Y
哀	Y
诼	Y
庋	Y
庄	Y
诗	Y
計	Y
訐	Y
讦	Y
𢉀	Y
讲	Y
𠅊	Y
诘	Y
𢇛	Y
谳	Y
读	Y
庑	Y
诸	Y
対	Y
討	Y
讨	Y
斌	Y
请	Y
𧥶	Y
证	Y
语	Y
谏	Y
廒	Y
评	Y
谑	Y
𥃰	Y
訨	Y
𧥞	Y
店	Y
卞	Y
訃	Y
讣	Y
应	Y
诮	Y
氷	Y
𢇤	Y
谠	Y
京	Y
𣱵	Y
䚱	Y
𧦋	Y
亯	Y
廛	Y
斉	Y
齊	Y
𣅀	Y
𧥵	Y
䚯	Y
𠚳	Y
𠛍	Y
亣	Y
齐	Y
𣁌	Y
谩	Y
谒	Y
课	Y
蚉	Y
𢇞	Y
吝	Y
误	Y
𧥣	Y
訓	Y
襄	Y
识	Y
𢇶	Y
谓	Y
亩	Y
畗	Y
訵	Y
𧦵	Y
䛅	Y
库	Y
庘	Y
庫	Y
𠠼	Y
谡	Y
亢	Y
设	Y
庙	Y
调	Y
䛆	Y
訕	Y
讪	Y
𡵡	Y
𢇢	Y
讥	Y
讽	Y
𧴨	Y
𧴻	Y
讷	Y
𧧾	Y
㐎	Y
㐔	Y
邙	Y
戾	Y
户	Y
讯	Y
詡	Y
诩	Y
𦐑	Y
盲	Y
応	Y
永	Y
鹿	Y
启	Y
遍	Y
記	Y
𧥟	Y
𡱀	Y
刻	Y
𧥤	Y
忞	Y
悥	Y
戽	Y
亡	Y
廖	Y
房	Y
訫	Y
弈	Y
孪	Y
奕	Y
𢈍	Y
蛮	Y
峦	Y
恋	Y
谈	Y
迹	Y
鸾	Y
挛	Y
栾	Y
㪰	Y
亦	Y
娈	Y
弯	Y
詸	Y
𣃛	Y
這	Y
𧥡	Y
谊	Y
膏	Y
诨	Y
亮	Y
亭	Y
毫	Y
䢍	Y
底	Y
𠑽	Y
诡	Y
𢉅	Y
廨	Y
询	Y
谗	Y
庖	Y
诳	Y
谄	Y
诟	Y
䜣	Y
訢	Y
𧦌	Y
诛	Y
庍	Y
庳	Y
亵	Y
𧧍	Y
訂	Y
床	Y
谭	Y
庁	Y
诃	Y
麻	Y
𠅅	Y
旗	Y
施	Y
话	Y
诱	Y
许	Y
旆	Y
诈	Y
𢇲	Y
谢	Y
旋	Y
族	Y
诿	Y
诲	Y
䚺	Y
訸	Y
㡴	Y
详	Y
谫	Y
谰	Y
𧦰	Y
䛨	Y
谙	Y
谪	Y
谱	Y
谤	Y
谘	Y
谚	Y
谦	Y
谥	Y
朗	Y
𢇘	Y
𧧖	Y
唐	Y
康	Y
诏	Y
訅	Y
𣃗	Y
庚	Y
讼	Y
诊	Y
府	Y
诠	Y
庂	Y
褒	Y
庥	Y
夜	Y
於	Y
座	Y
论	Y
㫃	Y
𤣥	Y
譝	Y
𢇝	Y
诣	Y
畜	Y
䚰	Y
雍	Y
玄	Y
庀	Y
庇	Y
廓	Y
㢇	Y
𣁎	Y
𧨟	Y
亠	Y
誩	Y
谅	Y
丶	Y
訪	Y
讠	Y
访	Y
议	Y
𣁅	Y
廊	Y
谇	Y
言	Y
⒈	Z
⒉	Z
⒊	Z
⒋	Z
⒌	Z
⒍	Z
⒎	Z
⒏	Z
⒐	Z
⒑	Z
⒒	Z
⒓	Z
⒔	Z
⒕	Z
⒖	Z
⒗	Z
⒘	Z
⒙	Z
⒚	Z
⒛	Z
⑴	Z
⑵	Z
⑶	Z
⑷	Z
⑸	Z
⑹	Z
⑺	Z
⑻	Z
⑼	Z
⑽	Z
⑾	Z
⑿	Z
⒀	Z
⒁	Z
⒂	Z
⒃	Z
⒄	Z
⒅	Z
⒆	Z
⒇	Z
→	Z
↑	Z
←	Z
↓	Z
↖	Z
↗	Z
↘	Z
↙	Z
①	Z
②	Z
③	Z
④	Z
⑤	Z
⑥	Z
⑦	Z
⑧	Z
⑨	Z
⑩	Z
㈠	Z
㈡	Z
㈢	Z
㈣	Z
㈤	Z
㈥	Z
㈦	Z
㈧	Z
㈨	Z
㈩	Z
㠭	A
㐂	A
𧝣	A
𦾟	A
菚	A
𦭎	A
𦭭	A
蘛	A
𧃠	A
𦸀	A
𠥤	A
藄	A
䘌	A
𧏾	A
匿	A
𦴈	A
𦺣	A
慝	A
葚	A
䔮	A
茙	A
𦻆	A
𡠷	A
萁	A
𠥊	A
𠥩	A
𦺻	A
甙	A
𤮼	A
蘜	A
𦳑	A
𧄛	A
䒰	A
䓉	A
菣	A
𦸃	A
𧂢	A
茝	A
茞	A
藍	A
𦾐	A
藖	A
虦	A
𧇑	A
𪈭	A
𦱽	A
蕥	A
𦬤	A
𦴉	A
剗	A
𧆙	A
𢨜	A
𠂼	A
蓳	A
𦱂	A
𦸴	A
蓲	A
䕚	A
䕿	A
䖄	A
𧅻	A
𧆖	A
𧁲	A
䕼	A
盞	A
𥁦	A
𧂛	A
𦿏	A
蘳	A
蘣	A
𦭧	A
𧅆	A
𧏤	A
𦶐	A
𦵶	A
䔈	A
𧶤	A
蒆	A
茿	A
𦭓	A
𦰗	A
𦷾	A
葉	A
𧄠	A
𦯋	A
𧂌	A
𦴇	A
苉	A
𪉅	A
蔕	A
𠥖	A
𧀱	A
𨘬	A
𣂧	A
𦮇	A
蘙	A
𢐯	A
苆	A
𢦶	A
𤁱	A
𤨑	A
𦿂	A
𪀦	A
𤨓	A
𦮎	A
匶	A
𠥬	A
莁	A
𦼉	A
𡐽	A
𦹥	A
𦳃	A
𧅞	A
藂	A
𦼈	A
𦺵	A
菆	A
𩢗	A
䔺	A
𦳉	A
𦲶	A
𧁼	A
𦯓	A
蘟	A
𦾩	A
𦸐	A
𧃨	A
𦰟	A
䔖	A
蔯	A
匩	A
𦱗	A
菡	A
䒱	A
䕄	A
𧗆	A
荪	A
𦭕	A
𧯷	A
𧊡	A
䓧	A
藬	A
䓝	A
䔴	A
䔜	A
𦶈	A
𠥱	A
𦽠	A
𦿎	A
𦯍	A
𧀙	A
𦵸	A
𡚙	A
𦶤	A
𦱆	A
𦺹	A
𦮙	A
𦻕	A
㧭	A
𠥍	A
𦰜	A
𦰼	A
蕯	A
𦸹	A
蓀	A
㲨	A
𦶇	A
䕖	A
𦬏	A
𥞱	A
𦱞	A
𦽆	A
𧃯	A
䔹	A
薩	A
蘵	A
𦵮	A
𦺼	A
𧒣	A
䔒	A
𧀕	A
𧁂	A
𦼧	A
𦽚	A
𦾨	A
蔭	A
䕃	A
𦱖	A
蒢	A
𦬽	A
𧀼	A
𦶏	A
䒪	A
匥	A
𦽰	A
芧	A
𧀈	A
𧍟	A
𧒚	A
𧓿	A
𦺖	A
蓩	A
蓣	A
蕷	A
鶜	A
𦱻	A
葇	A
䓮	A
茅	A
𢦵	A
𦺒	A
蔘	A
𠟝	A
𠥘	A
𦼒	A
𦶖	A
𦯩	A
𦴅	A
𢨁	A
𦮌	A
𧀛	A
蓪	A
𦯨	A
㦯	A
𠫅	A
𧄈	A
𧀟	A
䕂	A
葈	A
䓿	A
𦮡	A
𦭷	A
𦮸	A
𤮖	A
荾	A
芆	A
䒎	A
𣯬	A
蔵	A
蕻	A
𦮹	A
𦳺	A
苃	A
䔸	A
藞	A
𦯰	A
䒴	A
葫	A
𦯞	A
𧀥	A
萇	A
莾	A
𦸳	A
䔚	A
莀	A
蓐	A
𦱯	A
𦷔	A
萘	A
𦬠	A
荂	A
𦰃	A
𦰅	A
䓐	A
𦽫	A
葴	A
𦮠	A
𦮈	A
𦳴	A
𦸘	A
葜	A
茬	A
䒠	A
𤑒	A
蒧	A
𦷜	A
𦸗	A
蘴	A
蔧	A
𦶮	A
𦿃	A
𧂭	A
𧀗	A
𧂬	A
𧄥	A
䒹	A
藕	A
𢾻	A
匪	A
𧁶	A
韮	A
㔈	A
菴	A
蕜	A
𦿆	A
䕁	A
𢾺	A
𧊝	A
𣤆	A
𦻔	A
鄀	A
蠚	A
𧍷	A
䖃	A
匲	A
惹	A
逽	A
𧃦	A
䓴	A
荋	A
𦾳	A
蒇	A
蕆	A
𦵘	A
項	A
𩑪	A
𦬍	A
𦬓	A
𦭋	A
𦼦	A
荿	A
藏	A
𢚈	A
𢝨	A
𦺶	A
𦭹	A
荙	A
𠥟	A
𦰮	A
𤎗	A
䔪	A
𦬐	A
𦰘	A
蒝	A
𦳵	A
䓫	A
𣫧	A
䓓	A
藶	A
𦯮	A
𦱼	A
𦷩	A
𠀫	A
䕢	A
𦼔	A
𦲳	A
𩼥	A
𧂏	A
𦱏	A
𧃓	A
蕼	A
𧀳	A
戡	A
𨛺	A
㪛	A
𤿺	A
𦫡	A
碁	A
𠔴	A
朞	A
期	A
𤯉	A
𦡾	A
㪸	A
卙	A
斟	A
𠔫	A
𦥄	A
𤦢	A
菶	A
𢃛	A
綦	A
㫷	A
剘	A
萶	A
蜝	A
蟴	A
𠝻	A
𠞦	A
𢧔	A
𧕷	A
𧕹	A
𠔵	A
勘	A
䫏	A
䫖	A
㐞	A
㥦	A
㽄	A
惎	A
甚	A
𢁂	A
𢝖	A
𢤵	A
𢦊	A
𤭣	A
𤭦	A
𤮓	A
𦒙	A
䳢	A
𪀵	A
𪅾	A
𪆁	A
𪆗	A
㽎	A
夦	A
𧡪	A
斯	A
𢮜	A
棊	A
𣚄	A
尠	A
蓁	A
𢾤	A
𤯑	A
𧃵	A
𠔡	A
𡠧	A
𡢁	A
㰼	A
匧	A
欺	A
歁	A
莢	A
𠔶	A
𣤘	A
𤻓	A
𦴓	A
諅	A
𧬊	A
𨿣	A
𦺫	A
葢	A
𧁷	A
荗	A
𠀪	A
𦾻	A
𦼶	A
菔	A
𧄙	A
莩	A
𦰢	A
萉	A
萾	A
薍	A
𦭼	A
𦮘	A
蕦	A
𧃚	A
𦗿	A
𦘃	A
𦾜	A
𧀔	A
萠	A
薶	A
𦳎	A
蒯	A
𧂀	A
𩕕	A
萲	A
𢻎	A
藸	A
𦯟	A
𦲻	A
莇	A
𦾕	A
䔕	A
𦸡	A
𦮯	A
﨟	A
𦼳	A
莻	A
荕	A
𦰆	A
𣪚	A
𦳡	A
𦱙	A
𦰹	A
蕣	A
𦸌	A
薆	A
蓫	A
葋	A
𧥒	A
蘨	A
䔄	A
𦾾	A
𦳍	A
𦹮	A
𧀬	A
𨟗	A
葄	A
蕤	A
𥂪	A
𣮠	A
蔿	A
𧁅	A
虅	A
䕨	A
𦺎	A
蕂	A
𦸍	A
𠥒	A
𠥪	A
蓞	A
𧀷	A
𦱊	A
𧅕	A
𦽇	A
蒵	A
𦷲	A
𦱔	A
𧄰	A
𩋋	A
䩸	A
韄	A
𩋐	A
𩌧	A
鞴	A
𩍁	A
𩍬	A
䪇	A
鞾	A
𩍿	A
𦼺	A
𩋉	A
𩌴	A
韊	A
𧖡	A
𩊿	A
䩽	A
鞳	A
𦳦	A
𩌂	A
𠥠	A
𩍰	A
蕡	A
𩌌	A
𩍨	A
靾	A
𩉸	A
𩍛	A
𩎁	A
韉	A
鞢	A
𦹁	A
𩋞	A
𩍣	A
韈	A
䪄	A
𩋖	A
𩋪	A
䕙	A
𩍘	A
𩋄	A
䩯	A
𩊐	A
𩊨	A
𩍧	A
䩶	A
𩌮	A
𩎇	A
𩍽	A
𨞨	A
𦱚	A
𩋁	A
𩊾	A
𩌰	A
𣦀	A
蓋	A
𠥕	A
𩕭	A
𣰛	A
𦿋	A
𩍑	A
鞣	A
𧅟	A
𩊻	A
䒧	A
芰	A
芸	A
䩻	A
靫	A
𩉴	A
𩉦	A
𩊊	A
𩋂	A
𩋠	A
䩨	A
䩴	A
𩌛	A
𩊉	A
䩬	A
𩉧	A
𩍟	A
𩌉	A
薷	A
𩊘	A
𩊵	A
𩍄	A
䩭	A
𩌚	A
𩔈	A
𩊓	A
𩋊	A
𩋕	A
𩺁	A
鞑	A
𩍠	A
𩌘	A
䩡	A
𤯂	A
𦸻	A
蘎	A
𩋫	A
𩍫	A
𩍱	A
𩎋	A
鞵	A
𨲍	A
𩋒	A
䩗	A
靻	A
𨲷	A
𩉶	A
𩌳	A
𨲅	A
𩍇	A
鞖	A
鞱	A
𨱾	A
靸	A
𦵟	A
蕓	A
𩉨	A
𩎐	A
茥	A
葑	A
鞋	A
鞲	A
𩊲	A
𩋮	A
靯	A
靬	A
𤮽	A
𩌈	A
𤯀	A
𤯈	A
𦱰	A
𩋵	A
𩍥	A
鞊	A
𩍙	A
𩌍	A
𩍢	A
䩿	A
韇	A
𩍴	A
𧄍	A
𩉞	A
𩊴	A
韃	A
蕘	A
𩉯	A
䓁	A
䕀	A
𩌙	A
𩋸	A
𩍭	A
䩒	A
𩊞	A
𩌏	A
韁	A
𩉱	A
䩹	A
𤯅	A
𦱾	A
𩉰	A
䪂	A
𩊯	A
𩎎	A
𩊡	A
𩋷	A
𩋨	A
𩌪	A
㽍	A
𤭫	A
𩉣	A
𩋅	A
𩋹	A
靰	A
鞕	A
𤮿	A
𩍦	A
靺	A
𤯏	A
𩋩	A
𩍒	A
𩊪	A
䩟	A
鞆	A
𩌱	A
䩘	A
𩊢	A
𩎉	A
䩫	A
𢎏	A
𩊇	A
𩊬	A
鞁	A
𢽁	A
𩉲	A
𩌤	A
𦼛	A
𩉮	A
鞐	A
𥌕	A
𩋀	A
𦼜	A
𩊶	A
𦬒	A
𩌀	A
䩞	A
𩌓	A
𩍼	A
𧄺	A
𩌲	A
𦬝	A
𩉟	A
䩤	A
𩌿	A
𡣐	A
蒖	A
𩊷	A
𥄽	A
鞘	A
𦽲	A
鞺	A
𧄚	A
鞜	A
鞩	A
鞝	A
𩌆	A
鞉	A
𩊠	A
䩖	A
𩊮	A
䒬	A
苿	A
莍	A
𦺓	A
鞸	A
𦵷	A
𦷯	A
𦼮	A
靼	A
鞮	A
𧃙	A
𩉼	A
䗣	A
鞰	A
𥂯	A
𩎌	A
鞨	A
𧆒	A
𩋲	A
𩌇	A
韅	A
𩎂	A
𦾼	A
𦱍	A
𩋌	A
𩋬	A
𦾮	A
𩋗	A
𧁀	A
𩊒	A
𩍗	A
䩰	A
薣	A
𨚠	A
鞙	A
𧆔	A
䓀	A
薹	A
𩍍	A
鞓	A
䕒	A
蘦	A
虂	A
鞼	A
𧀺	A
䕵	A
𦷓	A
䪈	A
䪋	A
薳	A
鞻	A
䖅	A
𦸉	A
鞇	A
𩋤	A
𩍡	A
蕾	A
𩍜	A
𩉾	A
𩌐	A
𩌹	A
䪅	A
𩊏	A
匵	A
藚	A
𩊸	A
𩍃	A
𢡘	A
𩌔	A
𤨙	A
𩎊	A
䩔	A
鞅	A
𤡜	A
萳	A
𩍌	A
䩜	A
𩊟	A
貳	A
䪎	A
𩊗	A
𩋙	A
𩍺	A
𢤍	A
𩉜	A
𩊜	A
䪆	A
𧵸	A
靹	A
𩌩	A
芌	A
𨚤	A
𩋥	A
𩋜	A
𩌭	A
薵	A
靵	A
𦍟	A
𦍮	A
𩋓	A
𦑜	A
𩊧	A
𩋾	A
𩋿	A
𧅥	A
𦯗	A
𩋎	A
䩛	A
𩍉	A
䓌	A
𩉹	A
𩍪	A
𩎃	A
𤯇	A
䓇	A
𦍚	A
䪁	A
鞚	A
䩩	A
荸	A
䩳	A
𠥚	A
𦾫	A
𧂔	A
𧂣	A
𨒎	A
䑓	A
𩊦	A
𩋡	A
𦺟	A
𩋢	A
𦽢	A
𧀶	A
𩎀	A
𩎅	A
𦵫	A
𧒤	A
𨔷	A
𩋽	A
䩵	A
葧	A
𩍏	A
䩪	A
䪀	A
𩍹	A
𦸦	A
𩍎	A
𩉺	A
𩌑	A
𤯄	A
𩉬	A
䩕	A
芜	A
芫	A
𠒌	A
𩊁	A
𩊅	A
𩊕	A
𩊛	A
䩓	A
𠮑	A
𢿩	A
𦲃	A
𩊺	A
𩌠	A
𦯿	A
𩊃	A
𩊽	A
𩍝	A
𦰶	A
𩉿	A
𩋺	A
𩋭	A
𩋃	A
鞄	A
𩊋	A
𩋚	A
䓕	A
鞔	A
𨰌	A
𩉤	A
𩊥	A
𡖁	A
𩋯	A
𩌄	A
𩌽	A
𩍔	A
荺	A
莰	A
𠥈	A
𣢟	A
𩉢	A
𩌟	A
䩚	A
䪌	A
靮	A
鞫	A
韂	A
𦮖	A
𦮢	A
𦱘	A
𦳻	A
𩌃	A
鞞	A
𩊀	A
𩊣	A
𩍵	A
䩢	A
鞡	A
䩝	A
𩋶	A
𩌕	A
𩌷	A
𩌸	A
㽑	A
𪉏	A
靪	A
𦨂	A
𩌶	A
𠝺	A
𩊆	A
𩍊	A
𩍋	A
𢜯	A
𩌯	A
𪃏	A
韆	A
𣚻	A
𡮘	A
𩍳	A
𠝼	A
䓔	A
𦺥	A
𩉻	A
𪙐	A
𩊤	A
甛	A
𩊩	A
𩌦	A
𩎆	A
蓍	A
鞒	A
鞽	A
𦴆	A
𩊚	A
𩍈	A
𩉳	A
𩎈	A
䩐	A
𦏡	A
𩉪	A
鞦	A
䩠	A
䩥	A
䩼	A
𣃈	A
𦬁	A
𩋟	A
𩊱	A
𣤀	A
𩍮	A
荖	A
𢐱	A
鞂	A
𩉩	A
𩊖	A
𩌢	A
蕔	A
𩋛	A
䪊	A
𩊑	A
𩋼	A
靽	A
𩍅	A
鞧	A
𩊌	A
𩋣	A
䪍	A
𩋇	A
𩋳	A
𩌬	A
鞛	A
𦹷	A
𩍖	A
㽐	A
䕮	A
𧂞	A
𧅹	A
𩌣	A
薘	A
𩍚	A
𩊔	A
𩊭	A
𤯐	A
𩌵	A
𦶗	A
䩷	A
蓻	A
𡿴	A
𩌋	A
鞎	A
䩮	A
鞀	A
𩋝	A
𩊼	A
䪉	A
𩉛	A
𩊫	A
𩍆	A
鞬	A
𩋈	A
𩍀	A
𩉥	A
靭	A
靱	A
𩉝	A
鞥	A
𢎌	A
蕶	A
藝	A
𩉭	A
𩊂	A
𩋦	A
𩌅	A
𩌻	A
𩛬	A
𩊙	A
𩋴	A
𩌖	A
𧃳	A
𩌒	A
𩋔	A
𩊹	A
𩱀	A
𠤱	A
䩱	A
𩉡	A
𩌞	A
薔	A
鞈	A
𩋱	A
𩌎	A
𩌼	A
𩍾	A
䩺	A
靲	A
𩋏	A
䕭	A
䲺	A
䳬	A
爇	A
𤑔	A
𩌗	A
𩎑	A
𩌝	A
𦰀	A
𩋍	A
𩍲	A
𧅩	A
𧁈	A
𩌜	A
䩣	A
菱	A
𧀾	A
芙	A
𩍐	A
𩉵	A
靴	A
蓺	A
藿	A
𧆑	A
𩋘	A
𩍩	A
𩊎	A
鞃	A
𩌁	A
𩊰	A
𩋰	A
靷	A
𩉽	A
𩊝	A
𩌾	A
靿	A
䩑	A
𩉷	A
𩋧	A
鞿	A
𩉫	A
鞟	A
鞹	A
䩲	A
𩎏	A
蘾	A
𧨅	A
䩧	A
𤯆	A
𩍕	A
𩌨	A
𩊍	A
𩋻	A
䕋	A
𩌡	A
𩎄	A
䩾	A
韀	A
𤯋	A
𩍶	A
𩉠	A
𩋑	A
䪃	A
䩙	A
𦿖	A
𩌫	A
𩍓	A
華	A
𩏧	A
茾	A
荊	A
𦾏	A
鷨	A
𣟦	A
𪏥	A
𩀵	A
邼	A
萅	A
𦮒	A
𧅪	A
𤲱	A
𦼿	A
芚	A
𠤲	A
𢡳	A
𦰭	A
𢼪	A
𦸬	A
㦶	A
荎	A
𢎆	A
菿	A
𦰧	A
𦳙	A
𦻅	A
𦼩	A
𩒑	A
菾	A
𦬞	A
𧁉	A
𧁳	A
菁	A
蒪	A
𧂮	A
𦻌	A
𣃄	A
𧀮	A
𦴐	A
𥘐	A
𦱃	A
𦸭	A
䔷	A
𧂖	A
𠭙	A
𠭜	A
𢎈	A
𦭒	A
𦴀	A
龷	A
𦭢	A
卄	A
艹	A
𦬛	A
𦼇	A
蔫	A
𢼘	A
芐	A
𢑚	A
𠤯	A
䓏	A
𠥀	A
𠥧	A
𦱷	A
芣	A
𦰨	A
蓴	A
荁	A
菄	A
𧅝	A
𦯄	A
莄	A
𦷽	A
𧅺	A
䓊	A
菫	A
蒚	A
𦻋	A
䓶	A
𦬢	A
𦮉	A
𦸕	A
蘁	A
葍	A
𠥏	A
䕱	A
藾	A
虉	A
䔎	A
藗	A
䔩	A
荳	A
𦬋	A
𪎳	A
薑	A
萰	A
劻	A
𪏃	A
𪏄	A
𦭮	A
𦮆	A
𦵪	A
𤟓	A
𤠨	A
䒥	A
茦	A
蕀	A
𦲸	A
莿	A
蓸	A
𠞁	A
颟	A
𦭯	A
𦳭	A
蓛	A
𦭄	A
蔶	A
㔷	A
苪	A
黃	A
𢀪	A
𣣐	A
䕻	A
𧅳	A
䓣	A
䒓	A
㤍	A
巧	A
瓨	A
𤬩	A
𦭈	A
䲾	A
𩿸	A
戈	A
𢦭	A
𢗥	A
㚽	A
䛒	A
弋	A
𨾢	A
𦯘	A
𦵻	A
𦼓	A
𧀃	A
𦲯	A
𦴃	A
𦺐	A
𦬂	A
𦹡	A
𨛞	A
𦴊	A
𦵏	A
薞	A
塟	A
薤	A
𦹠	A
茢	A
𦭃	A
𦰸	A
𦶣	A
薚	A
𧀫	A
蔜	A
𦯢	A
𧀐	A
𢼳	A
𦼆	A
䔊	A
𦭱	A
荚	A
莖	A
𡿰	A
萐	A
𦱥	A
𦳲	A
葘	A
葝	A
𨖑	A
𦸧	A
𦻍	A
𦸨	A
蕐	A
𦇂	A
薾	A
𠔏	A
𠗁	A
𦬚	A
𧢖	A
䓯	A
𦬜	A
𢍾	A
匤	A
𨚾	A
𦾚	A
𦼫	A
𧀴	A
蔖	A
萛	A
蘆	A
𦿊	A
萀	A
𠥶	A
藘	A
𧃷	A
𤕪	A
𧃢	A
𦸵	A
𧀤	A
繤	A
𥊾	A
𧅖	A
薉	A
𥢞	A
𦲰	A
𦰲	A
䕎	A
𠡅	A
𧅚	A
𠥞	A
蕋	A
煕	A
𦴁	A
蘃	A
𦭌	A
匷	A
𧄒	A
𧅵	A
蘋	A
荹	A
𦳥	A
茮	A
𦯝	A
𦺩	A
䓬	A
𦼨	A
𡳶	A
𠭃	A
𡘡	A
𦣞	A
𩠢	A
𦃂	A
𠥡	A
賾	A
赜	A
頤	A
颐	A
㼢	A
巸	A
𢞍	A
𦣤	A
熙	A
𤇴	A
𤌇	A
媐	A
𣢮	A
𧧃	A
𧅸	A
𧅽	A
𧆗	A
𦵵	A
蓾	A
𦷿	A
𦷕	A
𦽖	A
𦳋	A
𦺃	A
𦼣	A
𦬿	A
𦣣	A
䢻	A
孯	A
𡦋	A
𦬈	A
𪘦	A
臤	A
𢼧	A
𤿳	A
𦣯	A
硻	A
𦣷	A
𩈵	A
䭆	A
腎	A
𦣴	A
𦪱	A
𩜬	A
堅	A
𠽺	A
𠿦	A
𡍱	A
𡏃	A
𡏐	A
𡒓	A
𦣠	A
𦣨	A
𩋆	A
朢	A
𦭩	A
𨢒	A
㹂	A
䁂	A
卧	A
𢃥	A
𥊇	A
𦣝	A
𦣢	A
𦣦	A
𦣩	A
𩠞	A
䑐	A
䵖	A
緊	A
𡮺	A
𤀩	A
𤂟	A
𤄈	A
𦂳	A
㔋	A
蜸	A
𦣧	A
𧌟	A
𧏆	A
臨	A
監	A
盬	A
鹽	A
𠡗	A
𤲗	A
𥂠	A
𥂭	A
𥃆	A
𥃉	A
𥃡	A
𦣪	A
𧗄	A
𨍒	A
𨏊	A
䖙	A
賢	A
贒	A
頣	A
𠙉	A
𠥸	A
𡹩	A
𦉞	A
𦣱	A
𧇜	A
㲯	A
㽉	A
薡	A
𢀗	A
𢙞	A
𢛶	A
𣱄	A
𤭠	A
㷂	A
𤇸	A
𤋮	A
𤍥	A
𤏿	A
𥼿	A
𥽏	A
𥽐	A
𦣳	A
𪅤	A
𪇖	A
覧	A
覽	A
鋻	A
鍳	A
鑒	A
𦣲	A
𧇬	A
𧡼	A
掔	A
擥	A
𢱯	A
𣂜	A
𣔿	A
𣠿	A
𡮻	A
𡮼	A
𦣥	A
𦣵	A
䜿	A
䝂	A
竪	A
豎	A
𢜊	A
𥪡	A
𥪨	A
婜	A
𦣡	A
𦣬	A
臥	A
𦜜	A
𦣫	A
𦣶	A
㻨	A
䑑	A
䛗	A
譼	A
𤦁	A
𤪋	A
𧨭	A
𧩾	A
𦽉	A
蔝	A
𤊾	A
𨘚	A
𦺊	A
𢜤	A
𦸟	A
莧	A
𢀢	A
𧂊	A
𦶔	A
薒	A
萈	A
䕫	A
𦳮	A
邪	A
𤘅	A
𤘊	A
𤘍	A
𪘯	A
𪚐	A
㸧	A
𦷱	A
𡌯	A
𨤲	A
鸦	A
𤘉	A
𩐆	A
𤛆	A
𣺶	A
𣻊	A
𠚾	A
𤘏	A
𪖕	A
𤘇	A
𤘌	A
𠡁	A
𠢐	A
𥁆	A
䪵	A
𢗬	A
𣮖	A
𣯛	A
𤘎	A
鴉	A
𥼅	A
𪑢	A
迓	A
𤘓	A
𤘆	A
𤘋	A
𧃍	A
𧃰	A
𨅪	A
𤘑	A
𦱛	A
𡜹	A
𡠉	A
𤘈	A
𣀗	A
雅	A
𤘐	A
𧁊	A
𦭇	A
藈	A
𪅷	A
𣁒	A
䔝	A
𦸺	A
𦺱	A
䓱	A
㸦	A
䔐	A
𦶜	A
蘫	A
菃	A
蕖	A
葓	A
𡎊	A
𧍙	A
𦸼	A
𧀉	A
菭	A
𦮚	A
𦸪	A
𦺾	A
𦹹	A
𧄻	A
𧀪	A
𩒴	A
𧃉	A
𦺘	A
𦷰	A
莦	A
𦹻	A
萷	A
𦼬	A
𧗎	A
𦷪	A
𦲾	A
𦼥	A
蔆	A
䓑	A
𦻈	A
𦺇	A
蔳	A
萍	A
𦺁	A
𦳂	A
𧀌	A
𦯫	A
蒲	A
蔋	A
𧁄	A
蔢	A
𦴢	A
𦷟	A
𨬛	A
莎	A
䓾	A
䕕	A
䓠	A
𦴝	A
𦶄	A
蕰	A
蘯	A
䔽	A
蕩	A
𧋔	A
𦹲	A
蕅	A
𧂧	A
䕪	A
薀	A
𦾶	A
𦰪	A
莈	A
𡷺	A
𦰱	A
𦶊	A
𦼻	A
𦾷	A
𦯊	A
𦯹	A
𦰫	A
𦸁	A
𧒩	A
𦼲	A
𧅗	A
莐	A
𦺡	A
𦸂	A
𦼕	A
𦺌	A
䓋	A
茪	A
𦴥	A
𦽘	A
萢	A
𠥳	A
䓜	A
𦮛	A
𠥋	A
萡	A
䓅	A
𦶡	A
𦵜	A
𦵩	A
薸	A
藫	A
𦭑	A
莯	A
𦱈	A
萿	A
𦰚	A
䓷	A
𦳗	A
藩	A
𦿞	A
䒚	A
𦷫	A
𦳸	A
𧫬	A
蓱	A
𦲷	A
𦺍	A
𦹃	A
蓡	A
薓	A
𦻄	A
𦭰	A
葏	A
菬	A
𦵙	A
𧂙	A
蒅	A
薻	A
𧃡	A
𧄢	A
𦿐	A
𦵾	A
𦻂	A
𡒎	A
虃	A
蕍	A
𦶒	A
𠥴	A
𧀡	A
𧀝	A
蒤	A
蒞	A
𦰛	A
匯	A
蒗	A
薃	A
蓅	A
𦯻	A
𦮟	A
𧅭	A
蓽	A
𣊣	A
𦱤	A
𦳕	A
𠢽	A
𢧉	A
𧄊	A
𦴍	A
𨛳	A
𢨃	A
鄚	A
𦷖	A
蓦	A
驀	A
𦿉	A
𧃊	A
墓	A
𦹵	A
𩐍	A
幕	A
暮	A
蟇	A
𠻚	A
募	A
𠢓	A
𦷤	A
𩔷	A
慕	A
𢟽	A
𣯳	A
𦺽	A
𦹪	A
𧅌	A
𪅐	A
㱳	A
𡖶	A
摹	A
𥡡	A
𡠜	A
謩	A
𦻒	A
𢡗	A
荲	A
蒔	A
𦯖	A
𦸩	A
䓍	A
𥽚	A
𧹨	A
莳	A
𦬹	A
𦳚	A
𨗪	A
𦳝	A
皵	A
萺	A
𦿄	A
𦷣	A
𦵽	A
菖	A
𦸋	A
𧒨	A
剒	A
蕌	A
𠥨	A
𧓨	A
𧔴	A
𠄋	A
𧏊	A
𨞼	A
𨟔	A
蒀	A
𦹸	A
𦳱	A
𦽦	A
𦴤	A
躉	A
𧄌	A
䘍	A
蠆	A
勱	A
𧄴	A
䖁	A
𦽳	A
邁	A
𨙗	A
𨙚	A
𦝙	A
萬	A
𦶑	A
𦾛	A
𦽍	A
逪	A
𨕡	A
𦾥	A
𧅿	A
𧁎	A
𨞛	A
𥀥	A
鹊	A
𣰌	A
𦼵	A
𪆰	A
䓪	A
茰	A
𠥜	A
斮	A
𧅬	A
𧀞	A
菒	A
菓	A
葃	A
虄	A
𧄳	A
㪚	A
𦺏	A
𦸫	A
匽	A
𦰇	A
𧓱	A
𠝖	A
鶠	A
㰽	A
𩀀	A
𨝥	A
𦾠	A
鵲	A
䧿	A
𦁬	A
𦿌	A
䒶	A
菎	A
𣋄	A
蕺	A
䓃	A
𦫒	A
𡎸	A
𩑼	A
𦮥	A
𦮻	A
艱	A
𦣊	A
菋	A
𧕴	A
囏	A
𡿊	A
戁	A
㸐	A
𤏊	A
𤒿	A
𤓉	A
𪄿	A
𪇼	A
𪇽	A
𢺋	A
𣂷	A
𣂼	A
㠬	A
歎	A
臡	A
𠏏	A
𣥁	A
𦰩	A
㔮	A
尀	A
難	A
𩁢	A
鄞	A
䰥	A
𣀨	A
𣀪	A
𣀾	A
戜	A
茣	A
彧	A
𢒖	A
𧤅	A
𧥀	A
𧥑	A
𩞎	A
堇	A
𡌳	A
𢧌	A
𦮣	A
𦰌	A
𢨋	A
𤦒	A
𢃤	A
𥇙	A
㳼	A
𠜻	A
𠞱	A
𢧋	A
𧌒	A
勤	A
惑	A
懃	A
𢞿	A
𦑍	A
𤉨	A
𤉹	A
𤐂	A
𤒉	A
𤒓	A
𤒜	A
𪂉	A
𪂵	A
𪅀	A
覲	A
觐	A
斳	A
㝻	A
藪	A
蔞	A
𡿿	A
㰲	A
歏	A
𣤁	A
𣤐	A
𤦂	A
𩀤	A
𩁚	A
𧃐	A
𧀰	A
䕽	A
𦬕	A
𧃌	A
蕗	A
𡆒	A
𦸜	A
𠢀	A
𦵰	A
匱	A
蒉	A
蕢	A
𩔿	A
𧂠	A
𧀢	A
莡	A
𩁣	A
𦷗	A
𠥲	A
𩁤	A
𧂁	A
䕤	A
鄿	A
酄	A
敺	A
毆	A
𠥝	A
𧁁	A
匰	A
莒	A
蕇	A
𡬿	A
鹳	A
𠥅	A
𥍊	A
𧆉	A
剾	A
飌	A
𩙤	A
䓵	A
䖀	A
區	A
虈	A
𠥺	A
𡄝	A
𧄤	A
勸	A
𠢔	A
顴	A
𩔸	A
甌	A
萼	A
蕚	A
𢦉	A
𣰻	A
𤮴	A
𦰉	A
鷗	A
鸛	A
𠥹	A
𤓘	A
𨙕	A
觀	A
𧃱	A
𧢰	A
𩙣	A
蘄	A
𣂻	A
䕾	A
𢿛	A
歐	A
歡	A
𣤾	A
雚	A
𠥷	A
𩀫	A
𩁬	A
莂	A
𦽊	A
蒷	A
𦲭	A
𦱫	A
𢙢	A
𡆐	A
𧢚	A
𦬺	A
𦰋	A
𦮶	A
𦱕	A
𩲰	A
𥞣	A
𡏳	A
𠤴	A
荶	A
𠤾	A
𪇠	A
𦭜	A
𦣚	A
𥌵	A
蓶	A
𩁘	A
蔮	A
𢅓	A
𥋚	A
𦱓	A
𧀅	A
㔴	A
䔬	A
𢎑	A
𢨇	A
𦼷	A
𧁍	A
蘻	A
𧄾	A
𦭁	A
藣	A
𦳩	A
䓢	A
𥑙	A
蘮	A
蒽	A
𪇴	A
蔑	A
𩁝	A
𦳢	A
𦵣	A
薗	A
䕉	A
𡭆	A
𦸎	A
蓒	A
薯	A
䕸	A
𦸽	A
巭	A
𧁾	A
葨	A
𦮄	A
𦯁	A
𦴜	A
𢿯	A
𦾒	A
𦸿	A
𦾽	A
𦿚	A
𧃣	A
𦵺	A
𧓵	A
𧀄	A
𧍣	A
𦿓	A
茄	A
茴	A
𨔽	A
莮	A
蘲	A
虆	A
藟	A
𡿉	A
蘽	A
蕒	A
𦷹	A
葸	A
𧅡	A
𦸠	A
𤋂	A
薎	A
𥌱	A
𦸑	A
𧂝	A
鄸	A
𨟁	A
𨟒	A
䒐	A
蘉	A
𦫰	A
𦴋	A
𨞯	A
𩴲	A
𥕗	A
𧲎	A
䠢	A
瞢	A
𣊔	A
𧄯	A
顭	A
𩖉	A
𩖎	A
甍	A
𡗐	A
𪅇	A
𪇓	A
𪈆	A
𪈘	A
𪈛	A
夢	A
𦿛	A
𧀧	A
蓮	A
𧀆	A
𧄼	A
𧁌	A
薨	A
𤔻	A
𦴗	A
鹋	A
薥	A
𦼤	A
𦳊	A
𦭤	A
𧃏	A
蔪	A
𧅀	A
𧀵	A
𧅲	A
𧆘	A
𩁩	A
𦱵	A
𧆕	A
蔨	A
𦽨	A
𦭉	A
𦳛	A
𦮗	A
匭	A
𦹩	A
𦴄	A
𦳬	A
蒕	A
莔	A
鶓	A
𦱟	A
苬	A
𠤽	A
𦯯	A
蔂	A
𧀇	A
𣬍	A
𦳈	A
蘿	A
𧦪	A
藅	A
𠕯	A
𦽒	A
蕽	A
䒼	A
䓦	A
𦕓	A
𦬣	A
䣐	A
𩤯	A
𠝟	A
𦵓	A
𩘕	A
㲟	A
鶧	A
𪃳	A
䚆	A
𦰈	A
蓇	A
𧅅	A
䕧	A
𧅢	A
𦸔	A
䒣	A
𧃛	A
𠦕	A
䓟	A
𧡔	A
𦼢	A
𧷱	A
巬	A
𢿀	A
𠥆	A
𤬳	A
𦰝	A
𦵨	A
䔇	A
𥀹	A
𦳟	A
繭	A
芇	A
萜	A
顢	A
𢟮	A
㒼	A
𧁆	A
𠞖	A
荝	A
萴	A
𦭣	A
𧀩	A
𧉨	A
𢾠	A
㔯	A
𦳖	A
𨗲	A
𨋑	A
𦉦	A
𦮏	A
蘡	A
䒻	A
萵	A
薖	A
慐	A
𨥲	A
䒽	A
𩲧	A
𦹱	A
𦈩	A
䒳	A
𨝇	A
葻	A
𧹃	A
𠥮	A
𦱌	A
菵	A
𦯛	A
𪎴	A
𪏅	A
𪏊	A
𪏗	A
䵍	A
𨝴	A
𪏟	A
䵋	A
䵏	A
䵐	A
斢	A
黊	A
𡐳	A
𪏀	A
𪏘	A
𪏡	A
黈	A
𪎻	A
𪏇	A
𪏞	A
𪏉	A
𪏠	A
𪏢	A
𪏦	A
𪏧	A
𪏫	A
䵎	A
𩙁	A
𪎿	A
𪏈	A
𪏖	A
𪏣	A
黇	A
𦯶	A
𪎾	A
𪏕	A
𪎵	A
𪎸	A
𪏐	A
𪏔	A
𪏚	A
黅	A
𤮏	A
𪎶	A
𪎷	A
𪏤	A
鷬	A
𧄞	A
𪄌	A
𪏂	A
𪏋	A
𪏝	A
𪏩	A
黆	A
𪎹	A
𪎽	A
𪏁	A
𪏏	A
芮	A
𦭗	A
𪏨	A
䵌	A
𪏪	A
萞	A
𪏛	A
𦸏	A
𪎺	A
𪏌	A
𣀺	A
𣀸	A
聓	A
䂬	A
䒟	A
鞏	A
𠦘	A
𡊼	A
𧦬	A
跫	A
蛩	A
䡗	A
㼦	A
恐	A
䊄	A
銎	A
㧬	A
𣑦	A
䅃	A
芃	A
㠫	A
𠔣	A
𤤶	A
𦽄	A
𩊈	A
𦯸	A
𦳜	A
𦯆	A
𪃔	A
𦷠	A
𦸆	A
𩀔	A
䢹	A
䓛	A
𢝭	A
𢦻	A
𦲀	A
𢀥	A
𦱅	A
𢺿	A
𦵥	A
𩢽	A
𥒽	A
𢀭	A
𦱪	A
𩊳	A
䒖	A
藯	A
𢙷	A
𨧎	A
𢭤	A
𢀜	A
𢦚	A
䒭	A
𦸢	A
𡬡	A
𢦘	A
䒒	A
𦵕	A
𦭡	A
𦷮	A
𢀲	A
𧀘	A
戼	A
𦱱	A
葭	A
𦼽	A
匨	A
莊	A
葿	A
蔣	A
葦	A
𠥎	A
𢀙	A
䔫	A
𦫶	A
蘠	A
𧄧	A
苢	A
𦯭	A
𪀛	A
蕸	A
𨕃	A
𨗨	A
𦽞	A
䕈	A
荍	A
𦬌	A
𧷙	A
𦵱	A
𦼗	A
螶	A
斲	A
𧉺	A
蘗	A
𧀓	A
𠥦	A
𦯴	A
𧃟	A
𦭀	A
𦱲	A
勚	A
勩	A
𧃭	A
𢨏	A
貰	A
𦮁	A
乬	A
巪	A
𦫷	A
𦭍	A
𦮊	A
𦐞	A
𧄜	A
𦯃	A
𧂍	A
蘂	A
𢟃	A
𦮼	A
㔵	A
𦺈	A
𨒑	A
𢃄	A
迣	A
𠑸	A
𢀱	A
㰥	A
𦸚	A
𢀦	A
𩳶	A
𠝝	A
𩔑	A
𢜨	A
𤭴	A
𪃸	A
䢡	A
枼	A
𦱭	A
𦳇	A
𦹨	A
𦬥	A
𦸞	A
𧋳	A
𦰷	A
荱	A
𩿰	A
𨒋	A
苾	A
𦭺	A
𦰦	A
戉	A
𢼑	A
荬	A
𦴧	A
𦯽	A
𦼝	A
𠁀	A
𢀧	A
𨟆	A
𩿝	A
芵	A
藋	A
苨	A
𦼘	A
𢀨	A
蘹	A
𢀬	A
䕜	A
𦮝	A
荩	A
𦬨	A
薠	A
蘱	A
蕿	A
𧀜	A
䕺	A
𦾿	A
薱	A
𦳼	A
𦴔	A
𦻐	A
𧡙	A
蔊	A
𧅛	A
𤰀	A
𦽓	A
𦨃	A
𦨄	A
䑞	A
𧃮	A
𦵹	A
𦺜	A
𦺺	A
藀	A
𦼐	A
𧅊	A
𦾵	A
菼	A
蒾	A
𦺸	A
𧁽	A
䓎	A
䕰	A
𦵒	A
𦷥	A
薮	A
𧂒	A
𧄝	A
𦶚	A
𧅃	A
𠟗	A
𦴎	A
𦸤	A
茡	A
𦾖	A
藔	A
𠟽	A
𦺧	A
𦵯	A
𦭂	A
𪇜	A
䒿	A
萓	A
茔	A
蒄	A
𦵤	A
鹲	A
𧃕	A
萗	A
蔻	A
氋	A
鸏	A
莞	A
藆	A
蔲	A
𦺦	A
䓻	A
𦸅	A
𨞫	A
苎	A
荢	A
𦭨	A
萱	A
𤯾	A
萣	A
䔰	A
薲	A
𧅤	A
𩕱	A
藼	A
𦷳	A
蔩	A
莹	A
𤔾	A
蓂	A
𦵡	A
荤	A
葷	A
𦬮	A
𦭬	A
䒮	A
䔭	A
藌	A
𦺝	A
蔤	A
𦿜	A
菅	A
薴	A
𦴕	A
𦽛	A
䒞	A
菀	A
蓥	A
𦹦	A
𦴌	A
蒬	A
𦰤	A
䓨	A
蒏	A
苧	A
𦬪	A
𦯕	A
𦴦	A
𧀯	A
𦼖	A
𦮜	A
䔂	A
䕣	A
荌	A
藛	A
䒯	A
𦱇	A
𦰊	A
𧅉	A
葖	A
𤮡	A
𦯼	A
䕓	A
蓿	A
𧅓	A
䓖	A
𦳾	A
𦼑	A
茓	A
𦽜	A
𧂜	A
藭	A
𦲄	A
蒮	A
𧁐	A
𧆆	A
䔗	A
𦵬	A
䔃	A
𦽎	A
䕐	A
𦮲	A
𧂂	A
䣟	A
荈	A
鬵	A
㔆	A
朁	A
蠶	A
𢍌	A
𧌩	A
𧕽	A
𦯚	A
𦹣	A
䫬	A
𪂛	A
𪂫	A
𪅽	A
𪆨	A
兓	A
𦵴	A
𠥯	A
𢑋	A
𧖛	A
茋	A
𩀿	A
𨚁	A
䒢	A
茒	A
𦭘	A
𦺲	A
葾	A
葼	A
蒭	A
芶	A
𦺔	A
莃	A
𩑬	A
䔳	A
薝	A
蔛	A
薢	A
葪	A
𣄺	A
𦺠	A
𦮍	A
𡉙	A
𣄱	A
𦵳	A
茚	A
藓	A
𢌰	A
𦮱	A
𢂸	A
蓟	A
蔔	A
瓯	A
𢣋	A
𧁸	A
㔰	A
𧠱	A
𦷝	A
𦾺	A
𦳣	A
𦺨	A
𠛅	A
苅	A
㢣	A
驚	A
苟	A
茗	A
𢎅	A
𣄮	A
𦱩	A
蟼	A
葂	A
𦮿	A
𩓴	A
憼	A
𪆆	A
莬	A
擎	A
檠	A
𣛳	A
𢐧	A
菟	A
警	A
𠣷	A
䓒	A
𧃜	A
𧁰	A
𣄸	A
藑	A
萯	A
𦿙	A
𠑹	A
𦳤	A
𢙴	A
㤅	A
𦿇	A
𨟂	A
𦼼	A
蘚	A
𡚡	A
𩼻	A
薊	A
𧀦	A
𧂫	A
蘇	A
䔡	A
炁	A
䠠	A
帶	A
𠁑	A
𤴟	A
慸	A
遰	A
𠓶	A
𢋴	A
𣄲	A
𧂇	A
鸥	A
𦵔	A
𦮓	A
𦰵	A
𦽋	A
𦭪	A
䒝	A
茤	A
𦽭	A
𠔝	A
𣢕	A
䔙	A
匢	A
𢦠	A
𣄭	A
匫	A
䓤	A
葱	A
蔸	A
芴	A
茐	A
蔱	A
䓭	A
𣄰	A
𦰔	A
𣗅	A
茆	A
𠥰	A
𦮦	A
𦺄	A
𦽕	A
𦵧	A
𦹤	A
𦺛	A
𧃶	A
䔆	A
莥	A
蕕	A
𧃩	A
蕏	A
𦹫	A
𧁿	A
𦸒	A
莸	A
𣬮	A
𦿷	A
𧄵	A
荻	A
䓄	A
𦱄	A
𥂿	A
萏	A
𦳌	A
𧃑	A
𦻁	A
蕵	A
鴄	A
鴎	A
鴱	A
𩿑	A
𣢈	A
𣢓	A
𨿆	A
𦰑	A
茑	A
鸢	A
匛	A
𣄴	A
𣄷	A
𧄎	A
藰	A
蒥	A
𨍸	A
𧀏	A
𧪷	A
𦯙	A
𦰥	A
𦵛	A
萚	A
𦺤	A
苽	A
蓏	A
𦳞	A
䔤	A
𦰖	A
𦽥	A
蘤	A
𦵭	A
𦾙	A
𦯑	A
𦹢	A
荴	A
茊	A
葟	A
蓵	A
𠥃	A
茩	A
𦽪	A
蒱	A
𦰽	A
𦮴	A
䒜	A
㔸	A
𢦞	A
𦬔	A
薬	A
莏	A
葲	A
䔶	A
𠜝	A
䔾	A
䔱	A
𦶂	A
𧂈	A
𧫊	A
蘀	A
𠥢	A
蕪	A
菗	A
䔘	A
𧃘	A
𦰬	A
𠤸	A
𧂚	A
𧗘	A
𧄡	A
蒛	A
𦮾	A
芞	A
𦾬	A
𧃔	A
𦰂	A
𦼍	A
菦	A
𦾣	A
𦯜	A
蒐	A
𢧩	A
𦼾	A
菢	A
𦲽	A
菂	A
䓆	A
𧁵	A
藠	A
䔌	A
葀	A
𠥉	A
𧂉	A
菈	A
蒑	A
萔	A
𦶟	A
𦾱	A
𦺕	A
𠥁	A
𦰄	A
𪀘	A
𦿕	A
苵	A
𠇬	A
蓷	A
𦲫	A
𦼸	A
薂	A
𦭐	A
𦴑	A
藲	A
𦾢	A
𣚨	A
𦰳	A
𦶓	A
𦻊	A
𦰁	A
𦽯	A
𦼪	A
𦽩	A
𦸊	A
𦴡	A
䕩	A
𧂦	A
𧃬	A
𦿒	A
𦳏	A
𦳘	A
䓩	A
䓰	A
荰	A
蓕	A
蔈	A
𦳐	A
𠠕	A
𦾑	A
薽	A
𦼊	A
䕯	A
𧃝	A
䔯	A
𨟲	A
䖆	A
莤	A
𣒳	A
𦼭	A
𦶙	A
𨟶	A
𧂯	A
𧃗	A
蓜	A
蘸	A
𦾹	A
𦺀	A
䔠	A
𠜀	A
𠝚	A
𦼰	A
𣃕	A
𦼴	A
莕	A
𦴖	A
䔅	A
𦹂	A
𦹶	A
𦷢	A
𨔋	A
𨔘	A
萙	A
𦶅	A
𧀭	A
𦰻	A
𠥂	A
𦯪	A
䖇	A
𦽔	A
䔁	A
菻	A
𦼚	A
𦳿	A
𧄏	A
䔦	A
𦲲	A
𧁒	A
𧅜	A
𦶠	A
葽	A
𦼋	A
𦷭	A
𦸓	A
䕆	A
藮	A
萊	A
蒁	A
𦳯	A
𦬸	A
𦬃	A
𦮔	A
𦬱	A
𦭊	A
𦭥	A
𠤷	A
𧂅	A
𦳽	A
𦮺	A
殹	A
𥏏	A
𦭞	A
𩣻	A
𩥯	A
䃜	A
㬾	A
𧜤	A
𩮵	A
㙠	A
䒷	A
醫	A
鹥	A
瞖	A
莑	A
繄	A
𣫥	A
䗟	A
荞	A
㗨	A
䓡	A
蕎	A
贀	A
悘	A
翳	A
𦯠	A
鷖	A
黳	A
𪁾	A
蓬	A
𣫫	A
𦰎	A
𧢂	A
𣘦	A
䒨	A
芺	A
嫛	A
毉	A
瑿	A
薙	A
𦸈	A
𧫦	A
蒰	A
𦻉	A
𦼎	A
䕝	A
䓚	A
蒩	A
𤰇	A
𧀽	A
𦶢	A
𠤺	A
𦭸	A
𦽮	A
𦴏	A
𦬰	A
𦴂	A
𦽂	A
荇	A
蓗	A
𦮧	A
𥮌	A
𦬶	A
𦿀	A
𦮽	A
𦽀	A
𧄽	A
芼	A
䔏	A
莛	A
𦭶	A
𦺷	A
薐	A
䓙	A
𦷘	A
𦸙	A
𠤵	A
苼	A
菙	A
𦱦	A
𧀑	A
𦲵	A
𦱮	A
蘍	A
𦿁	A
𧂐	A
翘	A
薫	A
薰	A
𪈧	A
尧	A
匴	A
𦽃	A
𠥌	A
苲	A
𦤅	A
𦺆	A
䕗	A
𦿸	A
䓘	A
𦷙	A
𦽌	A
蒠	A
𠥫	A
莚	A
𨕇	A
𦺯	A
𦱿	A
𠥣	A
𦾭	A
蕱	A
葕	A
𦬼	A
萫	A
䔣	A
𦻀	A
𧀖	A
藒	A
䔧	A
𧄦	A
𧊮	A
㦴	A
茖	A
萂	A
𦻓	A
莵	A
萭	A
䒸	A
𥁘	A
𦬲	A
𦭾	A
𧄗	A
蔥	A
𦯎	A
𦹰	A
𦶃	A
䓈	A
薁	A
𦱑	A
蘈	A
𢦕	A
𨕷	A
藢	A
𧃸	A
䒗	A
𧀚	A
𦬷	A
𦷬	A
𦰍	A
𧅈	A
𦸝	A
萩	A
𨑘	A
䒦	A
䕔	A
蘅	A
𦺙	A
𦻎	A
蘒	A
蘓	A
䔟	A
𦴙	A
蔾	A
菞	A
𦳫	A
𦱜	A
蓹	A
薭	A
蘌	A
𦱒	A
𦸇	A
𦰏	A
𦽧	A
蘒	A
𦳁	A
蕧	A
䔉	A
萪	A
苸	A
蕛	A
苳	A
𦶝	A
蘶	A
䓳	A
葎	A
萟	A
蓯	A
䕴	A
𣟶	A
𦸸	A
蒣	A
𦺪	A
䕌	A
蘩	A
𦾴	A
𧁋	A
藊	A
𦽑	A
𧅼	A
𠤹	A
𧁃	A
𦱐	A
𧆀	A
荓	A
𦺿	A
蓘	A
𦿅	A
𧂋	A
萒	A
蒫	A
菤	A
𦭵	A
𧅘	A
𦷴	A
𦶘	A
𦸮	A
𧂪	A
藙	A
𧄘	A
蘢	A
蕑	A
葥	A
𧅙	A
𧆈	A
𧂡	A
𦼯	A
荘	A
蓤	A
𦼠	A
䓺	A
𦽴	A
蘭	A
蓔	A
䕏	A
葁	A
虁	A
𧅄	A
𦮃	A
𦶉	A
萻	A
蕫	A
蕳	A
蔁	A
㔶	A
𧆐	A
薏	A
䔔	A
蕲	A
蔀	A
酀	A
蔉	A
蔄	A
㬫	A
𠟌	A
𣋅	A
𦵿	A
䕡	A
𦺳	A
𢤘	A
𦺑	A
㷼	A
䴏	A
鷰	A
𪈏	A
莌	A
𦳆	A
𨬪	A
嬊	A
𡤈	A
𤓨	A
𦼏	A
𦾲	A
𦿔	A
蔐	A
𧃥	A
𢅷	A
𦿝	A
𦾸	A
蔏	A
𦶌	A
𧆊	A
藡	A
𦽗	A
𧁱	A
虌	A
蕄	A
𠥛	A
𧂨	A
蒡	A
𦵑	A
蒟	A
薋	A
𠙨	A
茭	A
𧂄	A
茨	A
𦲂	A
𧃈	A
藱	A
𠙯	A
𦶍	A
𧀿	A
𦽈	A
䔿	A
𠥙	A
𦳷	A
𧃫	A
𦽅	A
藽	A
䔵	A
𦸯	A
𦮮	A
𦸰	A
𧀲	A
菨	A
蔅	A
𦯺	A
𧆇	A
𨙟	A
𢽇	A
𨱘	A
藺	A
苝	A
𦯔	A
𧃞	A
䕞	A
𦶧	A
蕁	A
𦮨	A
䒵	A
莭	A
𦰯	A
𦵚	A
蔇	A
𦬻	A
䓼	A
𦳨	A
𦵢	A
薅	A
𥑱	A
𦲼	A
𦯏	A
𦾗	A
𦳹	A
𦷵	A
𦹧	A
𦰡	A
𦽐	A
𦳳	A
𦵐	A
茟	A
𦳀	A
蕭	A
𦬡	A
𦶕	A
𧃤	A
𩍞	A
𧅣	A
𧀒	A
藇	A
蓃	A
藎	A
𡳼	A
𦳒	A
𦾞	A
𦯷	A
菉	A
𦮵	A
𦼙	A
𦸛	A
苕	A
𦮑	A
蕠	A
𦷸	A
𦴚	A
𨔴	A
蒘	A
菑	A
𧀨	A
𨕤	A
𦾡	A
虋	A
䕟	A
𢗧	A
𦷚	A
𦲁	A
䔥	A
𦹅	A
𦯈	A
𦵲	A
𦶞	A
𦺋	A
菷	A
𦲅	A
𦾘	A
萖	A
𦯵	A
𨥓	A
𠞝	A
𦱝	A
𦰰	A
𦰾	A
蕮	A
𧄷	A
𦰕	A
䒲	A
𦵼	A
莙	A
蔒	A
芛	A
𢀞	A
𦶥	A
𦶦	A
䕅	A
䓸	A
𦸱	A
茘	A
葌	A
㔱	A
𦰓	A
袃	A
𦴣	A
䔼	A
荵	A
𦬄	A
𢦗	A
𦬴	A
𦯱	A
𦽬	A
茷	A
𦭿	A
䒫	A
𦬳	A
𦭟	A
䢼	A
𢛖	A
𦰠	A
𢀼	A
𠤰	A
䓗	A
𦮀	A
葰	A
𦹿	A
𦬘	A
葮	A
𢀤	A
𦰒	A
𦷦	A
𩒓	A
芿	A
𦷛	A
𦚴	A
𦯣	A
𦭏	A
𨱗	A
㗡	A
𢨝	A
𦲱	A
𦺗	A
𨝒	A
荟	A
芢	A
茌	A
𠦶	A
𦱎	A
𦱬	A
𧄸	A
𦯬	A
𦬯	A
𧂟	A
𧄖	A
𪇭	A
𧅫	A
𧅾	A
苻	A
𦱉	A
𦱸	A
𦴞	A
𣁙	A
𩁞	A
菕	A
葊	A
蘥	A
𦿈	A
蒨	A
荃	A
𦺉	A
莶	A
剳	A
匬	A
萮	A
薈	A
𧁴	A
匼	A
荅	A
𩕿	A
𣯈	A
𦾤	A
𪆴	A
𦲺	A
𦳄	A
蔹	A
蘞	A
䔲	A
匳	A
薟	A
蘝	A
𣩾	A
𧂆	A
𩁮	A
𢼦	A
𦰞	A
𦵦	A
蓚	A
蓨	A
𥆇	A
𦮳	A
𦺰	A
𧠩	A
蓧	A
𠥑	A
𠤼	A
𦬙	A
㳟	A
苶	A
𦮭	A
𨤬	A
𠄫	A
𡗾	A
𤲅	A
蛬	A
𦸲	A
䢽	A
𠮎	A
藵	A
茽	A
𩁂	A
𤱺	A
𦽝	A
輂	A
𦸥	A
𠮂	A
𦳠	A
𧁓	A
苮	A
𤰍	A
𩁪	A
孽	A
𦬆	A
𦬉	A
葔	A
𦰺	A
蒒	A
蘬	A
躠	A
𥈄	A
𧕏	A
𠣅	A
𥂅	A
𦯌	A
糵	A
𦶀	A
𪈟	A
𧡥	A
蘖	A
𪎃	A
恭	A
薛	A
𢙄	A
𦮕	A
㔑	A
㜸	A
𦾦	A
𧫃	A
𤈈	A
𤈉	A
𧀸	A
𦿍	A
𨒱	A
𦮩	A
𦯒	A
𩼮	A
𢁀	A
𦰿	A
𤼱	A
𦰣	A
𦲴	A
𧀻	A
𦯉	A
拲	A
𦮬	A
𦷨	A
𤯊	A
荷	A
㭟	A
茠	A
𨝛	A
𦷡	A
䔑	A
荏	A
莋	A
𦭛	A
𦵠	A
𦼞	A
鷋	A
䔀	A
𢼭	A
莅	A
蓓	A
䓲	A
𦯳	A
𦬖	A
葠	A
𦺭	A
𦯀	A
𦯐	A
𦴨	A
葐	A
𦳓	A
𦽏	A
䲨	A
蔦	A
鳶	A
𩾔	A
𩾢	A
𩾷	A
𦯲	A
棻	A
𦭽	A
𢀣	A
𦰐	A
𦹬	A
莝	A
𡋻	A
𦶎	A
𧂗	A
葅	A
鹀	A
𧃖	A
𠍳	A
𢎂	A
𦁓	A
𦸄	A
𧅇	A
𠳄	A
𦿘	A
䔢	A
𦻏	A
𦾓	A
䳍	A
鵐	A
遳	A
䕥	A
覡	A
觋	A
𦲮	A
蓌	A
苁	A
𦮪	A
𠥔	A
𦻃	A
𧨈	A
𨿏	A
芲	A
蕟	A
𠝐	A
蒊	A
𨞂	A
苓	A
蒦	A
𧄐	A
䓹	A
䬥	A
𦲤	A
萑	A
𦴩	A
𨾍	A
隿	A
𨾅	A
𨾊	A
𨾓	A
劐	A
𠠈	A
𦾔	A
𧂤	A
𧄔	A
莟	A
蒼	A
𠤿	A
𠥐	A
𡅐	A
𢧆	A
䕘	A
𦹳	A
𦼱	A
𦾝	A
𧂃	A
𩒥	A
𩕹	A
芩	A
菍	A
𠤮	A
𢦟	A
𦭆	A
𪇡	A
𦻗	A
𦺴	A
𧃋	A
𦮫	A
㔲	A
舊	A
𠥗	A
𣤨	A
𠥥	A
𦸾	A
葒	A
𦺚	A
虇	A
葞	A
𦭙	A
𧂩	A
苰	A
𦿟	A
䔛	A
𢧟	A
𦮐	A
藧	A
𧅮	A
𧀊	A
蒃	A
䕑	A
𢦾	A
𧅁	A
𦺢	A
蘏	A
葤	A
𦽁	A
䕬	A
蒓	A
䕳	A
苺	A
䒡	A
𧔩	A
苐	A
𧃴	A
𦹀	A
䔋	A
𧁺	A
䒺	A
蘰	A
𦮂	A
𧀠	A
茀	A
藴	A
𦶁	A
蔃	A
𧄑	A
𧅂	A
𧃒	A
苭	A
𦸖	A
蘊	A
𦴛	A
𦼡	A
蒳	A
䒛	A
𦶆	A
𦮤	A
𦯡	A
蕝	A
𦰴	A
𦻖	A
葯	A
𩳠	A
𦹽	A
藥	A
𦸷	A
薌	A
𦭚	A
𦷺	A
薿	A
蘔	A
𧄉	A
蘕	A
𦹴	A
蔠	A
䔨	A
𢽔	A
𧄕	A
蒻	A
𦿶	A
𦾯	A
𦹄	A
𦱨	A
蒶	A
𦰙	A
𦭲	A
𦱳	A
𡙠	A
荜	A
蕬	A
𤲸	A
𤮀	A
𪇔	A
𦽙	A
蒈	A
茲	A
𦳪	A
𦺬	A
𧆏	A
𦼟	A
䖂	A
虊	A
𦱁	A
𧄶	A
𦳔	A
𧅰	A
蓆	A
𧀹	A
蓠	A
𧅯	A
䔻	A
蘺	A
𦯅	A
𦱀	A
𦯧	A
虀	A
𦯂	A
蓭	A
䕛	A
蘐	A
䕍	A
䒾	A
𧆂	A
藷	A
𦵗	A
𠤶	A
𢦴	A
𦭦	A
萕	A
薺	A
𦴒	A
荠	A
藹	A
𦳅	A
蘘	A
䕊	A
𦼹	A
𦾰	A
苀	A
蔎	A
𦿗	A
藁	A
藳	A
𦹺	A
匟	A
藃	A
𧂎	A
𧂕	A
匾	A
萹	A
𧂑	A
䓽	A
蔰	A
𦳰	A
䓞	A
菺	A
𧄟	A
𧲛	A
薼	A
𧏔	A
𦱋	A
𦭔	A
𦮞	A
𧃧	A
𦳶	A
𦱣	A
𩓜	A
㼹	A
莣	A
𦶋	A
薦	A
藨	A
蘪	A
𦷷	A
𦽟	A
荒	A
芦	A
𦮋	A
荄	A
蔍	A
𦴪	A
𧆓	A
䕦	A
𧄿	A
𧅋	A
𧆃	A
𦮰	A
𧀎	A
𦹾	A
薧	A
𦽡	A
𦯇	A
菧	A
䕇	A
𦽤	A
𦸣	A
𧀋	A
蘼	A
䕷	A
𦺞	A
𧃲	A
藦	A
蔴	A
葹	A
𦳧	A
䔓	A
蔙	A
𦭴	A
蒍	A
𦹭	A
𧄹	A
薕	A
蓈	A
蓢	A
𦺅	A
𧅱	A
𧆌	A
𧅠	A
蓎	A
㔳	A
菮	A
𦺮	A
䕠	A
䕶	A
蓙	A
𦷞	A
菸	A
䕹	A
𦲹	A
𧀣	A
䔞	A
𦯾	A
𦬾	A
蕹	A
䕲	A
𦻑	A
𦗉	B
䧖	B
𨸽	B
𨻃	B
𨼂	B
𦕧	B
陿	B
𨺌	B
𨼣	B
𦕐	B
𨽈	B
𨻯	B
𦗫	B
𨻭	B
𨹟	B
𦕆	B
𦕷	B
隁	B
𦖧	B
𨻜	B
䧕	B
聝	B
𨸭	B
䧢	B
𦗛	B
𨽧	B
𡦖	B
𨼿	B
𨞟	B
𨽨	B
𨼐	B
𨽳	B
𨸟	B
𨽞	B
𦕀	B
𨼲	B
𦖿	B
𨻇	B
𦖎	B
𡦮	B
䧆	B
𦕠	B
𨼙	B
𠨕	B
𡦪	B
𡦷	B
𦩧	B
孨	B
聶	B
𡥦	B
𨽦	B
孴	B
𠄕	B
𠠨	B
𡦏	B
𩙝	B
顳	B
𤮱	B
𨙓	B
𣠞	B
𣀳	B
𥤋	B
㱌	B
𨽁	B
䧝	B
𠚚	B
𨺂	B
𡥨	B
𨼳	B
聉	B
𨻍	B
𦕿	B
𠺤	B
𣂚	B
𨺿	B
𦗘	B
㜿	B
䦽	B
郰	B
𨺝	B
𨹶	B
颞	B
𢙎	B
𨻗	B
𡒍	B
𨹆	B
𨺳	B
埾	B
𦖰	B
𤭡	B
𨺮	B
𤦟	B
𪘸	B
𣷗	B
𨛿	B
孡	B
㷅	B
焣	B
𨓭	B
阭	B
𤚉	B
𢮝	B
𤔛	B
𨝮	B
𠟕	B
棸	B
鄹	B
㔌	B
𤭿	B
𤧬	B
𨹡	B
𣀒	B
𨞮	B
𡍵	B
𨻅	B
陖	B
𦁫	B
𧚿	B
𧩞	B
𦔹	B
隓	B
𧱞	B
𨽋	B
𩩜	B
墮	B
𡓗	B
𨼰	B
嶞	B
𡽃	B
隳	B
𢡢	B
𢢠	B
𩷷	B
𩼏	B
𪅿	B
䢫	B
隨	B
㯐	B
𨽬	B
𡡙	B
䜐	B
𧨧	B
𨿭	B
𩀶	B
𩁌	B
𦫹	B
阨	B
䧀	B
耾	B
𨻝	B
堕	B
陏	B
𡺆	B
𨼘	B
𨔳	B
陙	B
陓	B
隇	B
𨻒	B
𢬬	B
𢁇	B
𦫠	B
𨛾	B
𢬫	B
𡥤	B
陫	B
𦖕	B
𨽀	B
𨻼	B
𨹞	B
𦖈	B
𨺍	B
𨼚	B
𨜋	B
陾	B
聏	B
陑	B
𡦘	B
𨼏	B
𦗂	B
𨻢	B
𦖦	B
𨺖	B
𨹚	B
𥪻	B
𤋕	B
𨻣	B
陭	B
𦖊	B
陦	B
𦘊	B
𡟨	B
陝	B
𦖔	B
𦗆	B
𨺈	B
𨻚	B
𨺕	B
𡎶	B
𨻊	B
𨻤	B
聗	B
陜	B
𨹒	B
𨹢	B
隱	B
檃	B
櫽	B
𨽌	B
𧮐	B
𦖀	B
𨸳	B
𨹴	B
𠭪	B
𨼖	B
𨼯	B
𡓚	B
𨹹	B
𦖵	B
𡏇	B
𨻐	B
阻	B
𨺾	B
𢾸	B
𨺻	B
𨽑	B
𨹃	B
𨺉	B
𨺄	B
䧦	B
䧌	B
䧟	B
𦗌	B
隠	B
𨸚	B
𦖱	B
隫	B
耺	B
阹	B
𨸠	B
𨼢	B
隭	B
𨼜	B
𨼞	B
𨹯	B
隢	B
𨽣	B
𨸸	B
𡥰	B
𡴀	B
𨼡	B
𦗀	B
𠄘	B
𢀾	B
𣣗	B
𦕜	B
𦕝	B
𨺎	B
䎴	B
𨼃	B
聐	B
㝆	B
𨼩	B
𨽲	B
𨟡	B
𤯧	B
𨽍	B
聴	B
𦗟	B
𠮍	B
隯	B
𦖅	B
𨹮	B
𨸪	B
𨽐	B
𨚦	B
陼	B
𨽕	B
𦕳	B
陸	B
𡏹	B
𨽤	B
𪅋	B
𦘎	B
𨺶	B
𦔾	B
陚	B
𨸦	B
𣂟	B
𨹙	B
𦔿	B
聙	B
陠	B
孲	B
聽	B
𢼟	B
聇	B
阷	B
𦖂	B
𡴶	B
𨼆	B
𨻳	B
𡥢	B
𨸹	B
𨹭	B
阫	B
䧠	B
𡦕	B
陳	B
螴	B
𨻛	B
䧥	B
𦕼	B
𡦗	B
敶	B
𨼤	B
䎸	B
𨽮	B
䏀	B
𨺤	B
𨹜	B
𨸲	B
䏆	B
陃	B
𦘐	B
𦔲	B
𨸑	B
𢙌	B
𡦌	B
𨽅	B
隞	B
𣢫	B
𨹧	B
𨺞	B
𨸶	B
陘	B
𨺇	B
𨻰	B
𨹷	B
隬	B
𨻋	B
𨸧	B
䧅	B
𦕇	B
𨸞	B
𠁿	B
隵	B
𨼫	B
𨼋	B
𨻲	B
𨽚	B
𨽜	B
䖎	B
𦖖	B
𦱡	B
𦱢	B
𧀍	B
𦷻	B
𪔫	B
𡴨	B
𦱶	B
𦭠	B
𦱧	B
芔	B
𣈤	B
𣊨	B
𦱺	B
𦻇	B
𣕐	B
𦴘	B
𠔖	B
𨧦	B
𠬢	B
𢻫	B
𦔼	B
𥄾	B
𠨲	B
𨺆	B
𠭆	B
𢾫	B
㞢	B
𤝶	B
㞷	B
𡉚	B
𠕓	B
旹	B
蚩	B
𤰫	B
𧷷	B
𢗍	B
𦐉	B
𧡠	B
妛	B
𣢑	B
𦗮	B
𨺗	B
騭	B
骘	B
𨺏	B
𨽥	B
𨽗	B
𨺑	B
阽	B
𦕒	B
𨻠	B
𨺟	B
𨒓	B
䧋	B
𦖃	B
𧠉	B
𡦞	B
㞣	B
𡸓	B
𨹀	B
𨹨	B
𢌼	B
顄	B
𣣖	B
陗	B
𠄪	B
卺	B
𨚱	B
𢀿	B
𢾧	B
脀	B
𠜉	B
𡴡	B
𨋬	B
巹	B
烝	B
𧯢	B
𦛆	B
𨚡	B
㞼	B
𨻈	B
𢀷	B
𢙏	B
𤇏	B
隚	B
𦗴	B
𨼴	B
𦘆	B
聎	B
𦕤	B
𨹂	B
𢪻	B
隲	B
𨻶	B
𣬻	B
𦕈	B
𡦓	B
𨼥	B
䧉	B
𦕸	B
𨻥	B
隄	B
陽	B
䎶	B
𨸬	B
𨻙	B
𨼗	B
𨺷	B
𨺐	B
𨻂	B
𨺸	B
𦖍	B
𨺁	B
𨺒	B
𡦇	B
𦖤	B
𨹎	B
䏉	B
𡥵	B
𡦉	B
凾	B
𢚣	B
𨹝	B
焏	B
𤊅	B
𨻟	B
䧎	B
聖	B
䦿	B
𦕏	B
𠻭	B
聵	B
隤	B
𨽟	B
𨼒	B
𨺨	B
𦗻	B
𦗵	B
𦖇	B
隕	B
𦕊	B
𨹦	B
𨹬	B
𡞺	B
𡹍	B
塦	B
𨼸	B
𨽉	B
𦗣	B
𨻻	B
隈	B
𦖻	B
𨺯	B
𦗝	B
𨺬	B
𨻞	B
𨻽	B
𦗳	B
𦸶	B
𨼷	B
𦖌	B
𨹻	B
䢺	B
𦕋	B
𨸜	B
䪼	B
𠩃	B
𨻱	B
𣍧	B
𦖼	B
𨜿	B
𠭥	B
𢿆	B
𥛁	B
𡸔	B
耼	B
聃	B
𨸨	B
𨸱	B
𨾀	B
𧑎	B
䎻	B
䧓	B
𡥱	B
𡰇	B
𧸆	B
㞊	B
䄐	B
𢡈	B
𤭽	B
䳳	B
𥚋	B
𥜱	B
㱁	B
𠀴	B
𤬷	B
𤬼	B
𤉐	B
𨖮	B
𠒄	B
𦗈	B
隑	B
𢼍	B
䖓	B
𩒌	B
𡭱	B
𡭧	B
𨹰	B
𡦒	B
𠰕	B
𡥾	B
𢽅	B
𨋡	B
𧷓	B
㔘	B
𪐽	B
𩨳	B
𢽘	B
𧵠	B
孾	B
糶	B
𥽀	B
𥚢	B
𨒞	B
𨌗	B
𧷵	B
𪛐	B
𢾈	B
𨼅	B
欪	B
𣐯	B
𠚐	B
𦕰	B
𨹄	B
𪓶	B
𨺢	B
𨹽	B
𦖉	B
𨻎	B
𥫋	B
𩕵	B
䧙	B
𥺋	B
𩿩	B
𨽰	B
𨹌	B
𧭁	B
𨻵	B
𦗷	B
𢾍	B
𤢝	B
𦪰	B
𩪨	B
𪗊	B
𦕃	B
𪓾	B
𧒥	B
𧸞	B
𧸟	B
𩕣	B
𢢡	B
𢋱	B
𤏺	B
𩼡	B
𨗯	B
𢶗	B
𢾕	B
𪍾	B
𦕛	B
䧩	B
𦗪	B
𨹣	B
𨼉	B
阠	B
𨼑	B
𤭗	B
𦖲	B
𨺽	B
孑	B
𠄔	B
𦗇	B
𡦀	B
隦	B
𡵾	B
𤈨	B
𨓊	B
𥤾	B
𦗗	B
𨻸	B
𦗃	B
䎵	B
𨸼	B
𨸰	B
𦗖	B
䦼	B
𨻉	B
𢟛	B
𡥧	B
䧨	B
䧤	B
𥉔	B
𢞚	B
𨽃	B
㷦	B
𦖠	B
𨽓	B
𨼺	B
隣	B
隣	B
𦗲	B
𨻖	B
褧	B
𦕹	B
𨽒	B
𦗞	B
䧮	B
𦗰	B
𦖑	B
孮	B
𨼭	B
𨻮	B
䧑	B
聢	B
䧬	B
𨸵	B
䏃	B
𦕍	B
𨹕	B
聹	B
𨺦	B
𨺋	B
𦕵	B
𨹏	B
䏁	B
聜	B
𦖪	B
䏄	B
聺	B
𦗋	B
𨻴	B
𨼈	B
𦖓	B
䎽	B
𦕾	B
𨸝	B
阺	B
𦕑	B
𦕅	B
𦕬	B
𦗎	B
𦖹	B
𡦅	B
𦖸	B
𨺡	B
𨹔	B
陒	B
𦖁	B
𦗯	B
𨼧	B
聸	B
𨼮	B
𨼬	B
𠝉	B
𨺃	B
𨹋	B
𨹐	B
陥	B
䧁	B
𦕙	B
㝃	B
𨽊	B
䧯	B
𦖄	B
𡥼	B
𦕔	B
𨽇	B
䧰	B
陱	B
𨹾	B
𨼌	B
陊	B
𡥥	B
𩍂	B
聦	B
𦖟	B
𨘽	B
𣢀	B
𨸤	B
𨻧	B
𡥴	B
𡋴	B
𡦶	B
𦣮	B
𪂮	B
𪂲	B
𨔌	B
阪	B
𨸯	B
𡌌	B
𨺠	B
𦖐	B
𨸡	B
𨻆	B
𨽯	B
䎷	B
陎	B
𡥛	B
𨼊	B
䎺	B
𨸛	B
𡦎	B
聭	B
𦖡	B
㝂	B
𦕶	B
𧏄	B
𡦫	B
聛	B
陻	B
䏇	B
䧣	B
𦗩	B
𨠧	B
𦗡	B
𡥚	B
𨼼	B
娿	B
𡥑	B
𨼪	B
䧒	B
陞	B
𨹱	B
𤯲	B
𨼇	B
阩	B
陹	B
𨼹	B
𧁇	B
𦬦	B
𧛬	B
𨑆	B
𡴠	B
𦬧	B
𦯤	B
𦭫	B
𦯥	B
艸	B
茻	B
𢄆	B
𦮅	B
𦱠	B
𦱹	B
𦶛	B
𦷶	B
𦹼	B
𦽱	B
𦿑	B
𦬟	B
𠱭	B
𦱴	B
𠙢	B
陁	B
𡴂	B
𢘿	B
𢠞	B
𢥁	B
𦺂	B
𩸻	B
𨒯	B
𨒽	B
𨙏	B
𦯦	B
𦲬	B
㪿	B
𣞆	B
𡴚	B
𦽣	B
𩇿	B
𨸻	B
𡴔	B
𨛝	B
𨹠	B
䧏	B
𡴇	B
𨼓	B
𢡲	B
𡴞	B
聅	B
𦖶	B
𨹳	B
𨹲	B
𨺚	B
𨺭	B
𦔽	B
𨺼	B
䧊	B
聕	B
毦	B
𡥊	B
𦗨	B
𡴛	B
𡴒	B
𪔳	B
䃧	B
𤠷	B
陲	B
隀	B
𡥿	B
𡴍	B
𡸫	B
𦖋	B
𡴊	B
𨸴	B
𨺛	B
𨻦	B
𨺪	B
𨖀	B
𨺘	B
𧯛	B
𡴪	B
𣣷	B
𨻬	B
𨼍	B
𦕖	B
𥅱	B
𡴧	B
𨻁	B
𦕣	B
𨻄	B
𦕗	B
𡴐	B
𨔢	B
䧗	B
𧈪	B
𨹤	B
𨹿	B
䧄	B
𡴗	B
𦕮	B
聥	B
𡥶	B
𨺲	B
𡥠	B
䧭	B
聰	B
𦖛	B
𡴦	B
𦕻	B
𨻀	B
隩	B
𡴅	B
𨹓	B
𨼟	B
𦗸	B
𦘇	B
𡴝	B
阣	B
㤵	B
𨼠	B
𤉞	B
䎿	B
𨺹	B
𡴄	B
𡴙	B
𧂥	B
𨛟	B
𨺓	B
𨼵	B
𡴆	B
𡴫	B
𤴗	B
孼	B
𡴖	B
𡴟	B
𨻾	B
𨼦	B
𡴑	B
𦗜	B
𦆰	B
蠥	B
𡴏	B
𡴜	B
雟	B
𦗧	B
𡴎	B
糱	B
櫱	B
辥	B
㔎	B
𡒐	B
𦥊	B
孫	B
愻	B
遜	B
𡴁	B
𡴋	B
𡴕	B
𡴥	B
聠	B
𨹗	B
職	B
𦘁	B
𦗄	B
𨹵	B
𦗅	B
𨽛	B
䏊	B
隴	B
𩈁	B
墜	B
𩐌	B
𨽎	B
𤎩	B
𤑾	B
𨼾	B
𨗎	B
鐆	B
隊	B
𦗐	B
阧	B
𨺰	B
𦘄	B
𦗢	B
𨻹	B
䧧	B
𡦜	B
隌	B
𦖢	B
𦗬	B
𨻫	B
聪	B
𣯱	B
𨹪	B
𨺥	B
𦗑	B
𦘑	B
𨼨	B
䧛	B
𦗍	B
𡥡	B
𨹍	B
𦗽	B
𦖣	B
𨺧	B
𨼝	B
隡	B
隒	B
𦖾	B
𦘍	B
𨸾	B
𡥩	B
𨹥	B
𦖺	B
𨼔	B
隉	B
𦕭	B
𦖚	B
𦕯	B
𦕨	B
𨺩	B
𦖙	B
䏂	B
孻	B
𦖳	B
䎼	B
𨻩	B
隟	B
𦗔	B
𨹸	B
䧂	B
𡥙	B
𨻨	B
𨺜	B
聣	B
𨺙	B
𦘋	B
𨺺	B
𦖆	B
聡	B
聬	B
𨺣	B
隂	B
𨹩	B
聄	B
𡦰	B
𨻔	B
坠	B
𡍃	B
䏅	B
際	B
𡴩	B
𦖘	B
𨽠	B
𦕞	B
䎾	B
陯	B
聧	B
𨹑	B
隃	B
𦖭	B
𦕲	B
𦖬	B
𦕎	B
𨼶	B
隥	B
𨽆	B
険	B
險	B
𦗹	B
𨽙	B
𨽭	B
𦕫	B
𨹉	B
㜾	B
𦕽	B
𨸮	B
𨹺	B
𡸬	B
𨹅	B
隖	B
𨻡	B
𨹈	B
𨽂	B
𢡣	B
﨩	B
聁	B
𨸣	B
隝	B
鵈	B
𨹫	B
䧍	B
𡹽	B
𦕦	B
𦖏	B
𨹊	B
𨻌	B
聆	B
阾	B
陰	B
𨺴	B
陮	B
䧔	B
耹	B
𦗠	B
𨻺	B
墬	B
䧘	B
𡏸	B
乸	B
𡥓	B
𣫮	B
𦕱	B
𦕚	B
聈	B
𨼎	B
𦘂	B
𦘈	B
𦘀	B
聨	B
𪚀	B
𪚁	B
聫	B
聯	B
䏈	B
𨼄	B
阰	B
聮	B
階	B
𨹼	B
𨻘	B
𦘅	B
𨽏	B
𦗒	B
䧐	B
𡦍	B
𨻕	B
𠨖	B
𨹘	B
𨽖	B
𨻓	B
𠬨	B
䧪	B
𡣀	B
𡥭	B
䧇	B
埅	B
𨹛	B
隮	B
𨺊	B
𨼛	B
𨽢	B
𩗧	B
䧚	B
阬	B
𦕟	B
阸	B
孩	B
陔	B
𦗓	B
𨹖	B
䧫	B
聤	B
𨺱	B
𦖮	B
𦖯	B
𢻮	B
𦗏	B
䧡	B
𨻷	B
䧜	B
𨽔	B
𨼻	B
𨽘	B
𦖒	B
𪁢	B
𨼀	B
𨸫	B
𨼁	B
駴	C
𩤊	C
𨚕	C
𩢞	C
䪻	C
𩒍	C
駥	C
騏	C
骐	C
𥀡	C
𡊅	C
𩢨	C
驧	C
𩧛	C
𩦦	C
驊	C
𩢼	C
𩦹	C
䮬	C
𩤈	C
刭	C
騲	C
𩦞	C
𩥕	C
䮙	C
騹	C
𩢘	C
𩥳	C
驅	C
驩	C
𩤭	C
䮲	C
駏	C
䮜	C
䮅	C
𩦺	C
駆	C
𩣕	C
𨠢	C
骁	C
驠	C
𩧓	C
𩦟	C
𩧇	C
𩥠	C
鴘	C
𩥒	C
𩤉	C
𩦘	C
𡍳	C
𨩹	C
𣖦	C
䯀	C
㐨	C
䯅	C
驟	C
𩧁	C
預	C
𡉸	C
𡊏	C
𣋧	C
𢁋	C
𧶃	C
𢄮	C
𩢎	C
𩣘	C
𨑦	C
𨥢	C
𨥣	C
𠄝	C
𣏗	C
𢦧	C
𢨌	C
𣱏	C
𥍢	C
𥍨	C
𥍸	C
𥎂	C
𨜙	C
𩣾	C
矝	C
矡	C
騖	C
骛	C
𥍟	C
𥍯	C
𩥦	C
𩴢	C
䂉	C
奦	C
𥍶	C
𥍼	C
𥓺	C
𦎦	C
𦏃	C
䂊	C
矟	C
𥍪	C
𥍫	C
𩝕	C
䂇	C
䂌	C
堥	C
鞪	C
𡬢	C
𥍳	C
𥍽	C
𥎚	C
鹜	C
鹬	C
𥍝	C
𥎈	C
𥎊	C
𨡭	C
㡔	C
瞀	C
𠄛	C
𥉠	C
𥍦	C
𥍮	C
𥍿	C
𥎎	C
𥎙	C
𨂣	C
𨄝	C
䂍	C
䋷	C
𥎅	C
𦃤	C
䂈	C
䖥	C
劀	C
暓	C
矠	C
蝥	C
蟊	C
𣊃	C
𥎏	C
𥎑	C
𥎔	C
𥎘	C
𥎟	C
𥎠	C
𧎻	C
𧕑	C
𩙅	C
矞	C
𥍩	C
𥍱	C
𥎁	C
𥎄	C
𥎆	C
務	C
𠢢	C
𥁛	C
𥂂	C
𨍎	C
䂎	C
嵍	C
𡻒	C
𥎀	C
𥎉	C
𥎍	C
𥎐	C
𥎛	C
𥎝	C
𥎞	C
㥤	C
愗	C
氄	C
矜	C
𢘅	C
𣭅	C
𣮪	C
𣰲	C
𥍠	C
𥍣	C
𥍵	C
𥍷	C
𥎇	C
𥎋	C
𥎒	C
𥎣	C
𦒑	C
䱯	C
䳱	C
熃	C
鶔	C
鶩	C
鷸	C
𤋄	C
𥎃	C
𥎢	C
𥎤	C
𥎥	C
𪈄	C
𪉝	C
遹	C
𥍹	C
𥎌	C
䥐	C
鍪	C
𥍧	C
𥎖	C
𥍡	C
𥍭	C
𥍴	C
𥍾	C
㮗	C
柔	C
楘	C
𣖶	C
敄	C
𣟮	C
𥍤	C
𥍥	C
𥍬	C
𥍺	C
𥎕	C
𥠪	C
𪍓	C
𪍫	C
䜼	C
𥎓	C
𧰈	C
㜈	C
婺	C
𠝸	C
𡛺	C
𥍻	C
𥎗	C
𥎜	C
𦚇	C
䂆	C
䨁	C
𣠳	C
𥍞	C
𥍰	C
𥍲	C
𥎡	C
𨾣	C
䮛	C
𩿎	C
𩿗	C
𧦙	C
䮁	C
𣦪	C
𢌹	C
𡥍	C
驈	C
𩥎	C
騥	C
𩤝	C
𢧱	C
𠭋	C
𠭚	C
𠭞	C
𨝐	C
䮕	C
叕	C
敠	C
𠫬	C
𢻚	C
𢾪	C
𢿈	C
𢿺	C
𣪶	C
𤿵	C
叄	C
𠫰	C
𣡉	C
參	C
驂	C
𠬐	C
𧱝	C
亝	C
垒	C
骉	C
𠫼	C
𠬁	C
𡌭	C
叠	C
𠬘	C
𤯢	C
𪓭	C
㕘	C
絫	C
𥚪	C
𩥵	C
剟	C
剼	C
𧏝	C
𠫸	C
𠭀	C
𠮀	C
𤲛	C
䫎	C
䫩	C
顙	C
颡	C
𠭴	C
𧵱	C
𩕞	C
叅	C
毲	C
毿	C
𠫫	C
𠬔	C
𣞵	C
𣯺	C
𤮎	C
鵽	C
𪅩	C
逫	C
遪	C
𨒴	C
𨗘	C
㓄	C
𠫱	C
𠬓	C
𠭌	C
𠮄	C
𧡏	C
㕖	C
䮣	C
䯂	C
桑	C
敪	C
𣜹	C
𣜽	C
𥜷	C
𥤡	C
厽	C
叒	C
驫	C
𩢂	C
𠬎	C
𠮌	C
𠮐	C
𦦖	C
㯩	C
欼	C
歠	C
𠫯	C
𠭨	C
𣤌	C
𣤜	C
𠬙	C
𨿷	C
𩢃	C
𩧢	C
𠬅	C
𠬺	C
𩐂	C
𩢺	C
𠜸	C
𠙃	C
𩧥	C
𠒊	C
𠬆	C
𡮟	C
𤢚	C
𠫹	C
𠬋	C
𠚿	C
騒	C
駘	C
𠭎	C
𠬀	C
𤱊	C
𠫞	C
𨝤	C
𠞿	C
𠮆	C
𧴵	C
𠔩	C
𠔰	C
𠫨	C
𨔇	C
斚	C
𠬂	C
𨑱	C
𨋿	C
𠭾	C
馻	C
𢿚	C
𤘩	C
𣤕	C
𩧌	C
騃	C
𠬄	C
𠮇	C
𢼅	C
𡛒	C
𩿏	C
駿	C
𠭺	C
騷	C
骚	C
𩧀	C
𩥸	C
𩧃	C
䮂	C
𠫽	C
𩧍	C
𩤴	C
𣮟	C
𩣋	C
毵	C
𩣺	C
𩧼	C
𠫻	C
𡊄	C
𩣔	C
𠫿	C
𩣊	C
𩤥	C
騞	C
𩥼	C
𨴦	C
𠫭	C
𠬽	C
騑	C
𩥰	C
𩢷	C
奙	C
𩤔	C
𩦎	C
𨛠	C
軬	C
𤳼	C
𡘞	C
貵	C
𩑌	C
𠬭	C
駹	C
𩦝	C
駀	C
𠫵	C
𤉺	C
𤊮	C
騻	C
騵	C
𨠒	C
騎	C
𠭑	C
𩦚	C
𩦒	C
𡜀	C
𤲙	C
䮞	C
𩨁	C
𩥚	C
𩥫	C
𩧪	C
𩣄	C
駄	C
𢎎	C
㦷	C
𤰏	C
𩒼	C
𤞣	C
𩤻	C
䏻	C
㷱	C
𣎞	C
䮑	C
駔	C
㼧	C
㪌	C
䮭	C
𣵳	C
𢛋	C
𦝕	C
𢧙	C
𩔘	C
勈	C
𨙖	C
𩥷	C
𩣤	C
䮱	C
𩥣	C
𣭲	C
𢁍	C
𩣧	C
𩥅	C
䳌	C
𥀍	C
騱	C
𥉃	C
𡮙	C
䘅	C
螚	C
𣉘	C
態	C
𦑴	C
熊	C
熋	C
𩙸	C
𥀧	C
馺	C
驖	C
𩦥	C
𩦕	C
𩦷	C
𩢧	C
䮃	C
馶	C
頚	C
𩦗	C
𩤱	C
驍	C
𩦭	C
𠫚	C
𠬤	C
𩥄	C
𩨋	C
䭼	C
𩣙	C
𩧗	C
𩦌	C
𩦽	C
𩢴	C
𩧵	C
𩦇	C
𩧈	C
𠡍	C
䮻	C
𩣡	C
𩥟	C
驝	C
𩢄	C
𩤐	C
驦	C
骦	C
𠭂	C
𦧐	C
𩥏	C
𩤜	C
𩥂	C
𩣱	C
䮚	C
𨾰	C
𩧏	C
驑	C
駵	C
𩢀	C
駤	C
𦤵	C
𠫛	C
𨓔	C
䮒	C
𩤕	C
馬	C
𩤃	C
𩤷	C
䮆	C
駓	C
𠝌	C
𩣚	C
𩢩	C
䭶	C
𩣳	C
𩣬	C
𩦙	C
䮏	C
䮥	C
𩦣	C
駷	C
𩤲	C
𩨉	C
𩤬	C
䮠	C
𩧿	C
𢁑	C
𩢲	C
𩧐	C
𩥹	C
𩥲	C
𩤳	C
馷	C
𩡸	C
𠫧	C
驪	C
𠮔	C
䮋	C
䮯	C
𩢖	C
駍	C
𩣪	C
𠚔	C
䮊	C
𢚥	C
𩢤	C
𩦢	C
驉	C
驢	C
𩤾	C
駊	C
𢻷	C
䮹	C
𩧘	C
𩣝	C
䮓	C
𩧤	C
𠢼	C
𩢬	C
𧠈	C
覌	C
𩤋	C
𩢭	C
𠬊	C
騨	C
𩣯	C
𤱸	C
駣	C
駫	C
𠭽	C
𩡾	C
驆	C
𠫶	C
𩧹	C
駻	C
騠	C
𩤟	C
䮖	C
𧌦	C
𧎱	C
𩥈	C
𩦧	C
𠫮	C
𩤛	C
𩥑	C
𩨌	C
騴	C
𩤶	C
騔	C
𩨀	C
𩢶	C
騍	C
𩤵	C
𨿽	C
騉	C
𢦯	C
𩦤	C
𨚨	C
䣖	C
𩢠	C
𩒎	C
𤊜	C
𠫪	C
駽	C
𨾃	C
㣍	C
𠄩	C
𠼷	C
瓵	C
馽	C
𧠜	C
𠫩	C
刣	C
𩢏	C
驒	C
𠫺	C
𩥺	C
𥁐	C
𠡇	C
䯄	C
𩎞	C
乨	C
㰧	C
駛	C
𣝜	C
𣜨	C
𢻙	C
𣠏	C
𣗺	C
𨽿	C
𠢺	C
𣟽	C
𣟼	C
𣠎	C
𦥐	C
枲	C
𨐠	C
𣗻	C
𣞟	C
𣔗	C
𢼉	C
𦠋	C
辝	C
𤐮	C
𤒞	C
𨐹	C
䢄	C
𣙼	C
𦠬	C
𠳙	C
𨾱	C
𩢢	C
巼	C
𩨎	C
𤱡	C
𩦯	C
𩧽	C
駰	C
骃	C
𩤸	C
𩨅	C
驛	C
𣀟	C
𩦮	C
𩧜	C
𩢟	C
𩢱	C
𩢊	C
騦	C
𥡰	C
𨓥	C
䮷	C
𩤁	C
圅	C
𩔞	C
𣣻	C
䮫	C
𡇶	C
騾	C
𩣲	C
䮗	C
𩤚	C
𩤧	C
駚	C
𩧫	C
䮩	C
𩣞	C
𧶀	C
𩢡	C
𩧬	C
騆	C
駧	C
𩧲	C
騁	C
𩥉	C
𠛚	C
𢁔	C
𩢆	C
𧐘	C
𩦏	C
駉	C
𠫠	C
𠮘	C
騧	C
𩧱	C
𩥪	C
颿	C
𡞩	C
䮐	C
驨	C
𩧎	C
𩣁	C
𪃰	C
𩥘	C
𠫣	C
𦘬	C
𩣀	C
䭵	C
𩥇	C
𩨍	C
驏	C
𩤓	C
𩤅	C
𩣿	C
𩡰	C
𨿊	C
騢	C
𩤮	C
𥁱	C
𥁪	C
𩢓	C
𠫜	C
駶	C
𩧺	C
𠬜	C
𩦖	C
騽	C
𩥩	C
𩧯	C
駜	C
騛	C
𣐱	C
駃	C
駅	C
𩣌	C
驜	C
䮼	C
驎	C
𩨇	C
𩧟	C
𩥌	C
𩤒	C
䮿	C
騌	C
骔	C
𩦊	C
𩥃	C
驞	C
䮝	C
𩧰	C
𠫦	C
𩦿	C
䮟	C
𩣵	C
馾	C
𩧻	C
𩢵	C
䮨	C
䯃	C
𩣑	C
𩣼	C
𩥿	C
𩥥	C
𩤞	C
䮤	C
駝	C
䮪	C
䭹	C
騣	C
騶	C
𩤍	C
䮎	C
𧤭	C
𧥔	C
𠭫	C
𢆋	C
駨	C
駒	C
𩣦	C
𩣮	C
𩧊	C
䮀	C
𩦲	C
𩣽	C
𩥭	C
𢽼	C
䮈	C
駁	C
𠒕	C
騊	C
騘	C
駠	C
𩤂	C
𩢛	C
騮	C
骝	C
馰	C
𢁊	C
𩢍	C
駈	C
騜	C
𧕸	C
𩣜	C
䭽	C
𤚅	C
𤚷	C
𤚥	C
劺	C
𩤽	C
𠬏	C
𣭰	C
𤜁	C
鴾	C
駯	C
騡	C
𩢿	C
𩡹	C
𩥀	C
騩	C
𩣩	C
𩧄	C
䭿	C
𩧭	C
𢎊	C
𩦾	C
𩧾	C
驃	C
𩦠	C
𩦈	C
𩢕	C
𧠸	C
驔	C
𩧅	C
騕	C
𪁁	C
䮮	C
騋	C
馲	C
駞	C
𦩉	C
骄	C
驕	C
𩓎	C
逘	C
𩢚	C
欸	C
𩡻	C
䮉	C
𩢸	C
𩧳	C
𩤪	C
騈	C
𩡴	C
𩧖	C
䭷	C
𣬷	C
駪	C
䮢	C
𩣛	C
䮔	C
𩣓	C
𩢐	C
𩥧	C
𩢝	C
駳	C
𩤹	C
𩣫	C
𩥴	C
𩦀	C
䮡	C
駱	C
𩦼	C
驄	C
𩤖	C
𩣢	C
䮳	C
𩨏	C
𩦄	C
𩧋	C
𩦅	C
騀	C
騬	C
𩢦	C
𩧞	C
𩧠	C
𩥨	C
𩧒	C
𩡬	C
駢	C
𩥙	C
驣	C
𠬴	C
𩣆	C
𩥍	C
𩦬	C
𩥱	C
𩦐	C
䮾	C
𩧑	C
𩦂	C
騚	C
𩨊	C
𩦪	C
𩢔	C
𩤑	C
𩦓	C
𩦔	C
𩢣	C
䮵	C
騿	C
𩨂	C
駾	C
驓	C
䮰	C
𩤀	C
𩤢	C
騯	C
𩥝	C
駮	C
𩦃	C
𩥮	C
𩦳	C
驥	C
𩦴	C
𢻍	C
䮇	C
驌	C
騝	C
𩨃	C
騪	C
𩨄	C
𥂒	C
骕	C
騄	C
𠛏	C
駋	C
𩧆	C
𩨐	C
𩣃	C
𩥶	C
駸	C
骎	C
𩤿	C
䮘	C
𩤘	C
𩣒	C
𩡲	C
𩣭	C
𩥛	C
𩢇	C
𩤣	C
𩢰	C
駗	C
𡉡	C
𩤼	C
騇	C
𩧙	C
駙	C
𩤇	C
騤	C
骙	C
駩	C
𩧴	C
騟	C
𩦱	C
𩨈	C
䮴	C
験	C
驗	C
𩥾	C
𩢜	C
𩡺	C
𩧦	C
𩦸	C
𩣸	C
𩥐	C
𠭬	C
𩢯	C
𠫙	C
𩣍	C
䭸	C
䮌	C
𨛐	C
皴	C
𦫝	C
𡕬	C
𩓀	C
𦑂	C
𩤗	C
鵕	C
𩥽	C
𠬍	C
夋	C
㕙	C
駼	C
𨿓	C
𩤨	C
𩦫	C
䭻	C
鳮	C
𩦁	C
𩣥	C
𩦰	C
𩥗	C
驋	C
駖	C
騅	C
骓	C
𩦩	C
騐	C
䮶	C
𩤫	C
𩦑	C
𩢈	C
𠬯	C
𠬹	C
𩢒	C
𩧂	C
𩤠	C
𠬾	C
𩦋	C
𩧝	C
𩧉	C
𩥬	C
𨙳	C
驐	C
𩣰	C
䮍	C
𩣴	C
駐	C
𩤎	C
𩡼	C
䮺	C
𧎮	C
驤	C
𩣖	C
𨝣	C
驙	C
䮦	C
䭺	C
騙	C
骗	C
騸	C
骟	C
䮽	C
𩣇	C
馿	C
駭	C
骇	C
騼	C
䯁	C
𩧣	C
𩤙	C
𩨆	C
𩦆	C
𩥜	C
𩥆	C
駲	C
駺	C
𩥻	C
𩥁	C
𩤏	C
𩥤	C
䮄	C
㕚	C
𡘲	D
𦨅	D
礷	D
𠪸	D
𣞤	D
𣠮	D
𥖢	D
碊	D
𢀡	D
𥕊	D
𥖘	D
𥕛	D
磡	D
碪	D
厮	D
𥕶	D
𥑳	D
𨱿	D
䃆	D
䃊	D
𠵧	D
毻	D
𤭨	D
𤑌	D
遀	D
䃟	D
𠪣	D
𥕪	D
𥑠	D
𨱫	D
𥖛	D
礚	D
礡	D
𥗪	D
𥕾	D
𤈲	D
䃘	D
𦃢	D
𡗢	D
礛	D
礥	D
𥗽	D
䂋	D
厊	D
𢧿	D
𥗔	D
𨞺	D
𥕓	D
𥗨	D
碏	D
𦹯	D
𠠏	D
𧓽	D
𧖄	D
勵	D
礍	D
𧢝	D
𥔌	D
厲	D
𥖣	D
𨞋	D
𠷠	D
㚜	D
䂸	D
厪	D
𡙮	D
𢧤	D
𥓟	D
奩	D
𥕥	D
𠪲	D
𥗄	D
礶	D
𡚜	D
𡚟	D
𠪄	D
𠪿	D
礣	D
𥘁	D
碤	D
砸	D
𥕇	D
䂵	D
碽	D
𥗀	D
奆	D
𥑭	D
𥕩	D
𡙻	D
𥓼	D
𠪛	D
𥕜	D
𥔙	D
𠪜	D
𥕧	D
䃡	D
𥐵	D
𠫋	D
𡚢	D
𥗹	D
砹	D
𥐰	D
𥓹	D
𣕥	D
𢾴	D
𠪵	D
𥗺	D
𥖈	D
𥗕	D
𥖪	D
𠪤	D
𥔽	D
𥒴	D
𥔸	D
硴	D
硔	D
𨾬	D
𨾭	D
𥔵	D
𥖰	D
𥔾	D
𠩀	D
頋	D
𠫇	D
㕔	D
㿴	D
𧡵	D
𥓞	D
𥒡	D
𥑝	D
𨱦	D
𠩉	D
𠪭	D
𨲶	D
𣣃	D
𥕡	D
𥑓	D
𣐃	D
𡗡	D
𥖐	D
𠨳	D
硁	D
𡗹	D
𢨗	D
䂛	D
𨙿	D
𨱢	D
𨲬	D
𨱨	D
𠫑	D
磣	D
𡚛	D
𥓗	D
𥔪	D
𥕺	D
𨲱	D
𥕃	D
𨱣	D
𥒣	D
𥓆	D
𩑱	D
𦛯	D
硧	D
𥑋	D
𠭅	D
𠝊	D
䀾	D
𪎍	D
𥒧	D
𨲄	D
𠛗	D
𠪧	D
唘	D
盋	D
𥁊	D
䫺	D
翃	D
𥐸	D
𩤄	D
礟	D
𠩯	D
𣒊	D
𥒲	D
𩠙	D
礮	D
𠬗	D
𩠖	D
𧮯	D
䳊	D
𩿅	D
𨗑	D
𨾩	D
𥗗	D
䂘	D
𥓿	D
𨲕	D
䦈	D
𥑰	D
𥕉	D
𥗠	D
礪	D
砈	D
𥑣	D
𥐪	D
𥑕	D
𥗉	D
𥗐	D
㔏	D
飆	D
靥	D
砺	D
飙	D
猋	D
𡘙	D
𣤛	D
𦫞	D
𥑿	D
𥔓	D
𢒊	D
䂻	D
磭	D
𡙔	D
𥑹	D
𠀤	D
䃭	D
𥔃	D
碶	D
𤟐	D
𡘷	D
𡙄	D
𥒒	D
䂜	D
𡚐	D
𠨵	D
磩	D
𡙣	D
𥔹	D
𥑶	D
𨟉	D
厞	D
𩇩	D
𣂏	D
𧂳	D
奭	D
𠠘	D
𩖃	D
硽	D
𣰰	D
𥕠	D
𥗃	D
𥑛	D
黡	D
奤	D
碝	D
𥑢	D
𥕷	D
𨗶	D
碩	D
𨲙	D
𩑶	D
厖	D
硥	D
励	D
𥐶	D
𥓉	D
𥔕	D
𨔙	D
𥔇	D
䃎	D
磢	D
𨟥	D
碕	D
𥒷	D
礰	D
𠩮	D
𥔈	D
镽	D
𥕴	D
𠪎	D
𥕲	D
𪄤	D
硤	D
𠩘	D
厐	D
𡙃	D
𥔐	D
𩫷	D
𩮙	D
𩮾	D
𩯍	D
䯷	D
鬕	D
𩬰	D
䰒	D
𢒰	D
𩭨	D
𩬚	D
戫	D
𩬹	D
𩯼	D
𩭡	D
𩯐	D
𣎥	D
䰐	D
𩬛	D
髰	D
𥖵	D
𩯝	D
𩰅	D
㦽	D
髸	D
𩮽	D
鬗	D
髢	D
𩯚	D
髶	D
𥒫	D
𩫶	D
𩬢	D
𩭎	D
𩬣	D
䯲	D
𩮤	D
鬖	D
𩭹	D
𩬋	D
𩮚	D
𩬠	D
𩮼	D
𩯑	D
𩬌	D
䰆	D
𩬽	D
𩮧	D
髳	D
𩭾	D
䯭	D
𥒗	D
髪	D
髮	D
𠪔	D
𩮁	D
𩯹	D
鬌	D
鬍	D
𩭀	D
𩭒	D
𩬩	D
𩠷	D
𩭈	D
𩯢	D
𩯺	D
𩮥	D
𩯊	D
髵	D
鬊	D
𩭻	D
𩯎	D
䰅	D
𡺳	D
𩯲	D
𩯥	D
𩮅	D
𣎉	D
𩬕	D
𩮏	D
𩯩	D
𩬇	D
𩮱	D
𩭌	D
𩬤	D
鬅	D
奟	D
𩬏	D
𩯬	D
䯶	D
𩬮	D
鬚	D
䯮	D
䰂	D
𩭐	D
𩭏	D
𥔰	D
䯵	D
𩯋	D
𥔛	D
𩬨	D
𩫽	D
𩯦	D
𩯶	D
𩮛	D
䰇	D
䰑	D
鬐	D
髻	D
𩰂	D
𩮨	D
𩯒	D
𩯳	D
𩭑	D
髨	D
𩯆	D
鬒	D
𩮟	D
䰏	D
𩮿	D
𩭙	D
𩰉	D
㚗	D
䰊	D
𩬎	D
𩬴	D
𩮢	D
砠	D
髬	D
𩬾	D
𩭯	D
𩫿	D
𩬧	D
䯱	D
𩭩	D
鬎	D
𩭱	D
𩭍	D
𩭺	D
𩯽	D
髩	D
𤭱	D
𩬆	D
𩯀	D
髡	D
𩯨	D
𩮯	D
𩮸	D
𩬝	D
𩮶	D
㻹	D
𩭗	D
𩭫	D
髲	D
𩮣	D
𩬞	D
𩭟	D
𩬑	D
䰕	D
𩯜	D
𩯞	D
𧠶	D
𩮉	D
𩬄	D
𩬂	D
𩯰	D
髾	D
𩮦	D
𩭣	D
𩭶	D
𩰄	D
𩬱	D
𩭂	D
䯯	D
髿	D
𩯮	D
鬘	D
𩯉	D
𩭇	D
𠛘	D
𩯱	D
𩮜	D
𩮺	D
𩯾	D
𩮂	D
鬄	D
𧍵	D
𩭃	D
䰋	D
𩬲	D
𩭭	D
𩮐	D
𩰆	D
𨚺	D
𩭁	D
䰎	D
𩭚	D
𩯟	D
𩬫	D
𩭜	D
𩫸	D
𩯴	D
䀁	D
𩬬	D
𤙼	D
𩮹	D
䰄	D
鬛	D
𩮪	D
𩯗	D
𩭋	D
𩬼	D
𩯁	D
𩮒	D
髷	D
𩯷	D
髠	D
𩯻	D
䯴	D
鬞	D
髥	D
𩭢	D
𩬥	D
𩫹	D
𩮊	D
𩮓	D
𡹹	D
𩫺	D
𩮆	D
䯾	D
𩮑	D
𩮻	D
𩬻	D
𩮖	D
𩬳	D
𩫼	D
𩬀	D
𩬅	D
𩮴	D
𩫻	D
𩭠	D
𩭅	D
𩭊	D
𩭪	D
𩯕	D
㤫	D
𩬜	D
𤌩	D
𩬊	D
𩭄	D
𩯏	D
戞	D
𩭴	D
鄾	D
𠨦	D
𠮕	D
𣦞	D
𥔺	D
𩮃	D
迶	D
𩮡	D
𡔀	D
𢥀	D
𢥙	D
𩬒	D
𩯔	D
𩭽	D
𩮝	D
𩮠	D
𠢊	D
𠢘	D
𠢨	D
𣎬	D
𩮔	D
𩯅	D
鬢	D
𩯫	D
𩯭	D
㥑	D
𩭵	D
髧	D
𩭕	D
鬡	D
憂	D
𥖦	D
㱊	D
鬓	D
𣁨	D
𩮇	D
𩬁	D
𩬵	D
𩮫	D
𩭛	D
𩮞	D
鬇	D
𩭉	D
䯺	D
髱	D
𩭳	D
𩮀	D
䯼	D
𩬃	D
𩮷	D
𩯯	D
鬉	D
𩯣	D
𩭥	D
𩰃	D
𩲾	D
𩭧	D
𩬡	D
𥕬	D
𩯠	D
磘	D
𩯛	D
鬂	D
𩬭	D
𩬐	D
𩭲	D
鬆	D
𩯧	D
𨡷	D
𩭓	D
𩮎	D
𩮌	D
䰍	D
𩮳	D
𩯖	D
𩭰	D
𣍳	D
𩭖	D
𩭘	D
髤	D
𩭷	D
䰉	D
髺	D
𩯙	D
𥓕	D
𩬟	D
𩭦	D
䰌	D
髼	D
𩬓	D
𩬘	D
鬁	D
𩭬	D
䯻	D
𩯘	D
䰔	D
䰖	D
髦	D
𩮄	D
𩮰	D
䃣	D
鬏	D
鬔	D
𩬪	D
㬼	D
𩭝	D
䰀	D
䰓	D
𩭔	D
䰈	D
𩰇	D
龓	D
𩰀	D
鬜	D
𩭿	D
𩬦	D
𩯄	D
䰃	D
𩮈	D
𩮲	D
䭮	D
𩫾	D
鬋	D
鬙	D
鬝	D
𩮋	D
𩯈	D
䯽	D
鬑	D
鬀	D
𩬸	D
𩮗	D
䯸	D
𩫴	D
䯹	D
𥔿	D
𩬶	D
𩯓	D
䰁	D
𩭞	D
髫	D
𩬷	D
鬣	D
𩯡	D
𪕮	D
𩯂	D
𩯸	D
䯳	D
𩬔	D
𩮕	D
𩯌	D
䭌	D
𩬖	D
𩮍	D
髽	D
𩬙	D
𩰁	D
𩮭	D
𩬯	D
䯰	D
鬠	D
𩭆	D
𩮩	D
𩯿	D
𩭤	D
𩭮	D
𩮬	D
𩯵	D
䳑	D
鶘	D
鶦	D
𩮮	D
𪄒	D
𩰈	D
𩭼	D
𩫵	D
𩯇	D
𩬉	D
𩀉	D
磎	D
𩬍	D
髴	D
𩬺	D
𩬗	D
𩯃	D
𩯪	D
𩬈	D
髣	D
鬤	D
𩬿	D
䯿	D
𩯤	D
𩭸	D
𩮘	D
砐	D
硺	D
䃻	D
𥓈	D
䃱	D
𥑾	D
𨱺	D
𥖀	D
𣮡	D
逩	D
𥒎	D
𨲹	D
𨲢	D
𨲣	D
𦣼	D
𥒃	D
𥒦	D
𠩂	D
㕎	D
䂶	D
夽	D
砝	D
𥐯	D
𥑂	D
𨱜	D
𥓩	D
礝	D
㦺	D
𢦿	D
䣅	D
鄏	D
㲀	D
𢾯	D
脣	D
辱	D
𨑉	D
𪓧	D
㫳	D
䢈	D
蜃	D
𧒏	D
唇	D
𠢑	D
䫃	D
𨑅	D
𩕁	D
𢛚	D
𢟲	D
𣭽	D
𪁧	D
𨕯	D
敐	D
𡝌	D
㰮	D
𥖅	D
厓	D
奎	D
𠪆	D
𠝥	D
㥣	D
磽	D
𧡋	D
𨲴	D
𢆐	D
𥐡	D
𠨭	D
𠫉	D
𠪫	D
厧	D
磌	D
𨑃	D
𨑄	D
𠣼	D
𢡪	D
𣮦	D
𠩼	D
𥑘	D
𥒸	D
䃓	D
𥕄	D
𥐹	D
𡙺	D
𥗅	D
𥐘	D
𥕱	D
㕑	D
硈	D
𨱻	D
礂	D
𨕎	D
𥘃	D
礌	D
𥖿	D
𢎐	D
郀	D
𦫚	D
𥖲	D
𨱶	D
𠨼	D
綔	D
刳	D
匏	D
𥑄	D
鴮	D
𢦡	D
㰭	D
瓠	D
砖	D
𥒺	D
𨾺	D
硳	D
𨲂	D
礵	D
硣	D
𩴟	D
奲	D
硏	D
𨲘	D
𨲤	D
䃝	D
硓	D
𠪼	D
䃮	D
𠫃	D
𥖟	D
𥓪	D
𠨶	D
𥗇	D
𨲽	D
𩿫	D
碐	D
𠩟	D
砆	D
礭	D
𠪑	D
𧙐	D
𠩝	D
𥒱	D
硦	D
碔	D
𠸙	D
𨲀	D
㓫	D
硎	D
㕃	D
䊙	D
揅	D
𥓨	D
𥓛	D
𡘟	D
𡗥	D
厔	D
𥒓	D
𠬡	D
𥓫	D
𡘋	D
磗	D
碃	D
㕊	D
𥒰	D
𥔫	D
㻎	D
𤫒	D
𤫍	D
𠫁	D
𡚉	D
䃁	D
𠨷	D
𣣾	D
镸	D
𥑜	D
𥔦	D
𢦹	D
𥐴	D
磚	D
𡘍	D
𥐫	D
𩇦	D
𥓝	D
𡘣	D
䶠	D
𣁀	D
𧥙	D
𥐖	D
觱	D
𥗾	D
𧥚	D
𨳆	D
㕏	D
厨	D
𡐷	D
𥒾	D
䃒	D
䌠	D
𡘝	D
𧒉	D
𥔁	D
䫲	D
顑	D
𡚚	D
𥗓	D
𩕠	D
感	D
𠪹	D
𦑘	D
𦒝	D
𤊸	D
𪂶	D
𪉳	D
𥒅	D
𢧯	D
𣀣	D
𡘰	D
𡞣	D
㰹	D
𣤭	D
𣤮	D
𥓠	D
𥁋	D
𠩪	D
𥕢	D
磧	D
𨲪	D
瓳	D
瓺	D
砙	D
𠩅	D
𦐴	D
䢕	D
𤬹	D
𠨮	D
𣹹	D
烕	D
𥒂	D
矹	D
䦋	D
厫	D
磝	D
𠪶	D
㭐	D
砞	D
石	D
𥒑	D
犬	D
硖	D
硜	D
𨜠	D
𥓐	D
䃀	D
𦞏	D
镾	D
𣫵	D
𡗨	D
𥑗	D
㕄	D
𡗰	D
𥐺	D
𡘇	D
砡	D
𥕑	D
𥕰	D
𥕕	D
𥗌	D
𠫂	D
𥓚	D
𥖼	D
𥔮	D
𨚲	D
𥗊	D
𠙾	D
𠚑	D
𨒸	D
𥖖	D
𥖺	D
𥖓	D
𠫢	D
𤿞	D
𢍳	D
酆	D
𠁳	D
艷	D
砉	D
𢑹	D
剨	D
奡	D
𣊄	D
豓	D
豔	D
𩑚	D
𩓑	D
𢜎	D
𣮝	D
𥒿	D
熭	D
𣓵	D
𧟷	D
奯	D
豒	D
𡚓	D
豐	D
𣍈	D
𧯮	D
𧯽	D
彗	D
𠩍	D
𡉘	D
𢙮	D
𥩴	D
𧝦	D
𡙆	D
𠩳	D
𣦆	D
𡕣	D
𨞜	D
𡚠	D
𥆗	D
𥇛	D
㪺	D
𥖋	D
𠟰	D
𩕦	D
𣰋	D
𡚔	D
𤋒	D
𠫎	D
夒	D
𡚝	D
𥓢	D
𥗫	D
蹙	D
𠩏	D
𦄉	D
𧐶	D
㗤	D
顣	D
𩖑	D
㞝	D
慼	D
𡘧	D
𥒼	D
䦊	D
𡚄	D
𡘨	D
䂽	D
𣉄	D
𡕾	D
砧	D
𨱬	D
𦕥	D
磠	D
硵	D
𡘢	D
𡕿	D
碵	D
𢚧	D
𦣽	D
𦤿	D
𥒔	D
𩑋	D
硯	D
𠀼	D
兏	D
𡘱	D
𣐇	D
𠲱	D
𡕵	D
𢟜	D
𥻴	D
𪄂	D
𡖃	D
𡙋	D
𡙐	D
𣣺	D
𣁮	D
𩕙	D
𢍆	D
齧	D
𨜒	D
𨜣	D
䂮	D
觢	D
𡙵	D
𡊷	D
𡬨	D
㸷	D
洯	D
絜	D
㓶	D
蛪	D
𧑨	D
㗉	D
䫔	D
𢹫	D
㓞	D
㼤	D
恝	D
𣭭	D
𤉟	D
𪀡	D
𪃈	D
𪅸	D
䚉	D
挈	D
栔	D
㛃	D
𠜵	D
𦚨	D
䛚	D
𡘂	D
𡗼	D
𨲦	D
䂣	D
𥓀	D
𨱲	D
𨲝	D
𥓽	D
𠩆	D
䣢	D
𦔋	D
耯	D
𦓷	D
𦔃	D
𦔠	D
耤	D
耢	D
耟	D
䎰	D
磲	D
䎯	D
𦓳	D
𦓿	D
𦔚	D
䣂	D
𦓥	D
𦔢	D
耛	D
𦔇	D
𦓶	D
𥔨	D
𦔤	D
頛	D
䎨	D
耰	D
𦔣	D
耝	D
𨲆	D
𦓺	D
耡	D
耘	D
耩	D
𦓯	D
𦔌	D
𦔏	D
𦓮	D
𥒀	D
𦔍	D
𦓬	D
𦔆	D
耫	D
耚	D
𦓪	D
𦓦	D
𦔬	D
𦓴	D
𦔄	D
耥	D
耖	D
𦔔	D
𦔈	D
䎪	D
𦓵	D
䂿	D
奫	D
𠛨	D
𦔂	D
𦔧	D
𦓻	D
𦓼	D
𦔨	D
𦔐	D
耬	D
䎬	D
𦔥	D
耞	D
𦔖	D
𦓾	D
𦔎	D
𦔪	D
𦔜	D
䎱	D
𥓡	D
厰	D
𥔭	D
䎤	D
𦓨	D
䎣	D
𦔫	D
耮	D
䎦	D
𦔅	D
礑	D
礃	D
𣂀	D
𡙯	D
𠡲	D
䂪	D
硄	D
𨱵	D
䎫	D
𠩓	D
𠩗	D
𣢭	D
𣢹	D
𦓭	D
𦓸	D
䃯	D
㼍	D
耓	D
𦓹	D
𦔉	D
𨲓	D
𦓱	D
䎢	D
耗	D
䎭	D
𦔕	D
𦓽	D
𠓩	D
䎮	D
𦔛	D
䎧	D
𦔝	D
𦔒	D
耪	D
𦔀	D
𦫎	D
𦔘	D
𦓲	D
䎩	D
𦔙	D
耣	D
𦔟	D
𥕂	D
𦓰	D
𦔡	D
𦔦	D
䎥	D
𦓧	D
耭	D
𦔁	D
𦔓	D
𦔗	D
𦔭	D
耲	D
𦔑	D
𦔩	D
𦔞	D
𠩿	D
𥗋	D
𥗟	D
𥕸	D
𠫆	D
𪃱	D
𠩒	D
𩇫	D
𤿻	D
𨛬	D
𩇯	D
奜	D
猆	D
𩇵	D
裴	D
餥	D
𢒣	D
𡌦	D
韭	D
𤦅	D
㹃	D
𥇖	D
𩇪	D
𩇱	D
𩇹	D
剕	D
皕	D
蜚	D
𤾩	D
𧓊	D
𧕿	D
𩇬	D
𩇷	D
𩇸	D
䪤	D
輩	D
辈	D
𠣊	D
𠣋	D
𩇼	D
𩈀	D
䩀	D
䫍	D
㐟	D
䨽	D
䩁	D
悲	D
翡	D
靟	D
𩇻	D
𩈂	D
𥺟	D
𩇭	D
𪂏	D
𪂞	D
𨓿	D
𩇲	D
𩇮	D
棐	D
婓	D
𩇴	D
㻗	D
斐	D
魘	D
𥀬	D
厭	D
靨	D
饜	D
𣎩	D
壓	D
奛	D
㱘	D
𢅠	D
𥌅	D
厴	D
𤳪	D
𧗖	D
懕	D
黶	D
𩼴	D
擪	D
檿	D
㣏	D
嬮	D
䣑	D
𨞬	D
厘	D
𠪨	D
𥓄	D
㕌	D
𥑲	D
碮	D
㼣	D
碭	D
𠩤	D
𥓥	D
㓦	D
𠪀	D
𠪋	D
𨲩	D
𥔋	D
𥔘	D
䣍	D
㪑	D
𨜀	D
𠩩	D
鹌	D
剦	D
𩓹	D
鵪	D
𢽱	D
𢙯	D
𣣚	D
𨒹	D
𥘀	D
𠪷	D
𥓣	D
𨲞	D
𥓘	D
𨲎	D
𥒏	D
𤾓	D
䂺	D
𥓖	D
𠩶	D
䃏	D
厬	D
㪶	D
𤾋	D
𠷡	D
𢞘	D
𥑷	D
礘	D
𨱽	D
䃂	D
𥖉	D
𨚞	D
𥖙	D
𥒵	D
𨱮	D
𥖊	D
𩑲	D
𠩥	D
𨱭	D
𤲽	D
𨀂	D
𥒭	D
𠪳	D
𥗜	D
磾	D
𠦵	D
𠧈	D
𠧉	D
𠩰	D
𡚍	D
𡙗	D
𡙲	D
𡸡	D
𠷔	D
𥔲	D
𪑵	D
𥖨	D
礹	D
𡚊	D
𥁓	D
𥒻	D
𪓡	D
𠳮	D
𦑽	D
𪄘	D
磒	D
𨒐	D
𠪒	D
𥑏	D
厛	D
𨲃	D
𥓅	D
𤒒	D
䧺	D
㖛	D
厑	D
𥕏	D
𠪙	D
𥗩	D
𩧕	D
䂩	D
㕓	D
礋	D
𠪯	D
𠪩	D
𪐡	D
𥖻	D
𥕍	D
碨	D
靣	D
硘	D
𥑆	D
𠡳	D
𥔯	D
𥗬	D
𥗼	D
礧	D
𡚗	D
𠠿	D
䃛	D
𥖠	D
𣣭	D
𥕌	D
𠩌	D
硱	D
𥓓	D
碅	D
𡘵	D
𥔅	D
𠩛	D
𥔆	D
磥	D
𥗴	D
䃩	D
𨲳	D
𠩷	D
𠨻	D
砓	D
𣪇	D
𥐼	D
𨱚	D
硸	D
𨲊	D
顨	D
𥔗	D
𩔊	D
𩖏	D
𩕧	D
𥑞	D
磞	D
磆	D
𩑘	D
𨱸	D
奝	D
𩓸	D
𩕂	D
𠕆	D
𡙞	D
磑	D
𢁓	D
𢃊	D
𩈚	D
𩈡	D
䩊	D
𦖩	D
𨜧	D
𩈩	D
䩅	D
䰭	D
𦫥	D
𩈆	D
𩈑	D
𩈖	D
𩈝	D
𩤤	D
耎	D
𦓢	D
𩈙	D
𩈲	D
𩈳	D
𩈸	D
𩉆	D
𩉇	D
𩉖	D
𩉚	D
耏	D
𦓘	D
𧞕	D
𩈛	D
𩈼	D
䩆	D
耐	D
𡏵	D
𢟄	D
𩈃	D
𩈅	D
𩈇	D
𩈪	D
𩉁	D
鸸	D
𩈍	D
𩈓	D
𩈭	D
𩉊	D
𩉔	D
𪓱	D
𩈈	D
𩈤	D
𩉏	D
䩍	D
𩈐	D
𩈗	D
𩈫	D
𩈶	D
𩉐	D
㓴	D
蠠	D
𦓎	D
𦓔	D
𧓐	D
𩈋	D
𩈴	D
䩇	D
厕	D
厠	D
𩈔	D
𩈣	D
𩈮	D
勔	D
𩈏	D
䫱	D
靧	D
𩈌	D
𩉓	D
𩔁	D
㼲	D
䩂	D
恧	D
靤	D
𢡵	D
𢣓	D
𣮿	D
𣰄	D
𤭃	D
𤮁	D
𦓖	D
𨲲	D
𩈊	D
𩈎	D
𩈜	D
𩈢	D
𩈬	D
𩈯	D
𩈷	D
𩈿	D
𩉋	D
𩉒	D
䎡	D
䩌	D
鴯	D
𤎂	D
𤐱	D
𩈺	D
𩉄	D
𩉈	D
𩻊	D
𩼭	D
𪃉	D
𨒩	D
𨕂	D
䩄	D
靦	D
𩈉	D
𩈞	D
𩈦	D
𩉑	D
䩋	D
𣝚	D
䩏	D
𩈒	D
𩈥	D
䩈	D
𤮵	D
𧰓	D
𧰛	D
𩈹	D
耍	D
𦓑	D
𩈟	D
𩈽	D
𩈾	D
䩎	D
䩃	D
𦓕	D
𩉌	D
䩉	D
𨾿	D
𩀋	D
𩁃	D
𩈄	D
𩈕	D
𩉗	D
𩉙	D
𥑎	D
𥖤	D
𥗿	D
𥑬	D
𠫍	D
碢	D
硙	D
𩑍	D
𢝊	D
䫰	D
𩕼	D
𨔞	D
𥓤	D
砜	D
𥐻	D
䃬	D
碋	D
碸	D
碙	D
䃃	D
𢀄	D
磮	D
䪾	D
𩒈	D
硶	D
𩖔	D
磪	D
𠦦	D
砃	D
𥖱	D
𠕇	D
𡯰	D
𥗷	D
𡯍	D
䃉	D
尷	D
䂥	D
𧂘	D
𧅍	D
𡯯	D
𥔤	D
𡰝	D
𢍽	D
𠪬	D
𡯪	D
𡯭	D
镼	D
𠫊	D
𠪚	D
𥕵	D
𥅐	D
𡯆	D
𡯉	D
𥑊	D
㝾	D
𤕺	D
𤕫	D
𦢖	D
𡒉	D
𢨑	D
𡒥	D
𧊪	D
㞆	D
𡯺	D
𩑣	D
㞄	D
㞀	D
𪇿	D
𤽩	D
𡯽	D
𧭭	D
𨿳	D
𡰄	D
尨	D
𡯎	D
𡰖	D
𡰢	D
𡰃	D
𩒿	D
𪁪	D
尮	D
㞂	D
𨿙	D
𠪡	D
𡯋	D
𨒒	D
𥕟	D
尪	D
㝼	D
𥔊	D
𥔂	D
𡯞	D
㝿	D
碬	D
𠪅	D
𠪃	D
𥔬	D
𡯴	D
𥕨	D
碿	D
𡯩	D
㝽	D
𡯙	D
𡯟	D
𡯻	D
𡯥	D
𡯇	D
尴	D
㞅	D
虿	D
㞁	D
𥗲	D
𠫀	D
尵	D
礔	D
𠪮	D
㞇	D
𡯄	D
𡰌	D
尳	D
𡯦	D
𡰋	D
郕	D
𨞐	D
盛	D
䫆	D
㼩	D
𦑆	D
𪁋	D
𢘱	D
𠨰	D
𥔔	D
𨑫	D
𡯜	D
尯	D
𥖒	D
𡯌	D
𡯿	D
𡯡	D
𩵛	D
𡯖	D
𠩦	D
𡯘	D
𩲄	D
磖	D
𡯬	D
𡯐	D
𡯢	D
𡯹	D
尰	D
𡙥	D
𡭡	D
𡰑	D
𩒃	D
𥒮	D
𡰆	D
𢧓	D
𥑖	D
𡯵	D
㞉	D
𡯏	D
𡰒	D
𡯾	D
𡯳	D
尲	D
𡯣	D
𡰀	D
磟	D
𡯨	D
𡯈	D
𡰎	D
𩾵	D
𡯔	D
𡯕	D
砄	D
㞈	D
𥖮	D
㦮	D
𡰠	D
𥐮	D
𥕝	D
𩒏	D
礏	D
𥗢	D
𢽀	D
𡾎	D
𤉓	D
𤑂	D
礯	D
㓹	D
𥗞	D
磱	D
𨲮	D
𣯅	D
𤋆	D
𥕚	D
𥗏	D
𨒭	D
𦫜	D
𧌝	D
𪀬	D
𠩔	D
硡	D
磍	D
𥔒	D
碂	D
𨲇	D
𠱔	D
碹	D
碇	D
礗	D
𨲺	D
䃔	D
𡎄	D
𤟴	D
𥐱	D
𥑯	D
𨱤	D
𥖶	D
𨲸	D
𠩹	D
𥔑	D
𥑀	D
𥒪	D
𥒬	D
𥒈	D
碦	D
𥗳	D
𥓸	D
𥒇	D
𥖽	D
硿	D
𥔉	D
䃐	D
𨳅	D
𥕅	D
䃰	D
𥕯	D
𧍾	D
𨲟	D
𥖚	D
𥓰	D
確	D
𥑫	D
𠒲	D
碈	D
𨱡	D
磔	D
𠨿	D
厎	D
奃	D
砥	D
𥓻	D
𨲔	D
𥒍	D
𥐾	D
硊	D
兣	D
兡	D
𥖷	D
𪎎	D
𩔟	D
𠒐	D
䃫	D
尅	D
兙	D
𠩐	D
䂧	D
𥒘	D
剋	D
㚚	D
𥒊	D
𠒠	D
𨳂	D
勀	D
勊	D
砲	D
𥗆	D
䂹	D
𥒚	D
𨷎	D
𠞮	D
䫪	D
㼽	D
𥑪	D
鷞	D
𠓈	D
𤕡	D
奓	D
䃢	D
𠪢	D
䂚	D
𠓏	D
𥐷	D
𥒥	D
𠒙	D
𥂩	D
𥓮	D
𥓑	D
奅	D
兛	D
𥗦	D
𠒭	D
𡙌	D
兞	D
𥒙	D
𠒚	D
𥐩	D
𥓒	D
碀	D
𨲌	D
𠒘	D
𥔩	D
兝	D
𤜹	D
𥕔	D
𨱟	D
𥒛	D
鸪	D
𥔀	D
磂	D
𠪐	D
𠓎	D
镹	D
𥐝	D
𨜸	D
𥑉	D
𠨹	D
𥑽	D
㼋	D
𡗷	D
𥑔	D
𥔠	D
碷	D
𡘄	D
𡙙	D
䂡	D
𥒖	D
𥕈	D
𠪏	D
𡙍	D
𦞖	D
㸴	D
磃	D
𥕫	D
𨝂	D
厡	D
厵	D
𠪥	D
𠫐	D
𠫒	D
𧏐	D
𧔞	D
願	D
𩕮	D
𩖒	D
愿	D
𠪰	D
𢥧	D
𪄁	D
硃	D
𥕻	D
𤪈	D
䃇	D
𥒋	D
厒	D
䀇	D
𥐬	D
𢦲	D
磈	D
𧑧	D
礩	D
𥔟	D
𠩲	D
𨲋	D
𠩴	D
磤	D
镻	D
𥑇	D
礉	D
䂨	D
𥖔	D
𣗁	D
䃌	D
磦	D
𠩚	D
砵	D
𠧭	D
磹	D
𨜅	D
㿲	D
攲	D
敧	D
奇	D
砢	D
𤯱	D
剞	D
㚡	D
䫑	D
鵸	D
𨓾	D
𣂦	D
𢽽	D
欹	D
𨿫	D
𨕏	D
𠩱	D
𥘄	D
𠪠	D
𠪖	D
歴	D
礎	D
𠪴	D
𥗈	D
𠩵	D
𥖜	D
暦	D
厯	D
𢟍	D
𥗘	D
㚞	D
碄	D
𥔖	D
𢧦	D
硹	D
䂾	D
𠩬	D
𥓜	D
𥑡	D
𡎂	D
𡑺	D
䂫	D
矺	D
厇	D
幚	D
砤	D
𥗖	D
𨱩	D
𨱳	D
𥎦	D
𨲁	D
硚	D
𥗎	D
礄	D
𨲭	D
𨲫	D
𧡅	D
䂠	D
镺	D
䃑	D
䃲	D
𥑸	D
𨲰	D
𥐭	D
𡗧	D
𥗁	D
硞	D
𠨺	D
礸	D
𨳄	D
𥐽	D
𥕹	D
𨱞	D
焘	D
𠩢	D
𥑻	D
𨱷	D
𢦩	D
𥓾	D
䂷	D
𨲡	D
𥔴	D
厜	D
硾	D
𤯗	D
𥔧	D
𨲉	D
𥑥	D
𨲐	D
𥔝	D
𠪍	D
𥓳	D
𠩎	D
厏	D
𡗸	D
𥒕	D
硟	D
𨲾	D
𡘎	D
𥔡	D
𥕣	D
𥔜	D
䂰	D
邫	D
𨱴	D
𨲿	D
𥒌	D
𥓶	D
𥓁	D
𥗥	D
磇	D
𥑩	D
礇	D
𢁛	D
𥐥	D
𥑨	D
𡘪	D
𥑚	D
𥐲	D
㥻	D
矻	D
𠩾	D
磻	D
𥔍	D
𥗍	D
𠪁	D
𠩙	D
𥓃	D
𨟑	D
𨟟	D
𪙪	D
𠫌	D
𣀥	D
𩴣	D
磿	D
𡙽	D
𦠓	D
𧝏	D
𩞨	D
𠫏	D
𡐰	D
𡓸	D
𤯍	D
𨲚	D
歷	D
𣦯	D
𩱔	D
厤	D
曆	D
𠠝	D
𧯏	D
㽁	D
𠪾	D
㷴	D
𪅼	D
𨘸	D
𣦰	D
𨬑	D
𠪱	D
𠟄	D
𠪺	D
𦠩	D
㻺	D
𥕆	D
𠩁	D
䂢	D
𥓔	D
𥑅	D
𠪪	D
𥖌	D
磫	D
𨲧	D
𥒶	D
㚒	D
硑	D
𢌾	D
𥕳	D
𦠒	D
𩪜	D
蹷	D
劂	D
蟨	D
𠢤	D
𠢭	D
憠	D
鷢	D
𪆙	D
磀	D
𨬐	D
𢴺	D
橜	D
𠩋	D
𥑺	D
𡡕	D
厥	D
𩀾	D
𥖬	D
𠬲	D
𡗪	D
𩢙	D
𠪉	D
𨲠	D
𨲏	D
𠫄	D
𥔶	D
礢	D
𥒞	D
羍	D
𦍬	D
磰	D
𥓌	D
𨔬	D
𨔶	D
𨑀	D
𥒆	D
𦎃	D
礲	D
龎	D
𨳁	D
𦚉	D
礀	D
𩕑	D
礈	D
䃍	D
𨜆	D
𡙈	D
𦫐	D
𣁸	D
𥐿	D
𥑍	D
𥘾	D
𦅬	D
㚔	D
𡗴	D
𢆎	D
𥂱	D
𧗑	D
𠣻	D
𠤃	D
𡏎	D
𡘆	D
𢡶	D
𨫦	D
𡙳	D
𢴷	D
𡙕	D
𡘺	D
𤬄	D
𧬓	D
𥖆	D
䃹	D
𥕤	D
㚠	D
㕒	D
礒	D
𥔣	D
𥖄	D
眘	D
䙽	D
𥒩	D
𥒜	D
𢍤	D
𨝷	D
𢻢	D
𢿞	D
𨝼	D
䃅	D
䃥	D
昚	D
磵	D
鹩	D
𥕞	D
尞	D
𠞒	D
𩙂	D
𧈏	D
𩕐	D
𡘤	D
鷯	D
𤊽	D
𤋯	D
遼	D
䨅	D
𥕦	D
䂱	D
𠡊	D
磳	D
𨲯	D
𥕐	D
𡘴	D
𥖾	D
𠪽	D
㶫	D
碲	D
𨒏	D
䂭	D
磸	D
𠪝	D
𥖁	D
𠝱	D
𥔎	D
𥗒	D
𡙓	D
𨲨	D
𨲛	D
𡙨	D
𡚏	D
𥗮	D
𠛞	D
磏	D
𠪊	D
𨾮	D
礠	D
𥖃	D
𣃞	D
𥖇	D
𡘼	D
𡘏	D
𠩨	D
𨲑	D
𠪓	D
𥑌	D
𠪘	D
𠩇	D
𠪟	D
硍	D
𥔄	D
砕	D
硉	D
䃤	D
𥓱	D
礖	D
𠪇	D
𥕋	D
𥓦	D
䃗	D
𥓏	D
𨲒	D
𨽸	D
𥕘	D
𢦽	D
𡙂	D
𥓲	D
䃳	D
𥔥	D
𥒤	D
𢦓	D
𥓋	D
㕐	D
磶	D
𠩫	D
碯	D
𠩑	D
𡘘	D
𡘛	D
𥒢	D
𥔢	D
𥐠	D
𥕀	D
𨱛	D
碫	D
𠩻	D
𠽠	D
䂦	D
𥗙	D
𨱹	D
𥗵	D
𥗰	D
𥗸	D
㚝	D
磜	D
𥘿	D
𡘹	D
䳞	D
𨔐	D
𠒏	D
䂤	D
𥗻	D
碖	D
硂	D
𠪈	D
硷	D
䃋	D
𥖩	D
㕉	D
硆	D
𠪦	D
𩖄	D
磴	D
厱	D
礆	D
𣤔	D
㫪	D
𡗟	D
泰	D
𥑒	D
𦒰	D
𨱯	D
𢾎	D
𣋨	D
𩳽	D
𣅛	D
𣅦	D
砎	D
𣋕	D
𨲥	D
蠢	D
𠝩	D
𡗦	D
𣌠	D
𧎌	D
𧐧	D
𠨴	D
惷	D
𢥤	D
𪂹	D
𪃣	D
𨕌	D
𨙥	D
𧡲	D
𣕮	D
𢾜	D
𧉾	D
𣁤	D
𠰫	D
𠩣	D
𥔚	D
𥓭	D
䦇	D
𥐤	D
𥑵	D
䃖	D
磓	D
㤗	D
𥒨	D
𡘕	D
𩶓	D
𠩡	D
𡏑	D
䆐	D
𥠼	D
𡕤	D
硢	D
𡗫	D
㦼	D
𦦾	D
𦦜	D
𦦺	D
𠢌	D
𥔞	D
憃	D
砏	D
䲪	D
䲽	D
鳫	D
鴣	D
𩾪	D
𩿛	D
𪅖	D
𪆊	D
䚎	D
𧢆	D
𦦱	D
𢩟	D
𨲻	D
郟	D
𪘘	D
㪎	D
𩈧	D
䂳	D
𠩜	D
𡘫	D
𡙹	D
𪌴	D
䃸	D
𪌜	D
𩠣	D
夾	D
𣷚	D
㓨	D
𠪞	D
硲	D
贋	D
贗	D
赝	D
頰	D
𥖴	D
𧶘	D
𩔯	D
𪍕	D
㤲	D
㼪	D
𣭶	D
㷳	D
鴈	D
鵊	D
𤎝	D
𤑤	D
𩾸	D
𪅣	D
𪆒	D
𡖳	D
𨲼	D
㰰	D
𡙁	D
砱	D
𡙜	D
𡙿	D
㕍	D
𠩸	D
奞	D
奪	D
䧸	D
碓	D
𡚞	D
𥕼	D
𨲈	D
𠩧	D
𡙬	D
𥓂	D
奮	D
𥂙	D
𩒣	D
𩓒	D
㕂	D
䂼	D
砛	D
磼	D
𡙸	D
𢧒	D
𡚒	D
𣢬	D
𩁭	D
𥖏	D
䶭	D
䶮	D
砪	D
𨱱	D
𡗵	D
𠩊	D
㚛	D
𨱰	D
㚕	D
䃨	D
𥑑	D
𨱧	D
𡘁	D
𠩽	D
𠫈	D
礫	D
礙	D
𥖧	D
𡙘	D
䃈	D
磯	D
𠨽	D
詟	D
𥘂	D
𥔷	D
𥕒	D
礦	D
𥕖	D
𥕮	D
𠩭	D
𥕁	D
𠚀	D
䃵	D
𦝑	D
𨳀	D
𥒝	D
砿	D
𡙒	D
㕈	D
𡘚	D
𥑴	D
䂯	D
䃴	D
𥒹	D
𠩈	D
砫	D
𥑃	D
䃄	D
砯	D
𡘐	D
𣣩	D
𥗝	D
𨳃	D
䂖	D
𨜨	D
䃶	D
盇	D
𡘒	D
䃪	D
𨲵	D
𣣥	D
碻	D
砊	D
碥	D
𠪂	D
𨲜	D
𠩞	D
𥓎	D
𡙤	D
𡋊	D
砨	D
𥐞	D
𥔱	D
戍	D
𥖂	D
奒	D
硋	D
䃙	D
䃷	D
𠪌	D
硛	D
𨕺	D
迏	D
碠	D
𠪗	D
𥐟	D
𥓯	D
𥓵	D
䃺	D
礳	D
𥑈	D
𥗂	D
䃚	D
𥕙	D
䃠	D
𠩄	D
𥒁	D
𥓴	D
𥖝	D
硠	D
𡘳	D
𥖭	D
𥕎	D
磄	D
𥓷	D
𥗡	D
𣩸	D
𥗭	D
𥗯	D
𠀋	D
𦟻	E
䏼	E
𦟮	E
𩓚	E
𦝧	E
𦠭	E
臓	E
臟	E
𦝁	E
𦟵	E
𦠐	E
𦚕	E
䐙	E
𦟯	E
膩	E
腜	E
𦢃	E
𦠜	E
𦡰	E
𦚞	E
𧲒	E
𦜌	E
𦢐	E
𦚟	E
𦚠	E
𦟧	E
𦡶	E
臔	E
𦢸	E
膜	E
𦞻	E
臈	E
𣍻	E
膒	E
𦟾	E
䑏	E
䝔	E
𦟫	E
𦣎	E
𦢧	E
䑅	E
𧲍	E
朠	E
𦚗	E
䐵	E
䐽	E
𦜬	E
𧱼	E
朑	E
𦢬	E
𤋝	E
䐑	E
脦	E
𦡢	E
䑃	E
𦛨	E
𣎙	E
䐭	E
䐶	E
䏘	E
𣎨	E
𦣑	E
𧰿	E
𦜪	E
𦜫	E
𦡂	E
𦡦	E
𣍫	E
𣎰	E
𦢘	E
臙	E
𤔌	E
𦢩	E
㥯	E
𨘓	E
臒	E
𦞂	E
𦢁	E
㬸	E
㬴	E
膵	E
𦛿	E
㬻	E
䐠	E
𦟍	E
䝕	E
𦣀	E
䝒	E
𧌘	E
鵩	E
𪂖	E
𣔚	E
𦝒	E
𧱛	E
䝐	E
𦜎	E
𩓖	E
𦢪	E
𢒒	E
𠄀	E
𧇧	E
𦞲	E
𧠾	E
𦜆	E
𦜕	E
𦚦	E
𦞪	E
㔜	E
𣀎	E
朏	E
胐	E
𦛎	E
𧰹	E
𠄉	E
𢆡	E
𥇽	E
𡮈	E
𠄇	E
㐠	E
𤭤	E
𦙥	E
𦛖	E
𦚃	E
𢅁	E
𡦢	E
嗠	E
㲗	E
𦠵	E
𦝗	E
䳕	E
𤓽	E
𨿚	E
𧱰	E
𣎛	E
𦠈	E
腬	E
𤔃	E
𤔍	E
䝌	E
腏	E
𦠨	E
𦟄	E
𦟅	E
𥡙	E
𦛸	E
𦙾	E
𧓖	E
蜰	E
𦞀	E
戤	E
𨜏	E
𦞞	E
𤔷	E
𢿢	E
𤔔	E
𤔲	E
𤔺	E
𤕌	E
𤳞	E
𥂽	E
𤕅	E
亂	E
𦙉	E
覶	E
𢿳	E
辭	E
𨐲	E
𦚲	E
䏬	E
𢫪	E
𢮗	E
𡝞	E
朘	E
脧	E
𦟗	E
𦞣	E
肞	E
𦝦	E
𧱫	E
膸	E
𧲈	E
𦣌	E
䐛	E
胈	E
𠭖	E
𦙓	E
𦚁	E
𧰯	E
𦠎	E
𦛒	E
脹	E
𦜭	E
脤	E
𦜤	E
𧱽	E
𦞹	E
𦛏	E
𦚄	E
𦝀	E
𦠏	E
𦛊	E
𢽿	E
𦝜	E
脜	E
肨	E
䐼	E
𦢔	E
𦟠	E
𦢑	E
𦣂	E
𠭧	E
腓	E
𦢄	E
𦝟	E
𦡡	E
腌	E
𥁾	E
腝	E
腼	E
𩒹	E
𩓾	E
𩔾	E
𢄼	E
澃	E
𦅓	E
胹	E
𦠌	E
𢒷	E
盨	E
𪆦	E
䇓	E
媭	E
嬃	E
頾	E
䐓	E
須	E
䏵	E
𧱓	E
𧌌	E
肬	E
𠃹	E
𧰰	E
𦛙	E
脄	E
𧱉	E
𦝐	E
𦟕	E
䐒	E
豲	E
䐀	E
𦜅	E
𡚘	E
𦝯	E
䐻	E
膫	E
𦜮	E
𦞃	E
𦞴	E
𦠑	E
𦟩	E
𧱪	E
䏾	E
䐏	E
𩹙	E
脥	E
𧕤	E
𧳲	E
貙	E
貓	E
𧲽	E
𧴟	E
䝙	E
䝡	E
貛	E
貀	E
𦜘	E
𨘹	E
𧲵	E
𦝚	E
𧲧	E
𦞿	E
𧳨	E
䝜	E
𧲭	E
𧳳	E
𧲯	E
𧳗	E
𧳾	E
䝟	E
𧳑	E
𧴠	E
䝠	E
䝤	E
𧴓	E
䝝	E
䫉	E
𢤧	E
𨘷	E
𧴅	E
𧱾	E
𧳭	E
貕	E
朤	E
𦜳	E
𧲩	E
𧴇	E
𤰌	E
𧴑	E
𧳥	E
𧲏	E
𧲫	E
䐘	E
豻	E
𧳯	E
𧴍	E
𧲦	E
𧴒	E
脟	E
𧲣	E
𧲨	E
𢒉	E
𧳵	E
䏣	E
豠	E
豾	E
貆	E
𧳔	E
𧲺	E
𧳣	E
𧳎	E
𧳏	E
𧱑	E
𧴡	E
𧳕	E
𨙆	E
𧳅	E
䝛	E
貜	E
𢽩	E
𧴘	E
𧴆	E
𧴢	E
𧴎	E
𧳝	E
𧲸	E
䝞	E
𧠿	E
𧱻	E
𧴖	E
𧱮	E
𧳍	E
䝣	E
𧴝	E
䝢	E
貋	E
貍	E
𦟢	E
𧲥	E
𠜳	E
蠫	E
𧏇	E
㦟	E
𧴉	E
𧳢	E
𧴞	E
𧳃	E
貚	E
𧳷	E
𧴊	E
𧲬	E
𧴜	E
𧳼	E
𧴣	E
貗	E
𧲻	E
𨞞	E
𧳪	E
𥂀	E
𦣅	E
𧳠	E
𠡮	E
𧲡	E
𧴔	E
𧴃	E
䝘	E
𧱯	E
𠾄	E
𧲱	E
𧳸	E
𧲹	E
𧱔	E
貒	E
𧲾	E
𧳆	E
𧳜	E
𦢣	E
豽	E
𧳒	E
貑	E
㽰	E
𧳬	E
𧲠	E
𧴕	E
䝚	E
𤊏	E
𦟙	E
𧴌	E
𣎡	E
遯	E
𨖡	E
𧳰	E
貁	E
𦟥	E
𧳊	E
𧳐	E
𧴛	E
豿	E
𧳽	E
𧲳	E
𧲼	E
𧳁	E
𧳹	E
𧴀	E
豹	E
𩳏	E
貏	E
貃	E
𧲰	E
𣂤	E
𧲤	E
𧳻	E
𧲿	E
𦞼	E
㦝	E
邈	E
貌	E
𧳖	E
䝖	E
𧲲	E
𧴋	E
𧳟	E
䐆	E
䝗	E
𧲷	E
𧲢	E
𧳴	E
𧲶	E
貈	E
𧴏	E
䝥	E
𧲮	E
𧳮	E
𤯴	E
䝦	E
貉	E
𧳌	E
𧳿	E
𦠽	E
𧲄	E
𧴂	E
𧳄	E
𧲴	E
貔	E
𧳉	E
𧳫	E
貖	E
𧴈	E
𧳋	E
𧳛	E
𧳶	E
𥖞	E
貇	E
墾	E
脮	E
𧳈	E
貄	E
𧳺	E
𧴙	E
𧳙	E
𧳀	E
懇	E
𨗿	E
𨘅	E
貎	E
𧳦	E
𧴐	E
𧳂	E
貐	E
𧴚	E
𧳇	E
𧳘	E
鵬	E
𪁰	E
𪅊	E
𧳡	E
𧳤	E
𧳱	E
𧳞	E
膎	E
豯	E
𧳩	E
𧳧	E
豼	E
𧴁	E
𧳓	E
𧳚	E
𧴄	E
𧲪	E
䏜	E
䐁	E
𧴗	E
𦢙	E
𦞁	E
膹	E
豮	E
豶	E
脚	E
𦫦	E
䐦	E
𦛕	E
𧡩	E
胠	E
臑	E
頱	E
胿	E
𦢲	E
膮	E
𣥲	E
䐈	E
虢	E
𡕼	E
䐜	E
𦛣	E
𧲟	E
䏡	E
脙	E
𣎢	E
䐟	E
𠜖	E
臌	E
𦢀	E
𦛋	E
𧲙	E
䐍	E
𦢗	E
𦢌	E
𢿮	E
𦡴	E
䏝	E
䏯	E
𡬰	E
𣂭	E
𦛘	E
𦜔	E
𨔿	E
豷	E
𦠉	E
䏓	E
𦡕	E
𦜶	E
𦡄	E
𧱐	E
豣	E
䐗	E
豬	E
𦞯	E
𩔃	E
㲕	E
鶢	E
𣎧	E
櫫	E
𦚱	E
𣁷	E
𦟷	E
𦡯	E
𣎖	E
膤	E
𦟬	E
𦜣	E
𦡀	E
𦠛	E
𧮾	E
𦢒	E
𦢤	E
鶏	E
𦝄	E
臛	E
𦟿	E
𨿐	E
𨿸	E
𦡅	E
𨢏	E
豜	E
𩺄	E
䢸	E
𦡋	E
豘	E
𤊯	E
𦜯	E
𦝊	E
胵	E
𤔒	E
悬	E
𦟔	E
𦠿	E
䪶	E
𤓻	E
膊	E
𧱹	E
腈	E
𠁠	E
脿	E
豧	E
𢒏	E
䏏	E
𦠴	E
𤿚	E
𦙫	E
𦜖	E
𦠲	E
𣎔	E
𧠢	E
𤔹	E
脴	E
𦞑	E
䫠	E
𩓄	E
𩓭	E
肧	E
膞	E
𦚸	E
𧱂	E
刞	E
腖	E
𦠝	E
𦛟	E
𦣘	E
䏸	E
脨	E
腷	E
𦠖	E
𦢭	E
𦞶	E
脰	E
𢃃	E
𢄂	E
𠢟	E
𦝏	E
𦛍	E
𧱖	E
䐬	E
𦙛	E
𣍪	E
脼	E
𣍷	E
𦟜	E
𤓳	E
𧱠	E
𤬶	E
𦘰	E
𠂏	E
𨿁	E
𤔳	E
𦜒	E
𦙻	E
䢐	E
𣍴	E
𣍭	E
𦚹	E
𣍠	E
𣧚	E
㭆	E
䏞	E
𦚜	E
胓	E
𣍰	E
脛	E
𨜇	E
𣍲	E
䝊	E
脻	E
𤔇	E
𦘵	E
鴡	E
𦢈	E
𦞥	E
𦙁	E
膆	E
𧱅	E
𦙘	E
𧲘	E
臄	E
𦢚	E
𧲋	E
𦞐	E
𦟰	E
臚	E
𦢛	E
𦞬	E
𦟚	E
𦢠	E
𨒠	E
𨗝	E
𨙧	E
䏢	E
𧰸	E
𦝳	E
𨖪	E
𦜨	E
𨙁	E
𨑡	E
𨑛	E
𨗃	E
𦣒	E
𦣜	E
𦠊	E
臞	E
𦜰	E
胋	E
𤋧	E
𦝿	E
𣍽	E
𢀽	E
𦘸	E
胪	E
𨑔	E
𦚺	E
覓	E
䏹	E
𡖰	E
𣂠	E
𤑊	E
𨖤	E
𨗬	E
𨒼	E
𨓼	E
𨖁	E
𡿽	E
𨓶	E
𨙞	E
𨕼	E
𨕽	E
𨕪	E
𨑢	E
頿	E
𦚚	E
𧱗	E
𧢉	E
䏴	E
𦝌	E
𣎃	E
䐝	E
𦡥	E
𦡁	E
𣎲	E
脳	E
朓	E
脁	E
𦞓	E
𣍺	E
䏚	E
膌	E
𦡤	E
𦟸	E
𦢊	E
𧲐	E
𨖦	E
𦣃	E
𦜧	E
𦝈	E
𦜃	E
𣎦	E
䤚	E
𦛠	E
䏷	E
䐎	E
腸	E
𣎇	E
胂	E
𣎱	E
蟸	E
𤔫	E
豱	E
𦛭	E
腢	E
𦣙	E
𣎅	E
𦝲	E
腂	E
𦜄	E
𦚤	E
𦚢	E
𦡹	E
𦛈	E
䐊	E
𧱟	E
𢒬	E
䐕	E
𦠾	E
𦛞	E
𨛛	E
𦜀	E
脵	E
脭	E
𦚊	E
膢	E
膭	E
𧲆	E
𦜦	E
䑊	E
𦢮	E
𦢷	E
䐷	E
𠧏	E
𦡃	E
𦛗	E
㬽	E
臊	E
𦠍	E
𦛺	E
𤔬	E
𦛉	E
𤔦	E
䐣	E
𦝖	E
𠃭	E
𦚽	E
𤔞	E
𣍦	E
𦙿	E
𤕈	E
𦛽	E
胑	E
膕	E
𦞗	E
𦝩	E
𦡵	E
𢒤	E
𦞢	E
𩉃	E
䐾	E
𦢓	E
𩕖	E
𦟭	E
𣎚	E
𡬳	E
腲	E
𧱨	E
𣎫	E
𦛢	E
𣎈	E
𦜠	E
腘	E
𦜉	E
䏮	E
𤔴	E
𡔅	E
脇	E
𦢏	E
腮	E
𤔵	E
𦟪	E
臅	E
㬷	E
䐃	E
𨟧	E
䝏	E
膃	E
𦢺	E
䐯	E
𦣇	E
膿	E
𦚼	E
𦙱	E
𦡊	E
𦜴	E
豛	E
䝎	E
腨	E
𣎐	E
胦	E
𦞽	E
爯	E
䏥	E
𦙇	E
𤔆	E
𦚻	E
䫇	E
𩓿	E
𩔋	E
𦠔	E
𦠟	E
𦠠	E
𣩖	E
𣎜	E
腗	E
𧱁	E
𦞺	E
䐩	E
𨾫	E
𩒧	E
𦢜	E
𧱊	E
𧱣	E
𧱆	E
𦙽	E
𦝶	E
𧰶	E
䑍	E
𦠙	E
腡	E
𦙏	E
膼	E
𦝓	E
𦚩	E
𦟹	E
𦜥	E
𦛚	E
𦢿	E
𧲚	E
𦢥	E
𧲑	E
朒	E
膗	E
𦢾	E
䏎	E
𦟌	E
𦚪	E
𦝮	E
𦠳	E
𦜇	E
𤓴	E
𤓿	E
𤔂	E
𤓸	E
腒	E
𦜻	E
䏔	E
腛	E
𣎄	E
𦞌	E
𦜷	E
䏤	E
腵	E
豭	E
𦚀	E
𦟃	E
𦟓	E
𣎊	E
𦝛	E
𦠦	E
𦝆	E
𡕽	E
𤔿	E
𦙬	E
𦞚	E
𦞔	E
𦝇	E
𤔰	E
𩰨	E
䑀	E
𧲉	E
𡭒	E
𤳿	E
𤴎	E
𤔧	E
𦝾	E
𦛑	E
𦛾	E
䏱	E
𦘮	E
𦘳	E
𦠤	E
𦠆	E
䐖	E
𤴋	E
𦙹	E
䐲	E
𧱎	E
䐅	E
𦞟	E
䏟	E
𦝷	E
𡝑	E
𦙷	E
𧱢	E
膠	E
𦠧	E
䏐	E
𦡱	E
胒	E
臎	E
𣍹	E
𣎌	E
𦛀	E
𦢂	E
𦡷	E
𦡧	E
𦟶	E
𦢅	E
𡐼	E
朥	E
腅	E
𦟂	E
𧲂	E
𦝼	E
𣎝	E
𣎑	E
臗	E
𡥞	E
𢾢	E
𤔠	E
𨛶	E
𣎤	E
𠹾	E
𠃶	E
𧡓	E
辤	E
𣍱	E
𦟈	E
𤓾	E
𦜸	E
𧱌	E
𡋧	E
䝋	E
腙	E
𠃿	E
腟	E
𦝻	E
臏	E
𦟘	E
𧠳	E
𧱴	E
𦞷	E
𦞨	E
𤔓	E
䝍	E
腪	E
𣍯	E
𢄘	E
𦢉	E
𦟽	E
𦜐	E
𪇈	E
𦡲	E
愛	E
𤕃	E
𤈚	E
𩰣	E
䑟	E
𤯷	E
𦨁	E
舜	E
𥁺	E
𧖺	E
䏙	E
𣍥	E
䴄	E
䢬	E
𧱍	E
𦝣	E
𤔤	E
𦞤	E
𧱡	E
𦝬	E
膣	E
𤔸	E
𦟱	E
𦞳	E
𦡆	E
𦜊	E
𦙮	E
𦞦	E
𦞭	E
𤔐	E
𦚐	E
𣁍	E
𦙆	E
𦜞	E
𡥗	E
𦙞	E
𦛳	E
䐢	E
朡	E
𣍶	E
𦛴	E
𧱭	E
脃	E
𦘿	E
𦚂	E
𧰴	E
𦞕	E
脪	E
豨	E
膽	E
𦛲	E
𦡪	E
𣍨	E
𦚧	E
𪚲	E
胊	E
豞	E
𣍬	E
脕	E
𧡳	E
𦝝	E
褜	E
𦢞	E
𦡙	E
𦢦	E
䐳	E
𦜡	E
𣎭	E
㚉	E
䏧	E
䐇	E
𠝄	E
脗	E
𦜩	E
𦝰	E
肳	E
𦞧	E
𦛡	E
𦛦	E
䏛	E
䐄	E
㬹	E
𢣠	E
肑	E
𧰫	E
𦙜	E
𦛐	E
𦙀	E
𦞵	E
𪃻	E
脈	E
腯	E
𦟺	E
䝈	E
𧱒	E
𦛼	E
脌	E
䏭	E
膴	E
𤕆	E
𦉔	E
鹞	E
𦚥	E
繇	E
𦅸	E
䍃	E
颻	E
𦜋	E
𤕁	E
鷂	E
𨗽	E
𨙂	E
飖	E
𧡾	E
𣟾	E
𣣳	E
𢑂	E
𩀘	E
𧱸	E
䏗	E
𦞝	E
𧱲	E
𦢟	E
𦞙	E
𦛮	E
𦜓	E
𦝂	E
䏳	E
䑇	E
𩔹	E
胅	E
𦛤	E
𣎣	E
𦖗	E
𩓰	E
𤨽	E
𦝪	E
𦚬	E
𦣕	E
𦛻	E
𨤅	E
𦟊	E
䐺	E
刴	E
𤔄	E
胢	E
𩀓	E
𤔁	E
𤑀	E
𦡞	E
𦝃	E
𦞰	E
𦡩	E
𣍿	E
𣁝	E
胮	E
𦘴	E
𧰭	E
㭀	E
胣	E
𦛪	E
𧲗	E
䏦	E
䏺	E
𦝔	E
𦠚	E
膖	E
𧡯	E
𦜂	E
㸒	E
腁	E
𦞒	E
䏕	E
㬳	E
胻	E
𣎯	E
㬶	E
𦛩	E
臜	E
臢	E
膬	E
𦙤	E
𦜙	E
脡	E
𨓮	E
𧱀	E
𦝥	E
甤	E
腄	E
腫	E
𦡘	E
𧲌	E
臐	E
𦟞	E
𢒩	E
䑄	E
𦜵	E
䏒	E
𦞜	E
脠	E
𦣈	E
𦙳	E
脷	E
膓	E
𦞇	E
𦚡	E
𣎗	E
𦟣	E
膍	E
𧱕	E
䐿	E
爳	E
鄬	E
𢅌	E
𦛔	E
噕	E
肐	E
𢡺	E
爲	E
𤏜	E
𦛰	E
𨖿	E
胏	E
𧘇	E
𧰨	E
膰	E
𦡗	E
䐐	E
𦛧	E
𦚖	E
𦢶	E
𧱷	E
𦟇	E
𦙭	E
腇	E
𦠱	E
䐫	E
豵	E
𧲓	E
𦙋	E
脢	E
爫	E
𦘲	E
𦟉	E
膱	E
𦞸	E
𣍮	E
𦞮	E
𦡻	E
䐤	E
腃	E
騰	E
𩦜	E
䑆	E
𧜜	E
𩜒	E
塍	E
𦟤	E
䲢	E
𪓺	E
㬺	E
幐	E
羘	E
膡	E
𨃗	E
滕	E
縢	E
螣	E
膳	E
勝	E
𣎒	E
賸	E
𩓣	E
𩖕	E
鰧	E
黱	E
𤑘	E
𩻷	E
榺	E
𠗲	E
媵	E
𣎎	E
朕	E
謄	E
朧	E
𦢫	E
𧲖	E
𦠥	E
𦙒	E
𦟼	E
𦝺	E
𦢹	E
𦣍	E
膶	E
䑌	E
𣎮	E
𦡫	E
𦢋	E
𦚝	E
䝑	E
朣	E
膧	E
腤	E
𨙣	E
𦢴	E
䏽	E
𩔻	E
𦠇	E
𧲅	E
䐱	E
豴	E
𦚿	E
𦠀	E
𦝤	E
𦡮	E
腣	E
膪	E
𦝹	E
𦢨	E
㬵	E
𦝱	E
𦠯	E
𦞎	E
𧱱	E
䐮	E
𦢝	E
𧱙	E
膁	E
膉	E
䏲	E
𧲃	E
𨟈	E
𢒫	E
𣎟	E
𦠅	E
𦡽	E
𠚘	E
𠚜	E
𠚡	E
䐚	E
𦛵	E
𧰱	E
𩥓	E
𦜺	E
𡡓	E
𩒟	E
𪙲	E
𣎂	E
𢡆	E
𤕇	E
豤	E
𦚣	E
𤔊	E
䐸	E
𦞆	E
𦙈	E
𦛌	E
𧱇	E
䐹	E
𦡿	E
𧗃	E
腱	E
䑂	E
𤨐	E
膄	E
𢼻	E
𤔣	E
爭	E
䐂	E
𠞞	E
𤕄	E
𦟳	E
𨟌	E
𦞡	E
𦚔	E
䐉	E
𧱥	E
䝓	E
臘	E
𤔱	E
𦛁	E
𦠼	E
𩗔	E
𦡳	E
𢚩	E
𦦨	E
腉	E
㼏	E
𤔥	E
𥀮	E
腦	E
𦦌	E
𦚰	E
鵎	E
𪅎	E
䏰	E
肒	E
肕	E
䐋	E
䐥	E
腶	E
𦟑	E
𧱺	E
𦝴	E
𦙕	E
𤔘	E
𦙰	E
肸	E
𦣁	E
𦢯	E
胕	E
腀	E
𦝡	E
𧱜	E
𧰾	E
𦝢	E
腧	E
膾	E
𧱬	E
䏩	E
𦝵	E
肹	E
𦙐	E
𧱩	E
膯	E
臉	E
䐰	E
𦜱	E
脫	E
𪏍	E
𦞈	E
䏨	E
膇	E
𦙝	E
𣏻	E
䏫	E
𦟋	E
朌	E
肦	E
𦝅	E
𩿊	E
𩿾	E
𪁥	E
腳	E
𦢕	E
䑎	E
𦛱	E
朎	E
𦜲	E
𦡬	E
𧰻	E
䐪	E
𦞾	E
𦞠	E
脽	E
𦛜	E
𦞛	E
臇	E
肣	E
腍	E
膲	E
𦣗	E
𦫬	E
𦫑	E
𪓷	E
谿	E
䫣	E
鷄	E
𤕂	E
㰿	E
雞	E
腞	E
𦙠	E
𦜼	E
胟	E
𧰷	E
𧲕	E
䏖	E
𦙨	E
𦅨	E
乿	E
𤬇	E
胇	E
𦠻	E
𠧎	E
𤕍	E
膙	E
𠄂	E
䑈	E
膷	E
𦡸	E
䐞	E
𠮗	E
𤔪	E
䏶	E
𤔭	E
𦃟	E
𦢍	E
肶	E
𦝨	E
𤕀	E
𦠄	E
𦣛	E
𦣋	E
𢧈	E
𦢎	E
朜	E
脝	E
㬿	E
𦟨	E
𦚳	E
𦜈	E
𦠣	E
𧧞	E
𧱦	E
𦜢	E
𢒔	E
𦟟	E
𦚫	E
𦙴	E
𢽚	E
𣎀	E
𠂪	E
𩥔	E
𦜟	E
𦠢	E
𦜝	E
臍	E
剢	E
𠚵	E
䑋	E
𣍵	E
𦟏	E
𦡣	E
𧰵	E
䐧	E
䐔	E
𦜏	E
𧱚	E
脉	E
豟	E
𢁁	E
𧱧	E
䳮	E
臕	E
𦙅	E
㤂	E
𢜑	E
𦜛	E
胲	E
豥	E
膔	E
䑉	E
𣎪	E
𦝞	E
𦠸	E
𦛥	E
𦝉	E
𩳥	E
𣂡	E
𦣆	E
𣎓	E
𤔡	E
𢽴	E
𦜍	E
𨸍	E
朖	E
𦟛	E
𧱿	E
膅	E
𧱵	E
脺	E
䲯	E
腋	E
膟	E
𧲀	E
胘	E
﨤	E
𦢵	E
𡑢	F
𩆏	F
𡍌	F
𡓅	F
𡔥	F
𢨎	F
𩅁	F
𢦛	F
韯	F
𢧨	F
墈	F
𡑷	F
䨢	F
𢨆	F
𩅰	F
𡊸	F
㙋	F
鼖	F
㘽	F
㦳	F
雸	F
𤮻	F
坩	F
㔺	F
䨣	F
墸	F
𠦡	F
𡒹	F
𩆺	F
壒	F
𨙀	F
𡎡	F
墷	F
臷	F
𩁿	F
𢧭	F
𧯥	F
𧯧	F
𩃿	F
𥅰	F
𡐖	F
壏	F
𡔑	F
𡉪	F
塻	F
𩄻	F
㫩	F
𠛟	F
蛓	F
𢨣	F
𡑪	F
堰	F
𨚵	F
𡒣	F
𢧑	F
域	F
墐	F
𢧜	F
𡮃	F
塸	F
𠄾	F
㙺	F
𪃘	F
𪅫	F
壦	F
𡔃	F
𤱱	F
𥁫	F
載	F
𢞨	F
𥅤	F
䵧	F
㙹	F
𩆠	F
𩆪	F
戴	F
𢿠	F
𥀢	F
霙	F
𡎘	F
𡍙	F
𡑵	F
翸	F
𣯻	F
䴅	F
賁	F
墴	F
歕	F
胾	F
𡍝	F
㙢	F
𡎴	F
𩀴	F
𦐫	F
𩄓	F
烖	F
靀	F
𡒯	F
𨒍	F
尭	F
墆	F
𩅨	F
𡐺	F
䳣	F
𡏗	F
𠧂	F
㢤	F
㦲	F
㘷	F
𢎇	F
𢦼	F
𧟭	F
酨	F
䫙	F
𪄐	F
枽	F
桒	F
𣤂	F
𡓽	F
𡓄	F
𡏏	F
䘁	F
𧓤	F
𧕾	F
塔	F
𡒝	F
塂	F
塨	F
䳒	F
𩿜	F
𢧇	F
𡍆	F
埖	F
垬	F
𦀂	F
𧧬	F
塃	F
𢦷	F
𡓳	F
𡐦	F
𩅡	F
䨸	F
𠚛	F
𡒽	F
䨯	F
𦘏	F
䨡	F
𡍅	F
𡏈	F
𡥇	F
𡐄	F
𩄛	F
𩂗	F
𩂻	F
𨑿	F
逇	F
𡒘	F
𠦰	F
𡍢	F
霳	F
𨍔	F
𩄐	F
𡑖	F
𩅥	F
𩆰	F
壣	F
𡑜	F
𥨜	F
𡍊	F
𡊯	F
弆	F
叝	F
㘧	F
䢵	F
霿	F
𨙸	F
𨚫	F
𩄯	F
霱	F
𩅗	F
𩅬	F
霧	F
𠡺	F
雺	F
霚	F
㙍	F
墋	F
𦜚	F
𩅙	F
𡑐	F
𥢮	F
𩃃	F
䪺	F
頍	F
叆	F
埇	F
𠬉	F
𡋡	F
𠫳	F
𠬑	F
𢺸	F
𠦊	F
𠞗	F
𥂊	F
𡕮	F
𩇘	F
𠬃	F
𤿜	F
䖔	F
䨶	F
𠫴	F
刦	F
𠚽	F
朅	F
𡌺	F
𨙾	F
坮	F
𠝛	F
𢻋	F
唟	F
𢍞	F
𥂇	F
𨜴	F
𢾩	F
䂲	F
盍	F
𥁈	F
𩄙	F
𩇍	F
䫦	F
劫	F
𪁍	F
攰	F
𡝔	F
𣣹	F
𠬒	F
𢺶	F
𩆹	F
𧴳	F
鼁	F
𡎖	F
𣱉	F
𥽤	F
迲	F
𨑤	F
𠬕	F
𠬖	F
𪉂	F
𠫾	F
𢻈	F
㰦	F
䰟	F
𠬈	F
𤙏	F
𢫀	F
𠳌	F
𩓠	F
𣐂	F
𡋠	F
𠭐	F
𤳗	F
𤳛	F
㲍	F
𪚸	F
𣘂	F
攳	F
𡛍	F
刧	F
叇	F
𢭋	F
刼	F
𩔩	F
䲰	F
鳷	F
𩿟	F
𩿹	F
埈	F
𢺺	F
䧴	F
𠇌	F
𣫱	F
𠄴	F
𠬇	F
堶	F
𡍟	F
𡍲	F
𩂔	F
坺	F
𡉞	F
𡓃	F
㙽	F
𡐯	F
𡊘	F
䨖	F
𡎁	F
㙊	F
𡍋	F
堐	F
𡏌	F
𡊌	F
垮	F
㙳	F
𩄀	F
㙎	F
堿	F
𡔐	F
𡐤	F
墄	F
𡏘	F
靊	F
䨮	F
𡋃	F
𡎋	F
𨟛	F
霏	F
𠁗	F
𡔭	F
𡋦	F
𠟜	F
𩃗	F
𡍿	F
雳	F
壥	F
𠧍	F
䰰	F
𥀫	F
堧	F
㘵	F
𠟺	F
𡑂	F
𠣉	F
顬	F
颥	F
𩆣	F
𩆊	F
䨲	F
頇	F
顸	F
𩂒	F
𩃄	F
墭	F
𡒤	F
𩂟	F
垯	F
塽	F
𡕁	F
埼	F
𩃤	F
𩆝	F
垹	F
壢	F
靂	F
𡑬	F
𩅩	F
𡓺	F
㙩	F
𩅱	F
㙭	F
𡌇	F
𡒜	F
埲	F
𩃳	F
堾	F
𩄄	F
𩃼	F
埉	F
𡎌	F
𡉋	F
𡊀	F
䨗	F
垺	F
𡎠	F
𡎽	F
𡏪	F
𩅺	F
𡐐	F
䨜	F
霾	F
𦝸	F
埓	F
𡍛	F
坥	F
𣪎	F
𨙤	F
𠦹	F
𡐌	F
𡏠	F
霢	F
𡏟	F
𣐟	F
垜	F
埰	F
𡐮	F
塪	F
𡏛	F
霡	F
雭	F
𠄦	F
㙇	F
𦷁	F
壩	F
𧆚	F
𦹒	F
𩆧	F
𦻳	F
𦶻	F
𦻵	F
墳	F
𩔎	F
𦵃	F
𦷧	F
𦹕	F
𧃂	F
𧆋	F
𨗸	F
𨘦	F
𨯍	F
𧁟	F
𦴻	F
𦻙	F
𦻚	F
𦶪	F
𦻡	F
邽	F
邿	F
𦴬	F
𧁠	F
𦶽	F
𧂺	F
𧃿	F
𦻛	F
𦶬	F
𧃎	F
𦽵	F
𧂹	F
𩃌	F
𩃷	F
𨝽	F
䨺	F
𩃶	F
𩅣	F
𩇔	F
𦲞	F
䨭	F
霴	F
𠟙	F
𩃸	F
𩆦	F
𠄳	F
𡏖	F
靅	F
霒	F
霕	F
𩃬	F
𩅝	F
𩅾	F
霼	F
𪆚	F
靆	F
𨗠	F
𦶿	F
𧄋	F
靉	F
雲	F
𩂏	F
𡊋	F
𡊛	F
𩃠	F
𦻥	F
𦵁	F
𪙓	F
𦴺	F
𦵀	F
𧄂	F
𥒐	F
𦲒	F
𧂱	F
𦴼	F
𦾁	F
𦾅	F
壖	F
𦴱	F
𦾀	F
𧁜	F
𦻹	F
𦿲	F
𧂲	F
𧂾	F
𨘎	F
𦴹	F
𦿱	F
𡌤	F
𦷃	F
𧀂	F
𧃇	F
𦻿	F
𧂿	F
𧄅	F
𦷒	F
𦻝	F
墵	F
𢿣	F
𣫁	F
𥀂	F
𦲔	F
𧛜	F
㙓	F
土	F
垚	F
堼	F
壵	F
鞤	F
𠦪	F
𡎈	F
𡭄	F
𦿳	F
𧃻	F
𧅎	F
𡋣	F
幇	F
幫	F
犎	F
𥋈	F
𧁏	F
𡔔	F
𡮾	F
𦂌	F
𧁞	F
𠟋	F
𣇸	F
𦻘	F
𧑣	F
𠓘	F
𠦃	F
𠦄	F
𦲆	F
𠢩	F
𧁖	F
顤	F
𦹘	F
𧶚	F
𧹅	F
翹	F
𩇌	F
䴃	F
遶	F
𨓄	F
𨘏	F
𨘫	F
㚁	F
堯	F
墝	F
𠒖	F
𡗉	F
𧢬	F
𨩓	F
㨍	F
𣕫	F
𡓖	F
𢿲	F
𦶫	F
㜂	F
𡜦	F
封	F
𩀸	F
𦿩	F
𦴵	F
𦴿	F
𦿰	F
𧄁	F
𧄬	F
𦻰	F
𡋌	F
𦹆	F
𦹊	F
𦻠	F
𦻢	F
𧂴	F
𦲕	F
𦶾	F
𦲐	F
𦲑	F
𧁝	F
𧅑	F
𦹗	F
𤬿	F
𦲖	F
𦾂	F
𪃤	F
𧃹	F
𦹙	F
𦾄	F
奊	F
𦻱	F
𧁡	F
㪈	F
𦻞	F
𦿥	F
𧁻	F
埴	F
𦵉	F
𦵄	F
𦵅	F
𨙊	F
𧠹	F
𦴲	F
𦾪	F
𦿧	F
𩄚	F
卦	F
𦶷	F
𦻭	F
𦴮	F
𦴷	F
𦹈	F
𦻟	F
𦽷	F
𧁕	F
𧄩	F
𦴸	F
𦶶	F
隷	F
𦶵	F
𦶼	F
𧎹	F
𦽾	F
𧁔	F
𦲉	F
𧁑	F
𥻳	F
𧁛	F
𧅐	F
𧅒	F
𧡘	F
𦻜	F
𦽼	F
𧃾	F
𦴴	F
𦲍	F
𦿭	F
𡊆	F
𡌋	F
𦹏	F
𧃀	F
𦿡	F
䨪	F
𡏞	F
𦽹	F
𩄢	F
㘫	F
刲	F
𡉨	F
𦾌	F
𦿹	F
䨍	F
𦾧	F
𦵆	F
墘	F
𧁢	F
𣓇	F
䖯	F
𦵈	F
郌	F
𡒡	F
𦾆	F
𪔌	F
𡐶	F
𡋥	F
𧄪	F
𧷩	F
𦹛	F
𧅧	F
𦻸	F
𦾈	F
𦽺	F
𧁤	F
𦷆	F
𦾊	F
壊	F
𦴠	F
𦻼	F
𦶭	F
𦹌	F
𧔐	F
劸	F
𦲿	F
𦴾	F
𦵇	F
𡎜	F
𩄑	F
𦾇	F
𦿴	F
𦻷	F
𦿦	F
𦻻	F
𨖘	F
𦹚	F
鼃	F
𤦡	F
𦻪	F
鄠	F
雩	F
𦲚	F
壔	F
𦹉	F
𦽸	F
𧁚	F
𧂸	F
𩅞	F
𦐰	F
𦴫	F
𧄀	F
𦹖	F
𪄮	F
𨖜	F
𦲜	F
恚	F
𦽽	F
𧆁	F
霊	F
𦲊	F
𦲌	F
𡋽	F
𡋯	F
𦴯	F
𦶺	F
𦥂	F
𦵞	F
𦿠	F
𦿢	F
𦲋	F
𩄜	F
𡐉	F
𡐬	F
𦻩	F
𪓤	F
𡍧	F
𡋼	F
𦹎	F
𦾉	F
𦲎	F
𦶴	F
𦶨	F
𩄿	F
㙪	F
𦶲	F
𦶳	F
䨌	F
𡍡	F
𡑽	F
𧀀	F
𦴭	F
𦲇	F
𦴳	F
𦻦	F
𦻨	F
𩃇	F
𦿻	F
𦿼	F
𧃃	F
𦾍	F
𧃆	F
𦻤	F
𩃾	F
𡌲	F
𦲡	F
𦷐	F
𧄭	F
𦲥	F
坃	F
𧃅	F
㰪	F
𦷈	F
𧅷	F
𦷇	F
𦴽	F
𦻴	F
𦲟	F
𦻲	F
𦾃	F
𦲠	F
𦷀	F
𦲏	F
𦵂	F
𦽶	F
𦻽	F
𦻣	F
𧃺	F
𧄨	F
𧂼	F
𦽿	F
𦲓	F
𦿪	F
𡌉	F
𧁩	F
𧁨	F
𧅨	F
𦵝	F
𦶯	F
𦼄	F
𧁗	F
𧂵	F
𧄫	F
𧅏	F
𦷑	F
𧁬	F
𧁮	F
𧄇	F
𦿾	F
𧄃	F
𦷂	F
𧀁	F
𦹝	F
𦼁	F
𦿨	F
𦹟	F
𦿽	F
㘼	F
𡓀	F
𦼀	F
𧄄	F
𦿺	F
𦲩	F
𦹞	F
𦲢	F
𦵌	F
𧂻	F
𧄆	F
𦷏	F
𦾎	F
𦷍	F
𡋎	F
𦶰	F
𩅯	F
𩇇	F
𦲦	F
𧃄	F
䶬	F
𪚝	F
𧁙	F
𦻶	F
𨴚	F
𩆔	F
𦻺	F
𦿮	F
𦻾	F
𧅶	F
墙	F
𦶩	F
墶	F
𡐿	F
𦿯	F
𦶸	F
𧄱	F
𧃁	F
𦶱	F
𦿵	F
𩅀	F
𢍠	F
𦲗	F
𦲛	F
𦲪	F
𦷄	F
𦴰	F
𧁘	F
𩃹	F
𡐅	F
𦹓	F
𦲙	F
𦴟	F
𦵎	F
𦲣	F
𧂰	F
𨖗	F
𣔘	F
𦲝	F
𦲨	F
𠜤	F
𦷉	F
𦷼	F
𦷊	F
𦹜	F
𦲧	F
𦲈	F
𦹍	F
𦻧	F
𦽻	F
𦼂	F
𦵋	F
𦼃	F
𩅮	F
墻	F
𦷌	F
𧄮	F
𧅔	F
𦷋	F
䳏	F
𦹇	F
𧁪	F
𦷎	F
𧁫	F
堎	F
𦵍	F
𡓘	F
𩅚	F
𦼅	F
𧁭	F
𣫴	F
䵷	F
𦷅	F
𧁯	F
𧔏	F
𦵊	F
𧆎	F
𦿿	F
𦹔	F
𦹐	F
𦻫	F
𦹑	F
𦿣	F
𦿤	F
𧅴	F
𦵖	F
𧂷	F
𦿫	F
𦶹	F
𦻯	F
𧃽	F
𦿬	F
𧂶	F
𦻮	F
𦻬	F
麉	F
𧆅	F
𧆍	F
𩃋	F
𡋱	F
𩂽	F
坉	F
𩂄	F
𡍞	F
𩂉	F
㙛	F
䨝	F
埥	F
埔	F
埡	F
𩁹	F
𨖛	F
干	F
䥅	F
𨫹	F
士	F
𤮷	F
墕	F
雫	F
𣤼	F
圷	F
寸	F
雨	F
𡊕	F
坯	F
𡋮	F
𣏄	F
𩂆	F
塼	F
𩅂	F
垣	F
埬	F
㙧	F
𩅸	F
𠦽	F
𩄪	F
𩂼	F
𡔓	F
𩃘	F
㚂	F
𡓟	F
𩂺	F
𡓐	F
堛	F
𡓒	F
𩆘	F
𤎪	F
𩅘	F
𩂲	F
壃	F
堜	F
𡎩	F
𩂴	F
𡐋	F
𩄾	F
𡔉	F
𡎕	F
𤬪	F
𩂳	F
𡋫	F
𩂁	F
𩃴	F
𡊻	F
𩂶	F
𩄁	F
𩄰	F
𡏫	F
𡑙	F
𡏼	F
𡊉	F
𩃖	F
霋	F
𩃨	F
𡒚	F
𡏀	F
坘	F
塐	F
䨑	F
𡉬	F
𡊩	F
㚀	F
𡒾	F
𧼒	F
𧾛	F
𨛚	F
𡑾	F
𡔎	F
𧺧	F
𧻪	F
壉	F
𢦒	F
𧚝	F
𧺱	F
𧽹	F
𧾆	F
𡎪	F
𧽡	F
墟	F
𧻔	F
𧼑	F
𧽮	F
𨠾	F
㙤	F
𠄱	F
𡎍	F
趞	F
𢧬	F
𢧸	F
𢨢	F
𧾯	F
𠳆	F
壚	F
𧾲	F
𨌏	F
𩆴	F
㙈	F
𡓰	F
𧺹	F
𧺿	F
𩆾	F
𤈮	F
𡐸	F
䞪	F
𣒭	F
𧽅	F
𩆱	F
𧽾	F
趪	F
𢨚	F
𦛹	F
䞖	F
䟒	F
𧺙	F
𠟳	F
𧺖	F
𧼟	F
趉	F
𧼈	F
𧺐	F
𧺏	F
𧺥	F
䞵	F
䟃	F
𧻹	F
𧺉	F
𧽙	F
𧽻	F
䞻	F
𧾋	F
䞭	F
𤿊	F
𧽁	F
𧺺	F
䞠	F
𧼪	F
𧼸	F
䞥	F
𧻀	F
𧽆	F
𧽘	F
𧾞	F
䟐	F
𧼞	F
𧽽	F
𧻙	F
𧼘	F
𩒞	F
𧼎	F
𧾔	F
𧻗	F
𧽕	F
𧽺	F
𧾤	F
𧾳	F
𧻘	F
𧻵	F
𧽸	F
䞯	F
𧼋	F
𧽃	F
𧽎	F
𧽶	F
𧽨	F
𧻞	F
𧻾	F
𧼙	F
䞚	F
𧺷	F
𧺑	F
𧺔	F
𧽚	F
䞨	F
𧽝	F
䟈	F
矗	F
𠧥	F
𧺗	F
𧼂	F
𧼌	F
𧾜	F
䞽	F
𧻇	F
䞸	F
赶	F
趌	F
𧼼	F
𧾮	F
䟎	F
𧾥	F
䞰	F
趬	F
䞗	F
𧼔	F
𧽍	F
𧽓	F
𧻩	F
䟌	F
𧺘	F
𧻱	F
𧽬	F
𧽭	F
𧾗	F
𥄂	F
𧽢	F
𧺳	F
𧻚	F
𧼉	F
䞙	F
垰	F
𧺒	F
𧺡	F
𧻈	F
䞜	F
趚	F
𧻕	F
𧼓	F
趔	F
𧼕	F
𧼤	F
𧻳	F
䟄	F
䞛	F
𧺪	F
𧽞	F
趰	F
𧺰	F
𧻿	F
𧻑	F
𧺦	F
䞝	F
𧻷	F
𧾝	F
𧾩	F
𧾵	F
𧺠	F
𧻃	F
𧽀	F
䟊	F
𡍍	F
𠦾	F
𧼝	F
趠	F
趈	F
𧾧	F
𨕍	F
𧡚	F
𧼊	F
𥈜	F
𧼥	F
𧺼	F
𧽐	F
𧾕	F
𧾱	F
𧾢	F
埱	F
趙	F
𧻟	F
𧺵	F
𠠄	F
𥊢	F
趒	F
埗	F
赻	F
𧻯	F
𧽟	F
𧾂	F
䟂	F
𧺝	F
趕	F
𧻲	F
𧻼	F
𧾉	F
䞡	F
趧	F
𡍎	F
𧺈	F
𧼹	F
𧼨	F
𧽰	F
𧾈	F
𧽱	F
䞶	F
𧼮	F
𧼺	F
𧽉	F
𧻭	F
𧺚	F
𧼻	F
坫	F
趗	F
𧽫	F
𧽛	F
㼭	F
趮	F
𠛽	F
𧻍	F
嗭	F
𧼫	F
𧾎	F
䟆	F
𧽲	F
䟉	F
𧻢	F
𧻒	F
𪉩	F
塷	F
𧽯	F
𧼐	F
赲	F
趩	F
𧺢	F
𧾖	F
𧻉	F
𧽌	F
𧼀	F
𧽧	F
𧼗	F
𧼴	F
䞴	F
赸	F
𧺸	F
𧼽	F
趓	F
𧽊	F
𧺋	F
𧻣	F
𡎞	F
𧺬	F
𧽠	F
𧻎	F
𧼲	F
趐	F
𡌴	F
𧻡	F
赳	F
𧺨	F
䞷	F
䵺	F
悳	F
趘	F
𧺽	F
𩆆	F
𪔄	F
𧼜	F
垆	F
惪	F
𧾑	F
𧺇	F
赽	F
𧾌	F
𧾰	F
𧽈	F
趯	F
𧺫	F
𧺩	F
𧼭	F
𧽔	F
𧾠	F
趤	F
𧾨	F
𧺟	F
赿	F
䨘	F
𧻜	F
趛	F
𧼵	F
𧼡	F
𧻺	F
𧻏	F
𧻶	F
趂	F
𧻦	F
𧼇	F
𧼢	F
𧻛	F
𧽄	F
䞤	F
𧽖	F
垷	F
𧼾	F
趜	F
𧼃	F
䨳	F
趍	F
𧻌	F
趨	F
𧼬	F
𧾣	F
赹	F
趋	F
𧺤	F
赼	F
䟋	F
趆	F
𧺓	F
𧺕	F
䞟	F
𧼠	F
䞹	F
𧻁	F
䞺	F
𧼣	F
趎	F
𧼷	F
䞧	F
赾	F
䞾	F
𧺞	F
𧻸	F
𧾐	F
趃	F
䞣	F
𧽳	F
𧾇	F
𧾬	F
𧽤	F
𧽼	F
𧼛	F
𧺶	F
𧼶	F
𧾅	F
𠬼	F
𧻝	F
趏	F
𧽒	F
𧾁	F
䞬	F
𧻖	F
䞢	F
𧺛	F
𧺴	F
𧼩	F
𧻊	F
𧻤	F
𧾓	F
𧻥	F
𧽵	F
𧾦	F
𧼆	F
𧻽	F
𧽂	F
𧾶	F
䞦	F
趫	F
𧻰	F
趲	F
𧾫	F
䞘	F
𧻮	F
䞲	F
趀	F
𧼅	F
𧼱	F
𧾘	F
𧼰	F
𣤳	F
䟍	F
𧾟	F
䟀	F
𧻓	F
𧼚	F
趇	F
𧽑	F
𧽦	F
𧾪	F
﨣	F
𧺯	F
𧺾	F
𧽿	F
趥	F
𧽣	F
𧾃	F
䞳	F
趦	F
𧼦	F
𧾒	F
𧻨	F
趑	F
𧽏	F
𧺜	F
𧻆	F
𧻠	F
趢	F
𧽷	F
䞫	F
𧼍	F
䟁	F
𧺎	F
𧻫	F
𦠶	F
䟑	F
𨝊	F
𧺭	F
𧻋	F
趁	F
趖	F
𧼄	F
𧺌	F
𧺍	F
𧼯	F
𧾀	F
䞩	F
䞱	F
𧽜	F
顛	F
颠	F
㥲	F
赺	F
趝	F
𣰘	F
趭	F
鷏	F
𧽋	F
𧽪	F
𧾴	F
𧾄	F
䞮	F
𧾊	F
𧺮	F
㒹	F
𧺣	F
𧾏	F
𧾚	F
埧	F
趡	F
𡎵	F
䞼	F
䞞	F
𡋳	F
𡏨	F
䟏	F
𡍥	F
䟇	F
𧺊	F
𧺲	F
𧼏	F
𧼿	F
𧽗	F
𧻴	F
𧻐	F
𧻧	F
𧾙	F
𧾡	F
𧻄	F
𧾍	F
㱐	F
𡬝	F
𧼁	F
𧽴	F
𧼳	F
𧺻	F
𧽥	F
䨰	F
𡐵	F
霮	F
𡠃	F
霟	F
𩇋	F
𡥒	F
𨚘	F
𩃦	F
𦗱	F
𩄼	F
靋	F
𩄋	F
𤳡	F
𩑵	F
𩓊	F
𣚺	F
𠎶	F
霪	F
𡌔	F
𠝁	F
𣠕	F
𥘖	F
𢿷	F
䨟	F
𩅠	F
𩆩	F
祘	F
𡎓	F
𣗓	F
𩅻	F
𣯕	F
𩂧	F
𩂷	F
䨕	F
𩅿	F
𥜬	F
𣕓	F
𢼗	F
𤿖	F
霑	F
𣯷	F
䙿	F
𠞲	F
𣜾	F
𣳕	F
𩆓	F
𣆇	F
𡌩	F
𠛐	F
𩅳	F
𪇚	F
𩆭	F
㖝	F
𧔵	F
𣒠	F
𩅌	F
𣑜	F
埫	F
霘	F
𡏶	F
𩅵	F
𩅹	F
礼	F
𩆸	F
𩃯	F
壋	F
𠧁	F
𩅴	F
𩂸	F
𡐃	F
霃	F
𡑄	F
𩃱	F
䨔	F
雿	F
𦫕	F
𩃁	F
𩆎	F
垗	F
垙	F
𩄬	F
𩲡	F
𩄂	F
𡐘	F
𩆍	F
𩆤	F
𩅪	F
䨵	F
䨬	F
霂	F
𢍛	F
孷	F
𡥽	F
𩃰	F
𪘻	F
𠭰	F
𢿍	F
𠩺	F
䨙	F
釐	F
𢿂	F
𩅅	F
㹈	F
犛	F
𢄡	F
𢿄	F
漦	F
𣸗	F
㲠	F
氂	F
𢟤	F
𥼋	F
𩺸	F
𪅗	F
𣘬	F
𣁛	F
剺	F
𡟋	F
斄	F
𣁟	F
𧩥	F
𩃜	F
霶	F
垱	F
𩅕	F
𩃵	F
霗	F
𩃍	F
𩆀	F
塉	F
𠇠	F
𩿲	F
𩿷	F
𩆯	F
霐	F
䣇	F
𩃎	F
皳	F
𣪋	F
𩣗	F
裘	F
𩛰	F
𡌊	F
霔	F
𤨣	F
𪉌	F
𨁛	F
𣠖	F
𧋛	F
𧒔	F
盚	F
𠡟	F
𩒮	F
慦	F
𢚡	F
𣭳	F
𣰐	F
𤈿	F
𪁖	F
逑	F
𨘑	F
䥭	F
𨭻	F
𣗲	F
救	F
㐜	F
𩃚	F
𠂃	F
𤥲	F
𩂬	F
𢤏	F
𡌕	F
𨙷	F
𣎠	F
𡌒	F
𪆘	F
𨗛	F
𢒈	F
壜	F
坓	F
塒	F
𡉝	F
𧂽	F
㘿	F
垾	F
韩	F
㐩	F
𠜚	F
𠦈	F
亁	F
𣏟	F
𢽳	F
埘	F
𩆉	F
𠀎	F
冓	F
斠	F
𠦒	F
𡑆	F
堤	F
𠨊	F
𩄕	F
𣙈	F
𠝆	F
𠞣	F
𠢉	F
顜	F
𪃺	F
遘	F
𨔸	F
覯	F
觏	F
場	F
𣘒	F
坤	F
𢆍	F
𠄺	F
𣲜	F
汬	F
𣊼	F
㓝	F
𩅟	F
𠄊	F
霷	F
𧓑	F
𠐱	F
𩅍	F
𩄅	F
塭	F
𠢂	F
𡑦	F
堣	F
電	F
䎐	F
韓	F
乹	F
𢗏	F
𧌚	F
䨠	F
堨	F
𪈑	F
𡒧	F
𩃮	F
𣂕	F
𣂗	F
𣸕	F
𩃟	F
堁	F
𨝌	F
𨝝	F
𣎍	F
𦩻	F
𩄆	F
𩏑	F
𠢇	F
𧹳	F
𩅆	F
𢾳	F
𨢈	F
𡎣	F
刱	F
𠛝	F
𢧢	F
䮧	F
𥀐	F
𢒨	F
幹	F
斡	F
𥉏	F
螒	F
𣉙	F
㲦	F
𦒋	F
𩃛	F
鶾	F
𤌹	F
𩹼	F
𩾺	F
𪂂	F
榦	F
𠏉	F
𩙶	F
倝	F
雗	F
𨿨	F
𥾟	F
㙷	F
堒	F
𨚢	F
㣋	F
𡔒	F
𡌁	F
丼	F
𡐹	F
𠛜	F
𣁖	F
𡔦	F
𠺇	F
𤋔	F
𡎎	F
郆	F
𠚌	F
霵	F
𠚓	F
𠶮	F
頡	F
𡏄	F
埍	F
𩔭	F
遠	F
𧑭	F
喆	F
嚞	F
𡅕	F
𡔯	F
𡕇	F
𤎿	F
𩄺	F
𡔣	F
𩔄	F
𪃇	F
塿	F
𡔢	F
𢼣	F
𤿠	F
𠁩	F
𡔲	F
𡕂	F
𡕈	F
𡕍	F
𥆅	F
𡉥	F
露	F
墤	F
壝	F
𡒌	F
𧠯	F
𩃈	F
𣻅	F
㓤	F
𡓥	F
𩆚	F
𨟯	F
㪮	F
䰱	F
𨟮	F
𩆖	F
𩆼	F
𩵀	F
𩵂	F
龗	F
喪	F
𠷫	F
𡃟	F
墠	F
𩂩	F
𩅦	F
𩇎	F
𤫊	F
𡔠	F
𤴤	F
𦃦	F
𠠱	F
𩇄	F
霝	F
𠿧	F
𩆮	F
𩅑	F
𩆕	F
𩆞	F
賷	F
𦉣	F
𩖊	F
堮	F
𡂤	F
𤮮	F
𤮸	F
𤮹	F
𩅐	F
𪛈	F
䴒	F
𪈝	F
䚖	F
𧢥	F
𧢱	F
𩆒	F
𣟘	F
壧	F
𡑇	F
𩆻	F
孁	F
𠠢	F
靈	F
𩇃	F
𩆜	F
㔛	F
𡌀	F
劼	F
𡒼	F
𡔤	F
𠹢	F
𩇂	F
霣	F
埙	F
塤	F
𩃉	F
翓	F
㐖	F
𡱠	F
𡕉	F
迼	F
臺	F
𡌬	F
𡔼	F
𡕊	F
𡔧	F
𩂝	F
欯	F
𣢯	F
𤔎	F
𤫶	F
㙅	F
𥛖	F
𡋿	F
𪔘	F
𪔣	F
𦗭	F
𦗺	F
𪔪	F
䵽	F
敼	F
皷	F
鼓	F
鼔	F
𡔷	F
𪔎	F
𥕽	F
𥖗	F
𥖫	F
𪔐	F
𪔑	F
𪔗	F
𪔙	F
𪔷	F
彭	F
鼚	F
𨲗	F
𩟚	F
𪔜	F
𪔝	F
𪔟	F
𪔤	F
壴	F
尌	F
鼙	F
鼞	F
𡄂	F
𡅤	F
𡒢	F
𣁳	F
𥀷	F
𧄓	F
𧯿	F
𪔋	F
𪔨	F
噽	F
鼘	F
𡅸	F
𥀼	F
𧰒	F
𪔢	F
𪔱	F
𪔴	F
瞽	F
𥌒	F
𧰡	F
𨅘	F
𨆊	F
𪔍	F
𪔔	F
𪔞	F
𡀆	F
𥛱	F
𧯾	F
䶁	F
蟚	F
鼜	F
𧒕	F
𧰘	F
𩙏	F
𪔏	F
𪔖	F
𪔧	F
䵿	F
䶀	F
嘉	F
嚭	F
囍	F
鼛	F
𡅦	F
𡕆	F
𥀾	F
𧯻	F
𧯼	F
𧰀	F
𪔓	F
𪔚	F
𪔦	F
𧰕	F
𪔮	F
𡽌	F
𪔕	F
𪔭	F
𪔵	F
壾	F
憙	F
甏	F
𠃸	F
𢝫	F
𢢶	F
𢤥	F
𧰠	F
熹	F
𤏴	F
𧰋	F
𧰣	F
𪇀	F
𪇞	F
𨔦	F
𪔲	F
䥢	F
𪔛	F
𣞙	F
𪔬	F
𥀻	F
𥀽	F
𪔩	F
𪔯	F
鼕	F
鼟	F
𪔶	F
㰻	F
歖	F
𧰇	F
𧰊	F
𡜩	F
鴶	F
𡌹	F
𡌣	F
霬	F
𩅏	F
𤴞	F
𡓁	F
堌	F
𩂥	F
𩃙	F
㘻	F
㙕	F
𡑰	F
墿	F
𡐎	F
䨻	F
靐	F
𩄽	F
𡐢	F
㙗	F
𡑡	F
𩄇	F
𡔶	F
堽	F
𡌸	F
𢛳	F
𤮚	F
𩂾	F
𣀀	F
𣤺	F
𩅎	F
𨗣	F
𧒜	F
䨓	F
𡊗	F
𡋙	F
𡏁	F
夁	F
㙝	F
𡔁	F
𩄣	F
𩆗	F
㙼	F
協	F
靁	F
𩇓	F
皾	F
𩴺	F
𧸝	F
䢱	F
覿	F
賣	F
𧶠	F
𠠔	F
𣤯	F
𠠠	F
𧸷	F
𠄿	F
𡔰	F
㥁	F
𤱑	F
𠄰	F
䢮	F
𡕃	F
𡍐	F
畞	F
𡐛	F
𡌨	F
𩆢	F
𩃩	F
𨙝	F
𩁦	F
堺	F
𩇁	F
𧷗	F
𪆼	F
𩅉	F
𡏱	F
𩇆	F
𩅽	F
𣓟	F
霻	F
㙉	F
坄	F
堓	F
㙐	F
𡎅	F
雵	F
坱	F
塴	F
𩄨	F
㘱	F
𡉱	F
𩂨	F
霌	F
㱿	F
𡉉	F
𡎷	F
𢤶	F
𣖫	F
塏	F
𩄟	F
𣪗	F
𩅲	F
𡍫	F
𡔮	F
坰	F
𡑟	F
𡕀	F
𢀃	F
垇	F
𡊢	F
𡊐	F
𠦐	F
𡓫	F
𡔘	F
堝	F
𩅃	F
䨤	F
𣣬	F
𩂑	F
𢆟	F
堸	F
𩄏	F
𩖘	F
𠧋	F
𡏯	F
𥀇	F
献	F
𢆥	F
𠄼	F
𦣰	F
𨆕	F
堈	F
𪃢	F
遖	F
𨩧	F
𡐇	F
𠀛	F
埛	F
埁	F
𡑕	F
㘨	F
墔	F
𨜤	F
𧦸	F
坍	F
𨞪	F
魗	F
𡑴	F
𣀓	F
𣫐	F
𡕑	F
壽	F
𢍇	F
𡕐	F
𩕯	F
㦞	F
垊	F
翿	F
燾	F
𪇘	F
𩆽	F
𣝷	F
𣀘	F
𣤫	F
𠠐	F
𨙱	F
堀	F
𡑒	F
𤭩	F
𡍄	F
𩑕	F
𦘼	F
𣼘	F
逺	F
𡊮	F
𡉵	F
墛	F
霨	F
𡉜	F
𡊈	F
𡊓	F
𠜩	F
𡌷	F
𩄥	F
𠄥	F
𡓹	F
𡏺	F
𡎔	F
𩄌	F
堩	F
𡍷	F
𩃆	F
𩄭	F
𦖜	F
霞	F
韨	F
𩐀	F
壻	F
𩄎	F
堳	F
㙔	F
𩏽	F
𩏿	F
𡐆	F
韫	F
𠦗	F
𡊊	F
违	F
𨙉	F
覟	F
𩏾	F
𩃕	F
韬	F
𣤷	F
𩏼	F
韧	F
𡎮	F
𡒛	F
𡑥	F
𡒈	F
𡔬	F
夀	F
𡔽	F
壀	F
𥁄	F
𣫒	F
𣫝	F
聲	F
㲆	F
殸	F
𪔰	F
磬	F
𣫊	F
𥗚	F
𪚣	F
𧤴	F
𤯒	F
𪐕	F
𨢤	F
𣫆	F
𤛗	F
𥊧	F
𩏜	F
漀	F
韾	F
𣍆	F
𣫜	F
𣫣	F
𧏌	F
𧐡	F
㲈	F
毊	F
𡄈	F
𡄒	F
䡰	F
𣪤	F
𣫨	F
𥃟	F
罄	F
㷫	F
𥼆	F
𧹷	F
鏧	F
㿦	F
撀	F
㯏	F
𣫙	F
䅽	F
𪍱	F
㲇	F
𣫤	F
𢐙	F
謦	F
𣫘	F
𩂵	F
𡌞	F
𡍾	F
𦐼	F
𡌟	F
𡔝	F
迃	F
霫	F
𡏽	F
场	F
𠄯	F
塀	F
卖	F
𩅫	F
䬠	F
𡎰	F
𡒸	F
觌	F
㘲	F
𤍌	F
𩿆	F
𪁓	F
𪇟	F
𩂃	F
𡒔	F
𡕋	F
𧷀	F
𡋤	F
𩁾	F
㘮	F
䞑	F
𧹱	F
赧	F
𡓌	F
𡏰	F
𧹡	F
𧹸	F
頳	F
𡘥	F
𧹜	F
𧹼	F
𧹛	F
䞕	F
赭	F
𧹻	F
𧺃	F
䞓	F
𡓙	F
𩆬	F
䨴	F
𧹩	F
𧹯	F
𧹭	F
𡑿	F
墣	F
𧹞	F
赪	F
赬	F
𢠱	F
䚂	F
覝	F
𧡂	F
𧹦	F
𡣅	F
𧹽	F
赨	F
𧹤	F
𧹢	F
𧹶	F
𡓴	F
𤛖	F
䞒	F
赮	F
𧹧	F
䞔	F
𧹠	F
𡑍	F
埮	F
𧺀	F
𩄲	F
𧹟	F
𡓏	F
赩	F
𡑝	F
赥	F
𩄶	F
𧹵	F
𧹥	F
𧹬	F
𧹙	F
𠭷	F
螫	F
𧹰	F
𢟻	F
𣮾	F
𧹺	F
𧹝	F
𩄧	F
𧹹	F
𧹪	F
𧹮	F
𧹿	F
𧹣	F
𪁌	F
赯	F
𧹴	F
𡔺	F
𡒵	F
郣	F
𦫛	F
𦤣	F
孛	F
鹁	F
𩓐	F
愂	F
𠃱	F
𢚦	F
𢟥	F
𢠜	F
𣭷	F
鵓	F
𣕿	F
㪍	F
𣣿	F
㙆	F
鷇	F
𡕎	F
𥑟	F
𢅍	F
蠧	F
𡏾	F
槖	F
𣕣	F
𣫃	F
𧞹	F
𡔻	F
𡔵	F
塚	F
𣪝	F
𣪸	F
塜	F
霥	F
𡑚	F
𡑮	F
壺	F
𥈷	F
𢣯	F
𠒈	F
𡔹	F
𡜌	F
𡒆	F
垨	F
𢧺	F
㜌	F
㝅	F
㲄	F
㲉	F
㷤	F
㺉	F
䍍	F
䐨	F
嗀	F
彀	F
殼	F
瑴	F
皼	F
瞉	F
穀	F
糓	F
縠	F
觳	F
豰	F
轂	F
嗀	F
𣚯	F
𣪊	F
𣪒	F
𣪨	F
𣪳	F
𣪹	F
𣪺	F
𣫂	F
𣫌	F
𣫎	F
𣫓	F
𣫔	F
𣫠	F
𣹬	F
𤚲	F
𥀎	F
𥔳	F
𦎯	F
𧏚	F
𧯸	F
𧹲	F
𩌊	F
𪏙	F
𪕸	F
𥔼	F
𥗣	F
𧞺	F
𧲇	F
𩩬	F
㘾	F
𡔸	F
𣂍	F
𦤼	F
𩌥	F
𩍤	F
塇	F
壸	F
壼	F
𡔳	F
𡔾	F
𨢋	F
埞	F
𤚼	F
𧥆	F
螜	F
𡄻	F
𣪥	F
𥡮	F
𧰝	F
靌	F
𡒨	F
𧶌	F
𧹌	F
𩇉	F
㦤	F
亄	F
愨	F
懿	F
𢡱	F
𢢢	F
𢢿	F
𢦁	F
𢦆	F
𣰺	F
𪕷	F
鷧	F
𪄗	F
𪄽	F
𪆪	F
𪇄	F
𪈞	F
𣡆	F
𢿰	F
𥞤	F
𥡛	F
𪍠	F
𣩉	F
𡠆	F
𡤜	F
㱅	F
𡐔	F
𣨑	F
𩀠	F
𩁡	F
𥃕	F
𡕏	F
𤬗	F
𣀍	F
𧎅	F
𡔩	F
𣓑	F
塓	F
𡏉	F
𢣞	F
𣫗	F
𡄜	F
𡔪	F
壷	F
𤨻	F
𪆑	F
𣓷	F
𢍚	F
𡕅	F
𡔫	F
㚄	F
堚	F
疐	F
𤴡	F
𨂬	F
𡍦	F
𤱿	F
殻	F
𣪛	F
𡔱	F
𡔿	F
𤠼	F
𦎼	F
𡊬	F
𢄬	F
𤛓	F
𣝝	F
𧐜	F
坈	F
悫	F
慤	F
𡊫	F
𪅏	F
𡕄	F
𪇂	F
埦	F
売	F
𣫅	F
㚃	F
㨌	F
𣪬	F
𤜕	F
𣙲	F
𣫈	F
坾	F
𣓼	F
𣐁	F
𣣙	F
垞	F
𢧣	F
榖	F
𣫀	F
𣫉	F
𧞒	F
𥢉	F
𣫪	F
𪇗	F
𡒩	F
𩆳	F
垵	F
埪	F
𡑣	F
𣫇	F
𪃟	F
堗	F
𡔴	F
𩎲	F
𩏻	F
塎	F
𡑛	F
𡔍	F
𡋉	F
靏	F
𪁶	F
𪆉	F
𨘞	F
𤕐	F
堔	F
㙀	F
𣤟	F
坹	F
壱	F
𡒙	F
𦆽	F
𦅕	F
𦃆	F
𡌝	F
坨	F
䨩	F
𡋀	F
𡓾	F
𡓠	F
𢌻	F
𠷱	F
坁	F
𡏝	F
𡋞	F
邧	F
𡊁	F
𡋓	F
堫	F
兘	F
㘬	F
𡉳	F
垝	F
𡎇	F
𩇳	F
㹕	F
頑	F
𡑋	F
㙴	F
𡎾	F
𢒇	F
𡐗	F
埆	F
㒮	F
坖	F
㝴	F
𧐨	F
𧕜	F
𨖖	F
𠒶	F
𡋰	F
𣓢	F
𡊶	F
㒬	F
𩇖	F
𠔧	F
𡊑	F
𡋕	F
刓	F
𠀻	F
𧉗	F
𡊦	F
坸	F
𠒺	F
鼋	F
𠒟	F
𡓦	F
𠠺	F
黿	F
𦧄	F
𠒉	F
坞	F
垉	F
𩆵	F
𡓇	F
𡒇	F
𩅔	F
𡏓	F
𡐚	F
𧷨	F
𡒕	F
𪗄	F
𪓣	F
𣄳	F
𩇒	F
𩵶	F
𡖘	F
𩂭	F
𤕤	F
垑	F
𠒢	F
𡍒	F
䨚	F
𩆡	F
𠒜	F
𩂂	F
圽	F
𩂜	F
𠒓	F
𡊧	F
𩂞	F
𡓯	F
𪓴	F
𩆨	F
𠓕	F
𡉍	F
𡎧	F
𡕠	F
𩄩	F
𢻾	F
㪴	F
𠒻	F
𩐘	F
鋆	F
埳	F
埩	F
𩃊	F
䲮	F
䲶	F
靎	F
䤰	F
𠒞	F
㫄	F
𦫣	F
朮	F
塯	F
霤	F
㽌	F
怷	F
𤇍	F
圴	F
𡉌	F
𡋝	F
𩄔	F
坬	F
𩂡	F
𠄽	F
𡍹	F
䖰	F
𡎆	F
坵	F
堭	F
𠦠	F
㙃	F
𡋂	F
𡉯	F
𡌐	F
𩄷	F
𡏚	F
𡎏	F
𡐾	F
墲	F
𠙓	F
𡍈	F
𡍘	F
𩄫	F
𡉛	F
塊	F
𩳧	F
𩆋	F
𡌗	F
𩃧	F
𡏥	F
𡒻	F
𡍇	F
𩃑	F
𩃂	F
𥏷	F
𡏲	F
墽	F
𩅢	F
𩆙	F
𡒫	F
墂	F
𩆛	F
𡊖	F
𩆑	F
鹴	F
鸘	F
𡐧	F
墰	F
𪑤	F
𩄃	F
䨛	F
𩃲	F
䨷	F
霦	F
𡑲	F
𡑓	F
𩅤	F
𩆥	F
塛	F
𡍚	F
𩃝	F
𠦩	F
𢽓	F
㙘	F
𩃭	F
䨫	F
𡊍	F
䨋	F
𢦔	F
𦒳	F
𡉧	F
圫	F
𡉒	F
𡒬	F
𡦊	F
𨛨	F
𩳔	F
𨙴	F
𡊇	F
𢠛	F
𡦲	F
𡦳	F
教	F
𡓞	F
𡐥	F
𡒁	F
𩆅	F
埄	F
𡐻	F
𡓈	F
墧	F
𥢙	F
塳	F
𩅛	F
垁	F
𩂤	F
郉	F
𩂐	F
圲	F
垳	F
幵	F
𡉦	F
𡌃	F
㘪	F
雮	F
𡋺	F
𨗒	F
𡍪	F
埵	F
堹	F
耊	F
𩃒	F
𡊳	F
𡋨	F
𡓕	F
𡎫	F
㼥	F
壎	F
𤏍	F
𡏣	F
𡏻	F
𩂖	F
垍	F
𩄗	F
𩇐	F
𦒻	F
䀋	F
𪉹	F
𡒞	F
鼒	F
𩂌	F
𩃀	F
㙞	F
𡒳	F
𩂢	F
都	F
䰩	F
殾	F
𢾀	F
𥀁	F
𨜞	F
𡎉	F
𡐙	F
𣂃	F
𦓍	F
𡎟	F
䬡	F
𨇜	F
䘄	F
𧎆	F
䡤	F
䎞	F
乽	F
翥	F
𢝬	F
𤗡	F
煑	F
煮	F
𧺂	F
𪃙	F
𨔾	F
𨗊	F
覩	F
𡗀	F
塲	F
斱	F
𠁂	F
㙏	F
㗯	F
𡳣	F
𩂣	F
垎	F
𡐈	F
塩	F
𥂁	F
㙖	F
䨞	F
𡔄	F
𡋒	F
𡍉	F
𩅧	F
㘯	F
𠠸	F
𤐈	F
𡒠	F
𩂹	F
墺	F
塮	F
㠻	F
𡌖	F
𨪄	F
霺	F
𡌏	F
𩅓	F
𦙩	F
𡓎	F
墦	F
𤆯	F
𩄍	F
耇	F
𦒶	F
𩃻	F
𩲘	F
𦒱	F
𩄦	F
耉	F
𦒷	F
䨱	F
𡐣	F
𡑉	F
𩂫	F
𩄞	F
垀	F
雽	F
𩂓	F
塖	F
𡑊	F
㙡	F
𩛥	F
㙮	F
𩆲	F
𦒺	F
𨚻	F
𩥞	F
𦓜	F
耋	F
𦒼	F
𦒿	F
𣴐	F
耆	F
𦓀	F
𦓊	F
㖈	F
䎛	F
耈	F
𠺛	F
𦒵	F
𦒽	F
𦒾	F
𦓁	F
𦓂	F
𦓃	F
𦓆	F
𦓇	F
𦓉	F
𦒲	F
𦒴	F
㐗	F
䎝	F
耄	F
𣭢	F
𣯆	F
䳓	F
𪀧	F
𪄖	F
𨘝	F
𧡺	F
𦒸	F
𦓅	F
㙁	F
霉	F
𦒹	F
䎜	F
𦓈	F
𦓋	F
𡒺	F
𠹫	F
圦	F
垪	F
𡑌	F
𩂦	F
𡏤	F
𡏦	F
𩄝	F
埢	F
𥀀	F
𡒶	F
𩄤	F
堘	F
垟	F
𡏆	F
𦍒	F
墡	F
達	F
壠	F
靇	F
𪚒	F
𪚟	F
𡑞	F
報	F
騺	F
𠅀	F
𢻏	F
𢽞	F
𤿹	F
𦎷	F
壌	F
褺	F
墊	F
𠦧	F
𡎃	F
𢆪	F
𦥎	F
㘰	F
䠟	F
坢	F
𢅲	F
𤴢	F
𥊍	F
漐	F
縶	F
蟄	F
𣊓	F
𣊮	F
盩	F
𥂎	F
𥂕	F
𥃁	F
𨎌	F
贄	F
㼬	F
慹	F
䲀	F
鷙	F
𤍠	F
逹	F
𨝜	F
䥍	F
摯	F
𢱬	F
𢵨	F
𣙗	F
𢆧	F
𡠗	F
𡡘	F
執	F
瓡	F
謺	F
𠙜	F
𡎤	F
㙚	F
㙿	F
墥	F
𩄒	F
堷	F
墹	F
墇	F
𧖔	F
𩅈	F
𡏡	F
𡓲	F
𩄱	F
𩅊	F
𩇧	F
𡏿	F
𩅇	F
㙥	F
㙂	F
増	F
啬	F
墑	F
𡋁	F
𨟘	F
𡌶	F
𡐭	F
𤌎	F
𨴙	F
𡐁	F
䨦	F
塝	F
𠒀	F
𡊪	F
𩆂	F
𩆃	F
壛	F
䨏	F
𡋟	F
墫	F
壿	F
𡎑	F
𩄳	F
𡏊	F
𩄡	F
䨧	F
塧	F
霠	F
𩆇	F
𨶄	F
𡌡	F
赱	F
𡕌	F
𡏷	F
𡑎	F
𩅷	F
𩄹	F
𨘍	F
𩄮	F
𡌈	F
𡒂	F
𡍤	F
垏	F
𡉻	F
𡋶	F
𡎗	F
壗	F
㙌	F
𡐡	F
𠦙	F
𡍖	F
𠞯	F
𡏮	F
𩂰	F
𡊱	F
𡒏	F
𡓍	F
𡍗	F
𡐫	F
𢘰	F
𤍱	F
𩃏	F
埐	F
𡎹	F
𨖝	F
㙾	F
堄	F
𡐕	F
𡑱	F
𡑳	F
𩂿	F
堖	F
𠦢	F
𡓤	F
𥿚	F
𣑧	F
𡉕	F
㘺	F
𩂠	F
邞	F
𡌜	F
𢀺	F
塕	F
𡍻	F
𩄘	F
塅	F
𩄴	F
𡒭	F
𩃫	F
垘	F
𩂪	F
䣠	F
鄻	F
鄼	F
𦗙	F
㙯	F
驇	F
𡋗	F
𢺻	F
𢻝	F
𧜼	F
𩇀	F
坴	F
𡋍	F
𢄢	F
𢅮	F
𨄧	F
𩃡	F
𩰿	F
暬	F
𠟆	F
勎	F
勢	F
輦	F
辇	F
𨎐	F
䞇	F
賛	F
𩕗	F
𩕜	F
𢟯	F
𤭝	F
𤮅	F
熱	F
燅	F
鵱	F
𤍽	F
𤎮	F
𩻉	F
逵	F
𨘧	F
𨘪	F
𨫔	F
𨬝	F
摰	F
𢴸	F
𢸧	F
槷	F
𡎐	F
𡓻	F
𩂛	F
𡠦	F
𡢂	F
𩃓	F
𩅒	F
㚘	F
坿	F
埶	F
𣁞	F
𧭃	F
𨿲	F
𩁀	F
埨	F
𡓂	F
𡎝	F
𡋄	F
堬	F
𡑭	F
𩆁	F
䨐	F
垥	F
墖	F
墱	F
霯	F
𧯟	F
𧯣	F
𡑯	F
𩅼	F
𡦑	F
𢻳	F
𡙭	F
鬹	F
䨹	F
𤍮	F
𪄯	F
規	F
槼	F
嫢	F
𠴅	F
𡊒	F
𩄉	F
圿	F
𩃪	F
𤾞	F
堢	F
𤱒	F
𡐑	F
𨎑	F
𡍬	F
𧷏	F
𧸇	F
𩆫	F
𨙋	F
𨙜	F
𡍰	F
𪓗	F
鬶	F
𩃥	F
𩖬	F
椝	F
鼀	F
𣤶	F
堠	F
𩃺	F
垖	F
𡌙	F
塢	F
䨨	F
塠	F
𢗤	F
㙸	F
𡑗	F
𩂎	F
𩂙	F
𡌠	F
𩃐	F
𤏠	F
𩂯	F
𩄸	F
𧤂	F
𠡭	F
𡏜	F
夌	F
𣣋	F
𡌘	F
𡏧	F
𩆈	F
雰	F
𡑩	F
𡎛	F
坋	F
䲧	F
鳱	F
𪂕	F
𩅋	F
𡏭	F
𡝉	F
𩃔	F
𩃢	F
𨞢	F
𢿿	F
𪍢	F
𡘖	F
䘮	F
𡌚	F
𡓨	F
𩆷	F
𪍖	F
𢂯	F
𠟩	F
𠟴	F
嗇	F
﨏	F
𪌦	F
𠢳	F
𤲷	F
賫	F
𧶐	F
𩕡	F
𡌱	F
𡐟	F
鳺	F
𡕲	F
𢾶	F
𪌝	F
㱇	F
𡔡	F
𠭕	F
𨾚	F
墢	F
𨞖	F
𨟓	F
䨥	F
坽	F
零	F
𩄈	F
𩆿	F
𩇈	F
𤣅	F
霍	F
𧥽	F
䧲	F
𨄟	F
𠟨	F
𠠛	F
𠠰	F
𡌢	F
坅	F
埝	F
𡓋	F
𦒧	F
𩂇	F
䴇	F
靍	F
鸖	F
𤍫	F
𪅧	F
𨖫	F
𨗺	F
𨘾	F
㙫	F
𣙇	F
㱋	F
𡑨	F
靃	F
𩁎	F
𡑏	F
𡑹	F
䨎	F
㙣	F
毐	F
𩅭	F
𩄖	F
堟	F
𢏘	F
𡉶	F
塡	F
𩄠	F
𡋔	F
坲	F
𩂕	F
𩄵	F
㘭	F
𤈔	F
𡓡	F
𩇏	F
㙄	F
㘩	F
堦	F
㙨	F
霛	F
𡎭	F
𡔖	F
壪	F
𡍨	F
𧄲	F
𩇅	F
墌	F
壙	F
墎	F
霩	F
埻	F
垴	F
垿	F
堉	F
𡊿	F
𡍕	F
𩂱	F
𩄊	F
𡓜	F
𡊲	F
𡒅	F
𡌽	F
𡌮	F
𢡷	F
𡌿	F
𡔋	F
㙻	F
霽	F
𡏂	F
𡓑	F
霭	F
靄	F
𩆶	F
𩇊	F
𩇑	F
壞	F
𡐴	F
𡓣	F
壇	F
𡍠	F
𡒄	F
壈	F
𩆐	F
𡌾	F
㙵	F
𡊔	F
塙	F
𡎚	F
𡒲	F
𩃞	F
𩅶	F
𡐝	F
𡉴	F
垓	F
塶	F
𡔙	F
𡔚	F
𩅄	F
𡍀	F
𡍣	F
塆	F
𡐒	F
𡍓	F
𡊾	F
𡒷	F
𡍔	F
𩆌	F
𡍩	F
㙟	F
埌	F
𩅜	F
墉	F
𡐓	F
𡌻	F
𡓊	F
埣	F
𡎻	F
𩃣	F
𡌧	F
㙲	F
𡊨	F
𩆄	F
𡓔	F
琖	G
𤤑	G
𨛓	G
璂	G
𤪌	G
㻣	G
𤩐	G
𤩒	G
𩀳	G
𡌑	G
𤩀	G
𪔠	G
㦱	G
弐	G
玵	G
𤨛	G
𤨃	G
瓂	G
𤨕	G
𤧀	G
𤧳	G
璍	G
𢆚	G
㼛	G
𤫃	G
𪂍	G
𤨳	G
琊	G
𤿐	G
𤿰	G
𢦰	G
鹉	G
𣦏	G
㺿	G
璼	G
䝾	G
虣	G
𧹁	G
𢎔	G
𤭎	G
鵡	G
䙹	G
玡	G
𦡠	G
𢦱	G
型	G
𡋲	G
𤦘	G
刑	G
畱	G
丣	G
𤩲	G
𤪶	G
𤦵	G
𨚆	G
𤪣	G
琙	G
瑾	G
𤫝	G
𤨷	G
𤨢	G
瓘	G
㿼	G
𤫧	G
𤲌	G
𩐔	G
𤥉	G
䵤	G
𤪼	G
𤨸	G
貮	G
𤤲	G
璜	G
璊	G
𠦴	G
䍾	G
玴	G
㻡	G
𤦲	G
𢚸	G
烎	G
𥧪	G
𤨰	G
𤪑	G
䢎	G
𤪜	G
𨓡	G
𤦧	G
𤧌	G
𤨮	G
㻸	G
㻤	G
𤤍	G
𤩿	G
璥	G
㰢	G
𣂖	G
璓	G
𤯩	G
㻳	G
𤫇	G
瓁	G
𤧍	G
𤩸	G
𤨶	G
𢎁	G
𤧈	G
𤧴	G
鳽	G
瑹	G
𤦈	G
𤦙	G
雃	G
𧚠	G
𢌌	G
瑘	G
㻓	G
瓍	G
𦟒	G
𤤓	G
𡴢	G
𤦕	G
𡊹	G
𡴈	G
邨	G
𢻴	G
𠄤	G
𡉫	G
𠀏	G
𡴣	G
旾	G
𥂉	G
頓	G
顿	G
𠘸	G
𡵭	G
迍	G
㼊	G
𡴉	G
𠒔	G
𣏁	G
㺹	G
𤤂	G
璚	G
瑈	G
戩	G
𤨵	G
晉	G
𠸲	G
𤩨	G
𤐦	G
𦓩	G
𨛼	G
㻆	G
𨿾	G
臶	G
郅	G
𨟕	G
𦤺	G
𦥀	G
𥓬	G
𦥇	G
𦠮	G
臸	G
𡍶	G
𦥏	G
𦤾	G
𦤹	G
㬜	G
䶍	G
𦥌	G
臵	G
𧵼	G
𩒐	G
鵄	G
𨒬	G
𨖹	G
𧠫	G
𦥅	G
致	G
臹	G
臻	G
𦤶	G
𦥍	G
𣢶	G
𦥃	G
𦤽	G
䑒	G
𦤷	G
𨾽	G
𦤳	G
𨚸	G
𠀚	G
𠭩	G
珆	G
𤦱	G
𤧱	G
𤴖	G
𠒩	G
𠒨	G
玧	G
𧰖	G
𣏏	G
㻐	G
瑵	G
㻟	G
𤩼	G
𤪲	G
𤣾	G
𤤒	G
㪪	G
䨿	G
䪞	G
珛	G
𤨂	G
瓇	G
𤫘	G
𢆛	G
𤦐	G
𤧊	G
𥅝	G
𢆞	G
𠛬	G
𧵭	G
𩒖	G
𩔛	G
𪄃	G
栞	G
𠔬	G
𢏗	G
𡙎	G
𡚌	G
蝅	G
蠺	G
𣓁	G
珬	G
瑊	G
珔	G
𤧃	G
𡗶	G
玤	G
𤩵	G
𤩦	G
𡗘	G
𤪳	G
𧻬	G
𤧶	G
𤨟	G
𤫕	G
𧻂	G
㻰	G
沗	G
琲	G
奣	G
𣂐	G
𤤿	G
䗞	G
䘉	G
𡗤	G
𢡰	G
𤾄	G
𩳝	G
𩐄	G
𤨯	G
𤰳	G
䵡	G
𤨀	G
瑌	G
𤤰	G
𨘀	G
𤧋	G
頊	G
𩑙	G
𢧏	G
𡗙	G
𡯊	G
珹	G
㤁	G
迗	G
𤥣	G
𡗣	G
瓑	G
𤪾	G
璙	G
𤪃	G
𡚑	G
𡛌	G
琫	G
瑃	G
鴌	G
瑧	G
𤥵	G
𤣸	G
䨼	G
𩇥	G
𩇗	G
琈	G
郬	G
𩇚	G
𩓨	G
𩓳	G
㻚	G
靜	G
𩇕	G
瑗	G
𩇠	G
𩇞	G
𩇡	G
珇	G
𤧏	G
𩇣	G
郙	G
𢼹	G
𩈨	G
尃	G
𠧃	G
𠜙	G
盙	G
𩒺	G
乶	G
懯	G
𦑵	G
鵏	G
逋	G
𢌠	G
靚	G
敷	G
𢽊	G
𢾭	G
喸	G
旉	G
𨿌	G
靗	G
𩇢	G
𠝜	G
𣍅	G
瑷	G
𨓽	G
𤩥	G
璦	G
𤪞	G
靘	G
䴖	G
𢃻	G
靔	G
靝	G
𩇜	G
瑫	G
𤎓	G
𩇙	G
鶄	G
𨿬	G
𤨊	G
𩇤	G
𤫦	G
𤩳	G
𤪚	G
邘	G
瓀	G
珪	G
㻬	G
𤩊	G
亞	G
堊	G
𤨹	G
蝁	G
惡	G
鵶	G
䢝	G
㰳	G
琧	G
𡭳	G
𩡧	G
瑱	G
𤪬	G
𨫣	G
琎	G
𤥐	G
𤩠	G
𤪘	G
𤫢	G
𤫩	G
瓄	G
𤩽	G
𠃗	G
𨟢	G
𤫑	G
璹	G
㺮	G
瓙	G
𤥴	G
𤆖	G
𤩖	G
𤧡	G
𤣪	G
𣌃	G
𤥧	G
𤥝	G
琽	G
𤤜	G
珯	G
㪀	G
㼀	G
瓉	G
𤦫	G
玞	G
𨾌	G
珷	G
𤣿	G
璢	G
𤤀	G
𤥇	G
𤧉	G
𤤞	G
𤤇	G
𤧵	G
𤦭	G
璷	G
玗	G
龶	G
𤣩	G
𤩘	G
𤩙	G
戋	G
璱	G
𤦩	G
𤩾	G
㺽	G
𤦗	G
𤩚	G
𤩮	G
瑼	G
𤦪	G
璤	G
𤥗	G
𠵥	G
珸	G
㻋	G
㻝	G
瓎	G
瑓	G
𤥆	G
㺰	G
㺻	G
㻷	G
𤤹	G
𤤝	G
𤫟	G
𦑓	G
玙	G
𠟦	G
珁	G
𢛤	G
𢜈	G
𤥙	G
瑨	G
𤨁	G
𤨍	G
𨨖	G
𤧮	G
璈	G
𤪵	G
𤧆	G
琹	G
𤥅	G
𤦖	G
𤩟	G
玶	G
𤧂	G
𤪴	G
𤪙	G
𣗜	G
珡	G
𤩍	G
𤨄	G
瑇	G
𤤈	G
𠀀	G
瓛	G
璩	G
㻯	G
𤪽	G
瓐	G
𤥛	G
𤫣	G
𤨇	G
𤫗	G
𤦣	G
𤩁	G
𤪷	G
𨚣	G
𤥸	G
𤥷	G
㺳	G
𢀯	G
𤤃	G
頙	G
𨕆	G
𠀨	G
㒫	G
𣦥	G
𢀰	G
𢍐	G
鄢	G
𤡾	G
靕	G
𣥄	G
𠜲	G
𣇩	G
𣉩	G
𤲢	G
𤲾	G
𡹅	G
𧶷	G
𩓩	G
卐	G
𤊗	G
𩸇	G
𩸖	G
𪅴	G
𨪱	G
𣂪	G
𡡜	G
𠀝	G
𣦓	G
𩖀	G
𣰠	G
䢥	G
𢌫	G
琡	G
𣦎	G
㻉	G
𡉹	G
𠀥	G
𥘲	G
琸	G
𥙍	G
𥙏	G
𥘱	G
𥚌	G
𥙳	G
𠮴	G
𠀿	G
𦟆	G
𤩰	G
𠙁	G
𣪅	G
𣪭	G
颪	G
𠁈	G
𤩋	G
𤩡	G
𤦹	G
乤	G
𨜃	G
亙	G
𢀑	G
𤥩	G
𣅰	G
丏	G
𠀞	G
𠣣	G
𡯼	G
𢛀	G
忑	G
𢘫	G
𢌛	G
𨒌	G
璿	G
𤪻	G
𨑜	G
𤩅	G
𣃟	G
𤧢	G
𠝙	G
現	G
𤨪	G
𡠝	G
𥘅	G
𣥛	G
𣥵	G
𤪨	G
𧖬	G
𢾘	G
𥪛	G
𥩠	G
𡛵	G
𠁰	G
𢍮	G
𠁚	G
鴊	G
𩿳	G
𤦚	G
𨾖	G
𠀢	G
玼	G
㺪	G
𨱥	G
𤩌	G
璖	G
𠁌	G
𦕪	G
𨚀	G
𤦮	G
𨖕	G
𩑢	G
奀	G
琑	G
琺	G
𡉤	G
𠁆	G
𤤾	G
㔻	G
𠁒	G
邳	G
𦝽	G
丕	G
𢆓	G
𠁃	G
𠁋	G
𣓺	G
䪹	G
𣬾	G
𤬭	G
䲹	G
𣨀	G
𥄓	G
𧇘	G
𣦚	G
覔	G
𢀝	G
𠀰	G
𣲮	G
𣈇	G
㫘	G
𤦊	G
𨛔	G
䫊	G
𧶏	G
𦐸	G
盃	G
𤰺	G
𡈯	G
𠡾	G
𣡝	G
𥛴	G
𠘶	G
𩖲	G
𦙂	G
瑣	G
𢗫	G
㶨	G
㶪	G
𤨠	G
𠁇	G
瑺	G
璫	G
𤪸	G
珖	G
𣱊	G
𩲚	G
𢒴	G
𤘮	G
𠀶	G
嫑	G
𣐫	G
𤯚	G
𧗩	G
𤥮	G
𧖯	G
𤤉	G
𠁍	G
𠁛	G
珰	G
珱	G
𠀾	G
䬩	G
𡍂	G
𠁞	G
鴀	G
𠀱	G
𠁓	G
𠁙	G
𩫇	G
㻫	G
𠞐	G
𥁶	G
𧶝	G
𢥍	G
𪕢	G
𪚦	G
𪅳	G
𨖻	G
𤩛	G
𠔐	G
𤦛	G
𨊪	G
墼	G
𤨅	G
𤥚	G
軎	G
𩰽	G
𦹋	G
𨟪	G
𧁦	G
卝	G
𤰈	G
𢐽	G
𦏚	G
㐀	G
𪓔	G
瑅	G
芈	G
𠁬	G
𥄕	G
𥊄	G
𦍋	G
𦤄	G
𦾋	G
𧁧	G
刯	G
茍	G
𡿤	G
𧃼	G
𠡚	G
𡷆	G
𦏙	G
𩒢	G
𩕸	G
𦒃	G
𨕸	G
𧢯	G
瑒	G
𧁣	G
蘷	G
𡖂	G
𦲘	G
𠨔	G
𣤬	G
𧁥	G
羐	G
雈	G
鄟	G
叀	G
專	G
𡑼	G
𡭏	G
瑁	G
珅	G
𤴝	G
𦄯	G
剸	G
曺	G
𠢾	G
𡸸	G
甎	G
𠃫	G
𢞯	G
𢡴	G
𢤙	G
鷒	G
𨖇	G
𠦱	G
𡭇	G
𤩯	G
䰤	G
𨣹	G
𨤈	G
㯥	G
東	G
𣍘	G
𧓕	G
𧖤	G
㼯	G
鶇	G
𤒖	G
𨗐	G
𨙠	G
𤨆	G
𧡍	G
𢽬	G
𨿢	G
琩	G
𠄵	G
𣅯	G
𤩜	G
𡂦	G
㻴	G
瑥	G
𤰱	G
𠦟	G
㻦	G
𠄲	G
䢋	G
𣍏	G
郠	G
𣍇	G
甦	G
㬲	G
𠡣	G
𣍛	G
𦑃	G
𣍙	G
䢚	G
㻛	G
𪏬	G
㻀	G
㪽	G
瑆	G
𤨱	G
𤤺	G
𢦣	G
𤥟	G
璟	G
琝	G
𩰬	G
郚	G
𠚃	G
𩒾	G
琄	G
𢻊	G
𢆖	G
㻍	G
𡗿	G
珵	G
𤩩	G
帯	G
羋	G
𣒚	G
𢌽	G
𤩭	G
𤭑	G
叓	G
𡚀	G
𥗤	G
嚢	G
𧚐	G
𧞢	G
𣥔	G
𠁕	G
𠁱	G
𡈋	G
𢄿	G
𣕤	G
𣗞	G
蟗	G
蠹	G
𧋌	G
𧏋	G
𧕰	G
𧖚	G
璐	G
䝴	G
璝	G
𢘑	G
𤈂	G
㯱	G
㯻	G
㰆	G
橐	G
櫜	G
𣘯	G
𣚇	G
𣝐	G
𣞈	G
𣟏	G
𣠀	G
𣠔	G
𣡏	G
𣡖	G
𣡦	G
𣡪	G
𣞉	G
栆	G
𧾸	G
珿	G
𢧧	G
𦖨	G
𪘼	G
㩽	G
𠭄	G
𣜋	G
𣗧	G
𩞌	G
𩞕	G
𡏴	G
𢆬	G
𨤸	G
𩐋	G
𩐎	G
𩐒	G
整	G
𠢦	G
𢃴	G
𢖗	G
𢿫	G
𣔩	G
𤴚	G
𣗥	G
𣠆	G
𥜖	G
剌	G
𠠅	G
勅	G
賴	G
赖	G
頼	G
𧷕	G
慗	G
𢣱	G
𢤿	G
𣭵	G
𦐾	G
䱫	G
鵣	G
鶒	G
鷘	G
𥻌	G
𩺾	G
𩽓	G
𪃠	G
𪅙	G
𪈈	G
𪈎	G
𪈐	G
速	G
遫	G
遬	G
𨘱	G
𠒹	G
揧	G
𣒛	G
𣝞	G
𧆄	G
敕	G
辢	G
𡝁	G
𡠼	G
欶	G
𨙛	G
𡩆	G
𣙹	G
𠣩	G
𣝮	G
𧫣	G
𧫷	G
𢨖	G
𣱌	G
𡏍	G
亜	G
𩕫	G
悪	G
𥺠	G
𣓝	G
𨝶	G
𤩧	G
𤪛	G
𣈆	G
噩	G
𡅡	G
𤲇	G
䫷	G
𡂧	G
璪	G
𤫠	G
𡝽	G
𣤲	G
𢾇	G
畐	G
𡈧	G
㽬	G
疈	G
𠠦	G
𦑭	G
鶝	G
逼	G
𠀷	G
𩰭	G
𩰰	G
𩰹	G
䣓	G
𨜥	G
䰙	G
𢾿	G
𩰼	G
𩰯	G
𩱄	G
𩱘	G
𩱝	G
鞷	G
𩍻	G
𩰮	G
𩰳	G
𩱂	G
鹝	G
𠁐	G
𩰵	G
鬲	G
𩰫	G
𩱇	G
䰝	G
𦓠	G
𧖓	G
𩰴	G
𠻸	G
𩱐	G
鬸	G
䰛	G
翮	G
鷊	G
𩱊	G
𪈊	G
𩱃	G
𩰷	G
鬺	G
鬷	G
𩰺	G
𩱈	G
𩱛	G
𩱉	G
𩰸	G
𩰶	G
䰚	G
鬴	G
𩰻	G
㐚	G
逜	G
𠁏	G
𥛠	G
𠲀	G
𠓆	G
𣣄	G
𤤭	G
𣂘	G
𣒮	G
𤥯	G
𠵦	G
䢩	G
𨖍	G
敔	G
豇	G
𧯝	G
𧯬	G
豌	G
郖	G
䜴	G
䜵	G
䜷	G
䝄	G
豉	G
𣪌	G
𧰤	G
㪷	G
豍	G
𧯤	G
𧰁	G
𧰆	G
𧯱	G
䜶	G
䜻	G
𧯩	G
𧯵	G
䜹	G
𧰉	G
䜺	G
䜽	G
䜾	G
剅	G
𧐵	G
𡃠	G
𧯠	G
𧰏	G
䝀	G
𧰎	G
頭	G
𡻧	G
㐙	G
䜳	G
䜸	G
毭	G
𧰂	G
䝃	G
豏	G
𪁞	G
逗	G
𧡀	G
𧯨	G
𧯞	G
𧰗	G
𧯪	G
𧰐	G
𧯰	G
𧰃	G
㰯	G
𧯯	G
𧯲	G
𠄙	G
剚	G
𠡯	G
𠡸	G
𪕡	G
𠄜	G
𪁙	G
𢦫	G
𦕴	G
𧟻	G
𤫛	G
𥔏	G
𤨒	G
𤪄	G
珚	G
𤪹	G
𤪯	G
𤥪	G
環	G
𤧖	G
𤨔	G
畺	G
𨌥	G
𪇏	G
𤫐	G
㪝	G
𢒞	G
𣍃	G
鶫	G
𧡴	G
𣞰	G
𠀯	G
㼑	G
𤪢	G
㻁	G
𤫤	G
珕	G
瓃	G
𤫥	G
𣦂	G
𤤨	G
𢙂	G
璉	G
㻿	G
𤥳	G
㻒	G
㻲	G
𡭋	G
㐁	G
琾	G
𠀬	G
𤨴	G
㼈	G
𤪁	G
𡬭	G
𨠷	G
𣍖	G
𣊛	G
𧕐	G
遭	G
𡮦	G
琠	G
𧟤	G
𧟨	G
𧠄	G
𨝍	G
𧟱	G
𧟩	G
𧟳	G
𧟹	G
𧟼	G
𧟿	G
𧟠	G
㓰	G
𧟣	G
𤑶	G
𧟴	G
𧟲	G
𧠃	G
𧟽	G
𩀄	G
𩀽	G
𤴛	G
𠵤	G
𧈌	G
𣓧	G
𤤄	G
𩓏	G
𩔳	G
𤤠	G
𠕂	G
𠕅	G
珃	G
𤣽	G
琱	G
𠕱	G
専	G
𣃪	G
𠦔	G
𣌽	G
珮	G
𠀙	G
𤩑	G
𤪧	G
珟	G
𤨉	G
𤪖	G
𤧸	G
𨙶	G
𠀽	G
𢂛	G
𢂤	G
𢺷	G
𢻵	G
𤜲	G
𧘴	G
𧛦	G
䪟	G
䪣	G
䴓	G
靑	G
𠀣	G
𩐊	G
𢂏	G
𠚷	G
巿	G
帀	G
㔝	G
𧶪	G
𣬪	G
𦑅	G
鳾	G
𤆱	G
䢌	G
迊	G
𨒘	G
䚍	G
𧠎	G
𧠥	G
𢼆	G
𢼋	G
𡗭	G
𠆴	G
兩	G
𦖝	G
𧜌	G
𠄬	G
𡭂	G
𢿋	G
朿	G
棗	G
棘	G
𣝯	G
𣡍	G
𧌐	G
𧑖	G
𠢠	G
𧵩	G
𢛱	G
𤏡	G
𪀜	G
𪑟	G
𨒪	G
𠒧	G
𧠵	G
𧢔	G
敇	G
枣	G
僰	G
𠀺	G
𤫷	G
𧟺	G
𧠅	G
襾	G
𧟾	G
𤨾	G
㺾	G
𤧗	G
𤨈	G
勣	G
𠁘	G
𠘲	G
両	G
𤫡	G
𣑨	G
璎	G
瓔	G
𤥜	G
𠄢	G
恵	G
𨘜	G
𤨲	G
𨖊	G
𠱩	G
𠀸	G
𠀑	G
𣤈	G
𤩫	G
𠁉	G
𤤸	G
𤧑	G
𥡯	G
𤤡	G
𤦇	G
𡛎	G
𤤢	G
邴	G
𠚇	G
𨜦	G
𨟫	G
㪅	G
𩇽	G
𡭃	G
𤯳	G
𡗚	G
𠛥	G
𣌼	G
瓗	G
㼇	G
琌	G
𤩃	G
㶮	G
𪄸	G
𪈹	G
𧢮	G
𡠈	G
两	G
𪋘	G
璀	G
郦	G
酈	G
𣀷	G
𪋭	G
彨	G
彲	G
玬	G
鹂	G
𠁖	G
𠠫	G
𣰿	G
鸝	G
逦	G
邐	G
䚕	G
𢾾	G
婯	G
麗	G
㺬	G
𤩴	G
𤧷	G
瑉	G
𤩉	G
𢏽	G
㻵	G
㻕	G
𧰳	G
㺲	G
𤣭	G
𤣲	G
𢌱	G
𠚻	G
𤫋	G
𢗓	G
𢪓	G
𢮠	G
𡴃	G
欤	G
𤤏	G
𤨿	G
瑂	G
𨳇	G
㺩	G
瑋	G
𤪍	G
㔿	G
𤴕	G
㺼	G
𧠀	G
𠄸	G
𤥈	G
𢍫	G
𠀟	G
𣎺	G
𣐺	G
𠃛	G
𤩄	G
𠦮	G
𡋬	G
𢚎	G
𨓃	G
𤧁	G
𢆺	G
玚	G
𠬷	G
𠟵	G
𤨚	G
𠙚	G
珌	G
𠀅	G
𠀔	G
攷	G
𠁅	G
𤧅	G
𤥊	G
璆	G
玦	G
𤤗	G
𤭅	G
邷	G
瓪	G
𤬻	G
𤮟	G
𤭖	G
𤮠	G
璻	G
瓧	G
瓩	G
瓼	G
甅	G
𡊝	G
𤬧	G
𤬫	G
𤮍	G
𤬸	G
𤮄	G
夨	G
𤭯	G
瓸	G
𤭵	G
𤭷	G
𦓓	G
𤭆	G
𤭙	G
𤭚	G
𤮂	G
𤮗	G
𤮃	G
瓱	G
瓲	G
𤬯	G
𤮑	G
𩿺	G
𤬱	G
瓰	G
𤮌	G
𤮒	G
𤤳	G
𤬲	G
𤭍	G
𤮥	G
𤬨	G
𤮳	G
𤥎	G
𣜻	G
𩓋	G
慭	G
𪇾	G
䴡	G
𠦓	G
戬	G
𢨙	G
鄑	G
𠀜	G
垩	G
𣑎	G
晋	G
恶	G
𢣡	G
𣘐	G
𨘶	G
𤩶	G
璞	G
𢝗	G
𠢫	G
𠡠	G
𨔤	G
𤪏	G
𤫁	G
𤫎	G
𤩂	G
𤪤	G
𤊇	G
㼆	G
𦣓	G
璘	G
𡕢	G
𤫉	G
𣘾	G
𤫙	G
𤥠	G
𤦓	G
𤨥	G
𤦌	G
𤨎	G
𤣉	G
琓	G
𤧽	G
瑄	G
𤧺	G
琔	G
𤩷	G
璸	G
𤫖	G
𤫞	G
璌	G
𩀝	G
𩳮	G
𠺞	G
㻘	G
𩃅	G
琿	G
璭	G
𢄀	G
𤤚	G
𤤌	G
琯	G
𤪥	G
𠑺	G
瑸	G
𤥤	G
𤪺	G
𤪓	G
𤥃	G
㻠	G
瑢	G
𤨺	G
瑏	G
𤧪	G
殘	G
𣨳	G
𣨘	G
𣨽	G
𣩎	G
𣩲	G
𤮾	G
殣	G
𣨤	G
殢	G
𩎳	G
琘	G
𣩳	G
𣩛	G
尶	G
𣩱	G
𥂫	G
𢤔	G
𣨠	G
𣩷	G
𣩠	G
㻧	G
殜	G
𣨴	G
𣩣	G
𣩨	G
𣧌	G
𣧡	G
𡰞	G
𣧆	G
𣧓	G
𣧹	G
𤥌	G
𨚌	G
𣩚	G
𣧪	G
㤪	G
𡯅	G
𣧜	G
𥹏	G
𤣻	G
𤥕	G
𣧧	G
𡯝	G
㱠	G
𩐁	G
㱹	G
琋	G
𣧦	G
𣨞	G
𣩢	G
㱦	G
䪲	G
𩓁	G
殗	G
𣧗	G
殑	G
殝	G
𣧵	G
殎	G
𣧂	G
殍	G
𣧶	G
𣨥	G
𣍡	G
𣨅	G
𣨮	G
㱚	G
𣍣	G
豗	G
㱣	G
𣧉	G
㱩	G
㱶	G
𣩋	G
殱	G
𣧅	G
㻮	G
𠡕	G
𣩄	G
㱵	G
殰	G
𣪀	G
𣧁	G
𣩦	G
㱥	G
殪	G
殏	G
殌	G
𤥋	G
𢾵	G
尫	G
𠄡	G
𣦿	G
𣨂	G
𣩘	G
殭	G
𣧒	G
𣨼	G
㱫	G
殐	G
𣨁	G
𣍌	G
𣧿	G
𣩒	G
㱴	G
𣩬	G
㱙	G
𣨇	G
𣩤	G
𣩙	G
㱛	G
𠀘	G
𠀩	G
𣧣	G
𣧰	G
𣨈	G
㱟	G
𣧏	G
𠄨	G
𣧐	G
㱺	G
殩	G
𢱵	G
𣩌	G
𣩪	G
㱜	G
𤤫	G
𡰏	G
珎	G
𣧖	G
䶛	G
𣩡	G
𩢾	G
𩧮	G
裂	G
𤩪	G
䴕	G
珣	G
𣨾	G
㡂	G
𣨃	G
𥅮	G
虺	G
𧊿	G
𧒈	G
𠚯	G
𠞺	G
㽝	G
劽	G
殟	G
𥁟	G
㤠	G
𣨵	G
烈	G
烮	G
鮤	G
鴷	G
𣩯	G
迾	G
銐	G
𣨟	G
𣨪	G
𥞥	G
姴	G
𣧴	G
𤳓	G
𨾸	G
殫	G
玽	G
𠄹	G
𤥁	G
𣨕	G
𤧔	G
㱮	G
殞	G
殨	G
㻊	G
𣨨	G
𤩆	G
㱬	G
殬	G
𤦳	G
𤧓	G
𣩥	G
𣦺	G
𤩞	G
𣧝	G
𣩿	G
𣧱	G
殁	G
瑍	G
𤥺	G
𡰅	G
𣨺	G
𢁳	G
𣧈	G
𣧺	G
𣨱	G
𣦽	G
𣧷	G
瓊	G
㱯	G
𣧻	G
𣧍	G
𣩑	G
𣧟	G
𣩍	G
𣧊	G
𣩗	G
㱪	G
𣨢	G
玸	G
𣦾	G
㱸	G
𣧎	G
𣩰	G
𣨬	G
𤪀	G
𣩫	G
𣧛	G
𣧲	G
㱧	G
𣨩	G
㱨	G
𣧢	G
𨑰	G
𣩐	G
𣨿	G
殯	G
𣩵	G
𣨭	G
㱰	G
𣩆	G
殥	G
卼	G
𣧑	G
𣧼	G
歿	G
𣧔	G
𤥘	G
𣨍	G
𢄉	G
殙	G
𣧬	G
歾	G
𣩊	G
𣧋	G
𣧀	G
𣧇	G
𤥀	G
㱱	G
𠭿	G
𩱽	G
𠄣	G
𣧭	G
歽	G
𣧘	G
𣧙	G
𠛖	G
瑤	G
𣨡	G
𢜍	G
𣨊	G
𤦏	G
𤧚	G
𣨆	G
𣨋	G
𤤅	G
𣧞	G
𣧤	G
㱤	G
𢍗	G
𢧴	G
𣧃	G
珋	G
聱	G
𪙠	G
驁	G
骜	G
殀	G
殠	G
獒	G
𦪈	G
𩪋	G
𠦇	G
𡰁	G
𣧫	G
殅	G
鳌	G
𪉑	G
𣧯	G
𨅚	G
𩱏	G
𣨒	G
𦁘	G
螯	G
𣊁	G
𩘮	G
嗸	G
𣧳	G
𣨓	G
𤨦	G
殈	G
𠢕	G
𥂢	G
䫨	G
嶅	G
贅	G
赘	G
𣪁	G
𩕀	G
㥿	G
𤫈	G
熬	G
鰲	G
鷔	G
𤎅	G
遨	G
㱡	G
鏊	G
摮	G
殇	G
殤	G
𣘢	G
䵅	G
𣧨	G
𤘒	G
𣧩	G
𧰧	G
嫯	G
鼇	G
𠞪	G
𣨙	G
敖	G
謷	G
𣩈	G
𦍙	G
𪚗	G
𣨹	G
𣩞	G
㱞	G
𣩼	G
𤪅	G
殕	G
𣩧	G
㱲	G
𣩜	G
𣩝	G
𣧸	G
𣩃	G
𣧾	G
琤	G
肂	G
殔	G
𣨸	G
𣧽	G
𣩓	G
㱭	G
𤪊	G
殄	G
飱	G
餮	G
𣨎	G
𣨐	G
殲	G
𣩶	G
𣧠	G
𡯓	G
𣩮	G
䲫	G
殦	G
𣨔	G
㱷	G
𣩟	G
殮	G
㺵	G
𣦹	G
𣨫	G
𢍈	G
𣨶	G
𨱼	G
㘸	G
㱝	G
𣧥	G
𣩔	G
𧵲	G
𣩁	G
𣑘	G
㰷	G
𣣌	G
𣩀	G
𣨉	G
𣨲	G
㱢	G
𣨧	G
𣩹	G
𣩽	G
𤥍	G
𣨛	G
𣨌	G
𣨣	G
𣩅	G
瑠	G
殧	G
𩷡	G
𣨚	G
𣨝	G
𣩏	G
㱻	G
玓	G
𣨜	G
𤤵	G
𧓮	G
瑝	G
㻈	G
𤧥	G
𤥖	G
𤘔	G
𤥢	G
𤣺	G
璳	G
瑔	G
𤪕	G
璑	G
珤	G
𤦝	G
𤥰	G
瓆	G
琕	G
𤤥	G
𢦋	G
𣄋	G
璬	G
𤤐	G
𩈘	G
𩑷	G
膥	G
𤧕	G
𤨧	G
𤧇	G
㻼	G
唜	G
𤩗	G
𡘮	G
璴	G
𠄻	G
瑮	G
𤧄	G
𣞄	G
𩿣	G
琜	G
𣖢	G
𠅍	G
㺷	G
𪎐	G
𤣯	G
𪎈	G
㻑	G
𤤩	G
𤣵	G
𤤣	G
麺	G
琒	G
𤩝	G
㻱	G
𠄭	G
琇	G
𤥬	G
珘	G
玝	G
𤣳	G
𤫨	G
瓒	G
瓚	G
珽	G
珗	G
𠀡	G
麸	G
㻔	G
珄	G
𤦶	G
㻄	G
𤦋	G
𤪠	G
𪎌	G
𤿲	G
𤩢	G
𪎋	G
𤥻	G
𤦷	G
𪎊	G
𤧘	G
琍	G
𤩏	G
瑀	G
𤦑	G
𤨌	G
𤪒	G
𠡀	G
𤤱	G
𤥞	G
𤥱	G
珦	G
𪎉	G
𤧯	G
琁	G
𤣮	G
𪌛	G
璠	G
𤧐	G
𪎏	G
𤪔	G
𤫄	G
瓈	G
麹	G
珴	G
𣕰	G
𤤮	G
㻶	G
𤨤	G
𤪱	G
瑽	G
𤨋	G
𤪪	G
𤦰	G
𤪝	G
𤨨	G
珻	G
㻂	G
瑳	G
𤦔	G
𤨩	G
珜	G
琷	G
𠪕	G
瓏	G
瑐	G
璲	G
𧰬	G
㺶	G
𤧞	G
瓓	G
𤩕	G
㼁	G
𢆕	G
𡊞	G
𣸞	G
𩑳	G
㼞	G
𢆊	G
𢆮	G
𤩔	G
𤩎	G
璄	G
琣	G
𣣂	G
璔	G
𤨬	G
瓋	G
𤩓	G
𢂇	G
𤧛	G
𤧭	G
𤦿	G
𤦾	G
珓	G
㻥	G
𤦺	G
亊	G
㻩	G
郏	G
刾	G
頬	G
颊	G
𪒨	G
珶	G
𤧹	G
䣆	G
巠	G
璕	G
剄	G
勁	G
頸	G
𢀫	G
𤭓	G
鵛	G
逕	G
巰	G
𨿋	G
𤧨	G
珢	G
𤥶	G
𤦯	G
𤧎	G
坙	G
珒	G
璛	G
𤧣	G
𤤻	G
𨓷	G
璵	G
郪	G
𪘂	G
𤪆	G
疌	G
璶	G
㼮	G
𣮌	G
鶈	G
𨓰	G
𣏲	G
𨿩	G
𣏃	G
㻖	G
琭	G
𤦄	G
璅	G
𤧜	G
玿	G
㼃	G
𤤼	G
𤨏	G
𠃞	G
㻏	G
𤦤	G
𤫅	G
𡿱	G
珺	G
𠰶	G
𤣹	G
𤦆	G
𤤊	G
𧵹	G
𤧙	G
𤦥	G
玱	G
𤥼	G
玜	G
瑖	G
㻅	G
𡉊	G
𤦜	G
𩒤	G
𡐜	G
𤫂	G
𤫌	G
𤤕	G
𤦎	G
𤧲	G
㻇	G
璯	G
𤦠	G
珨	G
𠀒	G
𢢭	G
𤪂	G
𤇟	G
𤨝	G
璒	G
𤧰	G
𣅆	G
玠	G
𤦸	G
𠀮	G
𣀑	G
壐	G
𡔈	G
𨤻	G
𪓿	G
𤦍	G
蠒	G
𠀹	G
𢣭	G
鸍	G
邇	G
爾	G
覼	G
𨮪	G
璽	G
𩁖	G
𤧝	G
𤦞	G
瑡	G
𤤷	G
瑦	G
𤧫	G
𤤽	G
𤪟	G
㻌	G
𤦦	G
𤧒	G
鳿	G
𩾏	G
𢍦	G
𤪩	G
𠁊	G
㻜	G
𤩣	G
𪋿	G
𤥫	G
𤦴	G
𤨜	G
𪂐	G
𣃙	G
㻪	G
琟	G
琀	G
瑲	G
㻽	G
玪	G
𤦬	G
璡	G
𤩇	G
𤩈	G
𨚏	G
𦑢	G
瑑	G
𧔄	G
瑻	G
𨚎	G
𤬮	G
𩿍	G
毒	G
璏	G
𠀕	G
𢻽	G
𢍣	G
𢍵	G
𦅫	G
𦅻	G
𦆾	G
繛	G
𠞓	G
𧔓	G
𦃅	G
𩔥	G
䋤	G
𤤖	G
𤤬	G
𢁴	G
𨑼	G
瓅	G
𤩬	G
𤪦	G
𠜁	G
𡙧	G
鴺	G
𩿒	G
𢎯	G
𡌥	G
𠄮	G
𤪫	G
㼄	G
玭	G
瑎	G
𣂱	G
璣	G
𤤙	G
㼅	G
𨚝	G
㻻	G
𤫚	G
𤥡	G
㻙	G
珫	G
𤫓	G
𤧿	G
珳	G
𤧠	G
𤥦	G
𤤛	G
𤤴	G
玣	G
琼	G
𤥥	G
𤪮	G
璾	G
瓖	G
瓌	G
璮	G
𤣶	G
𤧼	G
㻞	G
𤨖	G
𤤯	G
𢨥	G
𤥾	G
𤥑	G
𤨞	G
𤈅	G
𤥂	G
𤪗	G
𤦻	G
𤧟	G
𤧾	G
𤪿	G
𤩻	G
㻢	G
𤦽	G
𪉒	G
璇	G
𠀦	G
𩔮	G
𤧦	G
𪄕	G
𤧻	G
𠞢	G
𤨘	G
𤨼	G
𤩺	G
瑯	G
𤨡	G
𤨭	G
瑭	G
𤨫	G
琗	G
𩿱	G
𤥽	G
𤥿	G
㻭	G
玹	G
𧈉	H
𥅞	H
䁥	H
𥍍	H
瞸	H
𧆾	H
𧆿	H
𧆛	H
䁳	H
𧇁	H
𧆴	H
睰	H
𧆱	H
䁰	H
䖗	H
𥅯	H
䣜	H
𨞙	H
㪥	H
皻	H
𠭯	H
𨞦	H
虘	H
𧇣	H
𧇿	H
豦	H
𧆝	H
劇	H
𪖸	H
勮	H
𪆺	H
𨖆	H
覰	H
𥋌	H
𩁋	H
𧆣	H
𥇔	H
𣦡	H
𩔺	H
𧆜	H
𨘈	H
戲	H
齾	H
𨞘	H
𪚊	H
𥋀	H
獻	H
䖉	H
瞱	H
𧰜	H
鬳	H
𧇩	H
𥈣	H
𧈚	H
𨏾	H
𦉧	H
𧇔	H
甗	H
𤮙	H
𧆪	H
覻	H
䖒	H
㱆	H
瞒	H
𣤴	H
𤬘	H
𤬝	H
𥍜	H
𥉸	H
𥌈	H
頥	H
𧷤	H
𧈂	H
𥍖	H
𧈓	H
𧇪	H
𥋷	H
瞙	H
𥈔	H
𪙿	H
𤟜	H
𥇿	H
瞘	H
𥃓	H
鸆	H
𧆲	H
䁧	H
矔	H
㪭	H
𢿊	H
𣀞	H
𥀵	H
𧆨	H
膚	H
矒	H
𧇴	H
𧆥	H
㔧	H
勴	H
盧	H
虜	H
𥃈	H
𨏧	H
顱	H
慮	H
𤮣	H
𤮧	H
𥌯	H
鸕	H
𪇸	H
𥌋	H
䁾	H
虏	H
𧇽	H
𧈀	H
𥍇	H
𤬛	H
𩁨	H
虥	H
𧆰	H
𧇯	H
𨛵	H
𧆤	H
𧆷	H
𧈑	H
𧈜	H
𨛸	H
𩤌	H
𩦶	H
䁐	H
𧆭	H
𧆻	H
𧇹	H
彪	H
𧈇	H
甝	H
𧇛	H
𧈙	H
䖕	H
𧇇	H
𧆞	H
𧆢	H
𧆮	H
𧇒	H
𧇭	H
䖛	H
䖌	H
䖑	H
䖜	H
䬌	H
𧇅	H
𧇶	H
𧇌	H
𧇎	H
𧇟	H
𧇮	H
䖖	H
𧇙	H
虤	H
贙	H
𥈞	H
𧷠	H
𧸾	H
𧹂	H
𧆫	H
𧆹	H
𧇞	H
𧇰	H
䖚	H
虪	H
𧆸	H
𧇸	H
𪂬	H
𨔛	H
𨕑	H
𨘮	H
覤	H
𧇓	H
虝	H
𧆽	H
𧇚	H
𧇥	H
𧈈	H
𧆯	H
𧇱	H
𧈄	H
𧆼	H
𧇻	H
𧈆	H
𧆟	H
𧆬	H
䖋	H
𣣍	H
䖘	H
瞞	H
𥈿	H
𧈋	H
𧈒	H
戱	H
歫	H
虛	H
𥄷	H
𥅋	H
𩕚	H
㷡	H
䁋	H
眓	H
虙	H
戯	H
𨝹	H
𩴥	H
𩏣	H
𧇠	H
𡰐	H
𤮆	H
𧇊	H
𪆛	H
覷	H
觑	H
歔	H
虡	H
矇	H
𤣏	H
䁮	H
𧈔	H
𧈘	H
𤮝	H
𧇨	H
䱷	H
䲣	H
𧇫	H
䖏	H
𩴛	H
虗	H
𧆠	H
𧇀	H
𨞹	H
𧇆	H
虨	H
𧇃	H
𢧶	H
𨝘	H
𨝞	H
𧇉	H
𧇡	H
𧆵	H
𥋾	H
𧇈	H
虖	H
䖍	H
𣊑	H
處	H
𧆶	H
𤓤	H
𧇤	H
歑	H
𧆳	H
𥍂	H
𧇏	H
𧇄	H
𧇕	H
䀙	H
𢨘	H
矆	H
𠮏	H
𢒜	H
𧈎	H
𥈻	H
𧇖	H
𧇗	H
𧇋	H
𥉌	H
𩕷	H
虧	H
𥈩	H
𧇾	H
𧈃	H
𪇦	H
𧆧	H
𣣕	H
𧆩	H
䀧	H
雐	H
𥆈	H
𧇂	H
𥍐	H
䖈	H
𨜻	H
㓺	H
𠢅	H
𠢍	H
𥇀	H
𥉂	H
𪘪	H
𪗳	H
𪚂	H
𪙟	H
𪙛	H
䶙	H
齛	H
𪙰	H
齖	H
𪗠	H
䶞	H
𢎕	H
𥍉	H
齱	H
𪚄	H
𪗨	H
䶔	H
𪘛	H
𪙢	H
齝	H
䶕	H
𪘑	H
𪘃	H
𪘝	H
𪘬	H
𪙽	H
齮	H
𩖁	H
䶢	H
𪗥	H
䶝	H
𪙺	H
𪘤	H
𪚅	H
齟	H
𪙙	H
𪗹	H
𪗺	H
𪗕	H
𪗙	H
𦕡	H
𪗞	H
𪗾	H
𪘖	H
𪚉	H
䶧	H
𪘵	H
齻	H
䶪	H
𪗛	H
𪗻	H
𪙍	H
𪘜	H
𪗿	H
𪙡	H
齬	H
䶦	H
𪘌	H
𪚍	H
𪙹	H
𪗡	H
𪚋	H
䶥	H
𪘽	H
𪙫	H
𪗦	H
𪙚	H
𪙾	H
𪘰	H
𪗚	H
𧢟	H
𪘿	H
齜	H
𪘟	H
𪙥	H
𪙻	H
𪘞	H
𪘈	H
𪙦	H
𠠚	H
𪘹	H
齥	H
𪘄	H
䶚	H
齵	H
𪙣	H
𥈂	H
齪	H
齶	H
𨰒	H
𪗧	H
䶫	H
齞	H
䁅	H
𪙳	H
齫	H
𪘩	H
𪘭	H
𪚆	H
䶤	H
𪗘	H
䶡	H
𪘍	H
𪙃	H
𪗗	H
𨰢	H
𣂯	H
𪘉	H
䶣	H
𪗝	H
𪗤	H
𪙀	H
𪙆	H
𪙑	H
𪙕	H
齷	H
𪘴	H
𪙝	H
𪚌	H
𪗪	H
𪘳	H
齓	H
𥆍	H
𪘣	H
𪙜	H
𪘫	H
𪘲	H
𪘺	H
𪙏	H
齳	H
𪗴	H
𪗩	H
𪘋	H
𪗼	H
𪘱	H
齣	H
𪗸	H
𪘢	H
齙	H
齺	H
䶟	H
𥊥	H
𪚃	H
齗	H
𪘇	H
𪗟	H
齭	H
𪗫	H
𪗢	H
𪘠	H
𪙁	H
齼	H
齽	H
䶗	H
𡤫	H
𪘨	H
𪗽	H
齚	H
𦕢	H
𪚈	H
𥉍	H
䶜	H
𪘊	H
𪙒	H
𪚇	H
齕	H
𪙋	H
𪘐	H
𪘾	H
齲	H
𪗮	H
𪘀	H
𪙉	H
齴	H
𪙩	H
䶘	H
𪘶	H
𪙞	H
𪙨	H
𪙭	H
齸	H
𪙊	H
齩	H
𪙴	H
𪗵	H
齦	H
齨	H
𪙂	H
齠	H
𪙷	H
齯	H
𪘡	H
𪙸	H
齡	H
𪙅	H
齘	H
𪙮	H
𪘁	H
𪘒	H
𪙎	H
䶖	H
𪗣	H
𪘆	H
䶨	H
𪗔	H
𪘮	H
𪗷	H
齔	H
𪙧	H
𪙘	H
𪘧	H
𪘎	H
𪙵	H
䶩	H
𪗜	H
𪗯	H
𪗰	H
𤿸	H
𥀌	H
𥀯	H
𥄛	H
瞲	H
𥀑	H
𥀋	H
𥊦	H
𥊀	H
𥊻	H
㿬	H
㿵	H
𤿛	H
頗	H
𢻿	H
皯	H
𥀸	H
𥄜	H
𥀭	H
𥀲	H
㿹	H
𤿋	H
𤿬	H
𤿍	H
𨡶	H
𨢹	H
𥀛	H
𤿗	H
𤿭	H
𣥸	H
𥇄	H
㿸	H
㓟	H
𥀤	H
𥀖	H
𥀜	H
𥀒	H
𥀠	H
𠡄	H
𥀨	H
𪓜	H
𠠉	H
𤿒	H
𦐢	H
𥀊	H
𤈳	H
𥀝	H
皹	H
𦫗	H
皰	H
𤿦	H
𤿉	H
𥀳	H
𤿆	H
䀵	H
𪚷	H
𩠗	H
𤦼	H
𤧩	H
𥄗	H
𡛬	H
㿳	H
𤿇	H
㿪	H
𢽂	H
䁊	H
𣃤	H
𤭲	H
𢯲	H
䀑	H
𥀪	H
𥇼	H
矋	H
郹	H
𡐍	H
䁭	H
𩕨	H
𣥯	H
䀼	H
睳	H
𥇧	H
𢆌	H
𣦬	H
𥅚	H
𧢏	H
𣦫	H
𨞣	H
𢒱	H
𦡖	H
𣦦	H
劌	H
𧕼	H
𧖠	H
𧖢	H
顪	H
𣦧	H
𣦭	H
翽	H
䁍	H
歲	H
歳	H
𥅛	H
𥅜	H
𣤠	H
盽	H
𥋢	H
𥊯	H
𥉷	H
𩔤	H
𣥩	H
𥅦	H
𥇪	H
𠜹	H
䁆	H
𧌪	H
𨜯	H
𥈅	H
𥈇	H
𥅡	H
𥋃	H
頉	H
𥈗	H
𥆙	H
𥆦	H
𥊱	H
𥆏	H
䴗	H
𠧣	H
𥇚	H
𥎼	H
𥌮	H
𥈖	H
𦎝	H
𥇝	H
瞭	H
𥉱	H
睶	H
鶪	H
𥉜	H
𥊎	H
䀹	H
𩀎	H
眬	H
𥆬	H
𥈱	H
𠭉	H
𢒕	H
䁔	H
𧠇	H
𥈺	H
𥉨	H
𥊋	H
𨛷	H
䂃	H
𥈦	H
𨔑	H
瞹	H
䁘	H
𥉰	H
睜	H
𥉐	H
𥄫	H
𥊊	H
睵	H
䀷	H
瞌	H
眃	H
𥄏	H
𥌎	H
𣥮	H
𣥭	H
𥉖	H
䁱	H
𨨾	H
歭	H
𠦺	H
瞋	H
𥌪	H
𥆥	H
𢧍	H
𩴈	H
𥉆	H
𥛓	H
𨽾	H
𩔠	H
𥛬	H
𪃚	H
𢧡	H
𥘣	H
眎	H
眛	H
𥆿	H
𥉇	H
𥅭	H
𣥞	H
𣥟	H
𣦩	H
瞦	H
𥌼	H
𥋸	H
𥌚	H
𥊸	H
𥈶	H
𥅅	H
𥌆	H
𥆮	H
𥃳	H
𥋿	H
盶	H
𥆔	H
𥎨	H
𥊏	H
𣦈	H
𥉙	H
䁄	H
𥊝	H
𥋞	H
𥋋	H
𥌦	H
瞡	H
睖	H
𣥻	H
𣣇	H
矐	H
𥄑	H
𥊖	H
䀘	H
𣥎	H
𥉢	H
眰	H
𥆆	H
𢆒	H
𥅳	H
䀖	H
䀯	H
䁃	H
𠭗	H
䰘	H
鬦	H
鬪	H
𩖓	H
鬮	H
鬥	H
鬧	H
𩕘	H
䰗	H
𩰌	H
鬩	H
鬬	H
鬭	H
鬫	H
𣥿	H
鬨	H
眐	H
𣥠	H
卍	H
𥄙	H
𠧗	H
𥄚	H
𥅊	H
𩓯	H
𢝝	H
𥉿	H
䁣	H
𥅏	H
𥅨	H
𥆐	H
𥉅	H
䀳	H
𥄊	H
𥈙	H
𣥱	H
𥆖	H
𥈵	H
𥄔	H
𥄝	H
𠜔	H
眪	H
𥅙	H
矖	H
歵	H
瞔	H
𥇑	H
𠚒	H
𦥒	H
𡐪	H
𡸭	H
䀎	H
𥃺	H
𥆁	H
𥉬	H
眜	H
𥅴	H
䀴	H
𠮉	H
𧮸	H
𥈠	H
𥌃	H
𣥽	H
眱	H
𥄆	H
䁦	H
𥈴	H
𥋖	H
𢧼	H
矑	H
𥌠	H
𢧮	H
𢧹	H
𥍈	H
𠨀	H
𥄎	H
𥆣	H
𢾔	H
𣥣	H
𥅗	H
𢍷	H
𥈫	H
𥉁	H
𥈀	H
瞁	H
𤛙	H
𥅶	H
𥈪	H
𣥫	H
𣥗	H
𥄀	H
𨘊	H
𣃒	H
䂄	H
歮	H
瞐	H
目	H
𠟞	H
𢡬	H
䂂	H
𣥹	H
𢒭	H
𥌭	H
𠜶	H
𥇍	H
𥆩	H
𥌖	H
𥇞	H
䀡	H
𥊿	H
𥍗	H
亅	H
𣥓	H
鼑	H
愳	H
𠧡	H
煛	H
𤈱	H
瞾	H
𥊐	H
𢌨	H
𨓗	H
𨕐	H
𥋫	H
𥌑	H
𨔀	H
𥋬	H
𥋁	H
鷪	H
𥋡	H
𥆊	H
𥌂	H
睍	H
𧠛	H
𥋥	H
𥈍	H
𦉍	H
𥈏	H
𤋈	H
𩠥	H
𥈤	H
戵	H
𢎖	H
䣤	H
𨟠	H
𩧚	H
𩧡	H
𩉘	H
氍	H
鸜	H
𪄊	H
𪄙	H
𪈱	H
𪈴	H
䢲	H
𧢩	H
𧢭	H
𣃖	H
瞿	H
𩁯	H
𥆢	H
𥈐	H
𥆀	H
𥈰	H
𨛒	H
𤟏	H
𥓍	H
裻	H
督	H
𢃝	H
𤚜	H
𣈉	H
𥁽	H
𧇝	H
惄	H
𥺤	H
錖	H
𠭓	H
𤬂	H
顰	H
颦	H
𧔪	H
𨏞	H
頻	H
𣾢	H
𩒛	H
𧭹	H
睄	H
𢻃	H
𡬧	H
𥆚	H
敊	H
𥍙	H
𧠪	H
𥋐	H
𢡸	H
𥇇	H
𣥾	H
𢙤	H
𥊗	H
𥊰	H
矘	H
𥋇	H
𥊲	H
𥊼	H
𥍕	H
𥍄	H
𥋕	H
𥆄	H
𣢰	H
𣢻	H
𤫻	H
𢧁	H
𣦉	H
縣	H
𧔤	H
懸	H
𪃦	H
𪃧	H
𪈉	H
𨘩	H
歩	H
𥉪	H
𣦒	H
𪀖	H
𪃷	H
𣦲	H
𣦳	H
𨗋	H
㦸	H
𥊴	H
𡥣	H
𠦷	H
𣌡	H
𩐃	H
𢒛	H
𥆼	H
睅	H
𣦙	H
𥇹	H
𥅃	H
睼	H
䁑	H
㪕	H
𥈆	H
眒	H
𣦕	H
𠧻	H
𣂸	H
𣦖	H
𠝅	H
𨖸	H
䁜	H
𣥶	H
𥅀	H
𠧄	H
𣇑	H
𥊑	H
𠢎	H
𠨅	H
𣪙	H
𢂦	H
𣆨	H
𥍎	H
𥈬	H
𠃵	H
𢛂	H
𤉭	H
𤒂	H
𥇏	H
𢌧	H
逴	H
䁙	H
児	H
𥈎	H
睗	H
𠣳	H
𣂣	H
𥇬	H
𠦲	H
睲	H
𠧫	H
𠧇	H
𢧛	H
鵫	H
𨿧	H
𠧢	H
㲃	H
𢽭	H
𠜷	H
𠸿	H
𥌁	H
𧡑	H
𣂢	H
𥇊	H
𥋓	H
𢧗	H
䁒	H
𥊬	H
梷	H
頕	H
奌	H
睊	H
㣌	H
𥈭	H
睈	H
𥆰	H
瞜	H
敁	H
𤿝	H
𥄡	H
𠧹	H
瞆	H
瞶	H
𥌰	H
覘	H
𠧳	H
𢒦	H
㓠	H
𥍃	H
𣥼	H
𣥧	H
瞣	H
矂	H
𥍓	H
𥇂	H
䁚	H
㤐	H
迠	H
眖	H
𡖡	H
𣢤	H
𥆫	H
𥟃	H
𥆻	H
𠛤	H
𣥴	H
𥆽	H
𪀄	H
𥊞	H
𠚝	H
𥋭	H
䁌	H
𥌡	H
䁺	H
䁼	H
𥌓	H
𥊫	H
䁫	H
𠧺	H
䁵	H
𣦐	H
睤	H
𥇈	H
𥉞	H
𥋽	H
𥉀	H
㔽	H
𨘵	H
𥍔	H
䁲	H
𨛕	H
𢻛	H
𠧠	H
𤈴	H
逌	H
𨖯	H
𨗰	H
𨙃	H
䚃	H
𣗴	H
𠧸	H
𣤦	H
𤨗	H
𤩤	H
鹺	H
䴜	H
䴝	H
鹷	H
䴛	H
䴚	H
鹶	H
鹻	H
鹵	H
𤉏	H
鹸	H
鹼	H
䴞	H
鹹	H
𨕭	H
𥊩	H
鹾	H
𢧽	H
𪉱	H
𪊈	H
𨛹	H
𨟜	H
𨟣	H
𨟬	H
禼	H
𢿑	H
𨟩	H
𪉘	H
𪉼	H
𪉽	H
𪊃	H
𪉗	H
𪉮	H
𪉭	H
𪊉	H
𪊊	H
𪉖	H
𪉞	H
𪉢	H
𪉫	H
𪉲	H
𪊆	H
𪉙	H
𪉡	H
𪉺	H
𪉪	H
𪉷	H
𪊅	H
𥋛	H
𪉨	H
𪉰	H
𪊂	H
𠨄	H
𪉜	H
𪊀	H
𪉟	H
𪉶	H
𪉸	H
𪊇	H
𪉛	H
𠧟	H
𠧤	H
𪉚	H
𪉯	H
𪊄	H
𪉧	H
𣓨	H
𪉴	H
𥟫	H
𪉠	H
𪉾	H
𪉿	H
𪉣	H
𪉥	H
𪉦	H
𣤓	H
𥊡	H
𤪰	H
𡙏	H
𡎱	H
䁪	H
𥇢	H
卥	H
睏	H
𡍏	H
𠧧	H
𥍑	H
𠧱	H
𨔁	H
𣖴	H
𠧾	H
𢨟	H
𥇘	H
𢾃	H
𠧵	H
𡙉	H
𡌓	H
𥽽	H
𠧚	H
𠟫	H
𠧴	H
𠧷	H
𣰮	H
𥻆	H
𥾄	H
𨔟	H
𧡹	H
㮚	H
𣡼	H
𠧪	H
𠨋	H
𣣧	H
𣣸	H
𣦗	H
𤪇	H
𤪎	H
𥉹	H
𥈮	H
𦖥	H
𨛖	H
㕟	H
𢼾	H
䁸	H
𠜐	H
𠞋	H
𩔒	H
𨓘	H
𢽋	H
欳	H
睓	H
𨜓	H
𠭹	H
𡋪	H
𥹟	H
𠨇	H
𠧼	H
𠭸	H
𥄞	H
𠘹	H
𥊅	H
𥇷	H
眏	H
𥉄	H
𢒟	H
𥆹	H
𥅆	H
睭	H
𠧰	H
𣨦	H
𣦻	H
𣦵	H
𥋝	H
眮	H
䀻	H
𨔖	H
𥋔	H
䁗	H
𠛯	H
𣥈	H
𧢛	H
𧷧	H
𥈓	H
𥍛	H
𥌽	H
卨	H
遉	H
𥊠	H
𥋻	H
𠧽	H
𠨈	H
𥜽	H
𣥪	H
𥋳	H
𠨌	H
𥄋	H
𠧲	H
𠧜	H
𢿝	H
𠨁	H
𥍋	H
𥆱	H
𠧖	H
𠧯	H
𠧿	H
𠨆	H
𦙡	H
𣥑	H
𥃵	H
𥉲	H
𥅣	H
𥉦	H
䁕	H
𥋉	H
𠬣	H
𡉟	H
𪔆	H
𠟭	H
颅	H
𩑨	H
𩕢	H
𪔂	H
𪔊	H
䵻	H
𥇤	H
𥇵	H
𥄨	H
𥄿	H
𣥇	H
𥃴	H
𣦠	H
𥄶	H
𢧝	H
睱	H
𥇺	H
睸	H
𥃧	H
𩕩	H
𥅑	H
𥇴	H
𥅪	H
矚	H
県	H
𣲊	H
䁹	H
𥇗	H
𤆛	H
𨑎	H
𨑵	H
𥄁	H
𣑅	H
𢼁	H
𥉓	H
𥉗	H
䀣	H
𠧝	H
𥉧	H
郻	H
𥄉	H
𥈥	H
𠚱	H
𥉾	H
𩖇	H
𩾤	H
䀗	H
矅	H
𥉝	H
眤	H
𠧛	H
𥆵	H
齢	H
𪗱	H
歯	H
𪘚	H
𥌨	H
𥋙	H
瞨	H
𥇨	H
𥇆	H
𥌌	H
𥌴	H
𣰍	H
睒	H
瞇	H
𥉤	H
䁖	H
𡚋	H
𥍆	H
𥍏	H
𥊁	H
𥌢	H
𥊘	H
𣫋	H
𢒪	H
肻	H
𥋺	H
𣦅	H
睆	H
㕡	H
㕢	H
㪫	H
㲊	H
叡	H
𢿡	H
𥉕	H
壡	H
𡓝	H
𧷎	H
䪥	H
睻	H
睿	H
𥇓	H
𥌄	H
䜭	H
矉	H
𧷁	H
𥌷	H
𢿶	H
瞚	H
𥋰	H
𤫀	H
𥉛	H
睴	H
𡑧	H
𥇻	H
𢿓	H
𥋱	H
𥉴	H
矃	H
𥈟	H
睕	H
𤈭	H
眝	H
𥹄	H
𨤐	H
敹	H
𥅥	H
𥈃	H
𥈳	H
𥉺	H
𥈾	H
𠧶	H
𥌀	H
𥊉	H
𧮲	H
𥉡	H
𧢕	H
𥈹	H
𣤧	H
𥄴	H
𥉑	H
𥄻	H
睧	H
𧠋	H
𥆠	H
𧠌	H
𥂥	H
眂	H
𢤅	H
𤋇	H
𧠖	H
眡	H
𥅢	H
覎	H
䀚	H
𥈁	H
𨓑	H
䁓	H
𥜾	H
𧠐	H
㣓	H
𩜨	H
𡋹	H
𡎙	H
韰	H
𠠋	H
𠭘	H
𠭮	H
𠡡	H
𠡹	H
䝳	H
𢤕	H
𢤰	H
𥅺	H
䱗	H
粲	H
𪆶	H
㛑	H
𣦼	H
𥈑	H
𧢁	H
𣧮	H
睎	H
𥊶	H
𥆌	H
𧡄	H
𧣆	H
𧡷	H
𣦋	H
𥅬	H
𧠴	H
䙸	H
𥉻	H
𧢤	H
䙷	H
𢽕	H
𧡕	H
𧢅	H
覞	H
䀥	H
𥅘	H
𧠗	H
𧠦	H
眴	H
𧡭	H
眗	H
眳	H
𧠮	H
𥈈	H
睌	H
䂁	H
𧡇	H
𥌔	H
𥋂	H
𣨏	H
𥈉	H
𣨷	H
𠙑	H
矎	H
𧢠	H
𦚛	H
𧡝	H
𥄹	H
𢂺	H
𢀸	H
𣦷	H
𥌧	H
𩶔	H
䁩	H
𣨯	H
𣩕	H
覐	H
𧡒	H
𥌹	H
𥆲	H
𥇰	H
𥈝	H
𠨂	H
𥇯	H
䀛	H
𧠘	H
𥄸	H
𣧕	H
𣨖	H
𧠑	H
𥇃	H
覹	H
𧢡	H
𦍲	H
𧠕	H
盷	H
𧢑	H
𧠭	H
𧡉	H
𡛝	H
𥇌	H
𦘖	H
𧢙	H
𥈲	H
𥋧	H
𩛈	H
𦥋	H
𣨄	H
𧢊	H
𣢃	H
𣦸	H
𧠻	H
𣩻	H
𥉳	H
𥌐	H
眅	H
𥄼	H
𪅚	H
眽	H
瞃	H
𥆭	H
𥅔	H
𥅠	H
𥇸	H
𥈧	H
𥉘	H
𥄄	H
𥅲	H
𥌇	H
瞴	H
𥌣	H
𥇕	H
𣂶	H
矈	H
𥇐	H
䁛	H
𥆒	H
䀿	H
䁀	H
𥉭	H
𣃊	H
𣑞	H
𥅿	H
眣	H
䁶	H
𨜑	H
𥉯	H
𥈡	H
𥌿	H
𥋠	H
𥋄	H
𥆺	H
𣰧	H
瞫	H
㱒	H
𣑾	H
𥆪	H
𥋣	H
𥌞	H
𥇦	H
𥋴	H
𣮰	H
䁏	H
睞	H
𥄵	H
𥅓	H
𥃼	H
䀨	H
䀱	H
𥌟	H
𥋒	H
𣦜	H
𥇭	H
𥋊	H
𥍒	H
𥊒	H
𥎩	H
䀢	H
𥐂	H
𥉟	H
𠝣	H
𦑳	H
𦒕	H
𤌺	H
𤎴	H
𤎵	H
歬	H
𣦃	H
𥄮	H
䀒	H
䀪	H
𥄭	H
𠦋	H
𥌳	H
眊	H
𣥡	H
𥇾	H
𥌩	H
𥆑	H
𥈊	H
歱	H
𥅸	H
𥅒	H
矄	H
㱗	H
𥅁	H
𥊂	H
𥂄	H
𥌗	H
䀽	H
𥉎	H
𥉒	H
矏	H
𥋘	H
𥊤	H
𥊈	H
𣦇	H
䀩	H
𣥷	H
𥈋	H
𧖭	H
𥅧	H
𥅇	H
𥊙	H
𥅹	H
𥃶	H
矀	H
盵	H
𥹐	H
矁	H
𥌛	H
睋	H
瞗	H
𥋍	H
瞛	H
𥌫	H
䀲	H
𥆜	H
𥋏	H
𥉮	H
𥉥	H
䁟	H
睠	H
眻	H
𥉋	H
𥇉	H
眹	H
矓	H
瞯	H
𥌘	H
䀞	H
眫	H
𥈢	H
瞤	H
𥆧	H
𥇫	H
𥌻	H
𥊳	H
䂀	H
𥋟	H
𥈛	H
𧡆	H
𣦟	H
瞷	H
瞕	H
𥉫	H
𥋵	H
𥆟	H
䁬	H
䁤	H
𥊔	H
𥋗	H
矙	H
𨑝	H
𥉣	H
𥇟	H
𥌸	H
𥅟	H
𣦝	H
𥊭	H
𥊺	H
𥊓	H
𥇒	H
䁠	H
𥌍	H
䁡	H
睇	H
𨖏	H
𣥦	H
𥊮	H
𥄌	H
睷	H
𥇩	H
𥊵	H
睩	H
𥊌	H
眧	H
𥆃	H
𥋑	H
䁽	H
𥆸	H
𥆷	H
㱕	H
𥇳	H
𣥬	H
𩚻	H
𥌶	H
𥆾	H
䀓	H
䀔	H
𠧓	H
𥅩	H
𪚏	H
龄	H
龈	H
龌	H
龃	H
龊	H
龆	H
龉	H
龁	H
龅	H
𥅂	H
龂	H
龀	H
龇	H
龋	H
瞈	H
𥈨	H
眕	H
𥄰	H
𥄖	H
𥄺	H
𥅎	H
𥌝	H
𥍌	H
睔	H
𥌉	H
𥌺	H
睽	H
𣦌	H
䀬	H
睑	H
睮	H
瞺	H
䀫	H
𥈕	H
䁯	H
盻	H
瞼	H
𥇥	H
𣥰	H
𥈌	H
𥉈	H
𥊕	H
𥅵	H
𥉉	H
𣦁	H
𧵁	H
𥈯	H
𥄍	H
𥆓	H
䡞	H
睺	H
𣦄	H
辪	H
𥆉	H
㮂	H
𥆂	H
鳪	H
𩾰	H
𥉼	H
𨜁	H
睉	H
𡓼	H
𥍀	H
𥋎	H
䀰	H
𣥐	H
𣤝	H
𣦊	H
𥉚	H
䋰	H
𥄒	H
㱓	H
𥋼	H
䧳	H
睢	H
𥇁	H
𥋮	H
𥋯	H
𨾇	H
𥆡	H
𥄯	H
𥍘	H
𡥎	H
𨚖	H
𩢑	H
𢃌	H
𩑽	H
𩓓	H
𡘌	H
𠂱	H
𦙼	H
𣥨	H
㘹	H
祡	H
𥌤	H
㭰	H
𪗶	H
𤿙	H
眥	H
䀕	H
𦅐	H
㫮	H
𣆟	H
䀟	H
䖪	H
歶	H
呰	H
𧿿	H
啙	H
𣣊	H
眑	H
𨝳	H
𩨱	H
㠿	H
𠟓	H
貲	H
胔	H
𥄠	H
𥄩	H
𥆎	H
𤇬	H
𨒤	H
鈭	H
𪉈	H
𥇎	H
鮆	H
㱔	H
㰣	H
𣢙	H
𩲨	H
𤽤	H
矊	H
㧘	H
𦈬	H
䁻	H
𣥥	H
𣭁	H
𦍧	H
姕	H
𪕊	H
飺	H
䳄	H
鴜	H
𥈒	H
𥆯	H
䀝	H
𧙁	H
䂅	H
𥍚	H
矌	H
䁨	H
瞝	H
𥇜	H
𥋆	H
𥅻	H
𥆨	H
𥇱	H
瞮	H
𥅾	H
𥅖	H
𥊆	H
䁁	H
𥌬	H
𥌲	H
𥈘	H
𥌥	H
瞓	H
䁴	H
𥋶	H
𥄦	H
睙	H
𥊛	H
𥇋	H
眿	H
盳	H
𥌜	H
䀮	H
𥄅	H
䀭	H
𥊜	H
𥉶	H
𥋦	H
𥋨	H
䁎	H
𥆶	H
𥊚	H
䁢	H
𥊪	H
𥋲	H
䀶	H
𥉽	H
瞊	H
㱖	H
睟	H
𥌾	H
𥈚	H
㳦	I
𤁮	I
灆	I
㵩	I
淺	I
𣸂	I
𣾁	I
𤂙	I
𣼏	I
𣽇	I
𣶕	I
𣺜	I
𣾛	I
𤄓	I
𣶔	I
𣹓	I
漭	I
𣾘	I
𣸽	I
𣻺	I
濝	I
渃	I
澒	I
頮	I
颒	I
𩓍	I
𢢉	I
澌	I
㶓	I
𣴛	I
𣸻	I
𣿎	I
𤂘	I
淇	I
𡮪	I
浳	I
𡭶	I
𣷎	I
潵	I
𣵷	I
𣶽	I
𤂡	I
𣿝	I
𣳃	I
㴖	I
𤀞	I
濭	I
𣼷	I
𣾖	I
湈	I
澕	I
洭	I
𣾑	I
懑	I
𤭊	I
满	I
𣻹	I
淽	I
洍	I
𤃓	I
瀶	I
濫	I
𤅸	I
㶊	I
𡮷	I
𤂐	I
𤅖	I
𤀠	I
𤏁	I
灠	I
𤂺	I
𣲨	I
𤃴	I
𣸆	I
𣲐	I
𣿬	I
𤅠	I
㳻	I
濗	I
𣺞	I
㵧	I
𣿴	I
𣹐	I
澫	I
𤅞	I
㵄	I
𤁭	I
𤅳	I
𤁉	I
淢	I
漌	I
𣲳	I
漚	I
𤅩	I
𤅼	I
𤅽	I
𪈸	I
𣸿	I
𣼑	I
漢	I
𤁤	I
灘	I
𤃿	I
𤁊	I
𣾟	I
渵	I
𤂍	I
瀎	I
𤃫	I
渶	I
𤂀	I
㴂	I
𡒗	I
𣂎	I
𨆻	I
𤁞	I
𣽝	I
𤀘	I
𤃐	I
満	I
𤁃	I
𤅎	I
懣	I
𢡛	I
𡣩	I
𣺏	I
㳩	I
滿	I
𣹟	I
𣼛	I
𤁸	I
𣵹	I
𣼥	I
洰	I
𣸝	I
𣻉	I
𧕎	I
𣽒	I
泄	I
𣯸	I
𪆂	I
渠	I
渫	I
泧	I
濛	I
潆	I
𣿻	I
𤁇	I
𤄠	I
𣸨	I
𣻻	I
溁	I
滢	I
𣷸	I
𣸱	I
𤄀	I
鸿	I
滯	I
灊	I
潛	I
𤂯	I
懘	I
濍	I
𣲪	I
𣾤	I
𤀂	I
𣺋	I
𤂹	I
渮	I
𣷞	I
𣸃	I
𣵽	I
𣹀	I
𣿅	I
𣺛	I
𣼒	I
𣼵	I
𤁬	I
㴀	I
𤂧	I
㴕	I
𣻿	I
𤀐	I
灡	I
𤃦	I
𤃇	I
𤀚	I
𣿯	I
𤃂	I
𣳐	I
瀟	I
潇	I
𤂣	I
𤂋	I
𤅢	I
濩	I
𣿑	I
𣿮	I
𣺙	I
溚	I
濸	I
𣿢	I
港	I
𢝳	I
𣴭	I
𣶠	I
𣷏	I
𣺖	I
𣽫	I
鴻	I
𪃡	I
鍙	I
𤃥	I
𣶼	I
㳸	I
滙	I
𣾀	I
𤂇	I
𤄶	I
𣴤	I
𣻡	I
㵏	I
淓	I
瀳	I
㵁	I
𣺬	I
灄	I
𣹏	I
㵫	I
㵵	I
𣵊	I
𣿂	I
㴍	I
𣶊	I
瀡	I
㶏	I
𣼼	I
𣳫	I
𣵭	I
滍	I
𣹨	I
𤄔	I
𣹝	I
洆	I
𣺌	I
㳱	I
𣿃	I
㴠	I
𣶬	I
𣷉	I
濻	I
𣾎	I
𣽻	I
䀀	I
𠘽	I
𣹼	I
𣼚	I
泏	I
𢽆	I
𣿗	I
㳧	I
𨓎	I
㴷	I
𣵻	I
𣼾	I
𣿛	I
𦈳	I
𣶰	I
𣵺	I
𣽅	I
漋	I
𣻆	I
𤀻	I
𣾍	I
𣾶	I
𣼩	I
㶌	I
𣾂	I
㳎	I
𤂻	I
汿	I
沀	I
𣿧	I
𣿥	I
潏	I
滪	I
澦	I
𡮖	I
渘	I
𣓥	I
涰	I
𣳵	I
𤆀	I
滲	I
𣺃	I
㴉	I
𣸫	I
𣺴	I
𣾯	I
𣿫	I
㵕	I
𣸓	I
㳙	I
湧	I
慂	I
𣻢	I
㴰	I
𣲾	I
㳔	I
㶠	I
𣹢	I
𡮚	I
沇	I
洠	I
涘	I
浚	I
㳗	I
溞	I
汊	I
𣷿	I
㵮	I
𣳇	I
𣴰	I
𣷮	I
𤄆	I
㵦	I
𤅅	I
𣻟	I
𤃼	I
濿	I
㳒	I
汯	I
沷	I
𣽼	I
𤂬	I
𣺚	I
𣴇	I
𣺮	I
𣹙	I
𡭮	I
洧	I
瀀	I
涱	I
渀	I
浱	I
漘	I
溽	I
𣿷	I
𣳙	I
㴎	I
㵔	I
滣	I
洿	I
𣽑	I
𣳹	I
𣲔	I
澸	I
𡭻	I
𤀱	I
𣾃	I
𤅤	I
𣚘	I
減	I
滅	I
𣸵	I
𣺁	I
𣺭	I
𣺔	I
𣽦	I
𣼸	I
洊	I
滟	I
灧	I
湱	I
𣸲	I
𣴨	I
潔	I
灩	I
𤅿	I
𤂾	I
灃	I
𣳱	I
𤁏	I
洡	I
𣵟	I
𣸐	I
㴟	I
渄	I
湹	I
𤁄	I
洦	I
𣽂	I
𣸼	I
𣽀	I
𣾝	I
𣶨	I
㳓	I
𣸰	I
𣾒	I
𤄊	I
渜	I
㳍	I
洏	I
𣽈	I
湏	I
浝	I
㙙	I
沋	I
㵴	I
厳	I
𣳡	I
𣵑	I
𢜃	I
𢙭	I
𣽄	I
洃	I
𣵩	I
㳠	I
𣶐	I
㳳	I
𤀸	I
漺	I
𤂤	I
𢢵	I
𡮽	I
𤁋	I
渏	I
𣸺	I
𣵮	I
𤃹	I
瀝	I
𠟥	I
𤃝	I
𤃉	I
𣷟	I
𣸒	I
潦	I
𣸷	I
𣿳	I
𤃖	I
𣾣	I
𣿔	I
𤃜	I
𣶮	I
㵐	I
𣼜	I
湊	I
淎	I
溙	I
𣾰	I
湷	I
𤅧	I
𤂮	I
𣼊	I
𤃶	I
𣻛	I
浹	I
㳁	I
𣸳	I
𧚚	I
𣹆	I
㳚	I
濦	I
𨛍	I
𤂆	I
㐢	I
㳶	I
𡭾	I
𪃽	I
溋	I
𣳭	I
𤃣	I
𤀊	I
淜	I
𣹄	I
㵬	I
𤂚	I
湲	I
瀦	I
㶁	I
渓	I
浖	I
𣻽	I
𣵪	I
𪂔	I
𢼼	I
𤿨	I
㴞	I
漞	I
𦂗	I
𪃅	I
𨨺	I
揱	I
𣕇	I
𣶴	I
𤅥	I
灂	I
𤅪	I
㶀	I
𦐺	I
𢚑	I
涭	I
𣺧	I
𣤎	I
滛	I
𣿺	I
𣶶	I
㲖	I
潙	I
𢽐	I
㴨	I
𣹸	I
𩠦	I
𤂵	I
㵻	I
𡜽	I
浽	I
淨	I
𪁎	I
㶉	I
㴯	I
鸂	I
𤄬	I
𨦮	I
涿	I
𤃸	I
瀐	I
泋	I
渽	I
𥂆	I
濆	I
𣸣	I
𣷝	I
溨	I
瀻	I
㵶	I
𤀢	I
𤂠	I
溘	I
𧇦	I
𤅒	I
𦝎	I
汥	I
沄	I
𡮊	I
𣲰	I
𣾲	I
𤃍	I
㴳	I
𤂪	I
𣶥	I
𣽥	I
𣾱	I
𣶝	I
𣵋	I
澐	I
𣼤	I
湗	I
𡊺	I
洼	I
𤃀	I
𣿣	I
𤃋	I
𤃤	I
澆	I
𤄮	I
𦴶	I
𣽟	I
洔	I
𣼻	I
𣽡	I
𣴮	I
𣳏	I
淔	I
𣲇	I
𣾼	I
滇	I
𣺇	I
沬	I
沶	I
浗	I
溝	I
澣	I
濣	I
汫	I
𣶃	I
漧	I
瀚	I
𤃬	I
𤅫	I
溒	I
澎	I
𣾓	I
澍	I
𤁅	I
𣷵	I
㵙	I
𤀺	I
𤃩	I
𤅟	I
𤁪	I
𤂌	I
𤅷	I
㵢	I
瀆	I
湳	I
渎	I
濤	I
𣴧	I
𣲗	I
𥁡	I
汚	I
𢙁	I
𤒵	I
𡜂	I
𣻪	I
浾	I
𣸡	I
浡	I
濲	I
瀔	I
瀫	I
溹	I
𤅮	I
涜	I
㴾	I
潱	I
㳡	I
𤄐	I
㳈	I
㵡	I
𣲘	I
𣵒	I
𣶢	I
灀	I
瀮	I
涍	I
𤁛	I
𤃕	I
𣿋	I
𣹡	I
洘	I
㵭	I
漖	I
㳣	I
𣸉	I
涬	I
𤃲	I
𤄁	I
𣼯	I
澾	I
𣼳	I
澪	I
𤀍	I
淕	I
𤄵	I
濇	I
𤁥	I
濽	I
𤄴	I
𪈯	I
淩	I
𣾳	I
瀖	I
𣼭	I
𤁟	I
𤅉	I
𤅑	I
𤁳	I
㳥	I
汧	I
澑	I
𣼰	I
洷	I
𣹳	I
𣴑	I
㴛	I
𣵍	I
𣸸	I
㴁	I
𣵞	I
𣾏	I
濪	I
溥	I
𡏋	I
𤂅	I
瀞	I
𣹷	I
𣿀	I
𥂈	I
𧗉	I
㵾	I
㜑	I
浦	I
𣷴	I
𣽗	I
𣻴	I
汙	I
盓	I
𡜡	I
潖	I
𣾔	I
濏	I
泟	I
𣳋	I
𣵾	I
𣽏	I
漹	I
𣲉	I
𣳶	I
𣳎	I
㳪	I
㳅	I
𣷼	I
漙	I
𣅱	I
𣽐	I
𣴱	I
涷	I
𤄉	I
𤅍	I
潓	I
𣽉	I
浭	I
𤀦	I
𤃏	I
𥖍	I
灢	I
𤃈	I
㴻	I
𣶿	I
浯	I
𣳘	I
滆	I
涑	I
溂	I
瀜	I
湢	I
濑	I
瀨	I
瀬	I
𤃌	I
𪄠	I
𪆟	I
𡭭	I
𣳪	I
潄	I
浢	I
漱	I
𣶩	I
𤀌	I
湅	I
𣿊	I
𣻝	I
𣶣	I
洅	I
淸	I
𣵨	I
𣶇	I
沛	I
沞	I
洓	I
𤂝	I
漕	I
𣿙	I
灑	I
漬	I
𣲅	I
𣷻	I
汅	I
溍	I
𤂢	I
𣷊	I
𣸶	I
𣹖	I
𣸀	I
𤁓	I
𣲍	I
滶	I
𣲠	I
泙	I
涇	I
𡝝	I
𣶖	I
𣶏	I
湽	I
淒	I
𣹗	I
𪁘	I
濔	I
𤄽	I
𤀝	I
𣼌	I
溼	I
𣫶	I
𤃁	I
沍	I
溸	I
𣾗	I
洟	I
𣲑	I
𤂴	I
𤃪	I
澞	I
𤅊	I
滮	I
澽	I
𣻐	I
滹	I
𤃒	I
𤃔	I
𤁴	I
瀘	I
𣶭	I
淲	I
濾	I
𤄦	I
𤀃	I
𤀶	I
𤃞	I
𤁧	I
碆	I
𩜥	I
𣵝	I
𥇲	I
𠴸	I
𤀪	I
𩸓	I
錃	I
㨇	I
婆	I
𣲏	I
濊	I
湨	I
𤀣	I
𣵼	I
𤀜	I
𤀹	I
㴐	I
澁	I
灈	I
𣳓	I
𣶵	I
淑	I
𣻣	I
濒	I
瀕	I
𤂔	I
渉	I
渺	I
渋	I
𧮝	I
惉	I
𣸾	I
𤊁	I
𡝫	I
𣿤	I
𤃯	I
𣻶	I
𣵔	I
𤅦	I
滷	I
𣿚	I
𤂈	I
𣶓	I
𣷶	I
𣸎	I
𣻋	I
𣴯	I
湞	I
𣻫	I
𣵕	I
𤂄	I
濎	I
𣲁	I
濬	I
𣿰	I
𣽊	I
𣴸	I
覍	I
涀	I
澯	I
𧼧	I
𣺐	I
𣾅	I
𣽋	I
𣾥	I
𡭔	I
𤁨	I
𣼹	I
𣷑	I
𣿼	I
𤂓	I
𣸜	I
泚	I
⺌	I
氺	I
𤂒	I
㶂	I
濷	I
㴺	I
㳲	I
𣴒	I
𣴘	I
𣸛	I
𡮡	I
㵜	I
𣾙	I
㴣	I
㵘	I
𡮐	I
𣾜	I
𣛁	I
尛	I
淼	I
𡭯	I
㴇	I
渁	I
𡮛	I
涾	I
𠝃	I
𣹉	I
溑	I
𣲡	I
㶙	I
漟	I
𣻸	I
澢	I
灙	I
𣺼	I
𣾦	I
𣴝	I
洸	I
𣶙	I
𣶛	I
𣼓	I
㶃	I
𨰱	I
㵉	I
䣉	I
𩣟	I
𩣠	I
硰	I
裟	I
𡋷	I
鲨	I
㸺	I
渻	I
𥆝	I
𦀟	I
𧋊	I
𣸌	I
𣹇	I
𣾾	I
𥁲	I
𤅓	I
㲚	I
乷	I
𣯌	I
𣺟	I
鯊	I
逤	I
𣻖	I
挲	I
𡭣	I
𣲦	I
桬	I
娑	I
𣷜	I
㵈	I
𤁢	I
㴢	I
𣼎	I
㶝	I
滭	I
渱	I
𣵀	I
𤃵	I
㵊	I
𤃑	I
𣸚	I
𤄗	I
𣴉	I
𣵖	I
𣼔	I
𣶀	I
𣷠	I
𤀄	I
戦	I
𣼫	I
𤃅	I
溡	I
濹	I
浬	I
涅	I
涆	I
𣵡	I
単	I
濐	I
𣻾	I
鼝	I
淏	I
淂	I
𡑑	I
𣍒	I
泹	I
淵	I
𣶪	I
𣺯	I
浉	I
湜	I
𤂗	I
𧑘	I
盪	I
𠡱	I
𤄭	I
𠄄	I
𢡂	I
燙	I
𨖳	I
𤄎	I
湯	I
𢴳	I
𡢈	I
𣼮	I
璗	I
𤿽	I
㴘	I
𣳑	I
𣷐	I
虩	I
滉	I
𡭴	I
淐	I
𤅱	I
𤄥	I
漫	I
澷	I
湡	I
𦑇	I
𨓬	I
𣺂	I
㵃	I
𡭪	I
𡐀	I
𣿌	I
㵣	I
渇	I
𣹈	I
𣼬	I
巣	I
淉	I
𦧥	I
𡭼	I
湦	I
㵆	I
𣽞	I
𣸭	I
𩀙	I
𣸬	I
𣼦	I
𪂌	I
𤂽	I
灦	I
濕	I
𣽙	I
洩	I
𣺝	I
㶞	I
𤂖	I
灗	I
澋	I
𤀰	I
灏	I
灝	I
渂	I
湒	I
濈	I
浥	I
𣳚	I
𣳤	I
𣹽	I
𣳀	I
𣾻	I
𤂫	I
洖	I
塣	I
浧	I
漊	I
𣳄	I
沖	I
潞	I
𣻲	I
𥁵	I
潰	I
𣷡	I
瀢	I
浞	I
𣺰	I
𣹑	I
潬	I
𣳮	I
𤀅	I
澏	I
𤀭	I
湂	I
漶	I
𣻵	I
𣽺	I
𤒕	I
𤅙	I
𩀢	I
𣽴	I
𣾿	I
𣵢	I
𣶞	I
𣸙	I
𣺪	I
涢	I
溳	I
𣷢	I
況	I
𣵓	I
𣵶	I
㳏	I
㳭	I
𣵗	I
𡜛	I
𣹺	I
𣳧	I
𣵴	I
𤀙	I
𣲵	I
𣼲	I
㕾	I
漍	I
𡮁	I
潩	I
𣳲	I
𤁣	I
𣲷	I
𣿓	I
𤅹	I
𤀎	I
𣶦	I
瀱	I
洇	I
𣸋	I
溷	I
𣽁	I
𣾞	I
𣺽	I
澤	I
𣻞	I
𣺕	I
濖	I
潶	I
𤄢	I
𣽠	I
獣	I
渨	I
澴	I
淠	I
㶎	I
𣶡	I
𣺀	I
𣴺	I
泇	I
㵑	I
𣿹	I
㶔	I
𣹩	I
灅	I
㶟	I
㵽	I
𣴚	I
㵋	I
𣴵	I
潿	I
㴓	I
𢣣	I
漣	I
濁	I
𤅴	I
𣼴	I
聻	I
魙	I
𩉍	I
𩟗	I
壍	I
䤔	I
漸	I
𥜙	I
𣋫	I
𨮜	I
嬱	I
涃	I
𣴪	I
溿	I
𣲶	I
𣷾	I
瀭	I
㴅	I
溫	I
𣽭	I
㴄	I
𤃭	I
溭	I
潀	I
𤄷	I
𤁆	I
𣸤	I
濺	I
灔	I
𤄝	I
㵹	I
𣿐	I
濃	I
浀	I
灎	I
淟	I
䣔	I
𣹵	I
𣳒	I
漄	I
𣷰	I
𣶤	I
𣺻	I
㵯	I
湠	I
𣿄	I
泱	I
漰	I
𣲸	I
𪆸	I
𤅵	I
𣵵	I
𣲕	I
𣲹	I
鼡	I
𣳷	I
淍	I
𣵘	I
𣺠	I
𡭙	I
𣳽	I
𩖟	I
洞	I
𣾚	I
涄	I
𢞉	I
洬	I
溅	I
溦	I
澂	I
溰	I
𤅐	I
㴥	I
測	I
𠝿	I
瀃	I
𣽷	I
𤁑	I
潉	I
㢢	I
䣊	I
㲂	I
𢻒	I
𤿼	I
𨜂	I
尙	I
尚	I
𡮵	I
泂	I
𣀴	I
幤	I
𥊣	I
𧑼	I
氅	I
𢢌	I
𩻪	I
𪁺	I
𪅶	I
𣹔	I
敞	I
𦦢	I
𪛆	I
𠔷	I
𨿰	I
瀴	I
𣴬	I
𣷤	I
渦	I
濄	I
𣴽	I
漴	I
𣶻	I
𤄨	I
𤄩	I
𣶘	I
沨	I
𤄧	I
𤀖	I
𣶎	I
𣳼	I
溄	I
𣺿	I
渢	I
𣵙	I
潂	I
𣷣	I
𣶈	I
𤀆	I
𣼍	I
𣽵	I
浻	I
𣶟	I
汭	I
漼	I
浵	I
𡋋	I
𣲥	I
𣷪	I
盕	I
𥹦	I
𣑃	I
汎	I
澱	I
𣺹	I
湣	I
𣇹	I
𢛣	I
𢦢	I
潺	I
𣼇	I
淈	I
𣼨	I
𥒟	I
涺	I
㵤	I
𣻷	I
沑	I
𣲌	I
𣴅	I
潳	I
漏	I
𣾮	I
汈	I
𣼉	I
泀	I
𣺘	I
𣼣	I
溊	I
𣲺	I
𣴫	I
𣶍	I
湑	I
𣴣	I
𣴻	I
𣷍	I
湋	I
𤁍	I
𣼈	I
𣳟	I
㴮	I
漽	I
灟	I
𣺳	I
𣿲	I
𤂎	I
㳮	I
𤃎	I
浺	I
澼	I
瀷	I
𣲻	I
𣾫	I
𤂏	I
𤂿	I
潠	I
瀈	I
𣷺	I
漝	I
烫	I
湉	I
㳴	I
𣻨	I
𣷋	I
㴵	I
𣽶	I
浘	I
泼	I
𣸹	I
𣶅	I
𣹲	I
㶜	I
泦	I
𣳣	I
𣼢	I
漻	I
䀊	I
𣽓	I
𪁠	I
決	I
𣲄	I
𣻰	I
埿	I
𢛜	I
𥺜	I
𩸧	I
𤂊	I
𤀛	I
濢	I
瀥	I
浕	I
泤	I
沢	I
𤁾	I
𤄹	I
㶋	I
𣷩	I
𤀬	I
灇	I
𣾴	I
濧	I
𤀾	I
𤃊	I
㴴	I
澲	I
𣺲	I
𤃨	I
𩉀	I
𣿩	I
𤁽	I
濴	I
瀠	I
㶈	I
瀯	I
澇	I
濙	I
灐	I
濚	I
𣶷	I
瀅	I
𣷇	I
㴹	I
潾	I
𣴕	I
𤄜	I
𣿜	I
𣹌	I
溇	I
𢽾	I
敩	I
𣷅	I
浤	I
瀗	I
𤀿	I
涋	I
𣶺	I
𣴄	I
𣹞	I
𣺊	I
滱	I
坣	I
𤀕	I
瀽	I
淙	I
浣	I
𧇳	I
𣻎	I
𣽬	I
𣸦	I
𠤝	I
溕	I
𣳿	I
泻	I
渲	I
淀	I
𣼂	I
濱	I
𣴩	I
𣵈	I
𣿶	I
𣼗	I
𡜈	I
𤀋	I
𣷂	I
漃	I
覚	I
㵓	I
溟	I
蛍	I
䣘	I
䣣	I
𢿧	I
𣀏	I
𣪼	I
𣪿	I
𨝦	I
裳	I
𡗑	I
堂	I
甞	I
𨡔	I
䟫	I
常	I
𡮕	I
𣥺	I
𥋤	I
劏	I
嘗	I
𠹉	I
𡮢	I
𣋈	I
𧒾	I
𩘽	I
㴦	I
営	I
當	I
𨎖	I
賞	I
赏	I
𦈹	I
㦂	I
㽆	I
瓽	I
𢡭	I
黨	I
𪄹	I
𪇁	I
𡭿	I
㗬	I
𡖹	I
掌	I
棠	I
牚	I
𢿦	I
𢿵	I
𢿽	I
𡝣	I
𠤠	I
㼕	I
𧨲	I
𩀯	I
労	I
𤃆	I
𡓪	I
𡮝	I
渾	I
𡭵	I
𣳞	I
峃	I
觉	I
㵳	I
澝	I
𣽹	I
𤀑	I
𣾉	I
㵥	I
𣾈	I
滵	I
濵	I
濘	I
淧	I
𣸈	I
𤇑	I
𣿟	I
𡝷	I
涴	I
𡮄	I
鲎	I
鸴	I
𥁭	I
𧖶	I
𣲽	I
𤉠	I
𨧁	I
𣹠	I
浶	I
𣺉	I
栄	I
浨	I
瀋	I
𤁖	I
濅	I
𣹦	I
洝	I
𣼡	I
𣲼	I
㵼	I
瀉	I
𡟖	I
涳	I
𣽧	I
湥	I
𣵫	I
𣾋	I
𣿵	I
浫	I
漥	I
潌	I
𣷆	I
𣹧	I
𣿈	I
㴏	I
㴭	I
㴼	I
𤀨	I
溶	I
滘	I
𣽸	I
㵠	I
𣵆	I
𣺑	I
𤅋	I
鴬	I
𣾊	I
𤄘	I
㴱	I
𣸧	I
𣵇	I
𣷁	I
𣶆	I
㴶	I
泬	I
溛	I
𡭠	I
𣴦	I
𤁂	I
𣸘	I
𤀓	I
㒯	I
𠒬	I
𣺆	I
𠓚	I
涽	I
𠒮	I
𣴠	I
𥁼	I
汦	I
𪃖	I
滐	I
𠓅	I
𣶌	I
黋	I
泜	I
𩁧	I
汹	I
𣳸	I
𣶧	I
𣺥	I
𣴊	I
沒	I
洈	I
浠	I
𣽃	I
頫	I
𩒚	I
澹	I
𣿨	I
澥	I
𡋆	I
𣻁	I
𠓒	I
𤄱	I
渔	I
𠒵	I
澛	I
𤭈	I
𠒝	I
𢼯	I
𧇲	I
𧇺	I
𣵥	I
覜	I
𠧞	I
𣳢	I
𠓉	I
沵	I
𠓃	I
𡭰	I
𣆥	I
潒	I
𠒫	I
𣆤	I
𠒗	I
𠛪	I
𣹯	I
𠒼	I
𠒪	I
尡	I
𠓊	I
泃	I
洺	I
𠒦	I
𣻍	I
𣾹	I
𤀧	I
瀺	I
𠓋	I
𣵦	I
𣴂	I
渙	I
𡷀	I
𠓂	I
韑	I
𦒉	I
耀	I
𣿡	I
㶍	I
𤃽	I
𤀯	I
𤄏	I
瀂	I
𩼪	I
𠓐	I
𤄣	I
淗	I
漁	I
𣶋	I
䆪	I
𠒽	I
輝	I
辉	I
𨒺	I
濥	I
𤃚	I
洶	I
𠓓	I
𣺷	I
𨮠	I
𠓑	I
𤅺	I
𦥿	I
𣾠	I
𣲢	I
𣴙	I
𩳁	I
𤾗	I
㳷	I
𣹒	I
淴	I
𤁠	I
沕	I
𣿿	I
𣻑	I
𣳜	I
𣴥	I
潴	I
漪	I
𤅂	I
𧹍	I
𤂲	I
𢼴	I
𠒿	I
汮	I
𠓁	I
𠓖	I
淊	I
浄	I
𣹃	I
㴔	I
𪕗	I
𣽌	I
𠒡	I
盜	I
鴵	I
𤈾	I
𪀯	I
𣒿	I
㳄	I
𨾾	I
𠓇	I
渹	I
瀏	I
溜	I
𠡑	I
𠓌	I
𤃮	I
𠒥	I
兤	I
汋	I
汣	I
𡮍	I
𣲣	I
汳	I
泒	I
𣲖	I
𤂜	I
滜	I
𣷥	I
垽	I
𣴢	I
𣸩	I
𤃧	I
𣺣	I
𣹛	I
㳋	I
湟	I
𣵱	I
洉	I
㴈	I
浜	I
汼	I
㴲	I
沠	I
𣴷	I
𡮂	I
湶	I
𣾸	I
𠲻	I
㵲	I
潕	I
淿	I
𣳬	I
峾	I
淛	I
𣲞	I
滊	I
𣷲	I
𣷯	I
㝸	I
𠳑	I
溾	I
𤁔	I
𣴟	I
𤄛	I
𣻂	I
𤁩	I
㵿	I
𤁡	I
𤅆	I
𣓬	I
𣴜	I
㳺	I
𣸅	I
渒	I
澔	I
溵	I
𣴋	I
湁	I
𣻧	I
𣹁	I
泆	I
潅	I
𣴼	I
𣴡	I
漑	I
泝	I
𤂨	I
㶚	I
㶇	I
𤂉	I
𣵎	I
𣾐	I
㴿	I
涁	I
㵱	I
溎	I
湮	I
𣳰	I
渿	I
𣿖	I
𤅜	I
𤃛	I
𡭦	I
𤂭	I
𨠆	I
㳹	I
泍	I
酒	I
𤄍	I
𣻔	I
湘	I
𣻘	I
𣶲	I
𣷘	I
渣	I
𤁎	I
𣿘	I
滒	I
𣿦	I
𤅨	I
𤅯	I
㳐	I
潥	I
𣺗	I
𣸴	I
灪	I
湐	I
𣽕	I
潸	I
𣽽	I
𤂑	I
漜	I
濋	I
澿	I
𣾕	I
澘	I
𣿏	I
𤃺	I
潹	I
漤	I
溧	I
滼	I
𣸯	I
𣶁	I
𡮋	I
𣸑	I
㴗	I
𤄄	I
淞	I
瀒	I
𪅍	I
𪆵	I
淶	I
𤄿	I
㴤	I
沭	I
𡮹	I
𣽣	I
𥁩	I
汑	I
𣲃	I
澨	I
𣽆	I
𦕉	I
㳵	I
𨙹	I
𡭲	I
𣻩	I
㵇	I
𡎒	I
𣸖	I
浲	I
𤁰	I
𣵚	I
𣷹	I
㳢	I
潪	I
𡭺	I
𤅔	I
𣶱	I
𣾷	I
𣵜	I
𤂥	I
𩷯	I
𪁕	I
漨	I
鋈	I
𪎤	I
𡭟	I
𡞠	I
沃	I
𣽰	I
𣹊	I
瀊	I
𡮑	I
𣵛	I
洀	I
𣹘	I
𤅕	I
汘	I
汻	I
洐	I
𣺺	I
𤅬	I
濳	I
𠦖	I
𤂩	I
浩	I
𤀗	I
灒	I
𣲭	I
𣾽	I
𪄣	I
涏	I
鍌	I
𣺨	I
㴙	I
涶	I
湩	I
𣺡	I
泩	I
湰	I
𣳴	I
𣹴	I
𣶸	I
𣽤	I
𡮗	I
𤅏	I
𣶳	I
𣽖	I
𤀤	I
𦤢	I
𪛎	I
𨜜	I
𡮌	I
𣷭	I
𤂳	I
𤄑	I
溴	I
泎	I
𣽎	I
洎	I
漇	I
𣽍	I
濞	I
𣸄	I
𤅡	I
㴧	I
㼳	I
沜	I
涎	I
𤄺	I
䚇	I
㴪	I
𣿒	I
𣾄	I
𤂃	I
𤁻	I
𡮏	I
𡭝	I
𣳛	I
𤅲	I
𨤢	I
㴡	I
浰	I
𠚺	I
𡭽	I
𧈅	I
漡	I
𣼖	I
𣸪	I
𨚈	I
𨚒	I
𠳛	I
𣷓	I
𣽿	I
𣻙	I
𪃕	I
渪	I
𤀈	I
潈	I
洫	I
潨	I
𤀥	I
𠣇	I
𡮀	I
漗	I
𤀀	I
𣳦	I
𣼺	I
𠢣	I
𣹮	I
𣴁	I
𣹚	I
𣲿	I
𣽜	I
㴬	I
𣽯	I
𤁌	I
𣴗	I
𡭸	I
瀩	I
澚	I
𣵸	I
㵟	I
瀓	I
𤁚	I
㳬	I
𤕋	I
泲	I
𡮴	I
𤄪	I
潘	I
㴽	I
㵞	I
𤄤	I
湫	I
𥁷	I
𤁈	I
𤂱	I
𩵮	I
𣻗	I
𣢒	I
㝹	I
𢒮	I
㵺	I
㵌	I
涐	I
𣻚	I
㶘	I
𣓮	I
潃	I
毟	I
𡮯	I
澓	I
𤄒	I
泘	I
𣶹	I
㶕	I
𤅃	I
溗	I
泈	I
瀄	I
𤄙	I
涹	I
潷	I
𣹕	I
𤃾	I
𣺱	I
𡋸	I
𤅰	I
𣻜	I
漎	I
潻	I
𣽛	I
𣿇	I
𦐶	I
䲵	I
𣻄	I
塰	I
瀿	I
𤀇	I
湚	I
𣶂	I
𥅷	I
𤅄	I
𤁲	I
𣱸	I
𣱿	I
洴	I
渆	I
𣽚	I
𤀳	I
㴊	I
㶒	I
溠	I
淃	I
溬	I
瀁	I
𣼐	I
漛	I
潫	I
𣻌	I
𣼁	I
渕	I
𣵃	I
𣷨	I
㵛	I
𣷃	I
㳾	I
𣺸	I
𣼃	I
浂	I
瀧	I
𡔆	I
㵎	I
湇	I
𤏄	I
澻	I
㴚	I
㳕	I
㳆	I
𤁹	I
𣾬	I
𡭬	I
𡮣	I
𡮥	I
𣾺	I
𤀡	I
渼	I
𤄾	I
润	I
潤	I
漾	I
澜	I
瀾	I
𤁕	I
溔	I
𣿭	I
㵪	I
湵	I
𤄂	I
𣽾	I
𤄃	I
𤂕	I
𤁀	I
潼	I
涧	I
湆	I
澗	I
𤁘	I
灨	I
滝	I
澺	I
滰	I
𤁝	I
滾	I
灛	I
𣼶	I
𣽢	I
𤁵	I
涚	I
渷	I
𤅾	I
潧	I
𤂦	I
𣾌	I
滳	I
𤁷	I
潎	I
𣿁	I
𣹿	I
𣷬	I
𣳍	I
𡮮	I
㵍	I
𡮬	I
湴	I
潽	I
渧	I
𣾪	I
澬	I
𤄡	I
滧	I
㶄	I
𣳩	I
洨	I
灁	I
𣾇	I
澊	I
湭	I
瀙	I
澵	I
𣒕	I
澖	I
濶	I
𣸥	I
滻	I
渞	I
𤀵	I
𤁐	I
𤄰	I
濓	I
𣿪	I
浐	I
𣺄	I
𤀫	I
𤄇	I
𤃷	I
灍	I
淁	I
𣽳	I
𤁦	I
溓	I
㴸	I
𤂶	I
𤀟	I
濨	I
涕	I
𣿸	I
𤂷	I
潣	I
潯	I
湼	I
𣹜	I
𣸏	I
㴌	I
𣽮	I
𣷈	I
𣻇	I
泿	I
𣸁	I
𤀷	I
𤁿	I
堻	I
澅	I
𣻱	I
㳃	I
津	I
潚	I
𥂵	I
𤄼	I
湕	I
浔	I
𣸟	I
澙	I
㳨	I
㵰	I
濜	I
𤄸	I
㴋	I
𣿍	I
𥂖	I
𣵌	I
㓥	I
漅	I
㴩	I
洳	I
𣺾	I
㵖	I
𣹤	I
㖳	I
灉	I
𣺤	I
𤁯	I
𣳺	I
𣶄	I
𣽪	I
𣹰	I
𣺎	I
㴆	I
㶅	I
淣	I
潟	I
灚	I
𣺅	I
𣴖	I
𣵏	I
㴫	I
涒	I
𤶷	I
𣲫	I
𥞹	I
𣹣	I
𣻭	I
𣴀	I
𤃘	I
粱	I
𡭩	I
㳛	I
澀	I
𣿠	I
𥁤	I
涊	I
𥹭	I
𣑱	I
㲽	I
汍	I
浌	I
𤁫	I
滃	I
㳂	I
𣹂	I
𣻈	I
𣺈	I
洑	I
䰪	I
洕	I
鹡	I
鶺	I
沴	I
浍	I
𤅁	I
𤅛	I
𣲚	I
𤅚	I
漈	I
𣻥	I
涻	I
𤃗	I
𤄻	I
𤅌	I
𤄚	I
溌	I
泭	I
㵸	I
淪	I
渰	I
瀹	I
𢍡	I
𣼕	I
湀	I
𣹥	I
㽏	I
𤀉	I
洤	I
渝	I
澮	I
潝	I
𤀒	I
𣷱	I
𣸇	I
潋	I
瀲	I
澄	I
𤃠	I
㶑	I
澰	I
𣹱	I
滫	I
𣺫	I
滺	I
㶖	I
滌	I
𣼝	I
浟	I
𤂛	I
𣳅	I
𣵤	I
𣲤	I
𣼱	I
㳞	I
𣼞	I
涗	I
𣵿	I
湺	I
𣶜	I
𣲒	I
𣸍	I
𣳈	I
𠦭	I
溮	I
𣳨	I
溩	I
𤃙	I
𣷦	I
𣻬	I
𣿾	I
㵚	I
㳇	I
𣵁	I
𣴓	I
挙	I
𣵣	I
㳜	I
𣴾	I
溆	I
潊	I
𣺍	I
㳝	I
塗	I
𣻠	I
𣉯	I
𥂋	I
𪄫	I
𣺢	I
漵	I
𣵲	I
涖	I
𣻃	I
𤁶	I
𣷽	I
𤀴	I
𡌂	I
𣴞	I
湓	I
𥁳	I
𣹋	I
𣿆	I
𩾟	I
𩾯	I
𩾼	I
𣝨	I
𣻏	I
洢	I
溣	I
𤁺	I
𣹶	I
𣴳	I
𣴶	I
瀸	I
𣾨	I
潑	I
沎	I
𢧵	I
泠	I
𣸊	I
𣸮	I
𣺦	I
湌	I
準	I
誉	I
雀	I
𣻦	I
𨢯	I
𣵂	I
𣶗	I
蠽	I
𧓷	I
浛	I
滄	I
㵅	I
汵	I
淰	I
𢜅	I
𣳁	I
潐	I
𤍳	I
𪅓	I
𪇲	I
𪇶	I
潗	I
𤀔	I
𣾭	I
渳	I
𣷕	I
漲	I
𤀽	I
𣻳	I
𣴌	I
湪	I
𣺵	I
𣳊	I
𤂁	I
𣴈	I
淥	I
𣸠	I
瀰	I
𣳗	I
𣳠	I
𣴍	I
𩰾	I
㵒	I
漒	I
𣽔	I
泑	I
𣹍	I
𣻀	I
𣵬	I
𣾵	I
𤁗	I
濼	I
𤁒	I
㳽	I
𤂰	I
𤃡	I
𤄋	I
𤁼	I
𣼋	I
𤀼	I
𣷒	I
𣶾	I
濰	I
𣾧	I
沘	I
湝	I
𣸢	I
𣹎	I
𣳯	I
灤	I
𤅶	I
灣	I
𤅇	I
𤀏	I
𣼀	I
𤄲	I
𣾆	I
㵂	I
𣳌	I
瀇	I
㳤	I
漷	I
漓	I
涥	I
𣶑	I
潡	I
灕	I
㳰	I
淯	I
𣽱	I
𡏬	I
𣹭	I
𣻤	I
𪃂	I
㳘	I
鎏	I
㳿	I
𤀮	I
澈	I
瑬	I
㵝	I
𤄅	I
㳖	I
𡮲	I
𣳝	I
𣴔	I
㶆	I
乼	I
㗟	I
𣷀	I
𣿱	I
𣷧	I
涼	I
𧩁	I
𣵉	I
𣿞	I
済	I
瀍	I
𤂸	I
湻	I
濟	I
浏	I
滖	I
瀼	I
𤅭	I
𣹾	I
𣵰	I
𤅝	I
𤅻	I
瀤	I
澶	I
𣹫	I
𣼆	I
澟	I
滈	I
𤂂	I
㴜	I
滬	I
灋	I
𣼄	I
涙	I
淚	I
𤅘	I
𣶉	I
𣾡	I
𤁁	I
㴃	I
泳	I
𣸔	I
𣼟	I
𤄟	I
汒	I
𣵅	I
瀌	I
𣿕	I
𤃱	I
淭	I
𣴃	I
漉	I
瀛	I
灜	I
𣷔	I
𤄞	I
𤅀	I
𤅗	I
㴒	I
𣷷	I
湙	I
滦	I
洂	I
湸	I
𣻼	I
渟	I
𣽘	I
𣷳	I
𣴿	I
灖	I
𤃰	I
𣻕	I
𣵄	I
游	I
湤	I
𣻒	I
㵀	I
浒	I
滸	I
𣻓	I
漩	I
𤃃	I
𤃳	I
𤄫	I
𣳥	I
𣹪	I
溈	I
𪆎	I
𣽩	I
㶛	I
𣷫	I
㴑	I
𣼽	I
𡒖	I
𤅈	I
滽	I
𤁜	I
漮	I
溏	I
𣾩	I
𣷄	I
𣺓	I
淬	I
𤅣	I
㶐	I
淤	I
𤄕	I
𤄖	I
𣼧	I
𤃟	I
𣽲	I
𣶫	I
𣿉	I
滀	I
𣼠	I
𣴹	I
𣼅	I
澭	I
𣺒	I
氵	I
𤃢	I
𠁼	I
𧊖	J
暱	J
𧕭	J
𢤃	J
蠂	J
𣋑	J
䗃	J
𧎣	J
昻	J
㬒	J
蟒	J
蠎	J
𧑑	J
𧍗	J
蟖	J
𧊕	J
𧕨	J
𣇳	J
𣈒	J
𥀕	J
畢	J
𣋞	J
鷝	J
䗋	J
㪤	J
𧋞	J
曄	J
曅	J
𧑍	J
䖱	J
𧊌	J
𣇈	J
𧍺	J
螨	J
𧊺	J
𣋣	J
𧓦	J
𧖐	J
𣋛	J
暯	J
蟆	J
𣇖	J
𣈏	J
䗶	J
蝘	J
𣈿	J
蠇	J
𢻣	J
𩳺	J
螼	J
𣉾	J
𧏺	J
暵	J
𣋸	J
㬮	J
蠸	J
𣌓	J
𣌖	J
昮	J
𣈴	J
蠴	J
𣋻	J
暎	J
蝧	J
曂	J
蜹	J
暪	J
蟎	J
𧎢	J
昛	J
蚷	J
煚	J
𣈽	J
𧊎	J
𣇪	J
曚	J
𨓙	J
蝾	J
螮	J
曔	J
𧕪	J
蠮	J
𧏽	J
𣌕	J
𧓶	J
蛲	J
𧐞	J
曣	J
𧔦	J
蠨	J
蟏	J
㬦	J
㿺	J
蠖	J
𣀛	J
𣉏	J
𣋒	J
𣋭	J
𣊴	J
𦃙	J
𧍠	J
𧏒	J
𩙕	J
𨍯	J
𧎦	J
𧏥	J
𪇰	J
𣀠	J
晎	J
謈	J
𣋰	J
𧋄	J
𩁠	J
𣈰	J
𣇷	J
𧋽	J
𣉪	J
𣊀	J
𣌍	J
𧕩	J
𧓏	J
𧌗	J
𧉳	J
㫞	J
𧏬	J
蜬	J
𧊴	J
蟶	J
朂	J
𧏶	J
曓	J
𣉱	J
𣋦	J
䖦	J
昢	J
㬧	J
𣅽	J
㬥	J
𪈚	J
𣊻	J
𧬉	J
𧉔	J
𧋖	J
𤎸	J
𧏰	J
𣉛	J
𧍆	J
𧑟	J
𧌰	J
𧎤	J
𧉤	J
昪	J
𧑐	J
𧐙	J
蝚	J
𧎄	J
蝃	J
𣇽	J
𧑁	J
𧑫	J
𣉕	J
𧏠	J
𧉐	J
𣈠	J
𧍂	J
蛹	J
𧍛	J
𧐺	J
蛏	J
𣇚	J
𧊬	J
𣅿	J
𧉟	J
㬃	J
䝨	J
𧉃	J
晙	J
𣉔	J
𧎇	J
䘈	J
𣊥	J
𠥄	J
曞	J
蠣	J
蚅	J
蛂	J
𧈽	J
𧎞	J
𩓌	J
𩉎	J
𡒦	J
蛕	J
䗅	J
𧎔	J
蜄	J
𤲆	J
蝰	J
𡋵	J
𧍊	J
𧏯	J
晇	J
𧊘	J
㬄	J
鷐	J
𩀭	J
蟵	J
𨪖	J
蝛	J
𧊥	J
𧍧	J
𣆱	J
𧋃	J
𧍹	J
𧋇	J
㬩	J
䗩	J
𧏡	J
暳	J
𣉶	J
𧋆	J
㫵	J
暃	J
𧍃	J
𧓋	J
𧔹	J
蛨	J
昦	J
晻	J
𣊾	J
𧌄	J
𧋯	J
㬉	J
蝒	J
蝡	J
𧉩	J
𣆝	J
𣊵	J
𣋗	J
𧑮	J
𧏦	J
𩉉	J
暊	J
蝢	J
𩑎	J
蛖	J
𧊑	J
蚘	J
晠	J
𠕠	J
𣆈	J
𧉦	J
䗮	J
𣋢	J
䗁	J
𣌅	J
𧔝	J
暸	J
蟟	J
蟩	J
𣇗	J
𣉅	J
𧎝	J
蜯	J
𣈖	J
暙	J
蝽	J
𧎈	J
螓	J
𧐍	J
蛺	J
𣇍	J
𦀤	J
昽	J
𣆒	J
𣆭	J
𧉑	J
𣈃	J
𧌳	J
𩣶	J
𥀦	J
𩉂	J
𩞹	J
𡑅	J
㦔	J
𢢤	J
𪒞	J
𢵤	J
猒	J
𧂓	J
𧕥	J
𧌇	J
𢒧	J
𧋈	J
㬊	J
蝯	J
𧞈	J
𧋭	J
𣋐	J
𣌁	J
𣌂	J
蛶	J
蛆	J
勗	J
琞	J
𢽢	J
𧐎	J
𧡜	J
𣊧	J
𣌰	J
𨞚	J
𦡉	J
㬭	J
𣌄	J
𣉁	J
𦑉	J
𢜏	J
焽	J
曌	J
𧌅	J
𣊬	J
曖	J
𧓁	J
𧏿	J
㿢	J
暚	J
𧎼	J
𣈄	J
𧊱	J
𣈂	J
𧖽	J
㬙	J
蟡	J
𢽵	J
𣇴	J
𧏭	J
䳟	J
𪂡	J
螇	J
𧕉	J
昅	J
𧌮	J
𧒶	J
𧒵	J
䘂	J
𧐦	J
𧓥	J
𣈻	J
蟦	J
𧑰	J
𧔒	J
暁	J
𣊝	J
𢧀	J
蠘	J
𤲃	J
𨛋	J
𨛎	J
𨤤	J
䖼	J
墅	J
𧐓	J
䗘	J
蜐	J
𤍓	J
昙	J
𧋤	J
㫢	J
蚑	J
𧉧	J
曘	J
蠕	J
黙	J
𧋫	J
曇	J
𣊯	J
𧏂	J
𣈹	J
𧋪	J
晆	J
𤮦	J
曉	J
蟯	J
𧌺	J
𧔕	J
𧓡	J
㫭	J
時	J
㪋	J
𤿧	J
𣇣	J
𤯶	J
𥆤	J
𧑅	J
𨵣	J
𣉮	J
𧋨	J
𨤵	J
蛷	J
𧉿	J
𣊿	J
𣋂	J
𨤷	J
𣋔	J
𧏜	J
蟛	J
蛣	J
暿	J
蟢	J
𧑱	J
𧕅	J
𣌟	J
𧖜	J
𧍩	J
𧒽	J
𣋺	J
𧔖	J
𤋰	J
暔	J
𣌐	J
𢄾	J
𣅘	J
𣌊	J
𧕖	J
𣆷	J
𣋬	J
𣅙	J
𧈯	J
𢙶	J
𣇌	J
𧋺	J
㬨	J
𨤮	J
𧐭	J
㫱	J
黒	J
𣇐	J
𧋒	J
㫲	J
𧋢	J
𨓦	J
𧎳	J
𧓜	J
曀	J
𨤧	J
蚖	J
㫴	J
暏	J
蝫	J
螧	J
𣉟	J
𣊋	J
𢢨	J
𣭸	J
𣉡	J
𧓴	J
蛯	J
𢽎	J
𣈑	J
𤜔	J
蟽	J
𣉊	J
𣊎	J
𡝎	J
㬡	J
𧌉	J
𧒗	J
䳚	J
䗀	J
𣇾	J
㫙	J
曤	J
𣊌	J
𧐻	J
𨿑	J
𧚣	J
𠂁	J
蚈	J
𧋼	J
𧊞	J
旽	J
𧉙	J
晊	J
𠕥	J
𧌼	J
𣌛	J
𧋝	J
𨛴	J
𧋹	J
𧌀	J
𩑰	J
𧉂	J
㬍	J
䗚	J
蜻	J
𥟟	J
晡	J
蜅	J
𥋹	J
𠮊	J
𣌏	J
𪔥	J
旴	J
虶	J
𣈗	J
𣮊	J
㝵	J
𠊛	J
𩰎	J
𩰓	J
𧑡	J
𩰛	J
𩰑	J
𣆞	J
𩰍	J
𩰐	J
𩰗	J
𩰝	J
㼵	J
𩰘	J
𩰙	J
𩰜	J
𩰟	J
𩰔	J
𩰞	J
𩰖	J
𩰚	J
𧒓	J
𩰒	J
𩰏	J
𧑜	J
𠎜	J
𢻖	J
𦧪	J
𧤘	J
昰	J
𢆝	J
𣊒	J
𨤱	J
𣊰	J
韙	J
韪	J
𢅨	J
𣇅	J
㓳	J
𠸭	J
題	J
题	J
𡺔	J
𧸯	J
𢁈	J
𦑡	J
𧉄	J
𧉝	J
𧑕	J
䗡	J
鶗	J
𤓐	J
遈	J
𢌪	J
𨕒	J
𧡨	J
𧡰	J
尟	J
晸	J
𣌎	J
匙	J
虾	J
𣈡	J
蚽	J
𣆏	J
𣇊	J
𧉈	J
䖹	J
暷	J
𧐕	J
晅	J
𧊳	J
𠛣	J
蝀	J
蟪	J
𣆳	J
𧋑	J
𧑠	J
𧖒	J
蝆	J
𧐝	J
𧋋	J
𧕁	J
㬏	J
䗖	J
螎	J
𧒘	J
𧓞	J
𧋐	J
曧	J
蝲	J
蝠	J
𧔣	J
鼌	J
𧐒	J
𣆘	J
𧔬	J
𧐁	J
䗵	J
暕	J
𧍴	J
𠡎	J
𢍖	J
𧋁	J
𣇥	J
昁	J
𧉋	J
𧊸	J
螬	J
𣉿	J
𨕈	J
鼂	J
昞	J
昺	J
蛃	J
曬	J
𧕯	J
蜽	J
𧐐	J
𡲂	J
𧵯	J
𡲡	J
𡰮	J
𢘇	J
𣇎	J
𣅔	J
𢧫	J
㫫	J
㬐	J
𧎽	J
𩔰	J
𨓯	J
㦹	J
㫕	J
𠭲	J
𢾙	J
𥏬	J
𧍿	J
𣈟	J
𣋇	J
䬗	J
蛚	J
𧓠	J
𠢃	J
𧈭	J
𤋁	J
𧏲	J
𪃌	J
逿	J
𣆧	J
昜	J
敭	J
𣅬	J
𧑃	J
𣅐	J
𣆃	J
𣉺	J
昩	J
𣆽	J
蚲	J
𧌥	J
蛵	J
𣇁	J
㫸	J
蜨	J
𣊚	J
𧊻	J
𠕰	J
鴠	J
𣍓	J
𣉓	J
𣅥	J
螦	J
蝳	J
蛦	J
𣆰	J
𧉛	J
𣌚	J
𧉣	J
𧕆	J
𧎍	J
𧖃	J
𧐅	J
𧐪	J
曥	J
蠦	J
䗂	J
𣌉	J
𧓻	J
𧌧	J
𧌭	J
𪘅	J
𤰷	J
蚾	J
𤰃	J
𡬤	J
朄	J
𣌾	J
㪞	J
蠼	J
𣌗	J
㬬	J
蠷	J
𧌂	J
𡒮	J
晫	J
𤱓	J
𧌸	J
暢	J
𣈱	J
蛅	J
𧖋	J
曰	J
𣆜	J
畅	J
𣆐	J
虫	J
迧	J
㒻	J
𧓩	J
晛	J
蜆	J
𧒷	J
𣌨	J
𣢘	J
畃	J
毷	J
𣁱	J
𣊕	J
𪃑	J
𤳘	J
𨾡	J
蟕	J
𧕓	J
蟝	J
𣆺	J
𣆙	J
𧋂	J
𧌏	J
𧎾	J
𧋶	J
𧐬	J
蝋	J
㫾	J
𧎫	J
𧐽	J
蟐	J
𧑽	J
𨔯	J
蟷	J
曭	J
晁	J
䖴	J
晀	J
晄	J
𧍖	J
𧐑	J
𣌤	J
䖢	J
𧍌	J
㬁	J
𧉍	J
𧏻	J
𧔙	J
𣌈	J
𣋁	J
𣌑	J
𠭒	J
𧖌	J
𣊐	J
𣇵	J
𧋎	J
晘	J
𠦤	J
𣈜	J
𤦉	J
𧍋	J
㫜	J
䖧	J
蜵	J
蝭	J
𣉆	J
㫯	J
暘	J
蝪	J
𥋅	J
蝐	J
𧊋	J
𤰶	J
𧔼	J
𣊖	J
曑	J
曟	J
㬪	J
䗉	J
晿	J
曐	J
曡	J
日	J
𣊫	J
𣊭	J
蠱	J
蝿	J
𨗏	J
𨙘	J
蟲	J
蟃	J
㬈	J
蝹	J
𩩪	J
㬂	J
𣈦	J
𧍪	J
㫣	J
𢛝	J
𤏒	J
焸	J
𣌻	J
𣉬	J
暥	J
暍	J
晹	J
蜴	J
蠍	J
𣣘	J
㫀	J
𤬆	J
𧌾	J
𥣷	J
𣇫	J
𣈁	J
䗌	J
暒	J
𧒋	J
䗑	J
𣈫	J
𦦄	J
𪂇	J
𧔷	J
𧊠	J
㬤	J
䗾	J
𧊣	J
蜫	J
𣈀	J
𣌝	J
暻	J
𧑊	J
𧎎	J
𣆪	J
𧋾	J
蜎	J
𣆉	J
冔	J
𣇒	J
𧋸	J
螻	J
蚛	J
𠞭	J
𧒌	J
𧑋	J
𧒭	J
𧔥	J
𧋥	J
𣈣	J
𧕘	J
暺	J
蟬	J
䗭	J
𧍞	J
𣋝	J
𧒮	J
曮	J
𧊅	J
𣅷	J
㫛	J
𧊍	J
𣚤	J
𧊄	J
蟈	J
𧑌	J
𧒼	J
𨜵	J
鄤	J
𢿕	J
𥀗	J
𠢝	J
𢿜	J
𣁜	J
𧉫	J
𣋖	J
𧑩	J
𧏈	J
㬅	J
𧊭	J
𣋍	J
蝟	J
𣉌	J
𣉳	J
𧔅	J
𧔘	J
䘃	J
曎	J
蠌	J
蟔	J
蠉	J
𣉍	J
𧍥	J
𧓘	J
𣰱	J
𧎖	J
𧊀	J
𧒪	J
𧍚	J
𧕫	J
蛠	J
蠝	J
𧋱	J
𪓲	J
𧋡	J
𧍤	J
𧒞	J
𧐖	J
蠋	J
𠠡	J
𧊫	J
螹	J
𣈾	J
𣊙	J
𧔜	J
㼔	J
𧋕	J
𧐋	J
𧐣	J
𣯎	J
蜠	J
𧎁	J
𧏧	J
曪	J
𧒿	J
𣋏	J
𧓅	J
晪	J
𧌎	J
𣉀	J
𧈻	J
𧌹	J
𧍒	J
𧔇	J
𣉗	J
𧏱	J
螖	J
𧋏	J
𧐸	J
𣅣	J
𧊨	J
蚦	J
𣅧	J
𣆀	J
𣆎	J
𧊩	J
晭	J
蜩	J
𧔿	J
𣋋	J
晍	J
𧊚	J
暟	J
螘	J
𥝂	J
𨜖	J
𨲖	J
𪉐	J
顒	J
颙	J
㼴	J
愚	J
𪃍	J
禺	J
𤔝	J
𥝉	J
𩀍	J
𧑵	J
蜖	J
𣉇	J
𧍡	J
㬞	J
𣅻	J
㫟	J
𧒖	J
蠳	J
𣆠	J
蝸	J
𧐿	J
𣌬	J
蛧	J
𧈿	J
𧊶	J
𧏢	J
𣈼	J
𧍯	J
𧒅	J
𣅚	J
蝄	J
𧍑	J
𧐩	J
蠵	J
𧔍	J
𩓷	J
𣇂	J
𨔒	J
蚒	J
𣋙	J
𧓇	J
𣆓	J
㬆	J
𣆻	J
𧉬	J
𧌑	J
𣊟	J
蜛	J
𣇓	J
𣅳	J
𢧠	J
𥟙	J
𧐇	J
䖡	J
𣅴	J
𧎜	J
暅	J
𣈶	J
𧉠	J
𤭼	J
蝦	J
𣈚	J
𣉚	J
蝑	J
蝞	J
𣈲	J
暐	J
虯	J
𧍫	J
𧔸	J
𣈈	J
𧑷	J
曯	J
蠾	J
𣊏	J
𠞈	J
𧋜	J
𧕀	J
𧓄	J
蟤	J
𧋿	J
𣇡	J
𧋷	J
𤇐	J
𣅏	J
𣆄	J
𧐔	J
旸	J
𧌡	J
毾	J
𧋦	J
䖩	J
𧑏	J
𧎨	J
㬔	J
蟉	J
𪄚	J
蚗	J
蠗	J
𣅡	J
𣌲	J
蚭	J
𧋅	J
䖠	J
蚇	J
𩓺	J
㬣	J
𧎲	J
𣉖	J
顕	J
曗	J
䗱	J
𣊪	J
𧕍	J
蟧	J
𧓌	J
蠑	J
𣊞	J
䗊	J
晱	J
𣋡	J
𣉢	J
䗲	J
暽	J
㷖	J
𧕊	J
𧒠	J
曢	J
螛	J
䘆	J
𣆹	J
𣈍	J
𧒳	J
𣇼	J
䖾	J
晥	J
𠘗	J
𧑚	J
𧍱	J
蝖	J
蝊	J
蠙	J
𣋪	J
螾	J
𣊇	J
𣉰	J
暝	J
𧎡	J
晖	J
暉	J
𧎊	J
暈	J
𤲥	J
𧑗	J
𧑶	J
𧓍	J
䗆	J
䗿	J
䗏	J
晼	J
𧒫	J
𥁻	J
𣅟	J
𧉡	J
𣈎	J
𧊼	J
𣇟	J
𧏖	J
𧉞	J
𣇆	J
䖳	J
𢒳	J
𣌔	J
㫨	J
𢣮	J
鷃	J
𧓺	J
䨃	J
𣈞	J
𧌆	J
𧎛	J
螲	J
𧏏	J
𠟘	J
𧐴	J
𧎧	J
𧑲	J
𣇬	J
𣋶	J
𧔚	J
𣉒	J
𧉢	J
𣅸	J
𣃸	J
𧌞	J
𧌴	J
㬕	J
𧕬	J
曻	J
𣇲	J
𧍎	J
𧋣	J
𧷑	J
蚔	J
𧎩	J
㫝	J
蚳	J
𧐫	J
蝬	J
𣉵	J
𧎷	J
蛫	J
𣆡	J
𧎙	J
䖷	J
晞	J
㬗	J
曕	J
𧒻	J
蠏	J
𣉜	J
𡬩	J
𠚠	J
𧉰	J
㫬	J
䖲	J
晩	J
𣊤	J
㫥	J
昫	J
蚼	J
𣈳	J
煦	J
𤋗	J
冕	J
𧓰	J
𠕤	J
𧕃	J
蜔	J
𧓾	J
㬇	J
𧎑	J
𢒠	J
𧓬	J
蝜	J
蚫	J
𧕇	J
𣋼	J
𧔎	J
䗇	J
䗨	J
𣇧	J
𣊘	J
𨓆	J
𧓒	J
𠕝	J
𣆚	J
蛥	J
𪙶	J
敡	J
𣉝	J
𢒗	J
𣌒	J
剔	J
𥂺	J
蜪	J
䗓	J
惖	J
𣇤	J
𣉷	J
鶍	J
逷	J
𣂨	J
𣊷	J
昒	J
𧉚	J
𧏫	J
𧋵	J
𧒇	J
蚐	J
𧓪	J
𠕣	J
蜭	J
㬠	J
𦤪	J
𢆜	J
鹖	J
𪓮	J
㓭	J
𧓃	J
㔠	J
䫘	J
𧇷	J
曷	J
毼	J
鶡	J
遏	J
𣂰	J
𣍊	J
㰩	J
欥	J
𨾳	J
䗜	J
旳	J
虳	J
昄	J
蛌	J
暤	J
𧎋	J
𧉲	J
蚯	J
𣈷	J
𧐥	J
𧊛	J
𧏳	J
𧌋	J
𣈓	J
𣅫	J
𧉖	J
𧑺	J
𧑻	J
𤘵	J
𧐼	J
螔	J
𧏕	J
𧓗	J
䖣	J
暭	J
𣆦	J
𧍭	J
蟱	J
𣊲	J
𧊦	J
㫼	J
𧎯	J
𣅠	J
暣	J
𧎵	J
㫹	J
螝	J
𣉨	J
𣆿	J
晣	J
𧋍	J
𣇄	J
𧎴	J
𧓳	J
𧌕	J
𣈢	J
𣉥	J
昳	J
蛈	J
曒	J
蚸	J
𨜍	J
顆	J
𩓢	J
𣞅	J
𢒙	J
褁	J
𢻔	J
䗎	J
㬓	J
𣊠	J
𣉴	J
𣡙	J
𣡚	J
㼫	J
敤	J
𠕭	J
𣊢	J
𣇿	J
𣉎	J
曋	J
蟫	J
𠜴	J
𣛕	J
𣡗	J
𣡾	J
𣜢	J
𣇏	J
𧎺	J
𣌯	J
𣈺	J
𧉹	J
蜥	J
𤔖	J
𤬁	J
𣋜	J
𣇰	J
𣛤	J
晽	J
𢡑	J
𣮔	J
𧌨	J
𧕡	J
𣈕	J
㪙	J
𣉫	J
𣉋	J
𧍔	J
蜙	J
𪂠	J
𧍍	J
𣉐	J
𧉱	J
𣅮	J
𧊵	J
昇	J
虴	J
𣅒	J
𣈧	J
𧉮	J
蛞	J
𣇔	J
𣈛	J
𧒊	J
蜘	J
蟜	J
𩔏	J
䗦	J
𧏘	J
蜏	J
𧓙	J
𣆔	J
𧊓	J
𧋮	J
旿	J
𣆯	J
𣈨	J
𧊽	J
晧	J
𧋓	J
䗢	J
蜓	J
𢽛	J
䗗	J
戥	J
蝩	J
𣇦	J
𧌯	J
甠	J
﨡	J
𧍰	J
𣌜	J
𣌌	J
𣋮	J
䗼	J
曛	J
𣊳	J
𧡶	J
蝂	J
螑	J
𧓝	J
曍	J
蚱	J
𣆢	J
𣊊	J
𣌿	J
𧓧	J
晷	J
𠷳	J
𧏓	J
螅	J
𧈼	J
蜒	J
𣆴	J
暞	J
𧎘	J
𣆋	J
𨔹	J
𧐀	J
蟍	J
蝮	J
𧎓	J
蛒	J
蝺	J
𣈭	J
𧏩	J
𧐲	J
𧑄	J
蟌	J
𧏀	J
𧒹	J
䘊	J
𧋙	J
螕	J
𣋉	J
䖮	J
晑	J
𡕺	J
𧒰	J
蜁	J
㫓	J
蟠	J
𣊩	J
𧒸	J
𧎐	J
𨓤	J
𣆅	J
𧊉	J
𧔌	J
𧔾	J
𧐹	J
𧑇	J
𣊗	J
𣇕	J
𣉧	J
𧏣	J
𣇭	J
䗴	J
㫡	J
昸	J
𧊂	J
䗻	J
蜲	J
𧍶	J
䗥	J
暰	J
𧑓	J
𣉹	J
𧋬	J
𧎠	J
𧐟	J
𧋟	J
暀	J
监	J
览	J
鉴	J
㧛	J
䛓	J
蛢	J
蟙	J
𧊜	J
𧍄	J
暛	J
㒽	J
蜷	J
𧏙	J
𧔟	J
𧓲	J
𧑞	J
蟮	J
𩔐	J
蜣	J
𧏪	J
𧏉	J
曨	J
蠬	J
𧏹	J
𣈐	J
㫠	J
蚪	J
𧉻	J
𧖆	J
𧏞	J
𣈸	J
𣋆	J
𣋩	J
𧕗	J
𣉼	J
𧏮	J
㬢	J
蟻	J
𣌀	J
𧔠	J
𧎉	J
曈	J
蝉	J
𣊹	J
𧑆	J
𣊺	J
𧒄	J
暲	J
蟑	J
䗷	J
𧏵	J
𣋚	J
𧐾	J
𣇋	J
㬝	J
𣋹	J
𧏸	J
𣇢	J
𧌽	J
螪	J
𣊶	J
𧒀	J
𣌙	J
䗒	J
𧑹	J
𣤞	J
𧍝	J
蠀	J
𧏗	J
𪅵	J
晈	J
𧓸	J
𧒆	J
螏	J
𧒲	J
𧒴	J
𧏑	J
𧌃	J
螊	J
𣇝	J
螠	J
𣊱	J
𣊂	J
𣌫	J
𧌷	J
䗹	J
𧔀	J
晜	J
𣋥	J
𧋘	J
螆	J
蟳	J
𧕂	J
𧓛	J
蝍	J
𣌸	J
𧎟	J
𧑂	J
𧍏	J
𩒳	J
螁	J
𨕻	J
蛝	J
𣇠	J
𣅢	J
𧊐	J
㬘	J
蟰	J
𧑛	J
𧍼	J
𣌦	J
𣉃	J
曃	J
𧑔	J
㫽	J
𣇨	J
𧌍	J
𧒛	J
𧑀	J
蛁	J
照	J
𤋜	J
𧒺	J
蠟	J
𣋲	J
𧑳	J
𧌵	J
𥝆	J
𧒑	J
𤈌	J
𣆲	J
㫶	J
𧌈	J
晲	J
蜺	J
𢑢	J
𣇉	J
𧉅	J
䳛	J
𣈵	J
𧍳	J
𣅉	J
𧈮	J
𧈳	J
蟘	J
蚮	J
暡	J
螉	J
𣅝	J
昖	J
𧎚	J
𧓯	J
昣	J
䖫	J
暩	J
𧌖	J
𣆵	J
𧌫	J
𣋱	J
蚹	J
㫻	J
蜦	J
𣉂	J
𧍬	J
𧕋	J
𧔛	J
暌	J
𣉉	J
𧍜	J
𧓆	J
𧊲	J
蝓	J
𠕦	J
𣈙	J
𣈥	J
𣈯	J
𣋘	J
𣋽	J
𧒯	J
𣆗	J
㬛	J
𧍇	J
𧍲	J
䗳	J
𣌋	J
䗛	J
𨕲	J
螩	J
蛻	J
㬋	J
䗔	J
𧌓	J
螄	J
𧔽	J
螐	J
𧏴	J
𣊜	J
䗄	J
𣢧	J
蚥	J
𨔫	J
𣇞	J
𣅭	J
𣌥	J
𧒬	J
𧌤	J
昐	J
蚡	J
䳋	J
蟂	J
蛜	J
𧍕	J
䘋	J
𧋉	J
𣋌	J
𣋓	J
𪀙	J
𣈩	J
𧐄	J
昤	J
蛉	J
蠄	J
𣉲	J
𧕟	J
𧐃	J
𣈮	J
㫿	J
蜼	J
𣋃	J
晗	J
蛿	J
螥	J
𧓈	J
昑	J
蚙	J
蟭	J
䗯	J
𧑦	J
𧕺	J
𧐊	J
𩒝	J
蝝	J
𣈬	J
䗰	J
𧽇	J
𦀒	J
𧉯	J
𧊙	J
昲	J
𧉸	J
曊	J
𧑈	J
𣅺	J
𨒧	J
𧎒	J
𧓭	J
𣋵	J
𧔉	J
𣍑	J
曏	J
𠕮	J
𧑾	J
𪀕	J
蜌	J
𩎍	J
鹍	J
𣊡	J
𠠁	J
𧖙	J
顯	J
𧍘	J
蚍	J
𣅪	J
𧓓	J
㬎	J
鵾	J
蝔	J
蟣	J
歞	J
𣊉	J
𨿪	J
曵	J
𧖣	J
𧖖	J
𧖘	J
䘎	J
𧏃	J
𣅹	J
蟅	J
𧐚	J
曠	J
𣋷	J
㬑	J
𣍉	J
螭	J
𣉽	J
㬀	J
蜳	J
𧑒	J
㒿	J
𧕮	J
蜟	J
䖻	J
㬚	J
昿	J
𧐷	J
𧒐	J
𣈝	J
𣌪	J
𣌷	J
𧔋	J
𣆮	J
𧋧	J
蠩	J
𣌆	J
𧍐	J
𣈔	J
𣈘	J
𧍈	J
𢀍	J
影	J
㔀	J
䯫	J
顥	J
颢	J
𧑙	J
𪆣	J
晾	J
𧌬	J
𣌘	J
𧔊	J
𧔫	J
蠐	J
㬌	J
𣋾	J
𧏎	J
蠰	J
𧖗	J
𧋻	J
𣉤	J
𧐛	J
𠘀	J
𡦬	J
蟺	J
𣋊	J
𡦩	J
𧉽	J
暠	J
𣉞	J
𧎸	J
蚢	J
蝙	J
𣅖	J
𣆍	J
𧐳	J
蜧	J
䗈	J
㫤	J
昹	J
㬖	J
𧍮	J
𣅇	J
𣇯	J
𣉸	J
𧉵	J
𧎥	J
𣋳	J
𣆖	J
昈	J
𣆬	J
𧊷	J
晐	J
𧊏	J
螰	J
𣊈	J
㬯	J
𧕳	J
𧊤	J
蠔	J
𨒷	J
𧐢	J
蝏	J
𧍉	J
𧓼	J
䗫	J
𣊍	J
𣋟	J
㒾	J
暆	J
蝣	J
暶	J
𣌮	J
𧋀	J
𧐗	J
𧕻	J
蝷	J
㫰	J
蜋	J
𡜑	J
𣋠	J
䗤	J
䗧	J
𧕚	J
螗	J
𧍁	J
晬	J
蜶	J
𧕄	J
𣈋	J
𧌊	J
𧐤	J
𧏷	J
𣆂	J
昡	J
蚿	J
𧒱	J
𠲧	K
㖑	K
𠽋	K
㘕	K
𠿚	K
𠵖	K
𠵝	K
𠸴	K
𠺊	K
𡄳	K
𠰖	K
𠰱	K
𠷅	K
𡁣	K
𠻵	K
𠼻	K
𡀃	K
喏	K
𠾿	K
㘃	K
啿	K
𠲦	K
𡀌	K
𡅆	K
唭	K
𠴩	K
𠿁	K
𠼼	K
𠾎	K
囈	K
嚡	K
咁	K
𠱌	K
㗆	K
𡄷	K
𡀽	K
𠽬	K
㖼	K
㗾	K
𠺜	K
𠿺	K
嘩	K
𠶙	K
𠰆	K
𠷧	K
𠻼	K
𠺹	K
𠼤	K
𠱸	K
𠲬	K
𡁵	K
𡄦	K
嚂	K
𡅞	K
㘋	K
𡁱	K
囕	K
𠾒	K
𡀩	K
𠳃	K
𠻶	K
嗼	K
唶	K
𠹊	K
囆	K
𠸯	K
噧	K
𠸹	K
㖪	K
𠰐	K
𠻨	K
嘔	K
𡀣	K
𡅳	K
𠿸	K
嘆	K
𡂿	K
嚾	K
𡅧	K
𠸏	K
𡂴	K
𡃙	K
𠸄	K
𧶒	K
𠺱	K
𠾛	K
唝	K
嗊	K
𡂕	K
𠰠	K
𡆜	K
呭	K
喋	K
𠴆	K
𠵢	K
𡁏	K
𠯕	K
㗣	K
噆	K
𠸚	K
𠯔	K
𢙸	K
㖴	K
囌	K
𡁿	K
呕	K
𡀥	K
𠺈	K
𠶾	K
𡆖	K
𠻋	K
𠷆	K
𡀇	K
𡄵	K
𠺴	K
𡂫	K
𠾭	K
囒	K
嚥	K
𠴑	K
𠯦	K
𡅲	K
嚄	K
𠸖	K
𡁐	K
𡂠	K
𠶋	K
嗒	K
嗬	K
𠵏	K
𠹅	K
嗏	K
𠻬	K
𡃻	K
嚿	K
𠵅	K
𠿅	K
𠸔	K
𠴏	K
𠻄	K
𠹽	K
𠺵	K
囁	K
𠲚	K
㖿	K
㖩	K
𡃏	K
𡃴	K
唨	K
𠦫	K
𠴉	K
𠻱	K
𠼂	K
𠸳	K
嗤	K
𠯃	K
㖤	K
𠱺	K
𡁸	K
𠾗	K
𠰿	K
𨤦	K
𢍬	K
𠷭	K
𡁢	K
𠵼	K
𠻆	K
𠲷	K
戢	K
𠺨	K
𠹆	K
㗦	K
𠽏	K
𠶄	K
𠴻	K
𠾐	K
𠹀	K
𠾕	K
𠵙	K
𠻠	K
𠽛	K
𠹯	K
𠶴	K
𨞔	K
𨞠	K
𪓕	K
𠰄	K
𨛗	K
噊	K
㖻	K
𠔛	K
啜	K
𠴃	K
嘇	K
𠴧	K
𠼣	K
𡂜	K
𨚼	K
𠿆	K
𠱮	K
𠱝	K
𠳀	K
㗈	K
𠹌	K
𢻌	K
𡊙	K
𠱅	K
䣈	K
𨛜	K
咍	K
𡁉	K
𡂣	K
𠷂	K
𠹄	K
𠻙	K
𡁀	K
𨚋	K
𨞰	K
𨞸	K
𡆌	K
㘐	K
𡀚	K
𠹏	K
𠺂	K
咗	K
𠶡	K
𠼄	K
𡂖	K
𠸊	K
𠶫	K
㕹	K
吰	K
𡂳	K
𠻒	K
𠺆	K
嘠	K
喐	K
㗅	K
哊	K
嚘	K
喯	K
㖘	K
𠼉	K
啀	K
嗕	K
𠰑	K
㖠	K
𠾏	K
𠸸	K
咵	K
𠾇	K
𠹶	K
㖅	K
喊	K
喴	K
𠷼	K
𠿑	K
囓	K
𠱜	K
㗞	K
喫	K
𠱽	K
㕩	K
𡄱	K
噄	K
嚖	K
𡂔	K
𠳠	K
𠹙	K
嗄	K
嘁	K
𠳜	K
嘒	K
𠱤	K
𡂮	K
𠷋	K
嚈	K
喱	K
𠿴	K
咟	K
唵	K
𠾦	K
𠱑	K
𡂩	K
喕	K
𠷀	K
𠷰	K
𠳍	K
咘	K
㖇	K
𠽴	K
𡁓	K
㖽	K
順	K
哤	K
㕱	K
𠸼	K
𡁧	K
𡃜	K
𠳭	K
𠼙	K
𠺿	K
𠶲	K
𡅪	K
𠯸	K
𠵇	K
𠳐	K
嚦	K
𠻅	K
𠰨	K
𠶿	K
𡅃	K
𠵃	K
𠽿	K
嘹	K
𠺄	K
𠰵	K
𠸫	K
𡁯	K
㖺	K
𡆂	K
𡃌	K
嗪	K
𠽅	K
唊	K
𠺳	K
𡀬	K
㗐	K
𠲌	K
呔	K
𡁋	K
𡥕	K
哹	K
𠱆	K
𨛡	K
啂	K
𠵺	K
𠯷	K
𠾫	K
𡆟	K
𠿵	K
𠺔	K
𠾠	K
𡄩	K
𠹕	K
喛	K
𡏔	K
哷	K
瓹	K
𠼽	K
剈	K
𢞈	K
𣪓	K
𦐽	K
㖟	K
噯	K
𠽖	K
𡁷	K
𠷤	K
嗂	K
啋	K
噅	K
𠸾	K
𠹻	K
𡂾	K
𡄯	K
㗖	K
哸	K
𡅘	K
鵑	K
𨿔	K
嗘	K
啄	K
𠱥	K
噴	K
𠻏	K
𡅊	K
𡁶	K
哋	K
𠳞	K
𡂃	K
嗑	K
𠲵	K
𠺏	K
呍	K
呿	K
𠸋	K
啩	K
㘑	K
𧔺	K
𠹤	K
𠻢	K
𡃺	K
嘵	K
𠱾	K
𠽢	K
𠶊	K
𡁻	K
𠶗	K
𠾸	K
𡅥	K
𠺬	K
𠾲	K
𡂌	K
嗔	K
唗	K
𠵠	K
𠽘	K
呩	K
𠽤	K
𠚎	K
㗕	K
𠹺	K
𠿨	K
𠯤	K
𠰙	K
𠽯	K
𠵡	K
𠼳	K
𡅺	K
𠿤	K
嘭	K
𡁦	K
㘆	K
𠾢	K
咭	K
𠽻	K
𡄙	K
𡃨	K
𢿙	K
𠷸	K
𡝤	K
𥀚	K
𨝚	K
𡀂	K
啚	K
𡂝	K
𨝿	K
𠮲	K
𡄔	K
𡄟	K
𡄇	K
嚋	K
𠮱	K
𠴢	K
𠴤	K
𠼶	K
嚇	K
𠻲	K
哱	K
𡀄	K
嚏	K
嚔	K
𡁲	K
嗦	K
𠷺	K
𠳗	K
𡅂	K
𠰂	K
𠿙	K
嘟	K
𡀛	K
啫	K
嗜	K
𠱼	K
嘋	K
𠮹	K
咾	K
𠲊	K
𠾷	K
啈	K
噠	K
𠽃	K
𠽌	K
𡂞	K
𠵕	K
𠾱	K
𡀁	K
𡀅	K
𡂐	K
㖫	K
𠾁	K
嚯	K
𠼲	K
㘊	K
𠮼	K
咞	K
哢	K
𢧄	K
郢	K
噸	K
咥	K
𠽧	K
𦤸	K
𠴼	K
㗺	K
𠳒	K
𡂲	K
㖔	K
㖭	K
㗘	K
啨	K
𡃁	K
𠶓	K
啞	K
吁	K
𠯊	K
噁	K
𠶃	K
𠼘	K
噖	K
𠳟	K
𠿗	K
𠰪	K
𠰁	K
嘕	K
𠻷	K
𧡈	K
㗏	K
𠳝	K
𠸟	K
吥	K
哶	K
𨤥	K
咺	K
𠴟	K
㖦	K
𡅰	K
𠽡	K
𠽑	K
囔	K
𡁑	K
唔	K
唖	K
嗝	K
𠯢	K
𠶝	K
𠿎	K
𠲿	K
𠸢	K
𡃤	K
氀	K
甊	K
鷜	K
遱	K
𠻣	K
數	K
𠻳	K
哣	K
嗽	K
𠵾	K
𠷬	K
𠶺	K
𠱻	K
𠯗	K
𠰼	K
𠲋	K
嘈	K
𠿩	K
𠴴	K
唡	K
𠰳	K
囇	K
啢	K
嘖	K
𨚙	K
𣪆	K
𠳧	K
飸	K
饕	K
𡀒	K
𩞣	K
㙱	K
鸮	K
䪽	K
號	K
咓	K
𠳯	K
𢣉	K
𣭖	K
鴞	K
𠵗	K
𣚧	K
𣜍	K
𧇼	K
𧰑	K
𠻔	K
𢌥	K
𠯚	K
𠷛	K
𠚙	K
𡂍	K
嚽	K
𠮾	K
𠺅	K
嗷	K
𣣆	K
𠯪	K
𠺾	K
𠰌	K
𠻐	K
呯	K
𠲮	K
𠱏	K
啑	K
啛	K
𡁠	K
𠹿	K
𠯞	K
嗉	K
𠷮	K
𠯝	K
𠺚	K
𠰧	K
嚱	K
踐	K
𡃰	K
𨈅	K
䠜	K
𨀯	K
噳	K
囐	K
𨀻	K
𨆠	K
噱	K
𢒯	K
𨅤	K
𩞂	K
𨄎	K
𨅯	K
𨆟	K
㖸	K
嘘	K
噓	K
𧿰	K
𧿱	K
𨀕	K
嘑	K
蹛	K
𨃋	K
𨈆	K
㘌	K
踖	K
躇	K
躤	K
𨅔	K
𨅱	K
𨇿	K
蹃	K
𧿽	K
𨃐	K
𨃚	K
𨄅	K
嚧	K
𠿛	K
唬	K
𠽁	K
𨇇	K
跇	K
踸	K
𡃖	K
𨃈	K
𨃖	K
𨆍	K
𨇟	K
跷	K
𨇣	K
𨈇	K
蹀	K
𨂏	K
𨃓	K
𨅈	K
𨆡	K
䟠	K
𨅖	K
𨅢	K
𨆳	K
𨇨	K
䟙	K
𠶪	K
踑	K
蹒	K
𠿖	K
𡃧	K
𨅼	K
㗔	K
䠰	K
蹣	K
躏	K
躪	K
𠼥	K
𧿑	K
𧿓	K
𨄳	K
𨆣	K
𨆶	K
躡	K
踙	K
𨅷	K
𨀧	K
𨂀	K
嚙	K
𧾿	K
䠫	K
𧿺	K
踂	K
𧿇	K
𨄁	K
𨃁	K
𨃛	K
𨄽	K
𧿏	K
𨂗	K
䟾	K
𨀝	K
䠁	K
𨀃	K
𨃣	K
跆	K
蹫	K
𠁯	K
踴	K
𡂄	K
跁	K
𨅶	K
蹂	K
䟥	K
踆	K
㕜	K
𤿌	K
𨃳	K
䟕	K
𠱀	K
𨁼	K
𨀛	K
跋	K
𨀱	K
𨇞	K
䠊	K
𨂡	K
𨂨	K
𨂰	K
𨇒	K
䟴	K
䠆	K
䠒	K
䠑	K
踌	K
蹰	K
𨀬	K
𨂉	K
𨂛	K
𨂷	K
𨃽	K
𨅆	K
𨆼	K
𨇠	K
跍	K
跖	K
𨇎	K
𧿣	K
𨀒	K
𨀗	K
𨇗	K
蹽	K
𨀤	K
𨂽	K
踳	K
𨅓	K
𨅲	K
𨆮	K
踦	K
𨃧	K
𨄘	K
𨂠	K
𨂁	K
𨂍	K
𨅥	K
𨆚	K
𨆸	K
𨀡	K
跶	K
𨄷	K
䠞	K
噦	K
𨃂	K
𨄣	K
𨇄	K
蹖	K
𨀦	K
蹶	K
𨁂	K
𨀁	K
𧿡	K
𨇆	K
𨀊	K
蹊	K
𨃵	K
𨂃	K
𨂼	K
䟹	K
𨂘	K
𨇺	K
跀	K
跙	K
𨀍	K
𤰉	K
𨂻	K
䠛	K
𨅑	K
𨆲	K
𨅌	K
𨄃	K
跥	K
踩	K
蹈	K
𨁡	K
趿	K
𨁿	K
𨃆	K
踋	K
踍	K
𨁝	K
𨅮	K
𨈄	K
䟩	K
跂	K
𨆖	K
𠁦	K
𨂧	K
𨅹	K
跬	K
跱	K
踛	K
躊	K
𨂾	K
𨅒	K
𨅣	K
跿	K
𧻻	K
𧾽	K
𧿂	K
𨁷	K
𨆫	K
𨇈	K
跊	K
䟚	K
踷	K
𨅕	K
𨀙	K
𨆢	K
𨇍	K
𨆆	K
𨇃	K
𨈀	K
𧿉	K
𨁯	K
躂	K
蹺	K
𧿙	K
𨇛	K
𨇵	K
𨃭	K
踜	K
𨄨	K
𨅿	K
蹎	K
𨈃	K
𨀼	K
䟵	K
𨄴	K
𨄺	K
趼	K
踁	K
𨁦	K
䣒	K
𨅫	K
𠀐	K
趶	K
跮	K
𨄔	K
𠱂	K
𧿟	K
𨀿	K
𨁶	K
䟛	K
䟼	K
踕	K
𠱚	K
𥅌	K
𧿋	K
𨂿	K
䟱	K
踈	K
𧿤	K
𨂎	K
𨃀	K
蹧	K
𣆊	K
𧿄	K
𨀺	K
𨄩	K
踎	K
𨁇	K
踾	K
䠭	K
䫭	K
貴	K
贵	K
蹟	K
𧿊	K
𠳋	K
𨀄	K
𨇳	K
𨃻	K
遗	K
遣	K
遺	K
𨄞	K
躎	K
𧿁	K
𨁈	K
𨅂	K
𡆞	K
𧿴	K
𨃮	K
𨂤	K
𨅺	K
𨆙	K
𨈉	K
𨁋	K
𨂭	K
𠸵	K
跠	K
躧	K
𧿠	K
䠃	K
𧿷	K
𨁏	K
𪘏	K
跛	K
踧	K
躩	K
𠷾	K
𨅅	K
䠐	K
躆	K
䠡	K
𠾜	K
𨁾	K
𨂶	K
𨄥	K
踄	K
𨀚	K
𨄐	K
踔	K
跕	K
𨇖	K
𨂜	K
𨆵	K
𨃊	K
𨁍	K
䠕	K
䠩	K
𠹘	K
𨁺	K
𨂑	K
跐	K
𨁞	K
㘗	K
䟔	K
咔	K
躣	K
𨀹	K
𠴫	K
䠌	K
踃	K
蹐	K
𨃹	K
蹚	K
𨆒	K
𨆺	K
踏	K
䠀	K
𨆉	K
嚬	K
𨄈	K
𨅨	K
䟞	K
𠳤	K
𨅝	K
𨂖	K
𨀾	K
𠱙	K
𨄤	K
𨅎	K
蹕	K
𨁄	K
𨁫	K
𨁽	K
𨃯	K
𧿭	K
𨀏	K
𨂈	K
啅	K
踶	K
𧿀	K
𨇅	K
𨃎	K
蹋	K
𨃃	K
𨆰	K
踼	K
𨄸	K
踝	K
𧋩	K
𠁵	K
𨇬	K
跩	K
𨁲	K
𨀮	K
䠤	K
呫	K
𨁎	K
踀	K
𨀽	K
𨆬	K
𨀌	K
䠝	K
蹪	K
𨄲	K
𨆨	K
𨇀	K
躁	K
𨁰	K
𨃄	K
𨆈	K
𥁯	K
𨆅	K
䟧	K
𨈈	K
𡅿	K
𧿵	K
𨄱	K
躅	K
跏	K
𧾼	K
蹥	K
𠳱	K
𨁉	K
䠅	K
𨄜	K
𨅄	K
𨅜	K
𨇑	K
𨇽	K
𨀪	K
䟝	K
𨈍	K
𨆎	K
蹦	K
𨃴	K
𨆞	K
𨀅	K
𨀔	K
跚	K
䟖	K
𨅃	K
𨇉	K
踹	K
𨀢	K
𨅏	K
踻	K
𡄅	K
𨀜	K
𨂊	K
𧷥	K
𧾾	K
𨀩	K
𨁊	K
𨆔	K
䟜	K
䠄	K
𨁧	K
䟺	K
𠸩	K
𧿜	K
𨄍	K
䟨	K
𨂲	K
𨃿	K
䠍	K
𧿸	K
𨀆	K
䟳	K
踞	K
蹍	K
蹘	K
𦑬	K
䠎	K
蹡	K
𧿅	K
𧿎	K
𧿔	K
𨂓	K
𨄋	K
𠁧	K
𧾻	K
䠧	K
䠱	K
𨄵	K
跼	K
䠇	K
跽	K
𠯡	K
𧾹	K
𧿆	K
𨁱	K
𪔅	K
𨄌	K
䟤	K
𠰷	K
躃	K
𠶼	K
𧿻	K
𪔈	K
䠣	K
趹	K
跜	K
躍	K
𨁳	K
𨅛	K
噛	K
躞	K
𨆷	K
蹸	K
𨆴	K
𨆌	K
𨁹	K
𨇾	K
𤆪	K
𧿮	K
𨅀	K
𨀷	K
𨀸	K
踠	K
𨄒	K
𨃍	K
𨃼	K
蹿	K
𨂌	K
𨇥	K
𨆾	K
蹜	K
迚	K
𨂥	K
𨄾	K
𨅻	K
𨂱	K
䠉	K
躥	K
𧿒	K
𨁚	K
𨃷	K
𨀉	K
𨇶	K
𨄻	K
跎	K
䠚	K
䟗	K
䟸	K
跪	K
𧿖	K
𨇤	K
𡄄	K
𨁨	K
𩐉	K
踭	K
䟢	K
跞	K
𨀴	K
跔	K
𨅧	K
蹓	K
𨄑	K
𨂆	K
哯	K
𨀓	K
𨂴	K
踘	K
蹨	K
𨂂	K
跢	K
𨁙	K
𨃥	K
𨃘	K
𧿞	K
䟡	K
䠨	K
趵	K
𨇩	K
𧿨	K
𨁩	K
䠋	K
𨃅	K
𨃌	K
䟬	K
踲	K
躌	K
𧿧	K
𨄪	K
跦	K
踬	K
蹏	K
躓	K
𨀭	K
𨆛	K
𨃑	K
䟷	K
躈	K
𨄖	K
𨁜	K
跅	K
𧿼	K
𨆭	K
跴	K
蹅	K
𧿾	K
𨁪	K
𨅰	K
䟓	K
𨆄	K
𨄏	K
𨆃	K
𨅭	K
跒	K
𨃶	K
蹮	K
𨅟	K
躚	K
𨂕	K
𨃙	K
𨅾	K
𨂐	K
䟣	K
𧿌	K
𧿘	K
𨃦	K
𨅳	K
𨇕	K
𨈋	K
𧿶	K
䟦	K
𨃟	K
𨇷	K
䟯	K
䠗	K
跃	K
䟭	K
踵	K
𧿐	K
𨁠	K
𨃉	K
𨅸	K
鹭	K
𨆂	K
䟰	K
跭	K
蹝	K
蹤	K
𨁁	K
𨃝	K
𨅗	K
𨆑	K
𨇙	K
䠦	K
𧒍	K
𨅩	K
𨇸	K
𨈁	K
踟	K
蹻	K
𨁒	K
𨅞	K
𨇊	K
蹯	K
躜	K
躦	K
𧿦	K
𨀫	K
𨆦	K
趷	K
𣭻	K
𧿬	K
𨃡	K
𨄠	K
𨆗	K
踿	K
鷺	K
𨁣	K
𪆽	K
䟪	K
跹	K
𨁆	K
𨁗	K
𨄹	K
𨇱	K
跣	K
𨂟	K
𨄼	K
𨄆	K
𨃔	K
𧿲	K
𨁟	K
𨇂	K
踇	K
𨀐	K
𨅁	K
踒	K
𨂵	K
𪛅	K
䠘	K
𨁓	K
踽	K
𠳰	K
𠷙	K
𩁐	K
跰	K
蹉	K
踡	K
踯	K
躑	K
䠮	K
蹢	K
躘	K
𨀘	K
䠔	K
𨂪	K
𨆀	K
跘	K
蹱	K
蹲	K
𡋏	K
𧿫	K
䠓	K
踫	K
𨀎	K
𨂞	K
𨄉	K
蹄	K
𨁅	K
𨆐	K
躝	K
𨀰	K
𨂅	K
𨄇	K
𨄶	K
𨅬	K
𨆹	K
蹭	K
𨁴	K
𨅍	K
𨇡	K
䠖	K
踣	K
𨅙	K
𨆿	K
𨆇	K
𨆱	K
躢	K
𧿪	K
𨃸	K
𨃰	K
𨆏	K
跤	K
𨁑	K
𨃪	K
𨅽	K
䠥	K
躨	K
𨁃	K
𨆋	K
踥	K
𨃇	K
𨇝	K
𨇧	K
𨇲	K
𨀥	K
𨂚	K
𨇮	K
𨀈	K
䠙	K
躙	K
𠮺	K
𨁌	K
𨆤	K
𠽗	K
𠸝	K
𨀞	K
䟿	K
䠈	K
𨅋	K
𧿢	K
𨃒	K
𨇚	K
躐	K
𨅵	K
踺	K
蹆	K
𨀨	K
𨄓	K
𨁭	K
𨂹	K
䠯	K
踚	K
𨀳	K
𨇏	K
䠬	K
啮	K
跄	K
𨇫	K
𨇴	K
跉	K
蹳	K
𨂩	K
𨃏	K
𨆓	K
𨇯	K
𨈂	K
䟮	K
䠏	K
𨂸	K
跈	K
𨇋	K
䟶	K
跗	K
𡂥	K
𨀋	K
𨁔	K
𨂄	K
跧	K
𨇦	K
踨	K
𨀣	K
𨁬	K
𨀀	K
𨄊	K
𨄛	K
踰	K
𧿩	K
𨄫	K
𨅦	K
𨆝	K
跲	K
蹌	K
𨁖	K
𨇪	K
趻	K
踗	K
蹹	K
𧿝	K
𨄙	K
𩿀	K
𨃬	K
𨂯	K
𨃜	K
䟻	K
蹬	K
𠗀	K
𠛸	K
𧿚	K
𠁹	K
𧿛	K
𨆘	K
𧿕	K
㖵	K
踓	K
𨆯	K
𨇔	K
𠹮	K
𨂦	K
𨄰	K
跸	K
躖	K
𧿯	K
㗪	K
𠾋	K
𧿳	K
𨅡	K
蹞	K
躀	K
𠽷	K
䠪	K
呲	K
𨈌	K
𡃸	K
𨈎	K
𨇰	K
喍	K
躒	K
𠁶	K
𧿹	K
𨄿	K
𨀇	K
𨂳	K
𨃺	K
𧿥	K
𨇼	K
𨈊	K
蹁	K
𨀟	K
𨁐	K
𨄂	K
踱	K
𨄭	K
𨆽	K
𨁸	K
𨄕	K
𨇢	K
𨇻	K
踉	K
躟	K
𨂔	K
𨅉	K
踤	K
躋	K
躔	K
躕	K
𨀠	K
𨀵	K
𨁵	K
𨂋	K
𨄮	K
跓	K
𨆁	K
𨂇	K
𨄀	K
𨄢	K
𨂙	K
𨄗	K
跻	K
踮	K
𨁮	K
𨃠	K
𨃤	K
𨃕	K
䟘	K
趽	K
蹴	K
𨃩	K
𨄄	K
𨇹	K
跡	K
蹠	K
𨆩	K
䟲	K
䟽	K
𨁤	K
𨁻	K
蹾	K
𧿈	K
𨂫	K
𨅊	K
𨀖	K
𨇁	K
蹗	K
𨂺	K
𨁕	K
𨂒	K
𠽈	K
𠾻	K
𠹱	K
𡁚	K
𠲨	K
𠶠	K
𠽎	K
𡀶	K
𠽦	K
𠸷	K
𠽍	K
𠸑	K
𪄨	K
𠵽	K
𠱢	K
𠹲	K
𠴝	K
𠻹	K
嘙	K
唦	K
𠴲	K
𠾾	K
𡀦	K
𡄼	K
𠽞	K
𠿭	K
𠶢	K
𠶤	K
嗩	K
𡆓	K
𡀡	K
𠻪	K
𨞱	K
嘡	K
𠼔	K
嚐	K
噹	K
𡄽	K
𠴥	K
𠽉	K
咷	K
𠸁	K
𠽇	K
𡁼	K
𠴎	K
㗂	K
𠸪	K
𠸡	K
𡅗	K
嗨	K
𡁺	K
𠴹	K
𠽪	K
𠺸	K
𠲤	K
𠶕	K
㘍	K
𠿶	K
𠻘	K
𠺘	K
𠺩	K
𠯙	K
嗶	K
嚗	K
𡄗	K
𡅜	K
𤟩	K
𤠢	K
嘢	K
𠺮	K
㖏	K
哻	K
𠶁	K
𠳲	K
𠵨	K
呾	K
㖷	K
𠷚	K
啺	K
𠾝	K
𠼦	K
𥁖	K
嗢	K
𠿐	K
𡅑	K
𠹥	K
㖂	K
𠹵	K
𠵫	K
𠴭	K
𠿒	K
嗮	K
𠿜	K
𠵩	K
喅	K
雖	K
𡆘	K
𡀾	K
𡂵	K
𠾶	K
𠱯	K
𡅚	K
𡓶	K
噐	K
嚚	K
𡂨	K
𡅱	K
𡅻	K
𡅽	K
𠵪	K
𤕧	K
𢦸	K
𠹣	K
𠿠	K
𨞍	K
𠶻	K
郘	K
𠼨	K
𢨐	K
唈	K
駡	K
𡃫	K
𢻪	K
𥀴	K
𩱴	K
𡘜	K
𧍨	K
嚣	K
嚻	K
囂	K
𠾖	K
𡄛	K
𡆔	K
𩫳	K
𥂍	K
𠽸	K
𠸶	K
𠼅	K
𡀋	K
𡗏	K
嚴	K
𣀬	K
哭	K
𠲂	K
𡄹	K
𧱄	K
卾	K
鄂	K
𦫩	K
𨜝	K
𡋑	K
𢒡	K
𡋐	K
𡭈	K
鹗	K
㓵	K
𢆔	K
𡃷	K
顎	K
颚	K
咢	K
𠤁	K
鶚	K
遌	K
𨔺	K
覨	K
𩀇	K
𠶬	K
𠸅	K
𡄿	K
𠸈	K
𠴔	K
𢃋	K
𠷽	K
㕺	K
呺	K
𪄍	K
𨕓	K
𨕬	K
𡀱	K
𣀌	K
嘍	K
𠱐	K
𠁻	K
𠁸	K
𠁷	K
𠸱	K
𡀔	K
嘳	K
患	K
𤊌	K
𠁺	K
𠺐	K
𠳴	K
哫	K
戰	K
鄲	K
𡁳	K
𨞏	K
𤡴	K
囅	K
辴	K
𦪣	K
單	K
𠹈	K
𡆎	K
𪓽	K
𡁘	K
𧕦	K
丳	K
𡼯	K
𧈍	K
𢠸	K
鷤	K
𪈀	K
𨔂	K
𠷣	K
𠾧	K
𡄪	K
𡃹	K
鄵	K
𠼧	K
𠵬	K
𡄃	K
𡅔	K
𡅝	K
𡅮	K
𡅴	K
𡅾	K
𡆉	K
𢻥	K
𢿾	K
碞	K
𠻰	K
𠼛	K
𠻝	K
𩜻	K
嘽	K
𠵀	K
𡀓	K
𡍸	K
𡓿	K
𠄷	K
𠱠	K
𠻖	K
𡀉	K
𠳡	K
𠹜	K
劋	K
㗊	K
口	K
𠾅	K
喦	K
嵒	K
㗁	K
氉	K
𠵛	K
𡂟	K
𣜣	K
𣃓	K
喿	K
噪	K
㘙	K
𣀉	K
𪍻	K
𠟯	K
𧮥	K
𩀏	K
𡃣	K
𡄞	K
獸	K
㽞	K
哵	K
𧕛	K
嘼	K
𪛄	K
鼉	K
𠲢	K
𠞫	K
𡷇	K
𡼚	K
㖞	K
𠽝	K
𠹚	K
𠵭	K
嘂	K
𠻌	K
𡁥	K
斝	K
䑝	K
𠞍	K
呪	K
𦈯	K
𡂽	K
𠳳	K
𡆛	K
𠴊	K
𨕣	K
𡂇	K
䣞	K
𠟎	K
遻	K
㖾	K
𡜓	K
𠽽	K
㖐	K
𩁁	K
呮	K
𨾴	K
𠲁	K
喌	K
𡀈	K
𠳵	K
嘓	K
𠿊	K
𠬱	K
𠳦	K
𡂼	K
𠴱	K
嗯	K
𡃱	K
𠾪	K
㘁	K
嚜	K
𠳣	K
𠻃	K
嚸	K
𡂡	K
𠶭	K
啭	K
噮	K
囀	K
𠵄	K
𡁴	K
𡄤	K
啯	K
嚃	K
𤿱	K
𡁒	K
𡃉	K
𠲛	K
𠷉	K
𨔗	K
㗎	K
嗋	K
𠱿	K
𡆀	K
𡀺	K
𠲸	K
𡁪	K
嘪	K
𠰸	K
𠵣	K
嗹	K
𠿥	K
噣	K
𠷝	K
啰	K
㗗	K
𠼗	K
𡃞	K
𠔦	K
𠳁	K
𡀑	K
𡅫	K
㖥	K
嚺	K
𠷟	K
𠾟	K
𠼱	K
𡆗	K
囉	K
𠼊	K
㗄	K
𡅩	K
噥	K
㖆	K
翤	K
唺	K
𠾨	K
鄖	K
吺	K
嘊	K
𠵚	K
啱	K
𠹃	K
䫟	K
𡀕	K
咉	K
嗗	K
𡁌	K
𠲺	K
𧶊	K
呥	K
𠯍	K
𠱡	K
𡁩	K
𠿽	K
哃	K
𠼌	K
𠹛	K
𡃐	K
𠯧	K
𠶇	K
𠜏	K
䚋	K
𠷌	K
𠽭	K
𠾩	K
𨓺	K
𡆑	K
𠼜	K
勛	K
𤏩	K
𠱃	K
𡶸	K
嚶	K
喎	K
㗻	K
𠼾	K
𦫮	K
𠯟	K
𠿯	K
𠼹	K
𠷕	K
𠸉	K
𠹰	K
𡂅	K
吶	K
𠼚	K
𢿃	K
𧸫	K
囎	K
𧷯	K
𠵹	K
𠵜	K
𡄨	K
𠳥	K
𠼩	K
𧷺	K
剐	K
𡄴	K
㖗	K
鶰	K
呙	K
嗺	K
𠻂	K
𡀢	K
𠺯	K
㕨	K
𠿍	K
𠹖	K
㗃	K
呡	K
𤕦	K
𠱨	K
𢘖	K
啒	K
𠲫	K
噉	K
𠶔	K
𠰎	K
啹	K
𡄏	K
𣮇	K
吳	K
𠦣	K
𦙃	K
𠵐	K
𤿮	K
𠴾	K
吜	K
𠯎	K
𠼇	K
喔	K
𠷐	K
呞	K
呉	K
㗇	K
𠷯	K
喡	K
𠽔	K
𠲠	K
𠰊	K
囑	K
𡂙	K
𠱁	K
𠶒	K
𡀿	K
𠴪	K
𣪉	K
𠰾	K
𠴐	K
𠴁	K
𠵑	K
𠮤	K
𠮪	K
噀	K
𠲹	K
𠶩	K
㗩	K
𠶞	K
𠸧	K
𡂁	K
𠳿	K
咇	K
𠽣	K
𠳚	K
𠼺	K
𡃆	K
𡁂	K
𡁕	K
𡁙	K
𠲙	K
嘐	K
𠯵	K
吷	K
嚁	K
𠸽	K
𡅬	K
噿	K
𤋚	K
㕽	K
呎	K
𠶑	K
𡁭	K
𡅇	K
𡁔	K
嚉	K
㗼	K
𡁖	K
𠸞	K
𡁆	K
𡂚	K
嘮	K
𡂋	K
㘇	K
𡀘	K
𡀼	K
𡁊	K
㗵	K
𡃅	K
𠺗	K
𡂰	K
噒	K
𠺼	K
𠷘	K
𠺫	K
𡄕	K
𡂷	K
𠻕	K
𠴈	K
𡁁	K
嗐	K
𡁍	K
𠵌	K
𠺢	K
𠽱	K
𡅶	K
𡄓	K
𠵻	K
𠷪	K
㗷	K
㘔	K
唍	K
㗌	K
𠱶	K
啶	K
𠾙	K
𡁟	K
𠰇	K
𠰡	K
𠻤	K
𠽰	K
𠻈	K
𠿄	K
𠹒	K
𨞎	K
喗	K
㕴	K
𠰽	K
𠴨	K
嚀	K
𠺀	K
啘	K
㕪	K
哰	K
𠳼	K
咤	K
𠾰	K
𡂹	K
𡅅	K
𠹼	K
𡅢	K
𠽨	K
𠸐	K
𡀨	K
咹	K
𡃂	K
啌	K
𠷃	K
𠸂	K
㗧	K
𠳾	K
噾	K
𠹍	K
𡁮	K
𠴛	K
𡀙	K
𠷖	K
𠻩	K
𠳽	K
𠶀	K
𠾯	K
𠾮	K
𠶥	K
𡃕	K
𠱇	K
𠹁	K
𠻓	K
𠾘	K
𡁃	K
咜	K
𠶈	K
𡁜	K
𠲥	K
𠺷	K
𡅏	K
𡆇	K
㖧	K
𠳂	K
𠼠	K
𠹳	K
呧	K
𡅛	K
𡥺	K
𠵶	K
𡁄	K
㕳	K
𠲄	K
𠶐	K
㗙	K
𠽵	K
𠯜	K
𠱓	K
𠴷	K
𠻑	K
㖁	K
㗋	K
𠴳	K
𠳈	K
𩒇	K
嘫	K
𡗽	K
噡	K
嘝	K
唃	K
𠿇	K
𠼫	K
𡬣	K
𠲃	K
𡄮	K
𠲾	K
𡅈	K
𠰻	K
𠰚	K
𡋾	K
咰	K
𠳉	K
別	K
𠺓	K
𠼓	K
𡃶	K
呴	K
𠱷	K
𠷦	K
喣	K
𤉵	K
㒭	K
𠲶	K
𡁅	K
嚵	K
喚	K
呜	K
嚕	K
𠶨	K
𠽐	K
哅	K
㕼	K
𠴶	K
𠶂	K
𠾬	K
𠱎	K
𠱱	K
𡄎	K
𠳪	K
𥁴	K
啕	K
唿	K
𠰯	K
𠺽	K
𡀖	K
𠰭	K
𠱍	K
𢼙	K
𣭂	K
唙	K
𠶵	K
呁	K
𠿌	K
𠾈	K
𡄘	K
𠸀	K
𠻍	K
𡁬	K
啗	K
𠲜	K
喼	K
𠿼	K
𣵯	K
𧷝	K
焁	K
𥺔	K
𪀎	K
嚠	K
𠺕	K
𠳸	K
𠮭	K
𠮻	K
𠲞	K
𠵋	K
𡆄	K
𠶯	K
𠴙	K
𠯘	K
𠼕	K
𠺲	K
㗑	K
𡃔	K
𡅒	K
𠳖	K
𠴜	K
唕	K
𡀷	K
𡃿	K
喤	K
𠰋	K
𠻺	K
𠽕	K
㖃	K
𠴇	K
啣	K
𠵿	K
哖	K
𠳏	K
𠸦	K
吽	K
𠷒	K
𠷢	K
嗁	K
𠺍	K
噑	K
𠳕	K
咮	K
𠵆	K
𠽮	K
𠳇	K
𠶟	K
嘸	K
𡆆	K
𠲴	K
𠼭	K
嚹	K
𠶜	K
𠺋	K
𠯏	K
𠯩	K
𠺪	K
𠼎	K
𡃒	K
𠽄	K
𠶌	K
𠲐	K
𠺌	K
𠴡	K
𠼍	K
啲	K
哳	K
𠹗	K
𡂒	K
𠻯	K
𡂉	K
𠾵	K
咑	K
𠱹	K
𠸓	K
𡃓	K
𠼈	K
𠿂	K
唞	K
𠶅	K
𠴋	K
𡀴	K
呹	K
喞	K
噭	K
𡃵	K
𡃗	K
𣞃	K
𡅋	K
𡁽	K
𡀐	K
喖	K
𠾴	K
𠽒	K
𠺺	K
𠽥	K
㖶	K
𠴗	K
𠿣	K
𠴘	K
𠷻	K
呠	K
唒	K
𠶖	K
𠼰	K
𣔣	K
𠷹	K
𣘫	K
嘾	K
𠻇	K
𡀞	K
𠹭	K
槑	K
㘄	K
𠿪	K
𡃾	K
𠶍	K
𡃎	K
𡆋	K
𡂆	K
唽	K
𠿝	K
噤	K
𠾣	K
𠼖	K
𠾞	K
㗚	K
𠺝	K
𠻧	K
𠻽	K
𠶣	K
喓	K
𠻟	K
𠽳	K
𡃄	K
𡃼	K
𪁣	K
嘜	K
唻	K
𡂀	K
𠵉	K
𠰲	K
𡌍	K
呏	K
𠲓	K
𤚧	K
𡅎	K
吒	K
𤕔	K
𠰹	K
𡄍	K
咶	K
𠿓	K
㖓	K
𠵯	K
𡃊	K
嘺	K
𠻉	K
㕭	K
𠱈	K
𠺑	K
𡂑	K
唀	K
𡅯	K
𠲍	K
𠸤	K
𠾡	K
𠰃	K
吀	K
吘	K
哘	K
𠻀	K
𡄋	K
哠	K
囋	K
㕰	K
𠽶	K
𣬦	K
𠻛	K
𠵟	K
𡆅	K
喢	K
𡀜	K
喠	K
𠰮	K
𠴯	K
𠷶	K
𠶏	K
㗢	K
嚑	K
𠶎	K
嗅	K
咋	K
嘷	K
𠹡	K
嘥	K
川	K
𡆚	K
喒	K
嚊	K
𠴰	K
𠯯	K
𠷿	K
𠺒	K
唌	K
𠹑	K
𠿀	K
𠿫	K
𠵰	K
嘚	K
㗍	K
唎	K
𠼐	K
𠼝	K
𡄀	K
𠭤	K
𥖕	K
呂	K
啝	K
𪁳	K
𨓐	K
𤳧	K
𠲣	K
𠱖	K
𠴺	K
𠻦	K
𠹇	K
囖	K
噢	K
𠴿	K
𠳶	K
𠿋	K
𪚩	K
𠲳	K
𡀎	K
𡀏	K
𨈗	K
𡀹	K
𡅵	K
噃	K
𠽲	K
㗭	K
𠿈	K
𠰏	K
㘅	K
𠾆	K
嚟	K
𠺰	K
𠼪	K
𡅨	K
㗸	K
𠵮	K
𠾑	K
𠼒	K
㗛	K
𡅌	K
𠰜	K
𡅉	K
𠾔	K
咚	K
㘉	K
唩	K
𠷈	K
𠽩	K
𡅣	K
𡄭	K
𠾊	K
㗰	K
㗳	K
𠰗	K
𡀝	K
𠸕	K
𠷴	K
𠽊	K
𠳨	K
叺	K
𠯱	K
𠽫	K
𠸺	K
𠱘	K
𠾌	K
𠵷	K
嗟	K
啳	K
嗴	K
𡂺	K
𩓶	K
唴	K
咲	K
𡃀	K
嚨	K
㗴	K
𠷁	K
𠿏	K
𡀟	K
𠸌	K
𡀧	K
呌	K
𠰢	K
𡄢	K
𠻻	K
𠸍	K
𠾽	K
㘓	K
𠾺	K
㗝	K
𠿿	K
𡂛	K
𠷩	K
𠿢	K
𡀊	K
𠲗	K
𠹂	K
啴	K
噇	K
𠼀	K
𡅙	K
噫	K
𠺠	K
噷	K
𠽓	K
㖣	K
𠼋	K
哾	K
𡃇	K
𠼬	K
𠽜	K
𡂓	K
𡆏	K
㘎	K
㘚	K
𠵔	K
𠽾	K
𤑽	K
𡄶	K
嗙	K
𠴣	K
嚪	K
𡂸	K
噂	K
𠺉	K
㗿	K
嚫	K
噺	K
𠹋	K
𡁡	K
喭	K
𡁤	K
㘖	K
𠿱	K
𨗓	K
𡁈	K
嗛	K
唥	K
𡃦	K
𡅭	K
𡃮	K
㘂	K
㖒	K
嗞	K
𠿷	K
𠯁	K
𡅼	K
噚	K
𠿃	K
𠲡	K
唧	K
𡃢	K
𠴂	K
𡄊	K
嘅	K
𠸎	K
㖬	K
𠵎	K
𠺙	K
㗲	K
㖀	K
𠯥	K
嘯	K
𠸻	K
㖊	K
𠵈	K
𡁛	K
嚍	K
𠺣	K
𠷍	K
𠴕	K
㖨	K
𠻥	K
嗈	K
𠷲	K
𠰉	K
𡄸	K
𡀭	K
𡂏	K
𧵞	K
嘨	K
㘀	K
𠴌	K
唚	K
𠴵	K
唲	K
𣢱	K
𠶚	K
𠱞	K
𠹠	K
𠹴	K
𡀳	K
𠲰	K
吚	K
𠹷	K
𠱲	K
𣣦	K
䬭	K
𡃪	K
𠽼	K
𠴍	K
𢙟	K
𠮬	K
𠯄	K
𡀠	K
𠺦	K
𠳔	K
𠲎	K
𠼸	K
𠰺	K
咃	K
𠱕	K
㕬	K
𠼟	K
𠺭	K
𡘈	K
𠼏	K
𠯹	K
𠱉	K
𡄆	K
哙	K
𠳷	K
㘴	K
𠱊	K
𠯰	K
㗫	K
𡃽	K
啥	K
𡄺	K
𠶆	K
𠲼	K
𡁎	K
𡁝	K
𡃳	K
㖮	K
啽	K
喩	K
𠵴	K
𡂱	K
㘛	K
𡀯	K
𠱴	K
𠲏	K
𠲇	K
喻	K
噲	K
𡃍	K
噏	K
𠯋	K
𡀍	K
𠷊	K
嗱	K
噔	K
噞	K
𠴠	K
𡄥	K
𠳩	K
㖉	K
𠮶	K
𠺧	K
𠳘	K
𡂊	K
𠰒	K
𠲈	K
𠸨	K
吤	K
𠽀	K
𠽟	K
𠸒	K
嗰	K
𠷑	K
𡀰	K
𠽙	K
嗚	K
𪅺	K
㗓	K
𠳎	K
𡂈	K
𨒅	K
㰨	K
㕮	K
𠴓	K
𠲟	K
𠯼	K
哬	K
𠹎	K
嘦	K
𠲉	K
𠴚	K
喺	K
𠶉	K
𠿹	K
𠿬	K
唋	K
𠴞	K
𠴖	K
𠸬	K
𡀮	K
𡄠	K
㖹	K
𠯾	K
𠴮	K
鳴	K
嘄	K
𡂢	K
咿	K
𠹹	K
𠶸	K
𠹐	K
𡄑	K
唂	K
𠸘	K
𩿦	K
㗶	K
𠲽	K
吪	K
𠹞	K
呤	K
噙	K
𠴒	K
喰	K
𠵱	K
𠹸	K
唯	K
𠽹	K
𧐌	K
唅	K
嗆	K
𡂗	K
𠿰	K
嗿	K
𠿘	K
𧈐	K
𩒻	K
㗹	K
吟	K
唸	K
噍	K
鷕	K
𠼮	K
𪄼	K
𡆁	K
㗱	K
𠼵	K
𡁫	K
𡃲	K
𠿮	K
𡃈	K
𠸣	K
𠰈	K
𠼴	K
𩒁	K
𠿔	K
𠺻	K
𠱣	K
𡅍	K
𠷵	K
嚩	K
𡄣	K
呣	K
𠰀	K
𡁇	K
咈	K
𠾚	K
𡃃	K
𡁰	K
𠼢	K
𠸰	K
𡅠	K
㖰	K
𠺶	K
𠯻	K
𠴄	K
𠳢	K
𠾼	K
𠵸	K
𠲭	K
喲	K
嚛	K
𠱟	K
㘈	K
𠶹	K
𠽂	K
𠺁	K
㖎	K
哛	K
𠶽	K
𠸇	K
哔	K
咝	K
𠴀	K
噝	K
𠹦	K
𡂎	K
㗀	K
𠱳	K
𡄉	K
喈	K
嘰	K
𠸃	K
𡆕	K
𡆝	K
喥	K
𡄾	K
𠻊	K
嗻	K
𡂪	K
𡂭	K
嚝	K
㗥	K
𠻗	K
啍	K
𠻎	K
噋	K
囄	K
𠴬	K
𠾍	K
𠾀	K
𠻿	K
𠿾	K
𡀵	K
𠵒	K
𠲲	K
𧘗	K
㗒	K
𠲖	K
𡀗	K
𡄧	K
𠲕	K
𠸥	K
𠲝	K
𡃑	K
𠰍	K
𡂂	K
𠰤	K
𠶧	K
㖢	K
𠯴	K
𡅹	K
噈	K
𠶛	K
𡃚	K
𡃥	K
嚌	K
𠳺	K
𠼿	K
𡃩	K
𠿞	K
𠺟	K
𡀀	K
𡀫	K
𠯠	K
𠺖	K
𡁞	K
𠶦	K
嗃	K
𠽆	K
𠷨	K
𠲪	K
唳	K
𠻾	K
𠹓	K
呝	K
𡂘	K
𠯖	K
𡂻	K
咳	K
𠺡	K
𠻫	K
𠼁	K
𠸠	K
𡃘	K
𠲔	K
喨	K
𠷥	K
𧛧	K
𠴽	K
𠳻	K
𡆙	K
𠷄	K
嚰	K
嚤	K
嚒	K
𠳹	K
𠷇	K
𡁹	K
𠼯	K
㖄	K
𡆈	K
𡆍	K
𡃛	K
𠱪	K
𠿳	K
𡄫	K
𡅓	K
𡅷	K
哴	K
𠻴	K
嘃	K
𠻞	K
𡄡	K
𠹔	K
𠾓	K
𡅁	K
𡃝	K
𨅇	K
𡄖	K
𡁾	K
唹	K
㖡	K
囃	K
𠻜	K
𡄐	K
㗜	K
𠳓	K
呟	K
噰	K
𡄁	K
𡀲	K
軾	L
𨋷	L
𦋈	L
輚	L
𨎮	L
𨐉	L
𨍷	L
𡈉	L
𨍜	L
䡳	L
𦋊	L
𤲐	L
羈	L
𤲘	L
𦍈	L
𨍝	L
𡈥	L
羇	L
䡷	L
𡈮	L
𦋡	L
𦊺	L
軭	L
𡈑	L
𡇖	L
𤱥	L
𤱻	L
轞	L
𤐍	L
䍓	L
𨏫	L
𡈗	L
羃	L
𨎽	L
轕	L
𢧷	L
㽣	L
國	L
罭	L
䡱	L
𢠝	L
𤮋	L
𣂽	L
𤳉	L
𨎔	L
爴	L
𦍀	L
𨋝	L
䡸	L
𨍅	L
𨍞	L
𡈌	L
𨎩	L
𨌣	L
𦊐	L
𨍕	L
𨏘	L
𤳙	L
𨍼	L
𡆶	L
𨏕	L
𨏼	L
轥	L
𤲲	L
𡈐	L
𤲻	L
𪒕	L
異	L
輁	L
𤱨	L
𤴏	L
𡇾	L
𨏣	L
𨏴	L
輙	L
𨋁	L
𨏱	L
𠔱	L
䡕	L
𦋣	L
𡔌	L
𣪠	L
礊	L
𨣗	L
𤱟	L
繫	L
蟿	L
𠿉	L
轚	L
罊	L
𣫦	L
𧈖	L
𧈗	L
𢢞	L
𤮛	L
擊	L
檕	L
𡢖	L
𣤢	L
𠘿	L
輒	L
𦋆	L
𨌂	L
𨋒	L
㙒	L
𤰩	L
𨋋	L
𡈫	L
𡈱	L
𡆹	L
㽥	L
輮	L
𨎸	L
罞	L
畷	L
罬	L
輟	L
辍	L
㽩	L
𦌀	L
𡇄	L
𤳑	L
𤳒	L
䡦	L
𨋌	L
𡢑	L
𨊿	L
輽	L
𡇮	L
㔥	L
𤳷	L
𨎢	L
羆	L
𢸇	L
罷	L
𠤩	L
圗	L
𡌛	L
軽	L
𡈄	L
囼	L
軩	L
𦌭	L
𦌹	L
𡈇	L
圎	L
𧷄	L
𦊻	L
𨩕	L
㽙	L
𨋍	L
𡇺	L
𦊧	L
𤲁	L
畯	L
𨌘	L
𠡃	L
軛	L
𨗫	L
𡇰	L
䍔	L
䡌	L
軷	L
𡈔	L
𨏒	L
𣎏	L
𨎼	L
𢜹	L
𤱼	L
𨌑	L
𡋘	L
𨎂	L
𦍇	L
轗	L
輱	L
𡇢	L
𠡘	L
䡺	L
𧡻	L
轊	L
輫	L
𡇚	L
𤲉	L
𠛭	L
㽢	L
罨	L
𨌧	L
𨗻	L
𡇱	L
𨎄	L
𡈲	L
𡙷	L
𡚤	L
盢	L
𩕾	L
𠡛	L
輭	L
𤲬	L
𡇊	L
𨋞	L
輀	L
𤳜	L
𨎪	L
𨍥	L
𩒷	L
𡚎	L
𨋛	L
𦋦	L
𡆭	L
罽	L
欭	L
輢	L
𤯠	L
䍥	L
轣	L
𦌩	L
𡈞	L
𥇡	L
轑	L
𦌒	L
𡜭	L
輳	L
𡈅	L
轃	L
𨎕	L
㽠	L
𤲍	L
𨐇	L
軚	L
𨏈	L
𦋉	L
罦	L
𡇲	L
𨋻	L
𨐂	L
輣	L
𤲫	L
㽟	L
罝	L
𤱌	L
𡈣	L
𨎘	L
𨏝	L
𨏵	L
慁	L
㘥	L
𨍳	L
轁	L
𤲺	L
𨋃	L
𨏓	L
轒	L
𤱲	L
𨌞	L
𢅄	L
囩	L
圔	L
𨍰	L
罴	L
𣡯	L
䡋	L
転	L
𤱂	L
𥊷	L
㽭	L
轜	L
𤳟	L
罣	L
𡭀	L
罫	L
𡈦	L
𨎬	L
畤	L
𦥁	L
𢆦	L
𤭋	L
置	L
𨊫	L
㸃	L
䡩	L
𡈓	L
𦊎	L
畊	L
囲	L
𨖞	L
𢿘	L
𪔒	L
園	L
瞏	L
轅	L
𨎧	L
𦇆	L
䡼	L
𩖅	L
𡰍	L
𡰓	L
𣰟	L
𦒬	L
𨘒	L
𨘠	L
𨘣	L
𡗆	L
𧢃	L
䡿	L
𡢺	L
𣤋	L
𤬏	L
𩀮	L
䍣	L
𨎿	L
𦌷	L
𨏔	L
疇	L
围	L
𤴃	L
𨔍	L
𢜧	L
𡆰	L
黓	L
黭	L
𪐞	L
𪐠	L
𪑃	L
𪑖	L
𪑰	L
𪒈	L
黦	L
𪐣	L
𪐧	L
𪑒	L
𪓈	L
䵥	L
𪐮	L
𪐯	L
𪐸	L
𪑅	L
𪑉	L
𪒊	L
𪒋	L
𪒔	L
𪒙	L
𪒝	L
𪒭	L
𪒮	L
𪒿	L
𪓂	L
默	L
黩	L
𪐝	L
𪑻	L
𪒽	L
𪒾	L
𪓆	L
䵨	L
黪	L
黲	L
𪐲	L
𪐹	L
𪑄	L
𪑊	L
𪑫	L
𪒌	L
𪒓	L
𪒛	L
𪒬	L
𪓃	L
𪓊	L
䵟	L
䵦	L
䵯	L
墨	L
黚	L
黫	L
𪐢	L
𪐻	L
𪐾	L
𪑋	L
𪑭	L
𪑮	L
𪑱	L
𪑺	L
𪑾	L
𪒖	L
𪒴	L
𪒶	L
𪓁	L
𪓉	L
䵣	L
𪐪	L
𪐴	L
𪐵	L
𪑎	L
𪑝	L
𪒃	L
𪒇	L
䁿	L
𪐙	L
𪐿	L
𪑥	L
𪑯	L
𪑷	L
𪒂	L
𪒒	L
𪓀	L
䵢	L
黥	L
𦅔	L
𪐳	L
𪑔	L
𪑠	L
𪑨	L
𪒳	L
𪒼	L
䵞	L
䵬	L
䵭	L
䵳	L
黯	L
𪐱	L
𪑕	L
𪑹	L
𪒟	L
𪒤	L
䵱	L
點	L
黠	L
𪑇	L
𪑌	L
𪑜	L
𪒧	L
黝	L
黸	L
𥂮	L
黜	L
黷	L
𪐦	L
𪐨	L
𪑍	L
𪑳	L
𪑸	L
𪒑	L
𪒦	L
𪒰	L
𪓇	L
䵝	L
黔	L
黗	L
黤	L
黮	L
𢥽	L
𪐘	L
𪐚	L
𪐜	L
𪐤	L
𪐭	L
𪐼	L
𪑑	L
𪑡	L
𪑦	L
𪒎	L
𪒜	L
𪆤	L
𪐩	L
𪑀	L
𪑓	L
𪒉	L
𪒻	L
𪑼	L
𪒡	L
黕	L
黖	L
黟	L
𪐬	L
𪑂	L
𪑈	L
𪑙	L
𪑣	L
𪒐	L
𪒣	L
䵮	L
䵰	L
䵲	L
𪑘	L
𪑞	L
𪑧	L
𪑬	L
𪑶	L
𪑽	L
𪒗	L
黢	L
黬	L
𪐫	L
𪐶	L
𪐺	L
𪑁	L
𪑆	L
𪑏	L
𪒆	L
𪒠	L
𪒥	L
𪒩	L
𪒯	L
𪒱	L
𪒹	L
𪓅	L
黣	L
𪒄	L
𪒘	L
𪐛	L
𪑗	L
㱄	L
黰	L
𪑚	L
𪑩	L
𪒫	L
𪒲	L
䵪	L
䵴	L
𪐷	L
𪑿	L
𪒏	L
䵠	L
黵	L
𪐟	L
𪐥	L
𪑲	L
𪑴	L
𪒢	L
𪒪	L
𪓄	L
䡹	L
𨏡	L
𤒭	L
䡇	L
𤲪	L
署	L
𦋪	L
𢍰	L
𣀇	L
𤢕	L
睪	L
𤲜	L
𨏨	L
𦒡	L
鸅	L
斁	L
𦌙	L
歝	L
𩁇	L
轌	L
䡜	L
轖	L
𨎈	L
輘	L
䡍	L
畉	L
𡈂	L
𨊻	L
𨐆	L
軘	L
輊	L
𡇓	L
𨆧	L
𨍀	L
𡇗	L
𤲖	L
𦊊	L
圊	L
圑	L
𨍭	L
輤	L
𤲟	L
𤲼	L
圃	L
輔	L
辅	L
𨊱	L
𤰤	L
囸	L
𡬺	L
𡈀	L
車	L
㓻	L
𡆸	L
𤭺	L
囨	L
𦊾	L
團	L
轉	L
𤲚	L
𨌿	L
𦊿	L
𨌡	L
𨎥	L
𨐀	L
𨝾	L
圄	L
睘	L
𤲡	L
鹮	L
𨍮	L
𡇯	L
𨌛	L
𡇿	L
輻	L
𨏟	L
𨏬	L
𨎾	L
𩕪	L
翾	L
䴉	L
還	L
𦌉	L
𡇧	L
𩙽	L
𦌊	L
𡈵	L
疅	L
𨏃	L
𩖂	L
𨋵	L
𦋿	L
𨎝	L
輌	L
𨍘	L
𨋣	L
𦌿	L
𨏽	L
輛	L
𤳎	L
𥀿	L
𦊷	L
𨊮	L
𤭔	L
𨋐	L
𨍬	L
軏	L
𡈒	L
𨎞	L
𨌐	L
軯	L
𨋸	L
輕	L
𨏄	L
𡇦	L
𨌷	L
𨆪	L
輺	L
鑋	L
䡖	L
𨌻	L
𤰵	L
𣫹	L
𦊂	L
𨋆	L
𡆻	L
𨍛	L
𨋇	L
𡆡	L
𨋔	L
䡾	L
𡚇	L
𨎶	L
𦋾	L
轤	L
軙	L
𤱍	L
𥆞	L
𤐁	L
𨌳	L
𡇴	L
𡇛	L
𡆵	L
𨏹	L
𦌮	L
𡈴	L
𤲤	L
𨌬	L
𤳠	L
䡠	L
囗	L
罒	L
甲	L
轳	L
𨋤	L
𡈟	L
𡈖	L
𨍄	L
輎	L
𦋞	L
塁	L
𡎯	L
䍝	L
㘤	L
𨌭	L
𠜟	L
𤲴	L
𨌩	L
𦑲	L
𦌧	L
𨎋	L
疂	L
遝	L
𨎴	L
𨏻	L
𦊫	L
𨏆	L
輄	L
𤱩	L
𤱳	L
𨋫	L
𨐈	L
㘢	L
㱎	L
𣣴	L
𡈛	L
𣯉	L
𤰬	L
𥊽	L
𨎛	L
䳴	L
𩀚	L
罼	L
𦋷	L
囬	L
𦋁	L
𦋂	L
𤳣	L
𦊥	L
𦋨	L
𦋸	L
畼	L
輰	L
𤲰	L
𨋙	L
𦍄	L
𨍆	L
䡬	L
輼	L
辒	L
𨏀	L
𤲳	L
𢝮	L
𨎗	L
輵	L
𡇼	L
輠	L
𧔆	L
𨏌	L
𨋯	L
輥	L
𨎵	L
輯	L
𨚧	L
駕	L
䂟	L
㚙	L
㘣	L
罥	L
𦙺	L
𨌉	L
𡇉	L
𧻅	L
圖	L
𨎏	L
𢻡	L
𡆷	L
𦊯	L
𠡐	L
𪗬	L
𨌼	L
𨍟	L
𦌕	L
𨎲	L
圚	L
𨎨	L
𧠲	L
𤲊	L
𦍂	L
𧉪	L
㔔	L
䡲	L
𦊼	L
𡈨	L
𡈆	L
𡕭	L
㖙	L
𡈺	L
毄	L
𥖳	L
圆	L
圓	L
𠟒	L
賀	L
𦙲	L
𠢋	L
㔖	L
㠰	L
乫	L
㤎	L
𢙍	L
𤇞	L
𥹌	L
廻	L
迴	L
軦	L
𨕔	L
𤙄	L
㧝	L
哿	L
𦨦	L
毠	L
䪪	L
妿	L
嗧	L
鴐	L
𪀟	L
軹	L
𥿃	L
𡈃	L
𧦲	L
𨏖	L
𨏺	L
𤳢	L
𦊔	L
䍛	L
𤴄	L
𤴌	L
𨋳	L
𨐄	L
𨍲	L
𨏙	L
圛	L
𤴀	L
𦌁	L
𤳭	L
轘	L
𦌂	L
𦋳	L
𤳹	L
𤳍	L
𨎅	L
𤴐	L
劦	L
𨞽	L
𣀜	L
𩴻	L
奰	L
礨	L
𤣂	L
𤳦	L
脅	L
𨑌	L
壘	L
壨	L
畾	L
𦋹	L
㽮	L
疉	L
疊	L
𤳏	L
𤴁	L
𨐁	L
纍	L
𤳻	L
𤴈	L
轟	L
𠠯	L
𣆕	L
𤳅	L
〇	L
㔣	L
轠	L
𠢿	L
𤱷	L
𤲶	L
𤳳	L
𤳵	L
𤴑	L
𥃇	L
𦌵	L
𨏿	L
𪉀	L
䝱	L
罍	L
𡾔	L
㲲	L
勰	L
氎	L
𢁐	L
𣰭	L
𣰸	L
䴎	L
䴑	L
鸓	L
𪈦	L
𨯔	L
𨰵	L
櫐	L
𠡷	L
𤴉	L
𤴍	L
𣀡	L
姭	L
𡇨	L
𡣠	L
𣢩	L
𣣲	L
𣤥	L
𩁜	L
𢣲	L
罳	L
轋	L
𦌃	L
𦋶	L
𠨃	L
𤴊	L
𤳥	L
𤳆	L
𨌦	L
㽒	L
𨎟	L
𤱘	L
轀	L
𤴇	L
圐	L
𡐊	L
繋	L
𡇀	L
𤮈	L
撃	L
𣤖	L
軗	L
𤱆	L
𨐅	L
圌	L
輲	L
𨘼	L
軮	L
𨍾	L
畘	L
𤱋	L
輖	L
𦌡	L
𤲦	L
𡆫	L
䚑	L
𡮳	L
𡮨	L
𨍋	L
𦊤	L
𤴒	L
𨋹	L
𨊾	L
𧶶	L
𩴬	L
𡇙	L
𤱧	L
輞	L
𡤔	L
㽯	L
𨏳	L
𡇩	L
鷶	L
軜	L
𤱅	L
𩀺	L
軓	L
罠	L
𣫕	L
輾	L
𨍌	L
𨏲	L
䡑	L
𤱕	L
囻	L
轏	L
𦖷	L
𨜐	L
𥇣	L
𨋚	L
顋	L
𡆴	L
罻	L
𨋀	L
軐	L
𡇆	L
𦊛	L
𧝖	L
𨍐	L
𦌋	L
䡂	L
圍	L
𡇑	L
𤱐	L
𦍁	L
䡶	L
𦌠	L
𢣢	L
𦌻	L
㤙	L
𦌔	L
𤇀	L
𨍿	L
㘠	L
𨍍	L
𨍺	L
疁	L
轇	L
𪃄	L
𤰮	L
𥁍	L
𨋗	L
轛	L
轐	L
𨎚	L
𦌣	L
𪒸	L
𤳩	L
𨏏	L
𨾄	L
𦋺	L
𤓅	L
𨏍	L
𦋎	L
𪐗	L
𦌗	L
𤲩	L
𨌹	L
疄	L
轔	L
𤱦	L
𨍦	L
𨍤	L
𨌆	L
𡇵	L
轄	L
辖	L
𨏥	L
𨐊	L
畳	L
𨌵	L
𨎜	L
輐	L
𦋠	L
𠁎	L
𨍵	L
𨎁	L
䡣	L
𨏂	L
𨊶	L
𨋠	L
𦊳	L
輨	L
㦁	L
䡝	L
𨌊	L
𨋄	L
𨌚	L
𨍇	L
𨋴	L
䡥	L
𨎣	L
𤲏	L
䡐	L
𦌟	L
𨌲	L
軝	L
𡆿	L
䍕	L
軧	L
𨋕	L
䍟	L
𨍈	L
𨋭	L
𨊵	L
𤱯	L
𨎻	L
𦋅	L
㝶	L
𨋎	L
𨞕	L
斀	L
𢻧	L
𤢜	L
斣	L
𤱬	L
𨋮	L
劅	L
䫳	L
鸀	L
𣀈	L
歜	L
𩁍	L
𠰝	L
𦊒	L
㽛	L
軥	L
𨍠	L
輓	L
𤲈	L
𡇹	L
䡘	L
䍖	L
軳	L
𦞅	L
𨏎	L
𦌥	L
𨏗	L
𦋴	L
𩼄	L
𩶊	L
𦌸	L
㽤	L
𦋲	L
𠁴	L
𡇘	L
𤕣	L
䡈	L
䡔	L
𦋒	L
𨌨	L
𨍉	L
𤰿	L
𨋊	L
𦊑	L
𨋖	L
𡈭	L
𨌃	L
畇	L
𨊷	L
輡	L
𨌢	L
軟	L
𣢗	L
輷	L
𡈸	L
𠟑	L
罶	L
𦉹	L
畂	L
𦗚	L
䡊	L
畖	L
罛	L
軱	L
𦋯	L
𩈻	L
磛	L
𨎀	L
𤱰	L
塹	L
䟅	L
輴	L
𨋜	L
𨌌	L
𡈁	L
𨍧	L
𨎉	L
𠡥	L
𡇥	L
𨝪	L
𤰼	L
㽚	L
𨎓	L
覱	L
暫	L
𧐮	L
𠼃	L
蹔	L
𦌬	L
䍢	L
𡈝	L
𢄤	L
㟻	L
𦉩	L
𡈏	L
慙	L
𨍹	L
𩲣	L
𡈪	L
鏨	L
䡚	L
𩴕	L
㨻	L
𨏑	L
槧	L
㽡	L
䡟	L
𥪭	L
𦌈	L
𨍪	L
㜞	L
䭕	L
䳻	L
軼	L
𨌓	L
𩀧	L
𡇠	L
𩒱	L
𡇽	L
𡈜	L
𡇐	L
𦊚	L
輏	L
𤱙	L
𨢽	L
𠡙	L
𠜠	L
軻	L
𤳴	L
𤲭	L
𣡺	L
𦊵	L
𡈹	L
罧	L
𨍫	L
𤲓	L
𨋪	L
𡆼	L
𤰦	L
𨊯	L
𡇜	L
𤲎	L
轎	L
𩓽	L
䡫	L
𨌖	L
輈	L
辀	L
輧	L
𤲵	L
𤴆	L
軠	L
𤰞	L
𡇪	L
𨌒	L
䡽	L
軞	L
𦋋	L
𠒛	L
𡇸	L
畽	L
𡈈	L
𤲒	L
𡇝	L
𣦔	L
𨋘	L
𨎦	L
𤱴	L
𤰽	L
䡻	L
𤱏	L
𤳈	L
輹	L
𨝩	L
畧	L
𦊲	L
輅	L
辂	L
䌎	L
𠠩	L
𤴂	L
𧐯	L
𧕌	L
𨎠	L
𪅅	L
㨼	L
䡯	L
𨋦	L
𨌈	L
䢀	L
𤰢	L
𨊰	L
𡇫	L
轓	L
𨎒	L
𨍊	L
𥁔	L
𦌫	L
𨌽	L
𤲧	L
𨎳	L
𤳝	L
𤳂	L
軤	L
轷	L
𤳁	L
𨍱	L
𤱞	L
䡮	L
𦌇	L
䍙	L
畮	L
𡆣	L
𨌝	L
軿	L
𨍽	L
㽨	L
𤲨	L
𦋓	L
𨌫	L
𡈚	L
䡭	L
畻	L
𡈕	L
𨋽	L
𡈢	L
圏	L
𦌖	L
𤳽	L
𨏠	L
𨎫	L
䡵	L
𨍨	L
𨏭	L
轙	L
𨏢	L
𡇬	L
𨋲	L
䡴	L
罯	L
罿	L
𡈩	L
𨍑	L
𡈠	L
𨎊	L
𨌔	L
㽪	L
𨏰	L
𨍩	L
𩐑	L
図	L
𨍢	L
𡈘	L
𡇏	L
𨋰	L
較	L
𦌚	L
輶	L
𨍣	L
𦋰	L
𨏦	L
罤	L
㽧	L
𤳚	L
䣚	L
䫫	L
𨋨	L
圕	L
𡇭	L
𦋏	L
𨌠	L
罺	L
轈	L
軺	L
𤱠	L
輜	L
𦋍	L
𣱍	L
輗	L
輑	L
𨊼	L
㪹	L
𡇔	L
𨏋	L
𥅫	L
𧪔	L
𧭿	L
軔	L
𤱝	L
𠞵	L
𣂿	L
𤱢	L
𡆾	L
𨌪	L
𨎃	L
𤲋	L
𤰯	L
䡆	L
圙	L
𡇣	L
𨋩	L
𡑁	L
畛	L
軫	L
囶	L
𤲔	L
軵	L
𤔗	L
圇	L
輪	L
𤲕	L
𡇳	L
𡈬	L
𨏚	L
輇	L
辁	L
𨋶	L
輸	L
𡇞	L
𦊴	L
𡆽	L
𨍚	L
𨎰	L
𡇕	L
𨏤	L
𨎤	L
𡇡	L
𨋏	L
畍	L
𤲂	L
𠝹	L
𨕚	L
𡒀	L
𥁕	L
𨍓	L
𨍙	L
𡈶	L
朙	L
𥁰	L
𥂗	L
𧖸	L
𢚊	L
𢝕	L
𣰡	L
𪆌	L
囧	L
𡜸	L
𨌺	L
𨋱	L
䡧	L
𡈎	L
𨌕	L
𨒊	L
𤱀	L
𨊽	L
𣐮	L
𠞅	L
𣭃	L
畟	L
畭	L
𨌎	L
𨋼	L
𤰪	L
𨋂	L
鴨	L
鴫	L
𡈙	L
𡇇	L
𤳶	L
𨍖	L
𨏪	L
𨌰	L
輍	L
𨖙	L
眾	L
𡜰	L
𡈍	L
𧮀	L
囮	L
囵	L
軨	L
𦊓	L
䍜	L
𨌴	L
𤳬	L
軡	L
𦊃	L
𨗴	L
罖	L
圀	L
𦌽	L
𤲮	L
䡏	L
𦌰	L
𦋽	L
𦋝	L
𦊏	L
羄	L
𩌺	L
𩕃	L
𤮉	L
𨌁	L
𨋥	L
羂	L
𦌾	L
𦍆	L
軪	L
𤱎	L
𦌪	L
𦋥	L
𦌅	L
𦌶	L
轢	L
𡈡	L
𦌢	L
𤲹	L
𦍉	L
𠚢	L
𪈰	L
邏	L
羅	L
毘	L
𦊁	L
𡇟	L
𧖈	L
𧖎	L
𤭳	L
䡡	L
羉	L
𨏷	L
𡈻	L
圞	L
圝	L
𨍏	L
𤳌	L
𤳱	L
𨎎	L
䍠	L
䍦	L
𨌯	L
𨏛	L
𡇁	L
𨌙	L
轍	L
𨏁	L
𢍧	L
畩	L
罸	L
罜	L
軴	L
𡈰	L
輬	L
辌	L
𦌦	L
䍤	L
𦊸	L
𠟟	L
𨍡	L
罰	L
𨏸	L
𨎙	L
𨎺	L
𨎹	L
𠱵	L
㽘	L
䡉	L
囥	L
䡢	L
𨎡	L
𦉾	L
𨌶	L
𡈷	L
𨌋	L
䡪	L
甿	L
軶	L
䡎	L
𡈳	L
𡆲	L
畡	L
輆	L
䍡	L
轆	L
𨏅	L
𨎱	L
𨎭	L
𨌮	L
𨌟	L
𦋤	L
𨎷	L
䍚	L
䡙	L
𨎍	L
𨍴	L
𡇻	L
𤲠	L
𡇎	L
䍗	L
𧵻	M
𡸚	M
㟞	M
賤	M
𡽮	M
𡹰	M
㟿	M
農	M
𡻸	M
蠈	M
𡼔	M
𩒄	M
嵁	M
𣰊	M
𧶿	M
𪆯	M
賊	M
贜	M
贼	M
𡿄	M
㠌	M
𡸷	M
𣌴	M
𣌵	M
䝸	M
𢻅	M
𧹔	M
𡶑	M
𧵊	M
𧵶	M
𧴶	M
𧶩	M
𩊄	M
𧸐	M
巈	M
𣍕	M
鄷	M
艶	M
𣀂	M
𩤰	M
㠏	M
𣌹	M
𧰢	M
𧰚	M
𧰞	M
𧰟	M
𠙫	M
豑	M
豊	M
𠔓	M
𧰅	M
㻃	M
𩁑	M
峫	M
𡿚	M
𢼰	M
𢒝	M
𦣟	M
𡽳	M
𡽾	M
𧸦	M
𡵥	M
𡿟	M
𣌱	M
𡻟	M
𧷸	M
𣌧	M
㟙	M
刪	M
𡿋	M
嶱	M
䞁	M
𡹶	M
贎	M
𡽇	M
𡶆	M
𡶅	M
𣌺	M
𨀲	M
嶇	M
𣍀	M
巏	M
𡻃	M
𡺭	M
𧷻	M
岠	M
𧸊	M
𠃪	M
𡺑	M
㞽	M
𧵝	M
㤟	M
𢘁	M
𤒍	M
䢗	M
㠓	M
嵘	M
嵽	M
𡻺	M
嶜	M
𩳄	M
𡻹	M
峣	M
𧹀	M
𧵪	M
㟟	M
𡥳	M
𡿒	M
㠛	M
𤿶	M
䐌	M
𣇺	M
㟷	M
覥	M
觍	M
𡿗	M
敟	M
𡾲	M
𡷯	M
𡶵	M
𢏢	M
𧶍	M
𡽝	M
㟐	M
𡽨	M
𡺲	M
𡸘	M
𡸨	M
𡾯	M
𡺿	M
𡻴	M
崡	M
𡶽	M
𡶏	M
𠕐	M
𠘼	M
𠙕	M
𡷝	M
𧶋	M
㟹	M
𡼅	M
㠕	M
𡹣	M
嶐	M
𡹷	M
𡸐	M
𡦣	M
𡺰	M
𡺇	M
峅	M
𧷾	M
𡺱	M
㠁	M
嵾	M
贂	M
𦌄	M
𦉻	M
𡼊	M
𡽭	M
𦉳	M
𡼶	M
㟥	M
𦊌	M
𡉮	M
𠚹	M
貽	M
𧷅	M
𠕡	M
𧐰	M
𦊗	M
𣏷	M
𦋌	M
𦋢	M
賐	M
𡷓	M
𡹻	M
𧷢	M
巁	M
𧸱	M
𡺻	M
𡵢	M
𡵦	M
𩢥	M
𡵓	M
贆	M
𡾏	M
𡾷	M
𡿈	M
𡿛	M
𡼛	M
𡺮	M
𡾂	M
𧸻	M
峟	M
賄	M
賬	M
𧶭	M
賑	M
赈	M
𡷰	M
䝽	M
峚	M
崕	M
崖	M
𡶂	M
㟁	M
岸	M
䞅	M
𩓤	M
𪂢	M
𨖭	M
𡹿	M
𡽧	M
𡻕	M
𠕲	M
㼜	M
𤬺	M
崴	M
嵅	M
嵗	M
𡿖	M
㿮	M
𡵞	M
𠕛	M
𠱬	M
𠱰	M
鳳	M
巎	M
𡺷	M
𡻷	M
㠦	M
𡾿	M
𠙲	M
凮	M
𡽣	M
𡶾	M
𡺉	M
𧸪	M
𨤪	M
𡹛	M
𡿌	M
輋	M
𡻲	M
𤭹	M
𡘦	M
㪜	M
𦓗	M
䞂	M
𤟮	M
𩨮	M
𪓛	M
剬	M
峏	M
耑	M
𧸀	M
顓	M
颛	M
㼷	M
䳪	M
𡽏	M
𣖃	M
𣜅	M
𡺋	M
歂	M
𦓣	M
崸	M
頔	M
𦓞	M
𩑏	M
𡵈	M
㟌	M
𡽐	M
𡵔	M
峸	M
贓	M
𡶔	M
𡶙	M
𡷫	M
𡽴	M
𡾻	M
𢘲	M
𢾋	M
𢾡	M
𣁗	M
𤉕	M
䒋	M
𡻯	M
𡶖	M
𡾖	M
㟲	M
㟶	M
𡼋	M
𡘶	M
㟢	M
嶏	M
𡼭	M
𧵷	M
𡶨	M
㠣	M
𪚻	M
𢽡	M
嶚	M
嶛	M
𠖼	M
嶡	M
嶥	M
𡷳	M
䞐	M
賰	M
鴦	M
𩿶	M
𡻈	M
峽	M
嵟	M
𡽛	M
賎	M
𡺒	M
𡹼	M
𡷜	M
𧶂	M
髒	M
𩪎	M
𩪒	M
𩪭	M
𩩸	M
𩪝	M
𩪍	M
嶾	M
𡽸	M
𩩥	M
䯦	M
𩨠	M
骮	M
𩪼	M
𩪦	M
㟊	M
𩨸	M
𩪷	M
𩩟	M
𡺡	M
𡺦	M
𩨜	M
𩪄	M
䯋	M
䯝	M
𩩃	M
骷	M
𩪸	M
𩪚	M
𩩛	M
顝	M
𩓼	M
骻	M
𩨿	M
𩪪	M
髄	M
𩩴	M
𩪏	M
𩪗	M
䣙	M
𩩼	M
𡹔	M
剻	M
𡺵	M
骽	M
𩨞	M
𩩒	M
𩩉	M
嵈	M
𩨝	M
𩪥	M
䯓	M
嶳	M
骭	M
𩪰	M
𩨗	M
䯈	M
髐	M
𩩡	M
𩪫	M
𩩋	M
𩩖	M
𩩹	M
𩩩	M
骬	M
髆	M
𩩄	M
岨	M
𡹑	M
𩩤	M
𩩑	M
𪂓	M
骾	M
𩪕	M
𩨤	M
䯙	M
𩪲	M
骳	M
𩩨	M
髗	M
骴	M
𩨓	M
𩩓	M
𩩭	M
𩪈	M
䯑	M
𩨡	M
𩪺	M
𩪖	M
𠞡	M
𩩫	M
䯠	M
𩩲	M
䯥	M
䯜	M
髃	M
𩩐	M
𩩔	M
䯣	M
𩨴	M
髏	M
𩨵	M
𩩙	M
𩪐	M
𩨹	M
𩩚	M
䯇	M
𩪵	M
𩪆	M
𩩆	M
䯞	M
𩩅	M
𩨒	M
𩩍	M
體	M
𩪂	M
䯐	M
𩨷	M
骪	M
𩪓	M
𩩱	M
髎	M
𩨖	M
䯆	M
𩨕	M
𩨲	M
𩪧	M
䯌	M
𩪞	M
𩩧	M
𩪤	M
𩪛	M
䯔	M
𩩝	M
䯛	M
𩪃	M
髕	M
𩪯	M
䯘	M
髋	M
𩨥	M
𡹂	M
髌	M
𩩏	M
𩨭	M
髉	M
髖	M
𩨾	M
𩩽	M
𩩎	M
骲	M
𩨟	M
䯉	M
骶	M
𩨩	M
𩪁	M
髀	M
𩨼	M
𩩻	M
𩩺	M
𡺯	M
𩩕	M
𩨰	M
𩨢	M
𩨯	M
骵	M
𩨑	M
𩪊	M
䯊	M
𡶲	M
𡸯	M
𩨛	M
𩪻	M
𩪶	M
䯏	M
𩨶	M
𩩞	M
𩩳	M
𩨺	M
䯒	M
𩩌	M
𩨘	M
䞈	M
𩪱	M
䯕	M
𩪌	M
𩪅	M
𢽸	M
骿	M
髊	M
䯟	M
𩩷	M
𩪴	M
𩪘	M
𩩿	M
𩪙	M
𩪟	M
𩪩	M
𩪣	M
䯡	M
骹	M
𩪢	M
髈	M
㟎	M
𡺫	M
𩨚	M
崢	M
𡸵	M
𩩀	M
𩪇	M
𩪹	M
骩	M
𩩢	M
𩪑	M
𩨫	M
骫	M
𩪳	M
䯍	M
𩩈	M
𩩵	M
𩩶	M
䯎	M
䯤	M
𩩂	M
𩩊	M
𩩗	M
𩨦	M
𩨽	M
鶻	M
𩪀	M
𩨧	M
𩨪	M
𩀜	M
嵠	M
𤳃	M
䯚	M
䯗	M
𩨙	M
𡿙	M
𩩰	M
𩪽	M
𩨨	M
𩩯	M
𩩮	M
𩩣	M
𩩠	M
𩨻	M
髇	M
骯	M
𩨣	M
𩩾	M
𩪬	M
𩩁	M
髍	M
岌	M
𩩦	M
𩨬	M
𩪉	M
𩪮	M
岋	M
𧸄	M
賳	M
𡼝	M
𧷲	M
𡸳	M
嶻	M
𡽱	M
𨙻	M
𨚗	M
𠄗	M
𣂲	M
凨	M
𠘾	M
𡻊	M
嶿	M
𩑞	M
𩑺	M
𧷌	M
崶	M
𡷅	M
嶀	M
嶢	M
嶤	M
䝰	M
𤿣	M
𡬥	M
𡸽	M
𡸜	M
𡵄	M
𠂡	M
𠕟	M
巔	M
嵮	M
𧷒	M
𣂫	M
㟈	M
賕	M
𡶎	M
𧵋	M
𧵖	M
𨚿	M
𠕙	M
𡼼	M
購	M
𡬬	M
𡻉	M
𣅾	M
𡸼	M
𠜂	M
𣆩	M
𧶥	M
𠕋	M
𢘼	M
郮	M
𡦝	M
𡽂	M
𢽧	M
𨚉	M
𪔡	M
彫	M
𣍼	M
𩞺	M
𩟨	M
𡽩	M
𧵳	M
㓮	M
𠵁	M
𡼎	M
翢	M
𢛇	M
鵰	M
週	M
𡿡	M
𪏎	M
雕	M
𤱣	M
贖	M
𢅢	M
𪓘	M
𪓚	M
嶹	M
䎃	M
𦐎	M
㟑	M
𡵧	M
𧹎	M
岏	M
貦	M
㞿	M
崁	M
𡷸	M
𡼞	M
𧷿	M
賭	M
赌	M
𡺐	M
𡺸	M
𣬭	M
𪚮	M
財	M
䶲	M
峔	M
𡶰	M
𡼈	M
𡼫	M
㠝	M
𩙌	M
崚	M
𡹃	M
𡾜	M
𤱁	M
𡹆	M
𡷲	M
崋	M
𤰴	M
岍	M
賦	M
𡷟	M
㟖	M
𡶭	M
𡶁	M
𧶰	M
峌	M
䞃	M
𡻂	M
𠙗	M
𠕔	M
𡼜	M
賻	M
𡸺	M
䝼	M
䞍	M
崝	M
𨔲	M
䝵	M
峬	M
𧶫	M
𥀩	M
𧕵	M
𪓞	M
𤭄	M
𦉭	M
𦥼	M
黽	M
𢽃	M
𡹄	M
𧠊	M
𧡁	M
𧴷	M
岯	M
㞸	M
凬	M
𩗡	M
峘	M
𠃢	M
𩗟	M
𩗠	M
崠	M
崬	M
𩘣	M
畁	M
𩗻	M
𩙍	M
𩘩	M
峺	M
𩗺	M
𩘴	M
𠙊	M
𩘢	M
𩙉	M
㢥	M
戙	M
𨚯	M
敱	M
𠭏	M
𣪱	M
獃	M
𡿝	M
峿	M
𧵀	M
𡸪	M
𡷽	M
剴	M
颽	M
𧔮	M
𡾙	M
𧯶	M
𧖳	M
凱	M
顗	M
𡾣	M
𩒗	M
𤭁	M
𦒀	M
𪀭	M
迵	M
𨕰	M
覬	M
𣑸	M
敳	M
豈	M
𡜝	M
𧰙	M
𪎼	M
㖯	M
𣬑	M
𩀡	M
𪑛	M
𡵂	M
𢄄	M
𠙒	M
𡸹	M
嶆	M
𡵤	M
𢼸	M
甹	M
𡹪	M
㼘	M
𠸮	M
䳙	M
𩿭	M
𨓂	M
𠷓	M
𡺽	M
𨓏	M
𡵉	M
峛	M
峢	M
屼	M
㟼	M
㠂	M
𣁋	M
㓘	M
𤥔	M
𠕊	M
𢽠	M
𢾷	M
岼	M
𡷨	M
崨	M
𡹈	M
𤲣	M
𡵐	M
𡻛	M
𤰣	M
𥏈	M
𢾰	M
峓	M
𡵮	M
𧵇	M
巇	M
帴	M
𡾟	M
𡾠	M
𢂑	M
𢂵	M
㡕	M
巘	M
巚	M
幙	M
幪	M
𢅆	M
𢃲	M
㠊	M
𢃎	M
䞊	M
𡻻	M
𢄩	M
𢅴	M
𢆄	M
𢃟	M
𢅔	M
𢄠	M
㠠	M
𢅡	M
𢅤	M
𧈕	M
幊	M
𡼆	M
𢄽	M
𢅘	M
𧆡	M
𡾅	M
𡿕	M
𢂾	M
𢄅	M
㡛	M
幉	M
𢃱	M
幭	M
𢄻	M
𢆆	M
帺	M
𢂔	M
𢃀	M
𢃫	M
𢃗	M
𢃣	M
𡾐	M
㡇	M
𢁡	M
㡎	M
幓	M
𢄜	M
𡽠	M
帊	M
𢄟	M
𢁲	M
𠬥	M
岥	M
貱	M
𡵨	M
𢂣	M
帗	M
𢃮	M
𢃾	M
帪	M
帳	M
㡡	M
𢅥	M
𢁚	M
𢁻	M
𢄷	M
帞	M
𢄳	M
𢅯	M
幁	M
㡁	M
㡋	M
𢅫	M
𢅿	M
𢅪	M
𢅼	M
𧸗	M
𢄣	M
𢂿	M
𢅅	M
𡹊	M
𢁖	M
𤜧	M
𢂈	M
㡥	M
㡪	M
𢁘	M
幍	M
㠷	M
𡹉	M
㡚	M
幬	M
𢅣	M
𢁗	M
𢃜	M
帾	M
𢄍	M
幩	M
𢁢	M
𢂴	M
𣮳	M
㠸	M
𢂢	M
𢁜	M
𢃈	M
円	M
𢃶	M
𢃢	M
𢂉	M
𢂡	M
峠	M
𢁿	M
𧸩	M
𢃿	M
㡟	M
𢂥	M
帻	M
幘	M
𢅙	M
𢅭	M
㼙	M
帓	M
𢂒	M
帔	M
𢁵	M
𡷚	M
帧	M
幀	M
㥈	M
䥚	M
𡶛	M
𡹧	M
帩	M
𢄃	M
𡾥	M
𢃕	M
幥	M
㠺	M
幔	M
𢄸	M
㡌	M
𢃇	M
𢁯	M
𢃰	M
幜	M
𢃑	M
𧖂	M
㡢	M
幆	M
𤓑	M
幌	M
𢃡	M
𢃦	M
𢂝	M
𢃚	M
𢂱	M
幝	M
岾	M
貼	M
贴	M
𢃉	M
𢄙	M
幧	M
帜	M
幗	M
𢆀	M
𢂐	M
𢄱	M
𢃠	M
㡞	M
𢅩	M
𢅾	M
𢁶	M
𢂎	M
𩽟	M
𢁝	M
𢂓	M
𢂶	M
𢃖	M
𢁒	M
𢅗	M
𢁩	M
𧶸	M
幈	M
𡵋	M
𢄪	M
幄	M
幃	M
𢃼	M
𠕪	M
𡵊	M
𧵫	M
𢄭	M
𢁽	M
𪚴	M
𢁪	M
貝	M
贝	M
𢃔	M
㡤	M
𢃐	M
帵	M
幏	M
𢄐	M
𢃏	M
㡓	M
㡦	M
幰	M
𢃙	M
帎	M
𢁼	M
㡧	M
幎	M
𢄨	M
𡷹	M
𢂕	M
𢄌	M
𢄵	M
𢂰	M
㡄	M
𢂁	M
峴	M
𢃭	M
𢅑	M
㡅	M
㡈	M
𢁞	M
㡊	M
𢁧	M
幨	M
𢁕	M
𢁤	M
𢄊	M
𢃍	M
㠼	M
㡒	M
㡗	M
幠	M
𢂹	M
𢅎	M
帙	M
𢁬	M
𢃓	M
帄	M
幖	M
𢅀	M
𢅚	M
𢃽	M
幯	M
𢁱	M
㡖	M
帲	M
𢂃	M
𢄰	M
𢄹	M
幡	M
㠶	M
幒	M
𢃸	M
𢆁	M
㡝	M
𢂮	M
𢂍	M
𢄯	M
𢅵	M
𢅶	M
㠽	M
𢂳	M
㡙	M
㒳	M
𢽗	M
帡	M
𢃩	M
𢄑	M
幱	M
㡐	M
幛	M
幟	M
𢄈	M
𢅋	M
𢆂	M
𢤖	M
㡘	M
𢅖	M
𢅳	M
𢅕	M
帨	M
𢅰	M
𢆃	M
帹	M
𢄎	M
𢄶	M
𪓪	M
𢃞	M
𢁾	M
𢂽	M
𢂻	M
㠴	M
𢂌	M
𢅹	M
𢁷	M
𢅻	M
帿	M
𢃯	M
𢂆	M
𢂧	M
㡨	M
𢂘	M
𧸥	M
㡜	M
㠹	M
㡏	M
帢	M
𢂲	M
𢅃	M
𡼙	M
𢁮	M
𢃧	M
𢄓	M
𢄦	M
𢄺	M
𢅽	M
㡃	M
㡠	M
帉	M
𡺛	M
𢅐	M
𢅟	M
𢅧	M
𢂀	M
𢄛	M
𢅂	M
𢂊	M
㠲	M
𢁠	M
𢅱	M
𢂅	M
㡉	M
𢁦	M
𢃨	M
𢄴	M
幮	M
𢃒	M
𢅒	M
䶓	M
𢁣	M
𢁸	M
𢄒	M
𢅏	M
㡆	M
𢃅	M
𢂩	M
𢂄	M
𡷍	M
𡾁	M
巌	M
𧶈	M
𡹺	M
埊	M
𧸓	M
𡻶	M
𡼃	M
𠕘	M
𡶿	M
崉	M
𡼍	M
𡻼	M
𡽻	M
𣑼	M
䞆	M
𡽊	M
贘	M
𡿓	M
𡾡	M
𧵦	M
𡵯	M
𧸣	M
巀	M
𡾃	M
𡻔	M
𡻞	M
𣰣	M
廽	M
逥	M
𡹌	M
嵵	M
𡻄	M
𡷛	M
𡬷	M
䍏	M
崼	M
𦊉	M
崵	M
𧶽	M
𡹾	M
賵	M
赗	M
䞎	M
𧶧	M
𡻩	M
𣇱	M
𡿅	M
嵎	M
𡺥	M
𧷰	M
𡸦	M
𢝔	M
𢧾	M
𧶨	M
𡹨	M
嵑	M
賜	M
𡸑	M
𡽙	M
𡸖	M
𡸈	M
𣌩	M
崐	M
崑	M
𡼩	M
𡼮	M
𡹋	M
𢢸	M
𢧘	M
嶯	M
𡷡	M
𠹬	M
𡷤	M
𧶔	M
𧹓	M
㞻	M
嶁	M
㞲	M
𡽞	M
𡽘	M
𧸚	M
𧸃	M
𧸽	M
𡷿	M
𡸾	M
𧎏	M
㠆	M
𡼤	M
賗	M
嵓	M
㟧	M
㠋	M
崿	M
贃	M
𡼑	M
𧹗	M
巖	M
巗	M
𠡋	M
𡸿	M
𡻖	M
㢠	M
𪆹	M
𧵐	M
𡶢	M
𡷘	M
岲	M
貺	M
𡶈	M
𠧅	M
𡷵	M
㟕	M
𣂄	M
𠕕	M
𠙂	M
𡷧	M
嶉	M
𧵙	M
𡹏	M
𤳸	M
㠑	M
嶵	M
崓	M
𧶮	M
𩓻	M
𠙣	M
𤳄	M
𡻽	M
嶧	M
𡻢	M
𡼡	M
𡾄	M
𧷡	M
𧸰	M
㟪	M
嵔	M
㟵	M
𡹎	M
𡻾	M
𡶥	M
𡶐	M
𡹯	M
㠥	M
𡿔	M
𡿜	M
𡾊	M
𡾋	M
𧸏	M
𡸲	M
𡼱	M
𡸗	M
䞏	M
𡽽	M
嶃	M
嶄	M
𡹤	M
𡸙	M
𧶞	M
㟺	M
𡸋	M
𡻭	M
𡻱	M
𧷳	M
𡿇	M
𡿏	M
𧹐	M
嶩	M
𠟔	M
𡽍	M
賟	M
𧹖	M
𡻌	M
㟨	M
𧶲	M
岟	M
𧵌	M
𦡺	M
𡻋	M
𧰽	M
𧵘	M
𠛹	M
𡵵	M
𡷌	M
㟘	M
賙	M
赒	M
𠚆	M
𢍭	M
𩡿	M
凹	M
𡷪	M
𧱃	M
𠕄	M
𡽑	M
𡶺	M
删	M
𣆑	M
峒	M
峝	M
甖	M
𤲀	M
𤉡	M
兕	M
嵦	M
𣀕	M
𢃷	M
凧	M
𢅇	M
𡾕	M
𠟻	M
𡺢	M
崱	M
𡸍	M
𡶝	M
𡺩	M
𡹬	M
𡼰	M
𡺕	M
𨗞	M
𠨤	M
𡦙	M
𡵷	M
𡻦	M
𡾗	M
𧹈	M
𦞄	M
𡎨	M
𡒑	M
𧵡	M
𣦣	M
𡽿	M
𡵹	M
𡶓	M
𡷈	M
𣋎	M
𩓆	M
𧶹	M
𣞏	M
贔	M
赑	M
巊	M
𡾸	M
𠔞	M
𦢆	M
𤑄	M
𧸵	M
𨒁	M
鑍	M
岘	M
岚	M
罌	M
𡷔	M
𡻀	M
嵐	M
𡺤	M
𡻍	M
贁	M
𡽓	M
㟠	M
崗	M
𨟙	M
嬰	M
鹦	M
𩖍	M
鸚	M
𦦿	M
𣤵	M
䨉	M
𡷶	M
𡽔	M
𢃹	M
𡸀	M
𡿀	M
𡷬	M
𡷴	M
𡼘	M
𡾀	M
𢁃	M
䴍	M
鸎	M
𡶀	M
𡾦	M
𡿘	M
譻	M
㞩	M
𡶗	M
㟭	M
崛	M
崫	M
𧸂	M
𩓔	M
𠬸	M
䝻	M
崌	M
𧹕	M
𡵗	M
嶎	M
𡸆	M
㟃	M
𡸤	M
𡺁	M
𡹲	M
𧶳	M
嶈	M
𡺨	M
䝪	M
𡼧	M
𡽈	M
𡷷	M
𡦯	M
𡾤	M
㠔	M
冎	M
剮	M
咼	M
䫚	M
過	M
旤	M
觊	M
𧶑	M
歄	M
𦛂	M
㽕	M
𡴰	M
𡾚	M
𡷞	M
𤆙	M
𢌞	M
㠄	M
嶍	M
𪌨	M
𡷕	M
𡷱	M
𡳧	M
𡾓	M
𡶋	M
嵺	M
賿	M
𡻪	M
𢄖	M
𡽢	M
𤱉	M
𧸭	M
㞾	M
𡽼	M
䝲	M
𡵸	M
𩓈	M
𣍸	M
㠚	M
𡽵	M
𧸅	M
嶪	M
嶫	M
𧸢	M
贌	M
𧸕	M
𡸱	M
𡼷	M
𤎚	M
𡽤	M
巆	M
嶗	M
嶸	M
𡹖	M
𤈹	M
賧	M
𧷼	M
𡼵	M
𧸍	M
𡶻	M
峵	M
𧸴	M
𡹠	M
𡻑	M
𡼌	M
𨝡	M
𡿂	M
𡾰	M
賩	M
𡸶	M
㓽	M
𪅁	M
𪉻	M
𡷗	M
𡼦	M
𡽆	M
𥜺	M
𧵤	M
𡺪	M
𡷎	M
𡹭	M
𧵴	M
𡺟	M
𡹦	M
㟰	M
賱	M
𡺠	M
㟦	M
𠢮	M
𡽅	M
𧷦	M
䝹	M
𡸥	M
𧴸	M
㟉	M
貯	M
𤱤	M
㟯	M
𡺀	M
𡿃	M
𡶮	M
𡾢	M
峖	M
𧵨	M
𧸿	M
𡹝	M
㟮	M
𡻜	M
𡼄	M
嵱	M
𡺴	M
𡼿	M
賝	M
𧸎	M
𧷉	M
𡸕	M
𡹗	M
𡾈	M
𧸺	M
岤	M
岮	M
𡽋	M
𤳨	M
𡽎	M
𡶷	M
崏	M
㞴	M
𧵄	M
嵥	M
𩙯	M
岻	M
貾	M
𡶟	M
觃	M
𡵙	M
岇	M
㟅	M
𧵮	M
嵏	M
嵕	M
𩙫	M
𡵺	M
𧵈	M
峗	M
峞	M
𧵥	M
𡶱	M
𧵧	M
𩙥	M
𡺝	M
𦊖	M
崤	M
𩙧	M
㟓	M
𧶖	M
嶦	M
贍	M
𧸸	M
𦊕	M
崅	M
嶰	M
𡽖	M
𡿑	M
𡷃	M
𩙭	M
𡷄	M
𦋱	M
𤱫	M
𦋇	M
𩙩	M
飐	M
𦋵	M
𣷛	M
賯	M
嶑	M
峋	M
𧵣	M
刿	M
𠟁	M
𦊣	M
𡱸	M
𡷂	M
䝭	M
𩙬	M
𡷭	M
𡸊	M
𡽡	M
𩙰	M
𡺎	M
𦍅	M
巉	M
飔	M
𡺌	M
𡻿	M
翙	M
𡶄	M
𧵢	M
飏	M
𡾮	M
𡿠	M
𦌓	M
𩙪	M
𡽀	M
𦊞	M
𦋄	M
𦋕	M
𦋖	M
𦋻	M
𦊟	M
𦋛	M
𦊶	M
𦍃	M
䍑	M
𦌜	M
䍞	M
𦉯	M
𦊍	M
𦊝	M
𦊩	M
𦌱	M
𦌳	M
𦍊	M
𠝾	M
𦋚	M
𦋧	M
𦋫	M
𦌝	M
𦌞	M
𦊪	M
𦋑	M
羀	M
飗	M
𡶬	M
𧵽	M
飑	M
𠃾	M
𦉸	M
𦉽	M
𦊠	M
𦋘	M
𦋙	M
𦋟	M
𦋮	M
𦊮	M
𦌨	M
𦌲	M
𦋗	M
𦊘	M
𦋬	M
𦌑	M
嵚	M
嶔	M
𡼲	M
𦋭	M
𦋼	M
𦌏	M
𦊡	M
𦋜	M
𦌐	M
𦌴	M
𧧧	M
𡾾	M
𩙦	M
𡹸	M
岉	M
𦊋	M
嶽	M
𡹥	M
𪈡	M
𦌼	M
䝧	M
飕	M
𡸞	M
𧶄	M
𩙨	M
𦌆	M
㰞	M
𦉮	M
𦊬	M
𩙮	M
嵧	M
㞮	M
𠙔	M
㟛	M
岅	M
販	M
𧵟	M
㟸	M
𧵬	M
𡶦	M
岴	M
崲	M
𨿻	M
𡺗	M
𡵜	M
𤰰	M
𡺙	M
㟫	M
𧵺	M
𡷠	M
𠙈	M
𡹢	M
𧸨	M
𡾛	M
㟴	M
𧷛	M
㠢	M
𡓮	M
𤮞	M
𡾵	M
𡿆	M
𧶇	M
𧸲	M
崥	M
𠕩	M
𠙤	M
嶊	M
𡽄	M
𡶜	M
嶘	M
嵿	M
𩒜	M
𡼟	M
㟽	M
㠒	M
𡼹	M
𡷾	M
𡽒	M
𤬾	M
𡺄	M
𡼬	M
嵖	M
贉	M
𡼒	M
㞹	M
𧵛	M
𡷻	M
𡷼	M
𡹟	M
㠨	M
𡿥	M
𡼨	M
𡹇	M
㟳	M
崊	M
𡽲	M
㟣	M
𡸻	M
崍	M
𧶛	M
嵀	M
𡶶	M
䝯	M
𡶊	M
𡾬	M
䞌	M
峯	M
峤	M
㠐	M
嶠	M
𩓵	M
𨕱	M
㞺	M
𡺏	M
岆	M
𡾫	M
𠙄	M
𧷊	M
崻	M
𡊽	M
𧶱	M
㞰	M
峼	M
𠘴	M
巑	M
𡿍	M
𧹏	M
㲘	M
𧷹	M
𨓒	M
𧶵	M
崜	M
𡺍	M
貹	M
𡹴	M
𡽪	M
䝫	M
岝	M
岞	M
𡻆	M
𡼗	M
𡻇	M
𠜿	M
𡽶	M
𡵫	M
嵲	M
𡺼	M
𡽁	M
𡽕	M
𧵉	M
䫹	M
𩗎	M
𩗑	M
𩘙	M
𩖴	M
𩗓	M
𩗜	M
𩘓	M
䬒	M
䬚	M
䬜	M
颰	M
颼	M
𩖢	M
𩖩	M
𩖵	M
𩖽	M
𩗥	M
颳	M
飇	M
𩖮	M
𩗭	M
𩘋	M
𩘑	M
𩙘	M
䬑	M
颩	M
颵	M
飂	M
𩗋	M
𩗖	M
𩗛	M
𩗼	M
𩘐	M
𩙇	M
𩙊	M
𩙢	M
䬛	M
䬞	M
𩖺	M
𩖾	M
𩗤	M
𩗫	M
𩗰	M
𩗶	M
𩗸	M
𩗿	M
𩘧	M
𩘭	M
𩘯	M
𩘱	M
𩘾	M
䬎	M
䬖	M
𩖜	M
𩗃	M
𩗽	M
𩙎	M
颴	M
颹	M
𡸉	M
𩖭	M
𩗲	M
𩗳	M
𩗴	M
𩘶	M
𩙖	M
風	M
飃	M
飉	M
𩖱	M
𩖻	M
𩗢	M
𩗣	M
𩗬	M
𩘘	M
𩘝	M
䫻	M
䬆	M
䬓	M
䬔	M
䬕	M
䬟	M
峲	M
颲	M
颾	M
飍	M
𩖼	M
𩗌	M
𩗝	M
𩗦	M
𩘀	M
𩘃	M
𩘊	M
𩘛	M
𩘤	M
𩘰	M
𩘳	M
𩘹	M
𩙚	M
𩙡	M
䫿	M
䬏	M
䬘	M
颭	M
颱	M
𩗇	M
𩗊	M
𩗨	M
𩗪	M
𩗵	M
𩘎	M
𩘜	M
𩘪	M
𩘻	M
𩘿	M
䬀	M
䬅	M
飀	M
飅	M
𩖙	M
𩗮	M
𩘆	M
𩙙	M
䬙	M
𩖞	M
𩖷	M
𩗗	M
𩘈	M
𩘺	M
䫽	M
䬍	M
颮	M
颸	M
𩖤	M
𩖦	M
𩖸	M
𩗍	M
𩗘	M
𩗷	M
𩘂	M
𩙑	M
䬉	M
颷	M
飈	M
𩖧	M
𩗐	M
𩗞	M
𩘌	M
𩘞	M
𩘲	M
𩘵	M
𩖳	M
𩘬	M
𩙋	M
䬈	M
𩖡	M
𩗈	M
𩗒	M
𩘖	M
𩙓	M
𩙗	M
颺	M
𩖨	M
𩗀	M
𩗙	M
𩗱	M
𩘗	M
𩗂	M
𩗆	M
𩗉	M
𩘏	M
𩘟	M
𩙆	M
𩙈	M
䫾	M
䬂	M
䬄	M
䬋	M
颬	M
飋	M
𩖝	M
𩖥	M
𩗚	M
𩘄	M
䬃	M
𩘥	M
𩘫	M
𩘼	M
䫸	M
䬐	M
𩖠	M
𩗅	M
𩘡	M
𩙠	M
䫼	M
䬊	M
䬝	M
颫	M
颶	M
𩖯	M
𩗄	M
䬁	M
𩖹	M
𩗁	M
𩙛	M
𡽜	M
𩖚	M
𩖛	M
𩖪	M
𩖫	M
𩖰	M
𩖶	M
𩗕	M
𩗾	M
𩘇	M
𩘉	M
𩘦	M
峉	M
峈	M
賂	M
𡻵	M
𡾆	M
賉	M
𡶯	M
𡼇	M
㠗	M
嶶	M
𧸮	M
𡺺	M
屹	M
嶓	M
𡺘	M
𧷂	M
貶	M
𡶉	M
㠟	M
𡻣	M
峩	M
𧶕	M
𡸇	M
𡽯	M
㠅	M
嵙	M
𡶞	M
峂	M
崣	M
𡹜	M
嵂	M
𡼸	M
嵷	M
嵸	M
𡼪	M
𡼺	M
𧶅	M
𤿏	M
䯖	M
𩐇	M
內	M
𨑧	M
㞥	M
𤣼	M
𧨣	M
賆	M
𧸉	M
𦡐	M
嵳	M
㟡	M
𡸩	M
㟄	M
𧷬	M
𠙌	M
𡻘	M
䞉	M
𡺹	M
巃	M
巄	M
贚	M
𡼥	M
𧸙	M
㞳	M
𡶡	M
𧴼	M
𦡏	M
嵄	M
𧶾	M
𧷶	M
㠈	M
㟱	M
㠖	M
嶬	M
𡾞	M
𧸡	M
𦡑	M
巙	M
𠕚	M
𠕬	M
𦡎	M
㠉	M
𡺞	M
𧸌	M
𡺈	M
𡼏	M
𡻨	M
𣎁	M
㟝	M
賠	M
嵜	M
﨑	M
𢌡	M
㟋	M
嶒	M
贈	M
𡼳	M
㠃	M
𡬼	M
𠠊	M
剛	M
岡	M
𠙘	M
𤭛	M
𨿺	M
𠕏	M
𠘵	M
崹	M
嵭	M
𡺃	M
𠣝	M
𡷑	M
峧	M
賋	M
𡼓	M
嶟	M
崷	M
𡺚	M
䞋	M
嵃	M
嵼	M
𧸜	M
𡶴	M
𦡓	M
𦡔	M
凲	M
嵰	M
賺	M
賹	M
𡺬	M
㒺	M
巕	M
𦁒	M
𡼢	M
𡸎	M
峎	M
𡷐	M
𡷙	M
峍	M
𡷏	M
𡺅	M
𡽫	M
㠘	M
嶼	M
㟬	M
𡻁	M
贐	M
㟤	M
𡸮	M
𧶬	M
𠛕	M
𡼣	M
𡻝	M
𧷣	M
岧	M
岹	M
𧵓	M
𡸟	M
崰	M
𡹙	M
𡸢	M
𡸣	M
㟒	M
峮	M
岃	M
屻	M
𡴿	M
𧴬	M
𠝀	M
𢌷	M
𢌺	M
𦌌	M
𡥐	M
𦊰	M
嵡	M
𡹳	M
𡻐	M
𧷜	M
𡷋	M
𡹀	M
𡵴	M
𧷃	M
𦊨	M
𠝦	M
䝩	M
𧹇	M
𦊱	M
賒	M
𡻰	M
𧶟	M
𦉿	M
崘	M
崙	M
𡹮	M
𧹊	M
峑	M
崄	M
𡸃	M
崳	M
𡼾	M
𧸤	M
峆	M
峇	M
嶖	M
𢿗	M
嶝	M
㒷	M
嶮	M
𡸴	M
𡽗	M
𡾴	M
𧸘	M
峜	M
𣥙	M
𧠓	M
峳	M
𡷉	M
𦋃	M
𦌎	M
𡵚	M
𡾍	M
岕	M
𦌯	M
㕯	M
冏	M
𦋀	M
𠜛	M
䢛	M
𠕨	M
𠉁	M
𪓙	M
𡮧	M
𡵠	M
𠕢	M
䞀	M
𡹵	M
𡸠	M
𦌍	M
巋	M
𡶫	M
嵨	M
𪈖	M
𡽷	M
𡿢	M
𡾹	M
嶭	M
𠕈	M
𦊦	M
𤑇	M
𣐷	M
𡵛	M
𦊹	M
𨕟	M
𡕦	M
𡶣	M
𡸂	M
賖	M
𡷣	M
𡸏	M
𦌘	M
𡻓	M
𡵳	M
𪅔	M
𦋔	M
𡻅	M
岎	M
𡺜	M
嶋	M
嶌	M
鳯	M
鵙	M
𩿬	M
𡾑	M
𦛶	M
𦝘	M
𨛇	M
𢼱	M
𢿁	M
𥀙	M
𦌤	M
𦚆	M
𦚒	M
𦞱	M
𦟖	M
𦟦	M
𦧘	M
㟇	M
𡬻	M
𡸄	M
𦚓	M
𦛷	M
𦡇	M
𡾺	M
𡺊	M
𡼀	M
𡼴	M
𦙢	M
𦜁	M
𦞊	M
𠕎	M
𠛧	M
𠝴	M
𡹒	M
峪	M
𦊭	M
𦛃	M
𦡛	M
𦉺	M
𦜽	M
𤌔	M
𦞘	M
𠒯	M
𡻏	M
𣂹	M
𦞉	M
𡽥	M
𦙧	M
𦡝	M
𡵝	M
𦘽	M
𦛅	M
𦜿	M
𧷚	M
𦘾	M
㟆	M
𥿟	M
𦋩	M
酅	M
𡥏	M
𨟎	M
岭	M
岺	M
𡾼	M
𡻎	M
𡺾	M
𡸌	M
𡹐	M
𡻡	M
𨿎	M
㔒	M
㟏	M
㟔	M
嵢	M
巂	M
賶	M
𧶗	M
䫈	M
嶲	M
嶺	M
𡼕	M
𡽹	M
岑	M
岒	M
𡶍	M
𡹓	M
𢚏	M
𣯯	M
𤮯	M
𤮰	M
𦊀	M
𪛂	M
䳥	M
䳽	M
嶕	M
嶣	M
𪁏	M
𪈥	M
𧢧	M
𩟜	M
㠍	M
㠎	M
𡷁	M
𡾧	M
𡸛	M
𡼽	M
𣢽	M
𡶹	M
𡹱	M
𡾪	M
𡾱	M
㟂	M
巓	M
𡻗	M
𡶒	M
岪	M
嵹	M
岰	M
𡵿	M
㟜	M
𡾒	M
㠜	M
𡾳	M
𡸅	M
𡾽	M
嵶	M
𡽰	M
𠙬	M
𡺖	M
𡺓	M
𡼠	M
𡿞	M
雘	M
𧶴	M
𡻠	M
𤳐	M
䵊	M
𡾇	M
𧸼	M
𡻙	M
𡻳	M
𡼁	M
䢷	M
𨙮	M
𡹕	M
𡿎	M
㠡	M
𡷮	M
𡸝	M
賍	M
𧦔	M
賘	M
䝬	M
𧸔	M
𨓹	M
𤿔	M
㠇	M
𡹞	M
䝶	M
𡹡	M
峕	M
𧸳	M
刐	M
𠂄	M
㠤	M
𧶆	M
𡻫	M
𡾝	M
𡾨	M
𡾘	M
𧹑	M
巐	M
𣪂	M
𡵕	M
嵪	M
貥	M
𡵻	M
𠘻	M
𧮣	M
𡺂	M
𡻮	M
𡸒	M
𡽟	M
𡽦	M
𧵾	M
𡹫	M
𡵀	M
𡶃	M
𡷢	M
𧷘	M
𡾌	M
𡵘	M
𢝯	M
𠕃	M
峐	M
賅	M
𡼂	M
𡸰	M
㠙	M
𨑙	M
嵉	M
𡺣	M
𧶺	M
𡵌	M
𡿣	M
㠧	M
𡿐	M
𡾉	M
𡻥	M
崺	M
𧷆	M
𡻬	M
𪚘	M
𧸖	M
㟍	M
崀	M
𡽉	M
㟾	M
𤰋	M
嵻	M
𡻚	M
嵣	M
崒	M
崪	M
賥	M
㥖	M
𡾶	M
鴅	M
𩾨	M
䝮	M
𡾭	M
㞡	N
恜	N
悈	N
𧖉	N
𧖏	N
㥾	N
𢢲	N
㥇	N
䎒	N
𥜹	N
𢜾	N
𣱈	N
𡱗	N
𢞇	N
𢟨	N
𢞻	N
㥱	N
𢜪	N
䪸	N
𢠷	N
愖	N
𢠹	N
㠱	N
㥍	N
愜	N
𣪵	N
𢛻	N
𨃨	N
𧎰	N
𧔡	N
𪄡	N
㤌	N
愅	N
𪓏	N
𢣏	N
㦐	N
𢜮	N
𨞵	N
𩜕	N
㦊	N
恇	N
𧶻	N
𢤺	N
𢙒	N
𤿕	N
慳	N
𪓍	N
懢	N
𢤞	N
𢠕	N
𢡡	N
𢥊	N
𧠠	N
㤉	N
𢣅	N
𢥉	N
𦖫	N
敯	N
慔	N
昬	N
𢠍	N
惜	N
刡	N
愺	N
蟁	N
𧒝	N
𧓹	N
𣊽	N
𩔉	N
𢢖	N
𪃯	N
𢾞	N
𧊈	N
愝	N
𣣤	N
𡲝	N
𩀃	N
惐	N
慬	N
𦑌	N
慪	N
懄	N
𢠦	N
𦒅	N
懽	N
𢥪	N
𡲢	N
㥸	N
𢞰	N
懜	N
懱	N
愥	N
𢝎	N
𡶘	N
𡸧	N
𢟈	N
𢣁	N
愩	N
慲	N
怇	N
怈	N
𦐕	N
屟	N
惵	N
䎀	N
怴	N
𢑰	N
懞	N
𢟡	N
㦅	N
憯	N
𢞧	N
憽	N
𢢩	N
𡲌	N
𦑄	N
𢞎	N
睯	N
暋	N
㟩	N
愍	N
𢤄	N
𢰞	N
敃	N
𢼷	N
𢤦	N
𢦂	N
𢗠	N
㦜	N
𢢮	N
臀	N
𩪡	N
壂	N
𢅝	N
𡱒	N
𢟉	N
𢞺	N
鴖	N
𢤼	N
𨓟	N
臋	N
𣣣	N
㤨	N
𤩱	N
𨾧	N
恾	N
𢟘	N
𢧎	N
懾	N
𢝞	N
𠟉	N
𠃨	N
𡱾	N
𢛏	N
憜	N
㦩	N
聼	N
𤳾	N
𢠣	N
𢢟	N
𢘨	N
𢞊	N
㥛	N
𢞳	N
𢛴	N
𢝿	N
𩣹	N
㤕	N
𠜾	N
𠡰	N
𩓦	N
𣮈	N
鶌	N
𣀋	N
𡥷	N
㤴	N
䎎	N
𢗵	N
𡰼	N
𡱷	N
𠖙	N
饏	N
㦕	N
𡲣	N
憨	N
𢦀	N
𢢊	N
𢤸	N
𢝠	N
忬	N
憰	N
𦒔	N
𢜸	N
𢘕	N
𢝽	N
𢤚	N
惙	N
𢠊	N
慘	N
𢡖	N
𡱑	N
悀	N
愑	N
𢠆	N
𢟒	N
怿	N
𢚜	N
𢝢	N
恈	N
𡱢	N
𢚝	N
𡱥	N
𦑁	N
𡰫	N
慅	N
㣾	N
𢞑	N
墯	N
𢣖	N
𦑑	N
𢤆	N
𢝉	N
𨛮	N
𡲗	N
翇	N
𦐓	N
𣤅	N
𢗞	N
𢘀	N
𦐌	N
𦐗	N
𢤡	N
𡲄	N
恹	N
㤢	N
懮	N
悵	N
𢜘	N
屒	N
𢛄	N
𢟹	N
𢣵	N
𢘪	N
㤒	N
㦋	N
恗	N
𡲃	N
憾	N
𢜩	N
𢙨	N
𢝇	N
𢝛	N
恠	N
𢗒	N
𢢰	N
䎚	N
懳	N
慽	N
𢥝	N
𢟩	N
𦒄	N
𢙩	N
𢟟	N
屝	N
悱	N
懨	N
𢟵	N
𢣀	N
㤿	N
𦑎	N
𢡅	N
㤑	N
𢠬	N
愐	N
愞	N
𢡼	N
𢗟	N
𢝶	N
㥧	N
䪱	N
頨	N
㤶	N
𦐟	N
𡰽	N
𡱄	N
𢚛	N
慡	N
㥳	N
㥓	N
㤽	N
𡲓	N
𢤩	N
𨶽	N
𢡇	N
㞠	N
憭	N
𢞷	N
𢜗	N
㥭	N
𢝣	N
𢤬	N
鶋	N
𢠅	N
悏	N
翜	N
𢟠	N
𨾑	N
𢣝	N
𢘙	N
𡳥	N
𢣃	N
㤜	N
䎉	N
忲	N
𢗆	N
懚	N
𢘩	N
𡲐	N
𢢽	N
㥊	N
𢚵	N
𢝾	N
愋	N
𦑛	N
𢚃	N
怚	N
𢚆	N
𢣜	N
𢝼	N
𢥚	N
𤔼	N
𢜻	N
𦏲	N
㥅	N
𨒢	N
懓	N
愮	N
㥒	N
慆	N
𢚶	N
慀	N
㞘	N
𦐅	N
忣	N
𦐏	N
𢥻	N
懴	N
憤	N
𡲷	N
𨙺	N
屆	N
𢣒	N
厾	N
𡰸	N
𡱅	N
㤼	N
㥺	N
恸	N
𡱓	N
𢝍	N
㥘	N
忮	N
忶	N
怯	N
翄	N
𩡵	N
𢤟	N
懦	N
𩑓	N
𩑧	N
𡱕	N
㤬	N
𤚌	N
㞑	N
憢	N
𦒏	N
𦒒	N
𢡜	N
𢤓	N
㥀	N
丮	N
𨑽	N
𧠍	N
𢤋	N
叞	N
褽	N
𧛽	N
尉	N
𣂊	N
犚	N
𨄯	N
𠃥	N
螱	N
𠝑	N
𧕈	N
𩡛	N
熨	N
𩻍	N
𢲴	N
𠝋	N
㞗	N
㤹	N
怽	N
𡱔	N
𢢅	N
𢞡	N
蝨	N
𢠥	N
𢣴	N
𧈲	N
憉	N
懛	N
恄	N
憘	N
𢥎	N
𢜳	N
㦭	N
𦏻	N
𨜈	N
𤿿	N
懤	N
𢗃	N
𨔚	N
𢙺	N
𤈫	N
𧜷	N
㷉	N
𢟬	N
懗	N
㤸	N
悖	N
𨒈	N
懥	N
㦉	N
忨	N
𢞄	N
䣝	N
㥩	N
愭	N
𦑥	N
𢟾	N
鷵	N
恅	N
悻	N
𢠁	N
𨜉	N
𡚽	N
𡳋	N
𢡚	N
懎	N
𢤠	N
鳵	N
𢤢	N
㥄	N
𢗲	N
𨾐	N
𢩗	N
𢙱	N
𡱯	N
忳	N
𨜘	N
𦢡	N
恎	N
剭	N
𪃮	N
𦐧	N
𢡄	N
𢚺	N
悿	N
𢞋	N
𢡊	N
䎔	N
愽	N
𦑖	N
𦑊	N
𦑷	N
䎍	N
悑	N
𦒊	N
𢖳	N
𦏴	N
𨚑	N
𢝒	N
𢠟	N
恆	N
𡱻	N
𢛟	N
𡵽	N
𢗔	N
𢗙	N
㥼	N
𢗄	N
𢚬	N
怌	N
㤳	N
𢝙	N
𥁝	N
𣯰	N
慱	N
𢡤	N
𡱌	N
𢘆	N
𢡍	N
𢛔	N
𢥱	N
𦑾	N
憓	N
𦒎	N
𢙾	N
𢁎	N
𣱇	N
孠	N
𠭈	N
悟	N
𡲻	N
𢜝	N
𢢺	N
悚	N
愊	N
𦑞	N
懒	N
懶	N
𡲦	N
㤦	N
覗	N
𢠂	N
㤱	N
䛐	N
𢛯	N
𢙖	N
𢞸	N
𦑐	N
𢗶	N
㤄	N
㞖	N
𢙀	N
慒	N
𢢻	N
𨓠	N
怲	N
𡱆	N
𢥬	N
㥽	N
𨳈	N
𠒅	N
𡰴	N
㤡	N
𡱂	N
𢟏	N
𢰨	N
慠	N
屍	N
𢗚	N
𢟐	N
𢗿	N
𨞈	N
𢛢	N
𢞹	N
𦐜	N
𢙼	N
𢜀	N
𦑈	N
𦑯	N
悽	N
𣪫	N
𡳘	N
𩾗	N
𢣚	N
𦒤	N
𨾆	N
𢝂	N
𢗝	N
恞	N
𡱐	N
懅	N
憈	N
𠚞	N
𡳆	N
㦆	N
臦	N
臩	N
𡳬	N
𢢛	N
𢥈	N
𢣧	N
𢣿	N
燛	N
𢜜	N
𢟶	N
郿	N
𥀘	N
𢂭	N
𡰵	N
叏	N
収	N
怶	N
翍	N
𢻰	N
㢡	N
㸜	N
弉	N
戕	N
𢍿	N
𤖆	N
𠨡	N
𤕮	N
𤕴	N
𤖌	N
𤕭	N
𤕱	N
𤕳	N
𤕵	N
𤖜	N
𩡽	N
奘	N
奬	N
牂	N
狀	N
獎	N
𡘾	N
𤕼	N
𤖏	N
𤖤	N
𤞛	N
𤟌	N
𤟒	N
爿	N
裝	N
𤖐	N
𧢼	N
𩝫	N
𩞟	N
墏	N
壯	N
將	N
𡑶	N
𤕸	N
𤕿	N
𤖁	N
𤖃	N
醬	N
𤕬	N
𤕲	N
𤖍	N
𤖕	N
𤖚	N
𤖛	N
𤖥	N
𨟻	N
𨡓	N
牅	N
𤖀	N
𤖋	N
𤖗	N
𤖢	N
𤴠	N
𧽩	N
𨄚	N
𩱑	N
漿	N
𤕯	N
𤕹	N
𤖂	N
𤖅	N
𤖉	N
𤖡	N
螿	N
𤖄	N
𧌜	N
㸛	N
牁	N
牄	N
牆	N
𤕻	N
𤖠	N
𤖣	N
𤖧	N
𤖙	N
𨌄	N
𨡰	N
𤖓	N
𤖘	N
𩑠	N
䵼	N
𤕰	N
𤖎	N
䊢	N
焋	N
𤍵	N
𤕽	N
𩿄	N
銺	N
𤕷	N
𤖊	N
𨫥	N
斨	N
𢪇	N
槳	N
牀	N
牃	N
𤖇	N
𤖒	N
𤖔	N
𤖞	N
𤖟	N
妝	N
娤	N
𡞓	N
𤕶	N
𤖈	N
𤖖	N
𤖦	N
𦝍	N
𤕾	N
𤖑	N
𤖝	N
叚	N
𢻀	N
𢼖	N
𧛣	N
𡂶	N
𧎂	N
𠦁	N
䫗	N
𢝅	N
𣮫	N
𣮱	N
𢙧	N
㰺	N
𠙿	N
𡥆	N
𠀌	N
疎	N
戄	N
𡳿	N
𧠣	N
懼	N
𢛼	N
𣆁	N
疍	N
悼	N
𢍴	N
郼	N
韕	N
𩎝	N
𩎸	N
𩎺	N
䪗	N
䪝	N
韍	N
𢾁	N
𣪡	N
𨜢	N
𩎢	N
𩎶	N
𩏃	N
𩏅	N
𩏇	N
𩏐	N
𩏔	N
𩏳	N
𩏺	N
𡱇	N
𩎓	N
𩎧	N
𩎪	N
𩎻	N
韒	N
韔	N
韛	N
𩎤	N
𩏕	N
䪙	N
韚	N
韝	N
韟	N
韠	N
韡	N
𩎒	N
𩎠	N
𩏂	N
𩏎	N
𩏟	N
𩏤	N
𩏥	N
𩏪	N
𩏯	N
𩏵	N
䪒	N
怗	N
𩎜	N
𩎨	N
𩎹	N
𩏆	N
𩏊	N
𩏭	N
䪘	N
韋	N
𩏋	N
𩎟	N
𩎩	N
𩎯	N
𩎴	N
𩏏	N
𩏖	N
𩏞	N
韣	N
𩎛	N
𩎽	N
𩎿	N
𩏍	N
𩘚	N
䪓	N
韐	N
𩎣	N
𩎬	N
𩏒	N
𩏫	N
䪛	N
韗	N
韞	N
𩏄	N
𩏛	N
韥	N
𩏡	N
𩏱	N
䪚	N
韢	N
𢛈	N
𦑻	N
𩎖	N
𩎘	N
𩎾	N
𩏌	N
𩏬	N
𩏲	N
䪕	N
𩎭	N
𩎷	N
𩏢	N
𩏦	N
𩏰	N
違	N
𨔻	N
𩎔	N
𩎦	N
𩎰	N
𩏀	N
𩏈	N
韎	N
韖	N
韘	N
𩎫	N
𩏁	N
𩏙	N
𩏮	N
䪐	N
䪖	N
韤	N
𢾝	N
𩎙	N
𩏠	N
韜	N
𩏚	N
𩏝	N
䪏	N
𩎗	N
𩎱	N
𩏩	N
䪑	N
𩎥	N
𩎼	N
䪔	N
䪜	N
韌	N
𩎕	N
𩎚	N
𩏘	N
𩏨	N
㿿	N
𠠳	N
𢟧	N
𢢙	N
𪓓	N
𡶕	N
𢍀	N
㠯	N
𤟶	N
𩝵	N
𡖈	N
𡳻	N
𠁲	N
𤬴	N
𥋜	N
𡱦	N
𥌏	N
𧰍	N
𢤯	N
𠙝	N
悓	N
𤙘	N
𣮮	N
𦎨	N
舝	N
𤛉	N
𧕱	N
𠚨	N
𥊟	N
𨘇	N
𢮟	N
鶥	N
𪀑	N
𠁫	N
𢚉	N
𥌙	N
𡲬	N
𪙌	N
屑	N
𢚽	N
𢽜	N
𢡾	N
𡲘	N
𡱳	N
𢟗	N
䎓	N
𣀻	N
劚	N
屬	N
𢞮	N
𪈺	N
斸	N
𣀼	N
𣥀	N
𢠵	N
𦒚	N
𡲶	N
𨙈	N
憆	N
𨓪	N
𢤗	N
戃	N
悩	N
𡳏	N
恌	N
𡱘	N
𡱜	N
㓾	N
遲	N
𠃣	N
𢜫	N
𡱤	N
𣭼	N
𢝚	N
𢽷	N
𨐛	N
𢟖	N
𡝼	N
𨖔	N
𡱧	N
𡲺	N
𩛻	N
𡲩	N
懪	N
𤌮	N
𢥑	N
𢢇	N
𢥟	N
𢢳	N
𢛡	N
𢜠	N
悝	N
𢚹	N
㥂	N
惿	N
翨	N
𦑧	N
愓	N
𤧤	N
丱	N
𢝌	N
𢘊	N
𠇿	N
愰	N
𢛽	N
𢥞	N
𧒢	N
𢦃	N
愠	N
𢢔	N
㦙	N
𢥶	N
𢡎	N
㥥	N
𢞠	N
𦑼	N
愒	N
𡱿	N
𢢚	N
㤤	N
𡱼	N
惈	N
𢛿	N
𢙃	N
𦐪	N
䎈	N
𢘽	N
惃	N
𢚕	N
㥗	N
𠡿	N
𢜱	N
𩒫	N
悁	N
𣰝	N
𨐧	N
𡲠	N
悮	N
悜	N
屢	N
慺	N
翀	N
𧿃	N
𢝈	N
愦	N
憒	N
㥙	N
䎌	N
𢥇	N
憚	N
𢙈	N
𢙲	N
𢠮	N
𦒇	N
懆	N
㦍	N
𢥴	N
屌	N
𨕮	N
𦡍	N
愪	N
𡲇	N
𦑰	N
悞	N
𤆨	N
怳	N
𡱶	N
𨐢	N
孹	N
𠮃	N
礕	N
臂	N
襞	N
𧲜	N
壁	N
䴙	N
𤩹	N
幦	N
躄	N
𣦢	N
𤴣	N
㵨	N
繴	N
𨐨	N
𨐴	N
憵	N
甓	N
𨐽	N
糪	N
鷿	N
鸊	N
𩼢	N
䢃	N
鐾	N
𠒱	N
𣩩	N
擘	N
檗	N
劈	N
嬖	N
鼊	N
𨐯	N
𦡜	N
𢐦	N
璧	N
譬	N
𠙮	N
𠙱	N
𨐬	N
𩁊	N
𢚻	N
怾	N
𦐖	N
𡲍	N
𡳄	N
慖	N
𨙒	N
𦒖	N
𢤛	N
𢤇	N
𢛅	N
𢞴	N
𢙫	N
㥜	N
㥵	N
𡳰	N
懌	N
𡳫	N
𢠪	N
𢟑	N
𣰢	N
𢡀	N
愄	N
懁	N
𦒠	N
𦑶	N
恛	N
𢝟	N
愶	N
恊	N
𩖈	N
𢠼	N
𢛥	N
愢	N
慩	N
翴	N
𢢗	N
𡲖	N
𢟿	N
慚	N
𢣥	N
𢛾	N
𢛕	N
慍	N
𢘄	N
㦬	N
㦒	N
憹	N
𢢪	N
㥏	N
㱼	N
𢗎	N
惴	N
𢣨	N
怏	N
愲	N
𢘏	N
𢚼	N
𦐘	N
𢚇	N
𪓦	N
𢙜	N
𢙙	N
愷	N
𡳂	N
㕞	N
𢼞	N
𡰯	N
𨒝	N
𢚭	N
惻	N
𢢥	N
𢠎	N
𢢄	N
𢝸	N
𢣄	N
𣪍	N
𩪔	N
屭	N
𢠄	N
𢡦	N
𢢯	N
𢞁	N
𢢋	N
𢜟	N
㤯	N
𢥘	N
𢤮	N
𢙿	N
𡱎	N
慛	N
𢗉	N
𢣆	N
忛	N
𠭵	N
𣪐	N
𠃬	N
𡮸	N
𡮭	N
惽	N
𢌴	N
怋	N
選	N
𢁉	N
𢢁	N
𨛑	N
㦑	N
𡰻	N
𢘎	N
𠭝	N
𨛄	N
𡱪	N
𢠢	N
𢁌	N
𢁅	N
𠁁	N
㓸	N
𢘜	N
巳	N
尸	N
巺	N
𡲆	N
𢘦	N
𢝄	N
㥠	N
𢙳	N
愇	N
屫	N
𠄑	N
𠃜	N
𡱙	N
𡲿	N
𢞜	N
𠃮	N
𡱊	N
𢦇	N
𪓩	N
𩓛	N
𪁵	N
𥁥	N
𡳚	N
𦐯	N
乚	N
乛	N
𠃌	N
⺄	N
𠃊	N
𠃋	N
𠃑	N
𠄌	N
𠄎	N
𡿨	N
𠬫	N
𡬞	N
繠	N
已	N
𢎙	N
𧡸	N
橤	N
𢣳	N
惢	N
𢗂	N
㦏	N
𢚁	N
𨑐	N
慴	N
𢖮	N
怭	N
𢚲	N
𡰳	N
𢙑	N
𦐭	N
𡰺	N
憀	N
𡳇	N
𢟺	N
鵋	N
𢘧	N
𢣷	N
𦐍	N
𦁞	N
㥡	N
𠁾	N
𢗜	N
𡳁	N
𡳛	N
㦠	N
𢥓	N
𢢜	N
𤂞	N
𢟷	N
𦑫	N
𥻫	N
𢚪	N
𡳈	N
𢣙	N
𢣶	N
𡲴	N
𢤨	N
𢥏	N
憦	N
𡳉	N
惔	N
𨕄	N
𢞞	N
憐	N
𡳞	N
㥪	N
𡳵	N
𦧃	N
㦪	N
𢥥	N
𦒨	N
屪	N
𢞐	N
㦥	N
𢙐	N
𢜿	N
𢠠	N
𢚍	N
悰	N
𢟭	N
𢢈	N
愃	N
𢛸	N
𦑿	N
𢠲	N
𢣐	N
𢠭	N
𦐲	N
慏	N
𢟫	N
𢞏	N
惲	N
𦑩	N
翚	N
翬	N
𢗑	N
悺	N
𢠋	N
懧	N
𢜶	N
𢠡	N
惋	N
𢘚	N
𢚄	N
㤖	N
𢚗	N
㤞	N
愘	N
𢟓	N
𢤪	N
悾	N
𡲀	N
𢝀	N
𢞲	N
𢢒	N
𢥼	N
屄	N
𢣼	N
愹	N
㤾	N
𢛙	N
𢞕	N
𢙔	N
惛	N
忯	N
𦐊	N
𢞼	N
怟	N
𦐠	N
忷	N
𢗮	N
𢗾	N
㥮	N
惾	N
翪	N
𢙚	N
𢗕	N
恑	N
𢛠	N
恡	N
𢜴	N
𦑚	N
𢛘	N
悕	N
𢙵	N
㦓	N
憺	N
𢗛	N
𢟙	N
𢘝	N
惸	N
𢠽	N
𦐥	N
𢞛	N
𡥯	N
𡱈	N
怐	N
翑	N
𢙛	N
悗	N
𢥋	N
𠠷	N
愌	N
𢚾	N
𡱃	N
𢡓	N
䎂	N
怉	N
𦐙	N
𢜁	N
𢥌	N
𢣌	N
㥌	N
𢠐	N
恟	N
㞔	N
𣤪	N
㤊	N
恀	N
𢝻	N
𢥅	N
愡	N
𡱽	N
𢗘	N
𢟌	N
𢘹	N
𢚯	N
𢙹	N
𣁭	N
𢗋	N
𢣩	N
㤘	N
惂	N
𢛵	N
𢢴	N
𣢂	N
㰝	N
忺	N
𣢁	N
𣢇	N
鸤	N
𢝁	N
𦑟	N
懰	N
𢞓	N
㣿	N
𣄹	N
㦻	N
㤆	N
𢝺	N
翫	N
惶	N
𦑠	N
㤧	N
㥴	N
𧢇	N
𡱖	N
𢝓	N
𦐣	N
憮	N
飁	N
𦒆	N
愾	N
𢡨	N
𢚋	N
𢛺	N
𦑀	N
惞	N
𣣁	N
𣤊	N
懫	N
𡲎	N
𢛞	N
𣯮	N
𢟝	N
𪄶	N
怢	N
翐	N
𩀦	N
憿	N
𢘛	N
𡳨	N
𡲅	N
𡲙	N
慓	N
𢢼	N
㤓	N
憛	N
𡳟	N
𢘟	N
𢥳	N
𢝴	N
憟	N
㦗	N
𢟼	N
惏	N
慄	N
𡳯	N
𡳷	N
𢞅	N
𢛒	N
𢜞	N
𢗢	N
𢘸	N
𦐒	N
𢥸	N
屜	N
𢖲	N
屧	N
𦛫	N
邲	N
𠨍	N
𠨘	N
𠚊	N
𢘬	N
𡱣	N
𢂟	N
𡲲	N
𡳌	N
𠬞	N
𡲁	N
𢚮	N
𡳸	N
𡱁	N
㤭	N
憍	N
𢛍	N
𦒓	N
𡲔	N
𥎲	N
㦀	N
𢤝	N
𣤻	N
㤇	N
𢝹	N
𡲾	N
𦐩	N
𡳊	N
𣍁	N
屘	N
𡥸	N
𡦥	N
𡱬	N
𡲪	N
𡳀	N
𡳒	N
𡳜	N
𤳰	N
屐	N
𡲋	N
𡲨	N
𡳃	N
𡳺	N
𥖑	N
𡳕	N
𡲊	N
𡳔	N
屗	N
屛	N
𡊭	N
𡱭	N
𡳝	N
𢡩	N
𡲤	N
𡲥	N
𢗖	N
𢝤	N
𥜀	N
𦅴	N
𦘧	N
㤚	N
忏	N
忤	N
𠧮	N
𡲫	N
㞙	N
𡱵	N
𡲧	N
𡳓	N
㦧	N
𡲉	N
𡳩	N
𡳳	N
悎	N
𡳎	N
𠡨	N
㦫	N
毣	N
𡳗	N
𡳦	N
𢗳	N
𡲸	N
𤉂	N
𤌨	N
𥹹	N
𪑐	N
慥	N
𦐿	N
𨘘	N
𢙝	N
𨤔	N
𢽙	N
㞚	N
𦑣	N
𡲼	N
𣣑	N
𡲭	N
𡳖	N
𡳹	N
𡲈	N
𡳪	N
𡳱	N
𡳲	N
𢛉	N
𢝆	N
憡	N
𢜼	N
慟	N
𡳮	N
𢣤	N
𢜢	N
㞒	N
𦤋	N
𢡋	N
𢙆	N
屣	N
𢟎	N
𢣦	N
𢜥	N
𢚀	N
覕	N
𡲽	N
𢣔	N
𡰹	N
𢝥	N
𨤩	N
悧	N
𠛡	N
𪄰	N
慯	N
愎	N
𡲕	N
𠰣	N
恪	N
𦐦	N
㔉	N
𢠑	N
𪅱	N
𣃁	N
屨	N
𥁑	N
憁	N
𢠧	N
𡲮	N
𢞗	N
𦐷	N
𡶇	N
恦	N
𢖾	N
𪂨	N
𣪃	N
忔	N
𡰾	N
𢚓	N
𢚢	N
𨤏	N
憣	N
屦	N
𡲹	N
𨒜	N
㞏	N
𧸈	N
𡱺	N
𣢠	N
𤽣	N
𡱫	N
𢗈	N
𡱱	N
𢞖	N
𡲟	N
𡲛	N
𧍦	N
屩	N
𡳐	N
㞜	N
𢥣	N
𢤣	N
𢥕	N
𢥆	N
𢟊	N
㤏	N
㦢	N
𠨞	N
𢛊	N
𡳑	N
㞞	N
𢠰	N
鴓	N
𡲰	N
𡱹	N
𠬳	N
𦛬	N
㞛	N
𡲏	N
𢠨	N
𢛛	N
𢗺	N
𣁉	N
恲	N
𠝭	N
𢡠	N
𤭸	N
𨔧	N
𡳙	N
𡱞	N
𦒁	N
惓	N
𢥂	N
羼	N
懩	N
慻	N
𢟱	N
𠠮	N
𡱝	N
𢢆	N
𢛗	N
遅	N
买	N
𢤱	N
憪	N
𢢝	N
㥞	N
𢟰	N
怑	N
𢗸	N
𡰷	N
𢡞	N
㦨	N
𢟞	N
𢟣	N
㦈	N
𢣂	N
𢤻	N
憧	N
愔	N
𢢀	N
慞	N
𠞂	N
𢣛	N
𢦅	N
憶	N
𢤤	N
𢛹	N
𢣇	N
𢟦	N
㥉	N
𠁨	N
𢣻	N
層	N
𦒗	N
𢛎	N
𢠳	N
𦒐	N
𢡝	N
𠃡	N
𠃧	N
㦖	N
𢛰	N
𢢏	N
遟	N
㥬	N
𡳠	N
𢢾	N
𢙊	N
恔	N
𢤜	N
㞟	N
𢢕	N
㥢	N
𡲚	N
𢡿	N
愱	N
𢞆	N
㦃	N
飛	N
飝	N
𠃺	N
𢝵	N
𩙻	N
𨕗	N
𢞵	N
𩙺	N
𩙱	N
翣	N
𢜡	N
㦦	N
懻	N
𨐾	N
憫	N
憳	N
𢝘	N
𡱟	N
𡲒	N
𡳅	N
𢜲	N
怓	N
𢝧	N
𢟔	N
㦎	N
𢟸	N
忰	N
𢘶	N
翆	N
𢌤	N
懙	N
㥰	N
𢣺	N
𡱴	N
𢠻	N
㥆	N
䎑	N
𢞦	N
𢘾	N
𢞙	N
𦒦	N
𢙉	N
𢚰	N
𡲑	N
惱	N
𢣈	N
𢤳	N
𩿮	N
𢚌	N
㥚	N
𢡉	N
㞍	N
𢚴	N
㣼	N
𢘐	N
慃	N
𢛌	N
恱	N
𢚔	N
鄝	N
𪙇	N
㞕	N
𡭁	N
鹨	N
𢒥	N
剹	N
𠃰	N
𩘷	N
勠	N
𥂔	N
顟	N
鷚	N
𪇯	N
䢧	N
𧢋	N
翏	N
𡠢	N
雡	N
𡬘	N
𢤾	N
𢙓	N
𢥯	N
𢤫	N
憏	N
𢥡	N
𢞌	N
𢣹	N
𢤽	N
㤔	N
惀	N
𢜰	N
𢜽	N
恮	N
懀	N
恰	N
𦐬	N
𢠏	N
𥂨	N
𢗴	N
𢡁	N
憕	N
憸	N
𠞨	N
𠢜	N
刔	N
忦	N
𢠉	N
悅	N
𦏶	N
翭	N
𢜵	N
𦐋	N
𩘸	N
𠢯	N
𢗅	N
𢞬	N
𢟋	N
𨑣	N
恘	N
𡱚	N
㤛	N
𤯖	N
𡰿	N
𡕡	N
悇	N
𠔨	N
𢞂	N
𢠈	N
㤋	N
翂	N
䲩	N
翵	N
鳲	N
𩾠	N
𢙬	N
𡲜	N
𢜭	N
𡲯	N
𡲱	N
𢙋	N
𢚂	N
懺	N
𡳡	N
𢡽	N
𡱲	N
𡲵	N
鴂	N
𨾕	N
𢠺	N
戳	N
𨞩	N
㪬	N
䎆	N
怜	N
愯	N
𢢬	N
𢥠	N
𢥵	N
𨾈	N
䬤	N
翟	N
𢜐	N
𦑏	N
𨾋	N
㤷	N
愴	N
懏	N
忴	N
惗	N
憔	N
鸐	N
𩀲	N
䢰	N
𣤩	N
𢦄	N
𩁙	N
𢞃	N
𦒛	N
㥝	N
𢠌	N
𣙰	N
𢘌	N
𢥾	N
㥟	N
𡊴	N
𢢂	N
慣	N
𢞶	N
𢘃	N
𢡌	N
𢘘	N
愼	N
𡱏	N
㞓	N
恉	N
怮	N
𢟕	N
𨜹	N
𧞐	N
𦒞	N
𩔡	N
𢘒	N
迡	N
𡳍	N
𣢞	N
㦡	N
𢾂	N
𣐉	N
𡳭	N
懝	N
𢠤	N
愵	N
𡲳	N
䲿	N
悂	N
𢗽	N
𢣎	N
𢝷	N
𢡧	N
𢦈	N
惤	N
𢜬	N
𢥢	N
𢠫	N
懭	N
𢟢	N
惇	N
𢚙	N
悙	N
𡰰	N
憞	N
㥔	N
㤝	N
𢛐	N
𢡐	N
𢜙	N
𪂗	N
𢙇	N
𢜺	N
𡳢	N
𡳤	N
𢥃	N
𢙪	N
𢣸	N
𣥉	N
忄	N
忭	N
憱	N
惊	N
翞	N
𢤈	N
㥫	N
懠	N
懹	N
悋	N
懐	N
懷	N
憻	N
𡱮	N
懍	N
𢘥	N
翯	N
𢞟	N
忼	N
𧴾	N
惼	N
𦑮	N
𦐀	N
悷	N
𢟚	N
怺	N
忙	N
𢚚	N
𢢘	N
𢥐	N
㤺	N
𢗼	N
𢥄	N
𢙗	N
㤥	N
𡱍	N
㦇	N
𢛷	N
𢙕	N
𢝋	N
𢝜	N
𠑻	N
𢡏	N
𢣊	N
𡱛	N
懡	N
戂	N
𢣾	N
𢠩	N
𢣗	N
𢝡	N
𢠇	N
𢠿	N
𨐫	N
𠛾	N
悢	N
𢠯	N
慵	N
𢡒	N
𢥖	N
悴	N
翠	N
𠀳	N
𢛨	N
𢟴	N
𢟳	N
慉	N
𢜚	N
怰	N
𢢓	N
𢤭	N
烒	O
𤍞	O
𥹨	O
𤈪	O
𤎐	O
𤐒	O
𤓆	O
𤐌	O
𣀱	O
𤏱	O
𤋿	O
𤉻	O
𤋼	O
煁	O
糂	O
𤎣	O
燍	O
𥼤	O
𤇽	O
粸	O
𤊄	O
糤	O
𣀰	O
𤊞	O
㶰	O
粓	O
煂	O
𤏸	O
𤐩	O
𤉫	O
燁	O
𤒬	O
𤇤	O
𤋲	O
熞	O
烥	O
㷹	O
爁	O
糮	O
𤐤	O
爦	O
𤑸	O
𤆹	O
㶹	O
㷬	O
糢	O
𡓧	O
焟	O
𥺮	O
爡	O
𤌸	O
𤓦	O
𤑮	O
𥼧	O
𥼢	O
䊪	O
燤	O
𤑆	O
𤊨	O
熰	O
𤏘	O
𤒶	O
熯	O
爟	O
𤓌	O
𤋙	O
𩱵	O
𤌚	O
𤑞	O
𥽘	O
𩱸	O
䊔	O
煐	O
𤐾	O
䊣	O
焫	O
熿	O
䊟	O
熕	O
糚	O
粔	O
𥹑	O
㮡	O
煠	O
𥻈	O
炼	O
𤒽	O
𤒑	O
𥺫	O
䢠	O
𥼓	O
熸	O
糣	O
燪	O
烵	O
𤈝	O
糒	O
𤏑	O
𤑢	O
𤓂	O
𤑫	O
爤	O
糷	O
𤒈	O
𥽫	O
𥽼	O
𤑳	O
𤎻	O
𤆻	O
𤓝	O
𤋶	O
𤐰	O
𥻎	O
𥼉	O
𤊍	O
爑	O
𥻹	O
烡	O
粪	O
𤊈	O
𥺯	O
𤒷	O
糀	O
粠	O
𤓈	O
𤊊	O
㸎	O
𥹗	O
𤏌	O
𤇶	O
𥺬	O
炪	O
𤆺	O
𥺡	O
𤌅	O
𤏢	O
𤒤	O
𤑿	O
𥹇	O
㶦	O
𨛂	O
燏	O
𤊂	O
煣	O
糝	O
𤍜	O
𤏟	O
𤌧	O
㷁	O
熥	O
𤌶	O
𤇂	O
𥺸	O
炲	O
𥹋	O
㷘	O
𤌐	O
𤇖	O
𥹼	O
㶼	O
焌	O
糔	O
𤌃	O
𤋨	O
𤊠	O
爄	O
糲	O
炦	O
𤆠	O
𥹔	O
𤑭	O
𡔇	O
類	O
𩔖	O
𤇃	O
𤊖	O
烠	O
煳	O
𤐟	O
𥽟	O
㷃	O
粻	O
煃	O
𤍇	O
𥻽	O
𤐉	O
𥽇	O
煘	O
𤇳	O
𥻇	O
𤈊	O
𤊴	O
𤋸	O
炐	O
𤏦	O
𤑡	O
𤏆	O
𤌤	O
𥼀	O
𤒛	O
𤈞	O
𥹯	O
㷞	O
𤋓	O
𤊬	O
𥺘	O
糎	O
粨	O
㷈	O
𥼞	O
𥽑	O
𥼠	O
𤌕	O
𤈸	O
煗	O
糆	O
𥻟	O
𨆜	O
粫	O
糥	O
𤏙	O
𦓒	O
𤌢	O
煩	O
頪	O
𤇉	O
𥼵	O
𥸯	O
𤇦	O
𣫿	O
烣	O
㷧	O
𥺿	O
𥺅	O
爏	O
𢾗	O
燎	O
𤌥	O
𥺭	O
𤐗	O
𤋷	O
𤊡	O
𤏚	O
𤇭	O
粀	O
粏	O
烰	O
粰	O
焩	O
𤉒	O
煖	O
𥹽	O
𤇙	O
𤇅	O
𥺎	O
㷔	O
𤓡	O
𤋠	O
𤊚	O
𤌁	O
𤊐	O
燰	O
𪛑	O
熎	O
𤊕	O
㽔	O
𤎶	O
𤌯	O
熖	O
𥺲	O
𤌵	O
𤌳	O
𥻺	O
𤆣	O
𤍬	O
燌	O
焼	O
𥽛	O
𢍨	O
熆	O
𥸳	O
𥹓	O
𥽯	O
㷯	O
燸	O
𩒪	O
𤎃	O
𤋑	O
𤏎	O
烓	O
𤌷	O
𤒋	O
燒	O
𥹩	O
𤊫	O
𤊧	O
𥸰	O
𤏉	O
𤌭	O
𥻪	O
𥜛	O
𤇋	O
煹	O
𥻰	O
𥻔	O
𤍯	O
𤐇	O
𤐽	O
𤈄	O
熺	O
糦	O
𤐵	O
爧	O
𥾂	O
𤐝	O
䊖	O
煵	O
䊭	O
燽	O
𤐭	O
𤆏	O
𥺃	O
爀	O
𧺄	O
焃	O
㶿	O
𥹸	O
𤌫	O
𤌘	O
𥻨	O
𤊹	O
𤍗	O
䊦	O
𤏈	O
𤐊	O
𤉗	O
𥺄	O
𤐡	O
𤐢	O
𤌄	O
𥹬	O
𤒠	O
粩	O
燵	O
𤎒	O
𥽣	O
燯	O
𥼸	O
𤏖	O
㸇	O
𤎺	O
𤊥	O
𥺙	O
㸌	O
𤆮	O
𥽥	O
𥽮	O
𤆧	O
𤏾	O
𥸶	O
炖	O
𥸵	O
𥹻	O
𤈜	O
𤋖	O
㶺	O
煿	O
糐	O
𧓔	O
𪇒	O
𥼼	O
䊇	O
烳	O
炡	O
𥺼	O
𥸴	O
𥼳	O
𤎄	O
𥼲	O
𤇨	O
𥹂	O
𥺖	O
炋	O
䊜	O
𤍿	O
烜	O
𥹚	O
𤓗	O
𥽾	O
𤌓	O
𤉁	O
𤌦	O
𥻥	O
𥹵	O
𤊶	O
𥻃	O
煏	O
𥻅	O
㸊	O
𤈆	O
𥺉	O
𥺗	O
𤐀	O
煉	O
𥻂	O
𥼦	O
𤉑	O
䊂	O
㷮	O
糟	O
𢝦	O
𥼥	O
𥾀	O
𥽒	O
𤑣	O
𥹘	O
𤈃	O
𥼃	O
𤬬	O
𪅒	O
𤈘	O
𤍅	O
𤓇	O
㶬	O
粖	O
𪓎	O
鄴	O
𨞊	O
叢	O
黻	O
𣪲	O
𣪻	O
𣫞	O
𣫩	O
丵	O
對	O
𡭊	O
𪓌	O
𪓐	O
𢄁	O
𤇊	O
𥹒	O
黹	O
𠟪	O
𡁨	O
𩕟	O
㲫	O
懟	O
𠄅	O
䴆	O
糳	O
鸈	O
𤎀	O
𥽦	O
𥽿	O
𩼸	O
𪓋	O
𨖐	O
𨗩	O
𨘗	O
鑿	O
𨮝	O
𨯳	O
𪎲	O
𣀅	O
𪎇	O
黺	O
𦦹	O
㱉	O
業	O
菐	O
黼	O
𧮙	O
烴	O
𥽲	O
𤐨	O
𤰐	O
彂	O
𤍊	O
𤈙	O
㸍	O
㷾	O
爐	O
爈	O
𥽜	O
𤆝	O
𥹖	O
𤋀	O
𥺾	O
𤎠	O
爠	O
𥺱	O
𥹴	O
𥻠	O
炶	O
𤎆	O
𤓠	O
𥾁	O
𤋺	O
𤐘	O
𤋛	O
𤐣	O
爘	O
䙺	O
粯	O
燦	O
𥽆	O
𤐓	O
𤎛	O
焇	O
𥹶	O
𤒴	O
𤒚	O
䊑	O
𤏮	O
𤊀	O
糛	O
𤎌	O
𥼽	O
爣	O
𥽻	O
𤋩	O
烑	O
𤈛	O
𤓛	O
𤋻	O
𥼔	O
粆	O
𤍃	O
𤇻	O
𥹥	O
熦	O
熚	O
爗	O
𤒃	O
𤒹	O
𤉊	O
𤐲	O
𤌱	O
熶	O
𤑥	O
𤋪	O
𤒁	O
𤒺	O
𤓊	O
𤍴	O
焨	O
𤊉	O
𥻵	O
粴	O
𤑻	O
𤊪	O
㷸	O
糧	O
𤇁	O
𤊢	O
𤌰	O
𤎲	O
炟	O
䊓	O
煶	O
煬	O
糃	O
𤊻	O
𤑼	O
熀	O
焻	O
爞	O
䊡	O
煴	O
𤉆	O
𤈋	O
㷒	O
𥻑	O
𤌙	O
㷎	O
𥻉	O
焬	O
㷄	O
粿	O
𥺰	O
焺	O
煋	O
𤊋	O
燳	O
𤒫	O
𤈑	O
𤐴	O
𥹞	O
䊐	O
焜	O
𤓢	O
𧚵	O
燝	O
𤋉	O
𨚊	O
焆	O
𥺆	O
熡	O
𤍷	O
𥻍	O
𤌻	O
𤏳	O
𥼩	O
𩕈	O
𤈵	O
𤒌	O
燀	O
焒	O
𥼐	O
煰	O
𤉈	O
𤍲	O
𥼾	O
㶽	O
熉	O
𤈶	O
𥻱	O
𥻯	O
𤉇	O
𥺳	O
炾	O
𤉚	O
𥺏	O
𥺐	O
𥻢	O
𥺓	O
𣀲	O
𤎍	O
熼	O
糞	O
𤍚	O
𤈬	O
𥹉	O
䊫	O
𤏏	O
𤏵	O
𥽉	O
𤊎	O
煾	O
𥻜	O
煟	O
燡	O
爅	O
𤌒	O
𥼶	O
𥽞	O
糬	O
㷵	O
𥼯	O
糫	O
糰	O
𤌗	O
𤍆	O
熁	O
㶸	O
燲	O
𤇆	O
𤋘	O
𥻏	O
𥼑	O
燭	O
𤐋	O
𥝄	O
𤍖	O
𥼏	O
𥻸	O
焑	O
𥽙	O
𥺛	O
𥼟	O
𤎏	O
𤇎	O
𤋽	O
熅	O
𤍶	O
𤌖	O
𤓓	O
𥽺	O
燶	O
粬	O
𥹣	O
𥽈	O
𥺵	O
炈	O
𤆳	O
𤊤	O
煓	O
𥻁	O
炴	O
䊘	O
𥹤	O
𥺝	O
𥸻	O
䊃	O
烔	O
粡	O
𥺒	O
𤈡	O
𤍈	O
𥻶	O
熴	O
粣	O
𤇒	O
𤋫	O
𤋬	O
煱	O
𤐜	O
㷨	O
煈	O
𥺺	O
焵	O
焹	O
烱	O
𥺂	O
㶧	O
熣	O
𥼂	O
烿	O
𤍉	O
𤆘	O
𤇜	O
煀	O
𥺷	O
𤎋	O
𤉸	O
𥸸	O
𤊛	O
𥺣	O
炄	O
粈	O
𤆾	O
籸	O
𤌆	O
煆	O
𤆿	O
𤊳	O
䊋	O
煝	O
𥻡	O
煒	O
𩏶	O
𩏷	O
𩏸	O
糏	O
爥	O
𥽩	O
𤆽	O
𤐙	O
𤒩	O
𤈓	O
焗	O
㷷	O
𥻐	O
𤑱	O
熠	O
炀	O
𣒓	O
𥺶	O
䊊	O
𤈦	O
𤇩	O
𥹅	O
𤋊	O
熤	O
熮	O
䊮	O
燿	O
𥹆	O
粎	O
𤐞	O
𤊼	O
𤎫	O
𤐥	O
𨖉	O
㷥	O
糭	O
𩧔	O
𤏃	O
顃	O
𩖋	O
𩖖	O
𥻾	O
𢻑	O
烾	O
𥹿	O
𥚡	O
𥻕	O
𤑋	O
爜	O
𤎊	O
𤒳	O
㸁	O
𤌜	O
𤓧	O
𥼜	O
敥	O
煔	O
覢	O
𤐔	O
𨞴	O
𤋍	O
𩗹	O
𤈺	O
㷀	O
𥺇	O
㥕	O
𨞇	O
𤓔	O
𩉅	O
𤍢	O
𤐪	O
飊	O
𠟡	O
𧄣	O
𠢸	O
𤏪	O
𤑝	O
㲭	O
燚	O
𨗄	O
燊	O
爃	O
𤒇	O
焱	O
𤌟	O
𥼬	O
歘	O
㷋	O
䊏	O
𤑚	O
𤐻	O
𤇾	O
𡦃	O
𦖽	O
䃕	O
𤌡	O
膋	O
褮	O
塋	O
煢	O
𣂈	O
醟	O
𤯵	O
䁝	O
犖	O
𢄋	O
滎	O
禜	O
縈	O
䪯	O
螢	O
𠠜	O
𤌌	O
營	O
𡀸	O
𤍔	O
𤒨	O
㽦	O
勞	O
𠣁	O
𤐕	O
𨍶	O
嵤	O
焭	O
罃	O
䎕	O
憥	O
甇	O
𢥒	O
𤐼	O
熒	O
鶯	O
𤐺	O
覮	O
鎣	O
榮	O
檾	O
𤎤	O
𥣻	O
䝁	O
𤍩	O
嫈	O
𡠺	O
𦟴	O
瑩	O
謍	O
𠙦	O
𤍧	O
𤬐	O
𤑲	O
𨞧	O
𦫟	O
𨧿	O
㷠	O
燐	O
𤌠	O
𥼭	O
𩕶	O
𦒪	O
𦧿	O
䢯	O
𣃌	O
𤏞	O
𤏭	O
欻	O
𣓳	O
𦧡	O
𤍀	O
㲜	O
𢽻	O
𤋏	O
𠠓	O
鶑	O
𪂈	O
𨟏	O
𤎭	O
顲	O
𤒀	O
𤑓	O
𤈻	O
爎	O
𩔢	O
𤊃	O
𥺥	O
䝉	O
㶶	O
糘	O
粽	O
𤉳	O
𥹳	O
𤈁	O
𤯼	O
𤊟	O
𤑺	O
𤑧	O
熐	O
𥻩	O
熍	O
煇	O
𤇛	O
𤆤	O
𨕜	O
焥	O
𥺹	O
㶩	O
𤉍	O
𤆼	O
𥹍	O
䊉	O
烢	O
𥻞	O
𥽴	O
𥻮	O
𤇼	O
焢	O
㷝	O
𥺍	O
𥽕	O
𥼍	O
𤉾	O
焪	O
𤌍	O
炨	O
𥹈	O
𤍄	O
𤐠	O
粼	O
鄰	O
𨞁	O
𤡩	O
𦧾	O
粦	O
𥹮	O
㔂	O
焝	O
𩕔	O
䉻	O
亃	O
甐	O
翷	O
𠄈	O
𡰚	O
𢠴	O
𥼨	O
𪆞	O
䚏	O
斴	O
𤌴	O
𢿻	O
𥻘	O
𥻋	O
𣁣	O
𥸾	O
煼	O
糉	O
𥻤	O
𤉶	O
燃	O
𥼡	O
𤐐	O
𤐃	O
𧣌	O
焔	O
𡦐	O
㶷	O
𤈎	O
䊅	O
𤑑	O
𤒰	O
𤎈	O
煥	O
𤆡	O
𤑟	O
粷	O
𥻒	O
𤈤	O
𥼫	O
㶴	O
𤇔	O
𥸼	O
𥹠	O
㷓	O
粅	O
𤆞	O
䊛	O
㶯	O
𤆥	O
𡓢	O
𤌀	O
𤐑	O
䶴	O
𥸷	O
熘	O
𥺕	O
炍	O
粄	O
𥻷	O
𥻣	O
𤋡	O
䊗	O
𤑁	O
𤈐	O
㷻	O
𥼣	O
𤈒	O
𥸽	O
熂	O
𢜦	O
𤌋	O
焮	O
𥺈	O
焷	O
粺	O
𤏔	O
𤊵	O
𤈥	O
燩	O
𤇚	O
𤍭	O
𤋹	O
𩓮	O
㷑	O
煙	O
𥻛	O
熛	O
㶱	O
𨟽	O
烞	O
𥻗	O
䊤	O
燂	O
炣	O
𤌪	O
𤒊	O
𤓄	O
𥽢	O
𤓭	O
爩	O
𥺚	O
𥽶	O
𤓣	O
𤐖	O
𥽍	O
𤏗	O
𤊩	O
𤌣	O
𢰣	O
炢	O
𤆭	O
𤇺	O
𥹪	O
灹	O
籷	O
𤆚	O
炧	O
粚	O
𤒘	O
𥽪	O
𤈏	O
𥹾	O
燆	O
𥼱	O
熢	O
𤒟	O
烐	O
㸆	O
𤋵	O
烆	O
粁	O
焅	O
𥺊	O
𤓎	O
𥽷	O
粍	O
烶	O
䊁	O
烍	O
𤊿	O
煄	O
𥻝	O
𤇣	O
𤊔	O
㷲	O
𤭰	O
燻	O
爋	O
𤑕	O
𤑛	O
𤒪	O
糗	O
𥹁	O
𤌼	O
糌	O
𥻀	O
熄	O
𥸺	O
烻	O
𤓋	O
𥼺	O
𥽃	O
𤋭	O
𤋟	O
𤍸	O
烅	O
𥺢	O
熜	O
𤎑	O
𤈧	O
𢄞	O
𤈍	O
𥹝	O
𤏓	O
𥸱	O
𪚯	O
𪚱	O
𤑈	O
𧷍	O
𤒅	O
炿	O
籺	O
𢝲	O
𢞽	O
𥽊	O
䊩	O
䊝	O
𤎕	O
煍	O
𥼄	O
𤇮	O
𤏨	O
𤑬	O
熪	O
𢱀	O
𥼕	O
䉿	O
𤓃	O
炵	O
㸅	O
𤉦	O
𤏫	O
𤈯	O
𤍡	O
𤏧	O
䊴	O
𥼖	O
䊈	O
烸	O
𤐎	O
熾	O
𤎬	O
䊎	O
𤉼	O
𤏲	O
㷽	O
𤑷	O
𤏽	O
烪	O
爖	O
燗	O
㷙	O
糋	O
𤐄	O
𤓁	O
煫	O
𥻖	O
𤍛	O
烂	O
䉽	O
炓	O
𥹎	O
𥼎	O
𥻙	O
㷣	O
爛	O
𤎔	O
𥽭	O
糕	O
𤓚	O
燨	O
爔	O
燑	O
𤋾	O
𤏐	O
𥻚	O
𥼴	O
𤍤	O
燱	O
𤒻	O
糡	O
𤐚	O
𤓙	O
𥹲	O
熷	O
䊞	O
𤉤	O
𤑦	O
𤏰	O
燜	O
𤏻	O
㸉	O
𥻭	O
𥻓	O
𥼻	O
爓	O
烄	O
𥹜	O
𥽅	O
燇	O
煪	O
𤌿	O
𤒄	O
𥽌	O
熑	O
𥻧	O
𤐹	O
熌	O
𤇄	O
𤊷	O
𥺩	O
焍	O
𥺀	O
𤍏	O
𤐛	O
燘	O
燬	O
燖	O
𩔗	O
𥼹	O
㷐	O
粋	O
𤈠	O
𥹧	O
䊥	O
熽	O
䊕	O
煡	O
𤌂	O
𤌛	O
燼	O
𥼙	O
粶	O
𤍒	O
炤	O
𥹙	O
𢠒	O
𤉣	O
爉	O
𤇱	O
𤎞	O
𥺑	O
㷌	O
𤊓	O
𡢏	O
𥹰	O
𡢐	O
𡦤	O
𤐆	O
𤉙	O
𤊲	O
𢖖	O
𥽎	O
𤉃	O
籾	O
𥼇	O
𥼈	O
焧	O
𤌏	O
炂	O
𤇪	O
𤒎	O
𤇧	O
𤒾	O
𤑉	O
𤑍	O
𥹃	O
㷍	O
爚	O
𤍼	O
𤐯	O
𥺽	O
烇	O
𤈷	O
燴	O
糩	O
𤑯	O
𤓀	O
烚	O
粭	O
熻	O
𤒦	O
燈	O
𥼰	O
㷿	O
𥽋	O
炌	O
㷆	O
熓	O
𥻼	O
㷟	O
䊚	O
𤍝	O
𤏥	O
烌	O
𤉔	O
𥺌	O
𡙢	O
𧏟	O
𩔫	O
㥹	O
𤆶	O
䲴	O
𪀿	O
𤉛	O
䊱	O
𤒯	O
𤎳	O
𥼪	O
焀	O
𤈰	O
𤍺	O
炛	O
𤏋	O
𤆢	O
𤆷	O
炩	O
𥹕	O
𥻬	O
𥼝	O
㷪	O
䊒	O
焳	O
𤏬	O
熗	O
𥻲	O
𤎱	O
焾	O
𥺴	O
燋	O
𥼚	O
𣤹	O
𥽁	O
𥼗	O
𤊺	O
𤎽	O
𥽵	O
𤒔	O
𤊒	O
粌	O
纇	O
颣	O
炥	O
𤎙	O
䊧	O
𤏯	O
㶭	O
𥹱	O
𥻻	O
𥼮	O
𤋢	O
𥽔	O
爍	O
𥽗	O
𤉝	O
𤍑	O
糑	O
𤇹	O
粃	O
𥽖	O
煯	O
𥻄	O
𥼘	O
𥾃	O
𥽄	O
𤓩	O
𥽸	O
熫	O
𥼌	O
䊯	O
爌	O
𤍪	O
㷰	O
𥻿	O
焞	O
𤈽	O
𤏂	O
燉	O
焴	O
𥺞	O
𩱙	O
𥹷	O
𤉬	O
𥺨	O
𩔬	O
𥺪	O
粧	O
𤊭	O
䊰	O
𥺁	O
𥺦	O
炞	O
𤉮	O
𤑴	O
𤒲	O
㸄	O
爙	O
𥽬	O
𥼷	O
燷	O
燣	O
㸀	O
熇	O
粇	O
燺	O
煸	O
糄	O
熩	O
𤍦	O
𤐷	O
煽	O
爊	O
𤓍	O
粐	O
𥽝	O
烗	O
熝	O
麊	O
𤏶	O
𤊰	O
㷜	O
𩙜	O
㽊	O
𤮶	O
爕	O
夑	O
𣀢	O
𣁧	O
𤐶	O
煷	O
㷚	O
𥼊	O
𤏣	O
𥽓	O
䊳	O
𤓒	O
𥽨	O
𥽰	O
𤎎	O
𤉜	O
𤊦	O
燫	O
𤑙	O
𤍎	O
烺	O
𤎜	O
糠	O
𤎖	O
𤒱	O
煻	O
糖	O
焿	O
𥺧	O
𤋋	O
焠	O
𤉪	O
焲	O
𥼁	O
䊌	O
𤍣	O
𤒢	O
𡫙	P
𡫟	P
𡔂	P
𡫳	P
𡫼	P
𢤑	P
𢥛	P
𢥜	P
𡫮	P
𡪈	P
𠖉	P
𡨏	P
𡪤	P
𡪨	P
宧	P
寛	P
寬	P
㝜	P
冪	P
𡫌	P
𡪫	P
𨜱	P
𢾒	P
𩟸	P
𡧱	P
𡩾	P
𪃜	P
𧶼	P
𡧢	P
𡫜	P
𡪅	P
𨝢	P
㝡	P
冣	P
𡩊	P
㝮	P
𡧨	P
𡦂	P
𠖛	P
𡪉	P
𡪬	P
㝫	P
𡫾	P
𡧖	P
𠖎	P
𡨤	P
𡩿	P
𠼆	P
𡪧	P
𡧕	P
𡪚	P
𡨬	P
𩲛	P
𡧷	P
𧔂	P
宻	P
𪄋	P
𪆕	P
翝	P
𧡃	P
𡪱	P
𡨮	P
宥	P
𠖅	P
宸	P
㪡	P
㲅	P
𢻜	P
㝣	P
𩏓	P
割	P
𧒡	P
豁	P
𡫲	P
𠢆	P
𢞩	P
鶷	P
𡫴	P
𡮞	P
寷	P
㝬	P
𣣶	P
𦢽	P
𡫢	P
𡨰	P
𡨵	P
𡫗	P
𡧣	P
𡧶	P
𡨴	P
𪅢	P
寕	P
𠖧	P
𠖪	P
𡩂	P
𡧊	P
𡫱	P
𡧞	P
宬	P
𠖏	P
𡫯	P
𠠙	P
𡩯	P
𡨨	P
𡪐	P
𡫰	P
𪀱	P
実	P
𥒳	P
𡧿	P
𡨻	P
𩔧	P
𡩍	P
𡑫	P
𨛯	P
𡩶	P
冝	P
𡬐	P
𣦍	P
𩓧	P
𡨋	P
𡩴	P
寀	P
寪	P
𡩹	P
𡩝	P
冡	P
𡧩	P
𡪩	P
𡪡	P
𡧃	P
𠖩	P
𡬅	P
𡪍	P
𡩖	P
𡩮	P
𡩼	P
寘	P
𠖕	P
𡩰	P
𨛱	P
崈	P
賨	P
𧹆	P
鶎	P
𠖀	P
𡨃	P
𡫶	P
寋	P
騫	P
骞	P
𡫪	P
褰	P
𦞫	P
㝤	P
塞	P
䞿	P
蹇	P
𢄏	P
𥈽	P
䗙	P
宑	P
𠹟	P
賽	P
赛	P
𡺶	P
㥶	P
𡩱	P
𢞝	P
鶱	P
𨙇	P
搴	P
寨	P
𡬜	P
𡨄	P
弿	P
謇	P
㝨	P
𡨌	P
𧵿	P
𡧈	P
𠖁	P
𡪌	P
𡨁	P
𡨊	P
䢘	P
𡩡	P
𡨹	P
𠕻	P
冦	P
寇	P
𠖝	P
𠖨	P
𢒎	P
冠	P
𠖈	P
𠜍	P
𧶉	P
𠖤	P
鵍	P
𡫅	P
𤍘	P
𪑪	P
𠖞	P
𡨥	P
𢽉	P
㓂	P
宼	P
𡧪	P
宯	P
𡨳	P
𡪰	P
𡬁	P
𡫓	P
𡫭	P
㝪	P
𡫑	P
𡫆	P
𨔎	P
𦥉	P
𧠽	P
𠕹	P
𡨒	P
寈	P
𣍟	P
𡧘	P
𡫣	P
𡨲	P
𧙶	P
㝞	P
䢓	P
㝙	P
𡧡	P
顁	P
𡪛	P
𧶎	P
𩕽	P
𡧍	P
𡧎	P
㝟	P
𩴱	P
賓	P
顮	P
䎙	P
𣰨	P
𪇕	P
䚔	P
䨈	P
𩤡	P
𤠊	P
𡩦	P
𡪏	P
𠝳	P
𩘒	P
寭	P
翧	P
䳦	P
𧡢	P
𩀈	P
𡨂	P
𡩪	P
𡬂	P
冨	P
𠖍	P
𪆠	P
𧯜	P
𠔸	P
𡩐	P
𡩜	P
憲	P
戭	P
𡨈	P
㪦	P
㝍	P
𡧗	P
𤬦	P
𡬀	P
𠕶	P
𡧂	P
𡧉	P
𡨓	P
𡪪	P
寳	P
𡫷	P
𡧤	P
𣑄	P
𡧒	P
𡧴	P
寚	P
寶	P
𡩧	P
䴐	P
𡫿	P
𠖔	P
𡩵	P
𡩅	P
寁	P
𨖋	P
𨘄	P
𡨔	P
𥋩	P
𡧆	P
𡩟	P
𡬏	P
𦙎	P
𨭧	P
𡕹	P
𡫁	P
𡧯	P
𠖚	P
𠖣	P
𡪝	P
寊	P
宐	P
𧖅	P
鼏	P
𪔃	P
𡩇	P
𢚞	P
𢜇	P
𡩈	P
𡪦	P
𡪜	P
宨	P
𡨽	P
寖	P
𡫏	P
𡩻	P
𡩳	P
𠖇	P
寔	P
𡨕	P
𧔃	P
䥌	P
𡪾	P
䴁	P
𡨶	P
𡩷	P
鄍	P
䒌	P
𤣘	P
𧔲	P
䫤	P
覭	P
㝠	P
鼆	P
𡪻	P
𠖆	P
𡧮	P
宺	P
寠	P
𡫞	P
𡪲	P
𡧥	P
𨜳	P
𢾮	P
𣪯	P
𡪑	P
𠖐	P
宲	P
宮	P
𡪭	P
鄆	P
顐	P
𡩑	P
𡫤	P
𡩲	P
𡫖	P
皸	P
𧡡	P
𢧰	P
𠖓	P
𩙵	P
運	P
𣣞	P
𩠫	P
鶤	P
𡪊	P
𡫋	P
𡧔	P
䢆	P
䢇	P
𩑜	P
𡦿	P
𡧹	P
𠖄	P
𤬽	P
𢼀	P
𡪒	P
𡧚	P
𡬔	P
𨒆	P
𠖒	P
鴧	P
𦘫	P
𢼐	P
𠕵	P
𡬆	P
𡫉	P
𡪯	P
㝕	P
𡫍	P
𡨢	P
𡨪	P
𩕋	P
𪆢	P
𡬕	P
𡩃	P
𡩺	P
𨜌	P
寢	P
𡫒	P
𡫺	P
𡬓	P
𡬊	P
𡩽	P
𡩏	P
𡬮	P
㝲	P
𡪷	P
𡫔	P
𡫧	P
𡬌	P
寐	P
𡬄	P
𡬇	P
𡬙	P
寤	P
𡩩	P
𡪁	P
𡪗	P
𡬋	P
𡬑	P
悹	P
㝥	P
𡪘	P
𡪶	P
𡬍	P
𡬖	P
逭	P
㝱	P
寱	P
𡬒	P
𨐝	P
𡫽	P
寎	P
𡪥	P
寣	P
㝭	P
𡩉	P
𧒧	P
𡪕	P
𡫃	P
寍	P
𡧾	P
𡩬	P
寜	P
𧕝	P
𡫸	P
𩕳	P
㲰	P
𡫇	P
鸋	P
寧	P
𡬗	P
𩁔	P
𡩋	P
𪇧	P
𡧝	P
𧢘	P
賔	P
𡨅	P
𡨑	P
𩈰	P
寗	P
䁇	P
蜜	P
𧓫	P
䀄	P
𡪖	P
𧶡	P
𢛬	P
𪂁	P
𪅮	P
𡫨	P
宓	P
𡩎	P
𡫹	P
𡪆	P
𡪟	P
𡬛	P
𡪹	P
𡧐	P
𡨉	P
𢾐	P
𠝬	P
𣮸	P
叜	P
𡨎	P
𡨐	P
𢻟	P
𡨼	P
𡨝	P
𡨫	P
𠖌	P
𡨩	P
𡩣	P
𩈱	P
𡫦	P
鹓	P
邥	P
䗕	P
剜	P
𥰷	P
惌	P
䵫	P
鵷	P
𩸪	P
𪂦	P
𢮘	P
𧯳	P
𡪮	P
𡧭	P
𨑈	P
䪴	P
𡧑	P
𠖑	P
𡪀	P
瓭	P
𡨍	P
𡪵	P
𢻼	P
沊	P
𣍍	P
𠛌	P
𥧄	P
𡩄	P
𡨚	P
寃	P
𠠹	P
㱽	P
寏	P
𡨡	P
𡧬	P
𢗐	P
𤇵	P
𨑻	P
𡨆	P
𩵫	P
㝖	P
𡪋	P
𣢌	P
𤫯	P
𡧙	P
𢼈	P
𧦱	P
𡧧	P
𩕥	P
鴆	P
䧵	P
𥨯	P
㝌	P
𡨗	P
寙	P
𡧻	P
𩧷	P
𩝩	P
𡩒	P
𣋀	P
𡫡	P
𪁔	P
𧡧	P
𩝓	P
𡧰	P
𡫎	P
冟	P
𡨇	P
𡫀	P
𡫝	P
䫅	P
𡫈	P
𡨾	P
𡫚	P
𥛛	P
𠖟	P
𡪄	P
𤎟	P
𡧲	P
㿾	P
𧵒	P
𢚠	P
𡨸	P
𡨺	P
𤏷	P
𤑖	P
𪒍	P
𡪎	P
㝝	P
冧	P
𣒐	P
𡫊	P
𡨭	P
𡪇	P
𪀥	P
𡨛	P
㝯	P
𡪽	P
宎	P
𡧦	P
𨝃	P
𡨟	P
𡪓	P
宒	P
𡪣	P
𨖄	P
𡬃	P
𡨷	P
𡫬	P
𡫛	P
㝚	P
𡪳	P
㝰	P
𡪂	P
𡨖	P
𡩓	P
𢾏	P
𩤩	P
𩳼	P
𡪞	P
𡫥	P
𡬚	P
額	P
额	P
愙	P
𡩸	P
𪃭	P
𣣟	P
㝢	P
𡨘	P
𠖊	P
𡪿	P
𡧸	P
𡨿	P
𡪃	P
𣠒	P
𡩨	P
㔤	P
審	P
𡫘	P
𡩭	P
𧺁	P
覾	P
宷	P
𡨣	P
𠖢	P
𡫠	P
𠕳	P
䙁	P
裓	P
𧙢	P
襼	P
𧞤	P
䘬	P
𧜆	P
䙩	P
𧛇	P
𧜶	P
𧘍	P
𧜵	P
𧝫	P
襽	P
襺	P
𧛊	P
𧝆	P
䙔	P
𧙅	P
𧚑	P
𧛩	P
𧛭	P
襤	P
𧞔	P
𧟋	P
𧜙	P
袣	P
𧝶	P
𧟆	P
䙦	P
𧝤	P
褋	P
𧝵	P
襪	P
𧘪	P
𧝠	P
𧞀	P
𧞫	P
褗	P
褀	P
𧛠	P
𧝒	P
𧞨	P
䘝	P
䙮	P
襔	P
䘶	P
襵	P
𧚥	P
𧝍	P
𧝯	P
𧙫	P
𧛘	P
𧘈	P
袦	P
衪	P
𧚊	P
𧜱	P
𧟁	P
裰	P
襂	P
𧚔	P
𧙔	P
𧜄	P
䘞	P
𧚴	P
𧝃	P
𧞞	P
褬	P
𧚉	P
褦	P
𧜗	P
袏	P
袸	P
袚	P
䙇	P
裶	P
褉	P
𧞣	P
䙃	P
裖	P
𧛞	P
褥	P
𧘬	P
袥	P
𧙖	P
䙯	P
𧙛	P
𧙼	P
𧞝	P
𧞿	P
𧝜	P
袹	P
袻	P
襫	P
裿	P
𧙗	P
𧝭	P
袴	P
裺	P
𡬎	P
𧛍	P
𧞰	P
䘠	P
䙘	P
𧙠	P
𧛡	P
𡗺	P
𧜧	P
䙠	P
裌	P
𧘓	P
𧘵	P
𧘹	P
𧞵	P
𧜋	P
褑	P
𧚯	P
䙎	P
寵	P
𠖥	P
䙀	P
袓	P
𡬈	P
𧘌	P
𧞎	P
𧞇	P
𡩙	P
衱	P
𧙒	P
𧜒	P
𧚆	P
䙥	P
衼	P
袪	P
褤	P
袿	P
褠	P
𧞬	P
衦	P
袆	P
褂	P
𧙕	P
𧛻	P
褚	P
襦	P
袺	P
𧛷	P
𧛾	P
襩	P
襭	P
𧟅	P
𧟎	P
𧘚	P
𧙲	P
𧞅	P
襓	P
𧜴	P
裬	P
𧚶	P
衭	P
襶	P
𧜖	P
𧟙	P
褹	P
𧜿	P
𧞛	P
𧚂	P
䙣	P
𧛔	P
𧞲	P
裱	P
𧘾	P
𧚫	P
𧟘	P
䘭	P
䙏	P
衧	P
𧙧	P
𧘢	P
𧙸	P
𧝿	P
𧞁	P
䙊	P
䙐	P
𧘔	P
𧘟	P
𧘿	P
𧚨	P
襋	P
𧙞	P
𧚏	P
褿	P
𧙷	P
𧟐	P
𧟔	P
𧟚	P
褔	P
襀	P
襰	P
𧝝	P
𧘸	P
𧝄	P
𧞳	P
𧟜	P
𧜦	P
𨗗	P
襧	P
𧜩	P
𧛢	P
裋	P
褄	P
𧘒	P
𧙣	P
襹	P
𧘛	P
補	P
裲	P
被	P
褃	P
𧜺	P
𧝲	P
𧘕	P
𧘲	P
𧝔	P
裃	P
𧚺	P
𧝴	P
袩	P
裭	P
𧛓	P
䘣	P
𧞩	P
䘯	P
褝	P
𧛆	P
襠	P
𧜎	P
𧘡	P
裆	P
襊	P
𧜞	P
䙨	P
裡	P
襅	P
𡩘	P
衵	P
袒	P
裫	P
𧛟	P
褆	P
𧛕	P
襮	P
裮	P
褞	P
褴	P
𠖫	P
褐	P
褟	P
𧟊	P
裼	P
裸	P
𧝽	P
裩	P
𧙟	P
𧙽	P
𧟀	P
裐	P
襌	P
衶	P
𧚖	P
䙌	P
䙡	P
𧜘	P
𧞸	P
襙	P
𧟓	P
褸	P
𧙋	P
䙓	P
裀	P
𧛂	P
𧞾	P
𧛚	P
襗	P
𧟕	P
䘥	P
䙟	P
襡	P
𡪠	P
𧞭	P
𧝂	P
𧙊	P
𧝁	P
𧟍	P
褳	P
裍	P
𧛃	P
𧝀	P
襬	P
𧟌	P
𣪮	P
𧘣	P
𧘺	P
𧛎	P
䘧	P
䙖	P
襛	P
𧚸	P
𧜓	P
衻	P
袡	P
䘜	P
𧙱	P
褍	P
裯	P
𧙥	P
𧟃	P
䘛	P
𧚗	P
䙤	P
𧙤	P
䙬	P
衲	P
袇	P
裾	P
𧜔	P
𧘥	P
𧛐	P
𧜾	P
䙍	P
䙙	P
褘	P
𧛰	P
䙱	P
𧙈	P
䘿	P
𧚈	P
𧚟	P
𧜐	P
𧞘	P
𧞽	P
褶	P
袐	P
𧛺	P
𧞃	P
襈	P
䘦	P
袯	P
𧜭	P
𧞑	P
襨	P
𧝉	P
裧	P
𤌊	P
襆	P
𤇷	P
𧚬	P
䘼	P
𧝱	P
𧜮	P
𧟑	P
𧛗	P
𧞼	P
䙋	P
䘺	P
䙭	P
𧞍	P
褣	P
𧛪	P
𧜅	P
裈	P
褌	P
䘾	P
衴	P
𧙇	P
𧚁	P
䘢	P
𧜀	P
袕	P
袉	P
衹	P
𧘤	P
𧜁	P
𧟝	P
襐	P
𧜹	P
䘳	P
𧚓	P
𧞊	P
䘩	P
袧	P
𧞟	P
裪	P
𧛤	P
𧝮	P
𧝌	P
𧞦	P
袳	P
𧚇	P
𧛝	P
𧛸	P
㝔	P
袀	P
𧚧	P
袛	P
襜	P
𧘑	P
袙	P
䙉	P
𧘻	P
𧚜	P
𧜑	P
袾	P
𧚳	P
𧙺	P
褫	P
𧜃	P
䘽	P
𧚷	P
𧝳	P
袟	P
𧘷	P
𧙆	P
𧙝	P
䘴	P
𧛑	P
𧝪	P
𧙄	P
褾	P
𧛮	P
𧜝	P
𧝓	P
𧝼	P
袔	P
褼	P
寴	P
襻	P
𡩁	P
𡪔	P
䙅	P
䘤	P
𧘐	P
袘	P
𧛳	P
𧞶	P
襖	P
𧛒	P
𧜕	P
𧚘	P
𧟉	P
衽	P
褈	P
𧘜	P
𧙓	P
𧛶	P
𧛼	P
𧟖	P
䙕	P
袶	P
裄	P
褷	P
𧚋	P
𧝩	P
袮	P
𧚃	P
襣	P
袼	P
𧙹	P
𧝡	P
裇	P
襎	P
襸	P
𧚎	P
𧘧	P
𧜢	P
𧝰	P
𧞄	P
䙧	P
𡫐	P
𧜬	P
䘰	P
䙜	P
𧜨	P
裑	P
複	P
𧚄	P
𧚀	P
䙄	P
𧘶	P
褨	P
𧚭	P
𧝧	P
裷	P
䙗	P
襱	P
䙛	P
褙	P
襉	P
𧟞	P
𧘞	P
𧝎	P
𧙀	P
褅	P
𧝙	P
䘷	P
襕	P
襴	P
䙢	P
裥	P
襇	P
𧙮	P
𧝊	P
𧞖	P
𧝐	P
𧜡	P
襚	P
䘨	P
裞	P
襯	P
襒	P
𧚪	P
䙫	P
𧛏	P
䘲	P
寝	P
𧜇	P
𠸗	P
裉	P
襑	P
𤯦	P
𤙟	P
𧙻	P
䘵	P
𠠭	P
袑	P
袽	P
裙	P
𧞪	P
𩷞	P
𪁲	P
褪	P
𧜳	P
襷	P
𦠫	P
𧘖	P
𧛈	P
𧟇	P
衳	P
袊	P
襏	P
䙆	P
䙈	P
袱	P
𧛛	P
袗	P
𧛄	P
𧜲	P
𧟒	P
袝	P
袵	P
𧚙	P
襳	P
𧜂	P
裣	P
衸	P
褕	P
襘	P
袷	P
𧚼	P
䙂	P
衿	P
𧛋	P
𧛹	P
𧝅	P
𧜣	P
𧝈	P
𧞌	P
𧟈	P
褓	P
襍	P
䙞	P
衯	P
襝	P
𧞏	P
襥	P
𧘋	P
𧚮	P
褖	P
𧟗	P
𧟂	P
䘟	P
𧙂	P
袎	P
𧝇	P
𧘏	P
𧚻	P
𧛴	P
𧝞	P
𧘱	P
褊	P
𧛖	P
𧜛	P
褵	P
𧞆	P
䘻	P
䙑	P
𧙿	P
𧚅	P
𧛅	P
𧝘	P
𧞱	P
𧞷	P
𧟄	P
䘹	P
𧛥	P
𧜠	P
𧞓	P
襢	P
褯	P
𧜽	P
𧝨	P
䙒	P
褲	P
𧙡	P
𧜥	P
𧞋	P
𧞧	P
䘪	P
裗	P
𧚢	P
𧚦	P
𧜰	P
𧝋	P
𧚕	P
袨	P
䘸	P
䙰	P
𧝸	P
鞌	P
𡥜	P
䢿	P
𡧌	P
𡪸	P
𡩛	P
頞	P
𡩔	P
𡩚	P
𡋅	P
𡨯	P
𡩌	P
𡪙	P
𧊹	P
𠖠	P
䀂	P
𠡓	P
𡫄	P
𡧫	P
𠖗	P
𡨞	P
𡩠	P
𡨦	P
𧸹	P
冩	P
寫	P
𡩫	P
宭	P
𡫕	P
䅁	P
𡫩	P
㝧	P
鴳	P
𨾶	P
𦀀	P
𠖂	P
𡧄	P
𥨋	P
𥩌	P
䇀	P
𥤥	P
𥦢	P
㲁	P
𢽦	P
𥦞	P
𥧬	P
窢	P
𥤫	P
䆠	P
𥦪	P
𠠖	P
𡩤	P
𥤰	P
𥧂	P
𥨐	P
𥩍	P
䆰	P
𥩓	P
䆾	P
𥥙	P
𥩉	P
𥧡	P
𥨨	P
窍	P
鵼	P
𥧣	P
穿	P
𥨄	P
窃	P
𥥡	P
𥥢	P
窷	P
𥦡	P
𥨒	P
𥤪	P
𥥯	P
𥨁	P
𥨳	P
𥥏	P
𠞀	P
𥤣	P
𥧺	P
窋	P
𥥅	P
𥧢	P
𥨺	P
窡	P
𥦁	P
𡩞	P
䆷	P
𠿡	P
窓	P
𡩥	P
𥥦	P
𪄑	P
䆓	P
梥	P
㝐	P
𠕺	P
𥤦	P
𥧓	P
䆯	P
𨟨	P
䆖	P
𥥛	P
窫	P
𥦯	P
䆜	P
䆣	P
𥥒	P
𥥔	P
𥥖	P
𦊙	P
𥧘	P
𤛝	P
𥨻	P
竂	P
宿	P
𥨸	P
𥦩	P
鶟	P
𥨤	P
𢳔	P
𥦼	P
窚	P
𥥰	P
𥧜	P
𡪴	P
𥤮	P
𥥍	P
𦊅	P
𥧰	P
𥨱	P
𩀆	P
𥦘	P
𥦜	P
𥥃	P
𥥐	P
𥥝	P
窰	P
䆳	P
𥦵	P
䆥	P
𥧹	P
窙	P
窦	P
窐	P
𡨱	P
𥤧	P
𥦭	P
𥧒	P
𥩄	P
𥩋	P
𥦛	P
𥨮	P
察	P
𥥓	P
𥥘	P
𥧙	P
穽	P
𥤱	P
𥧏	P
𦉲	P
𥥭	P
𥨠	P
竇	P
𥩐	P
竃	P
𥤭	P
𥧟	P
𥨴	P
窥	P
窺	P
𥤸	P
𥦲	P
𥨅	P
𡧛	P
窛	P
竈	P
窴	P
窾	P
𥥂	P
𥦔	P
𥩔	P
𥥧	P
𥨔	P
𥩊	P
𥥇	P
𥥽	P
𥤴	P
𥥻	P
𥦌	P
穻	P
𥥫	P
𥦑	P
𥥣	P
𥦐	P
𥦳	P
䆙	P
𥤲	P
𥦈	P
𡩗	P
㝓	P
𥨌	P
窀	P
𥤵	P
𥥟	P
𥥹	P
𥧛	P
𪚨	P
𥧳	P
竀	P
𥥥	P
𥩀	P
𥨆	P
𡪺	P
𥥷	P
㝛	P
窉	P
𥥱	P
𥧻	P
𥧞	P
䆩	P
䆽	P
窅	P
𥨬	P
窧	P
𦋐	P
𥦀	P
𡩢	P
𥦴	P
䆮	P
𥦷	P
窏	P
窪	P
𥦠	P
𥧲	P
𥨙	P
䆱	P
𥧕	P
𥨿	P
𥤼	P
𢍔	P
𥦍	P
𥦦	P
𥧭	P
䆨	P
𥦏	P
𥧤	P
𡧼	P
𥦽	P
㝏	P
𥥗	P
𧉴	P
䆞	P
窤	P
𥧆	P
䆛	P
𥥾	P
𥦖	P
䆔	P
䆗	P
𥨈	P
𥥎	P
𥦂	P
𥦮	P
䆬	P
𥦗	P
窶	P
窝	P
𥦫	P
䆭	P
𠖋	P
𥥊	P
䆘	P
𥦕	P
𥥚	P
𥤤	P
𥨢	P
𥥉	P
𥦻	P
𥧀	P
䆚	P
窩	P
𥥼	P
䆼	P
𥨇	P
𥦎	P
𥦟	P
𥧋	P
穵	P
𥦅	P
𥥞	P
𥨊	P
𥧯	P
𥧊	P
𥧍	P
𥨕	P
𥧌	P
𥧴	P
𠟶	P
𥧶	P
窹	P
𥦿	P
𥧝	P
𥧦	P
𥨷	P
𥧧	P
𥧨	P
𡧺	P
𥥺	P
𥨞	P
𥩇	P
𥩒	P
䆿	P
𥦃	P
𥧵	P
䆻	P
𥦄	P
𥥁	P
𥨰	P
𥦋	P
𥨲	P
䆕	P
𥤳	P
𥧃	P
𥥕	P
𥧼	P
𥨉	P
窲	P
𥧸	P
䆦	P
𥨧	P
𥥪	P
𥤷	P
窌	P
𥥠	P
𥨓	P
𥨦	P
䇁	P
𤞮	P
𥦺	P
𥦨	P
𥧗	P
𥩎	P
𥩑	P
窎	P
𥥤	P
𥦰	P
𥦇	P
𥧥	P
𥧠	P
䆫	P
䆴	P
窇	P
𥧉	P
𥥿	P
𥤹	P
𥦙	P
𥤽	P
窞	P
𥤯	P
𥦱	P
𥦆	P
𥧿	P
𦫪	P
窂	P
𤘰	P
𥤺	P
𥤶	P
𥧔	P
𥨛	P
𥦤	P
𥩃	P
竅	P
䆢	P
𥥌	P
𥦒	P
窊	P
窳	P
𥥑	P
䆑	P
𥨎	P
𣮥	P
𥦝	P
𥩂	P
穼	P
罙	P
𡧜	P
𥨚	P
竊	P
𥥜	P
𥨃	P
𥨝	P
𥨪	P
穾	P
𥨩	P
𥥳	P
𥨡	P
宱	P
窄	P
𥧇	P
𥩅	P
𨢛	P
𥥲	P
𥨹	P
𥦉	P
𥦧	P
𥦹	P
𥧎	P
窖	P
竆	P
𥥩	P
𥨵	P
𥩈	P
䆝	P
䆺	P
𥨼	P
窸	P
窻	P
竁	P
𥦓	P
𥨽	P
窆	P
𥥶	P
𨕠	P
𥨖	P
𥧷	P
𥧽	P
𥨑	P
𥨘	P
䆤	P
𥦸	P
𥨂	P
𥨍	P
𡨀	P
䆧	P
𥦥	P
𥩁	P
窮	P
竉	P
𥥵	P
𥧮	P
䆹	P
䆵	P
窨	P
𦌛	P
𥧁	P
𥨭	P
窯	P
邃	P
窔	P
𥨾	P
𥥀	P
𦊇	P
𡧋	P
寑	P
𡪢	P
𥧖	P
𥤨	P
𥤿	P
𥧚	P
𥨗	P
窘	P
竄	P
𥥬	P
𥦣	P
窼	P
𥨶	P
𥨥	P
𥥨	P
䆒	P
𨜛	P
𥥋	P
彮	P
𡨙	P
𡨠	P
𥦊	P
𣘏	P
窬	P
𠝠	P
𩘨	P
䆟	P
𧯉	P
𥨣	P
𩔜	P
㼸	P
𣮯	P
䆶	P
窵	P
鴪	P
𥩏	P
𪂸	P
𪃾	P
𨕦	P
㮤	P
窱	P
𣘿	P
𥥸	P
𥦬	P
䆸	P
𥧈	P
𥥄	P
𣤄	P
𥩆	P
𠕿	P
𥥈	P
𥨟	P
𥥮	P
𥨀	P
窈	P
𥧅	P
𥥆	P
𥦾	P
窽	P
𥧑	P
𥧩	P
𥧾	P
𥤻	P
𥧫	P
隺	P
㝦	P
䆡	P
𥥴	P
寉	P
窣	P
𥨫	P
𥧱	P
䆲	P
寯	P
𩕤	P
𥤩	P
𦑱	P
鶴	P
𣤇	P
宖	P
𩒂	P
𡧠	P
𡩀	P
實	P
㼠	P
䙾	P
𡫂	P
𠖜	P
𥁗	P
𠖦	P
𡫻	P
𠖘	P
𢘯	P
迱	P
寲	P
𢼊	P
𡧏	P
祴	P
䄏	P
禥	P
𥙶	P
𥛵	P
𥘠	P
𥛣	P
䄍	P
𥛼	P
𥜲	P
𥜓	P
𥛌	P
䄁	P
𥘹	P
𥚮	P
禖	P
𥜈	P
䄀	P
𥛃	P
𥙖	P
𡨜	P
𥘒	P
𥜍	P
𥜁	P
𥙟	P
𥙋	P
祂	P
䄌	P
𡧵	P
祃	P
𥙉	P
𥛯	P
𥛋	P
𥚂	P
禡	P
𥘓	P
𥙀	P
𥚙	P
祓	P
禊	P
𥜒	P
祳	P
𥚨	P
𥛂	P
𥛑	P
祏	P
祜	P
𥛰	P
䄎	P
祐	P
𥙗	P
𥛒	P
𥚴	P
䄋	P
𥚓	P
𥜚	P
𥜨	P
𥜪	P
䄝	P
禲	P
𥚀	P
禐	P
𥙯	P
𥚁	P
𥛎	P
𥚣	P
礽	P
𥛟	P
𥚖	P
𡫵	P
𥘎	P
𥛗	P
𥘜	P
𥙮	P
䃽	P
祛	P
𥘟	P
𥛻	P
禱	P
𥙞	P
𥚊	P
祎	P
禃	P
𥘏	P
祙	P
禇	P
𥘕	P
𥜗	P
祮	P
禧	P
𥜎	P
𥜣	P
𥜧	P
䀅	P
𥛐	P
𥜑	P
䄣	P
𥜝	P
䄊	P
𥙼	P
𨧽	P
祾	P
𥘔	P
𥛄	P
𥚧	P
䃿	P
䄥	P
禛	P
𥙕	P
𥘑	P
𥙹	P
𥙤	P
祆	P
宔	P
祬	P
禣	P
𥙽	P
𥚳	P
𥛥	P
𥜦	P
𥘛	P
𥘡	P
𥘻	P
𥙠	P
𥘴	P
𥘺	P
𥜕	P
䄚	P
𥚲	P
𥛽	P
䄤	P
𥘳	P
𥛸	P
𤑏	P
𤑐	P
禰	P
𥙴	P
𥘯	P
䄈	P
𥘢	P
𥜰	P
𥙷	P
𥜯	P
𥚔	P
𥜵	P
𥜅	P
𥛡	P
𥛜	P
𥛳	P
𥜸	P
𥙺	P
𥜠	P
祯	P
禎	P
𥚚	P
𥜜	P
視	P
䃼	P
𥙬	P
𥙲	P
䄕	P
祧	P
𥙑	P
𥛫	P
𥘤	P
𥔻	P
𥚃	P
𥛘	P
䄗	P
𥘗	P
𥘵	P
𥜩	P
禔	P
䗝	P
𥚕	P
禵	P
禢	P
𥜏	P
𨕫	P
禓	P
祼	P
𡩕	P
𥚛	P
𥚜	P
禑	P
𥚶	P
祦	P
𥚝	P
禪	P
𡎺	P
䄇	P
祌	P
𥙙	P
𥛍	P
祸	P
䄄	P
祻	P
𥚷	P
𥚸	P
𥜃	P
𥛧	P
𥚈	P
禗	P
禤	P
𥘋	P
祵	P
禝	P
䄛	P
禩	P
祋	P
䄃	P
禯	P
𥛔	P
䄂	P
𥜐	P
𥛢	P
𥚻	P
禂	P
禍	P
𥘌	P
𨘌	P
𥘝	P
𥙨	P
禮	P
𥘘	P
𥚼	P
𥙥	P
𥙸	P
𥜤	P
𡦽	P
𥚅	P
𥙈	P
𥙒	P
𥛭	P
𥚇	P
𥚑	P
𥙓	P
𥚩	P
𥙪	P
𥚐	P
𥛉	P
祤	P
禕	P
𥘊	P
𥚵	P
𥛹	P
𥙧	P
𥚥	P
𧊢	P
祠	P
𥚍	P
礼	P
祀	P
𥘆	P
𥘰	P
𡧽	P
𥚄	P
𥚯	P
祕	P
𥘷	P
𥚤	P
𥘍	P
𥘶	P
𥙩	P
辶	P
𥘚	P
𥜔	P
𥛷	P
禷	P
𥘙	P
𥜴	P
𥚎	P
𥙻	P
𥚰	P
禈	P
䄙	P
𥙔	P
𥙇	P
祇	P
祪	P
𥚦	P
𥜡	P
𥚬	P
䄑	P
𥙣	P
𥘮	P
𥙱	P
𥛅	P
祹	P
𥙵	P
𥘨	P
𥚾	P
𥘩	P
䄡	P
礿	P
祗	P
𥙎	P
禆	P
𥙰	P
䄓	P
𥙂	P
𥙃	P
祩	P
𥙐	P
禠	P
祑	P
𥛕	P
禋	P
𥙭	P
𥙘	P
𥙫	P
𥛦	P
禫	P
𥘫	P
𥜳	P
𥚒	P
㓃	P
𥘥	P
𥙁	P
䄆	P
祅	P
𥚟	P
𥚽	P
𥜌	P
祣	P
𥙾	P
𩜸	P
祍	P
𥘪	P
𥛨	P
祰	P
𥛮	P
禶	P
𥜊	P
𪄬	P
𥛝	P
𥙝	P
𥙚	P
𥛙	P
䄉	P
𥙌	P
𥛏	P
䄔	P
𥘦	P
𥙡	P
𥛚	P
禙	P
禅	P
𥘽	P
禉	P
𥘸	P
禘	P
𥚱	P
𥚭	P
𥛶	P
𥜇	P
禚	P
禭	P
祱	P
祶	P
𥜶	P
𥚿	P
𥜥	P
禌	P
䄘	P
祲	P
𥛀	P
𥛆	P
𥜉	P
㝗	P
𥘧	P
𥚞	P
㝩	P
祒	P
𥚉	P
𥘉	P
𥚆	P
𡪼	P
禴	P
𥚗	P
𥚫	P
𥘼	P
祔	P
𡨧	P
𥙛	P
䄞	P
𥙄	P
䄖	P
祄	P
禬	P
𥛾	P
祫	P
𥙿	P
䄒	P
𥘞	P
𥙜	P
𥙢	P
𥛲	P
𥜫	P
𥜋	P
𥛇	P
𥛈	P
禒	P
𥛿	P
祿	P
𥘬	P
𥘇	P
𥚺	P
禨	P
𥛺	P
䃾	P
𥚹	P
𥚠	P
䄜	P
𥛪	P
禳	P
祽	P
䄠	P
𥘭	P
𥙅	P
𥜭	P
䄢	P
禞	P
禟	P
𥜢	P
𥜮	P
祊	P
𥛊	P
𥚏	P
𥛩	P
𥜟	P
𥙆	P
𥛞	P
𥗛	Q
𤯁	Q
鉽	Q
𧔢	Q
𨪑	Q
𥃒	Q
𨭮	Q
𪈇	Q
鐷	Q
錢	Q
𨯛	Q
𦕌	Q
𨨭	Q
䥈	Q
䥓	Q
𨮊	Q
鍩	Q
頯	Q
𨬰	Q
𩑥	Q
鍖	Q
鐁	Q
䥠	Q
鑶	Q
錤	Q
鏾	Q
𨯱	Q
𠣲	Q
鉗	Q
䦃	Q
氒	Q
鐯	Q
鑉	Q
𠤅	Q
𨭠	Q
𨪀	Q
䥬	Q
鏵	Q
𨥿	Q
𨭟	Q
𨧇	Q
𣱋	Q
鋣	Q
铘	Q
𨨘	Q
𩣏	Q
𩧶	Q
㘶	Q
鏗	Q
𥄇	Q
𪉋	Q
𨦍	Q
鑑	Q
鑦	Q
𪀾	Q
鑬	Q
𨯿	Q
𨰲	Q
𨰶	Q
𨰹	Q
𢫰	Q
桀	Q
䥺	Q
釾	Q
鑮	Q
𨮎	Q
銾	Q
𦖞	Q
鏌	Q
镆	Q
昏	Q
𧋗	Q
錯	Q
𪉎	Q
𠛊	Q
𧎪	Q
𧓢	Q
𣉈	Q
䫒	Q
𡼐	Q
𨭛	Q
𪂆	Q
𣋯	Q
𢽹	Q
𧉜	Q
䤷	Q
𡝪	Q
𣣏	Q
𨭬	Q
𨿹	Q
𠯑	Q
鉕	Q
𨨅	Q
𨫓	Q
𠜜	Q
鏂	Q
𨭯	Q
鑎	Q
𩒲	Q
𨯫	Q
𨓈	Q
䥲	Q
𨫪	Q
鑵	Q
𠤍	Q
𠣯	Q
錨	Q
𨧄	Q
𨯠	Q
𨮒	Q
鑖	Q
鍈	Q
锳	Q
帋	Q
鉔	Q
𨮇	Q
鐄	Q
𨱑	Q
鏋	Q
𨧨	Q
𨫋	Q
𢆢	Q
𨪇	Q
鉅	Q
鉪	Q
鍱	Q
鉞	Q
钺	Q
𢗪	Q
鋱	Q
铽	Q
𨰑	Q
𠣦	Q
𨮵	Q
鐕	Q
𨩦	Q
𨪓	Q
𨰈	Q
𣢎	Q
銰	Q
𨪎	Q
𨦑	Q
𣇻	Q
鑝	Q
𨫽	Q
钄	Q
𨯧	Q
鍣	Q
𨥔	Q
鑊	Q
镬	Q
𡑘	Q
𨯓	Q
匒	Q
鎝	Q
𨱏	Q
𨦵	Q
䲭	Q
𨯷	Q
𨧼	Q
錵	Q
鉷	Q
𨾛	Q
𨰤	Q
𨨙	Q
邸	Q
㪆	Q
𢺾	Q
𣱐	Q
𣱑	Q
𣱒	Q
鸱	Q
𧐏	Q
𩑾	Q
鋩	Q
錺	Q
铓	Q
𤬵	Q
鴟	Q
𤇡	Q
𨰂	Q
䢑	Q
𣱎	Q
𧠟	Q
𨬘	Q
𢼕	Q
㲳	Q
𨾦	Q
𣋤	Q
鑷	Q
𦕕	Q
鎁	Q
𢽌	Q
𣣯	Q
駌	Q
鋷	Q
𨬍	Q
𩑝	Q
𨯝	Q
𦙄	Q
𦙵	Q
𨨃	Q
𡉰	Q
𡊂	Q
𨫭	Q
𡖏	Q
𣌇	Q
㼝	Q
𧯡	Q
眢	Q
䥀	Q
䤴	Q
𣆌	Q
𠛠	Q
鐊	Q
䖤	Q
𨭰	Q
𣪰	Q
㽜	Q
盌	Q
錳	Q
𠞚	Q
𠙀	Q
𨞆	Q
㠾	Q
鈯	Q
𨱄	Q
𩖿	Q
𧵍	Q
銸	Q
𤇘	Q
兇	Q
𢪸	Q
錒	Q
鄒	Q
𨧯	Q
𪙗	Q
皺	Q
𡙦	Q
𠦨	Q
𠞃	Q
𨎆	Q
鶵	Q
𤌉	Q
𤌽	Q
芻	Q
㱀	Q
雛	Q
䥙	Q
妴	Q
𩚴	Q
𩱅	Q
𦑨	Q
鴛	Q
𪀈	Q
𪃊	Q
𨔩	Q
㚇	Q
𠂳	Q
𥾜	Q
𧧁	Q
𢘵	Q
𢚿	Q
𡖉	Q
𨧵	Q
𨛉	Q
𨥤	Q
鐍	Q
𨮌	Q
鍒	Q
𨥨	Q
𨩺	Q
𨩻	Q
錣	Q
鏒	Q
鎟	Q
𨥖	Q
𨨕	Q
𦫤	Q
𩑦	Q
銿	Q
𨮳	Q
𠚸	Q
鈶	Q
䥁	Q
𨥡	Q
𧵚	Q
𦫘	Q
𤈖	Q
𨒶	Q
𦫓	Q
鈗	Q
𦫖	Q
鉾	Q
𠣛	Q
𨧚	Q
𪚵	Q
𢼃	Q
𨪊	Q
𪁅	Q
鋑	Q
𠣟	Q
釵	Q
𠅱	Q
䤻	Q
𨮯	Q
䥄	Q
䥦	Q
𨮭	Q
𨯅	Q
䣀	Q
㩻	Q
𢼨	Q
𤿡	Q
𡥉	Q
𨨹	Q
𦓛	Q
𪖤	Q
頠	Q
𧷪	Q
鈪	Q
𡦭	Q
𪀗	Q
𪁡	Q
𠨜	Q
𠨪	Q
𦤞	Q
敎	Q
𠨢	Q
𢼮	Q
𠝰	Q
𣢪	Q
𨾼	Q
㕁	Q
𠫲	Q
𡮱	Q
𠙆	Q
𡯤	Q
𡯮	Q
𠫤	Q
鈜	Q
鈸	Q
钹	Q
𠫷	Q
𩽦	Q
𩾀	Q
𨬜	Q
𩾉	Q
郩	Q
殽	Q
銪	Q
鍸	Q
铕	Q
𤚁	Q
𢡯	Q
𤎦	Q
䥳	Q
鋹	Q
錛	Q
䥎	Q
鋠	Q
鍷	Q
鎒	Q
𨬕	Q
𩶷	Q
錼	Q
銙	Q
𨨵	Q
𧯭	Q
銊	Q
鍼	Q
𨩆	Q
𨦌	Q
䥹	Q
銌	Q
鍥	Q
𨫛	Q
䥛	Q
𨯚	Q
𤑰	Q
𩾍	Q
䤿	Q
鏚	Q
𨰘	Q
鏏	Q
銇	Q
𨩿	Q
䤵	Q
銆	Q
䤶	Q
匎	Q
𨭍	Q
𤾿	Q
𠯌	Q
𨥰	Q
𠙏	Q
郗	Q
𠨚	Q
㹷	Q
𨨰	Q
𨮮	Q
鈽	Q
钸	Q
𠜗	Q
𪖪	Q
𩒽	Q
瓻	Q
鵗	Q
𣱬	Q
𨪳	Q
𨓇	Q
𨭫	Q
欷	Q
顉	Q
𨿕	Q
𨪴	Q
䤞	Q
𨥃	Q
鋮	Q
𨱆	Q
𨧴	Q
𡮫	Q
𨫿	Q
䳿	Q
𨪘	Q
𪆈	Q
𤉷	Q
𨦗	Q
鋴	Q
鏯	Q
䤺	Q
𨪛	Q
𡘓	Q
錡	Q
锜	Q
䦁	Q
𨜫	Q
𨧜	Q
𥀄	Q
𨦎	Q
矦	Q
鋳	Q
䥶	Q
𣣡	Q
𠣮	Q
𨬟	Q
鐐	Q
𡚂	Q
𨭁	Q
𨨆	Q
𨭼	Q
鐝	Q
镢	Q
𧩏	Q
𩸺	Q
𢨕	Q
𣀁	Q
𧫹	Q
𦧕	Q
𨨯	Q
𠟧	Q
𨩃	Q
甔	Q
𨦄	Q
𪆻	Q
𨗧	Q
𨪦	Q
鋏	Q
𩁏	Q
𨦘	Q
銭	Q
𠮁	Q
鈦	Q
𨥅	Q
𧣴	Q
𧣑	Q
𧤒	Q
𧤵	Q
𧤻	Q
𧢸	Q
𧣼	Q
𨧑	Q
觨	Q
𧤣	Q
𧥈	Q
𧣒	Q
觾	Q
𧢾	Q
䚢	Q
𧤈	Q
𧣐	Q
𧤱	Q
觵	Q
𧣱	Q
䚭	Q
𧥃	Q
鋢	Q
𨛥	Q
𨨜	Q
𧣸	Q
𧤾	Q
𨩙	Q
𧣃	Q
𧢷	Q
𧣂	Q
𧣨	Q
𧤓	Q
𧣔	Q
𧣗	Q
𧤺	Q
觭	Q
𧤦	Q
𧤮	Q
𨬗	Q
𩓅	Q
𧤌	Q
𧤛	Q
𧤼	Q
𧣭	Q
𧤷	Q
錋	Q
𧣞	Q
𧤶	Q
𧤲	Q
𨰖	Q
觙	Q
鍰	Q
锾	Q
𧣄	Q
觟	Q
𡋜	Q
𨧠	Q
觩	Q
鋝	Q
𧤰	Q
䚙	Q
鉏	Q
𧣰	Q
𧢿	Q
𧣠	Q
𧤜	Q
觫	Q
鋤	Q
锄	Q
㐥	Q
𧢵	Q
𨦜	Q
𪆷	Q
𧣲	Q
𧤡	Q
𧤳	Q
𧣧	Q
𧣎	Q
𧥖	Q
𧥗	Q
𧣀	Q
𧤧	Q
𧥕	Q
𧣺	Q
𧣾	Q
𧤥	Q
𧣪	Q
觘	Q
䚤	Q
䚟	Q
觛	Q
㓩	Q
䚣	Q
𧤨	Q
䚠	Q
𧣤	Q
触	Q
𧤏	Q
𧤉	Q
觶	Q
𧣫	Q
𧥄	Q
䚪	Q
𧤖	Q
𨰜	Q
𧣛	Q
𧤯	Q
𣎕	Q
𧤩	Q
觸	Q
𧤃	Q
䚡	Q
觔	Q
𧣕	Q
𧥊	Q
𧣇	Q
𧤿	Q
𧥇	Q
𧥅	Q
𧢹	Q
𧤗	Q
觿	Q
𧣷	Q
𧤐	Q
觽	Q
𧣶	Q
𧣻	Q
䚧	Q
觓	Q
𧢳	Q
𧥂	Q
𧥋	Q
䚬	Q
𧣹	Q
𨭏	Q
𨭒	Q
𨨒	Q
𧣬	Q
𧤎	Q
𨓨	Q
𧣍	Q
𧣁	Q
鑀	Q
𧣖	Q
觗	Q
觤	Q
𧥎	Q
𧤢	Q
𧣩	Q
𧤝	Q
𧣣	Q
𧤠	Q
觼	Q
𧣏	Q
觝	Q
𧥓	Q
䚜	Q
𧣜	Q
𧢻	Q
𧣈	Q
𧣊	Q
䚦	Q
鎐	Q
𧤟	Q
𨖣	Q
𧤫	Q
𧣮	Q
𧢴	Q
䚞	Q
𨨫	Q
𧣟	Q
𧣝	Q
𧤬	Q
䚛	Q
䚩	Q
觡	Q
𨬞	Q
䚚	Q
觞	Q
𧣘	Q
𧤸	Q
觧	Q
𨫇	Q
𧤽	Q
𧥐	Q
觯	Q
𧤕	Q
觪	Q
觲	Q
𧣿	Q
𧤍	Q
𧣦	Q
𣘳	Q
𧤞	Q
𧣢	Q
㙰	Q
䤾	Q
鋖	Q
觮	Q
蟹	Q
𧥁	Q
𠢲	Q
𢢣	Q
𨦝	Q
𩼠	Q
邂	Q
觬	Q
𢵠	Q
𧣵	Q
䚗	Q
䚨	Q
𧤔	Q
𧤤	Q
𧤪	Q
𧣋	Q
𧥘	Q
𧣳	Q
𧥏	Q
觹	Q
鵤	Q
𧣥	Q
𧤄	Q
𧢽	Q
𧣽	Q
𧤋	Q
𧤆	Q
𧢶	Q
𧢺	Q
觻	Q
䚥	Q
𧣚	Q
𧥉	Q
䚝	Q
𧣓	Q
𠣥	Q
𧤀	Q
𧤚	Q
𧥍	Q
𧤇	Q
𧥌	Q
𧣙	Q
鈒	Q
钑	Q
𨧧	Q
𨬿	Q
𨭱	Q
鐵	Q
𨯒	Q
𨰕	Q
𨭓	Q
鐼	Q
鐡	Q
䥫	Q
𨪠	Q
𨧾	Q
𠣓	Q
𠣗	Q
㔩	Q
鎑	Q
𨦲	Q
鈘	Q
鉣	Q
𨥕	Q
𨧶	Q
𨯂	Q
鑐	Q
𨨈	Q
𨩖	Q
𨩒	Q
𨩥	Q
𨫲	Q
銈	Q
𨫱	Q
𨮤	Q
𨮥	Q
𨰗	Q
𨧈	Q
𨬆	Q
𨯌	Q
鐃	Q
𨪩	Q
𨪪	Q
𨫳	Q
䥗	Q
𨨉	Q
𨬶	Q
𨬓	Q
鎮	Q
镇	Q
𨫨	Q
銢	Q
銶	Q
𨥮	Q
𨱇	Q
𨩑	Q
𠣚	Q
𨪋	Q
𨥙	Q
𨦕	Q
𨦿	Q
𨫍	Q
𨫬	Q
𨯪	Q
𨨇	Q
𨭸	Q
鎱	Q
𨭌	Q
銡	Q
𨭎	Q
𨯻	Q
𨯨	Q
鐳	Q
鑟	Q
𨭹	Q
𨩇	Q
鑄	Q
𨮾	Q
釫	Q
𨧅	Q
鋕	Q
䤲	Q
鋍	Q
鎍	Q
𨧣	Q
𩳙	Q
䥤	Q
䥻	Q
鈨	Q
𢞒	Q
𨩔	Q
𨐘	Q
𠣑	Q
﨧	Q
銒	Q
鍺	Q
𠣰	Q
𨪌	Q
𨮚	Q
𨮩	Q
銬	Q
铐	Q
𨯊	Q
釮	Q
𨬊	Q
銠	Q
铑	Q
𨦐	Q
﨨	Q
𨪲	Q
鐽	Q
𨭭	Q
錴	Q
鐟	Q
𨯉	Q
𨰀	Q
鑚	Q
錂	Q
𨱋	Q
鈇	Q
𨬉	Q
𨯟	Q
𧥻	Q
𨦹	Q
鳠	Q
䤯	Q
鈃	Q
錻	Q
钘	Q
鉶	Q
铏	Q
鐂	Q
鳓	Q
𨫮	Q
鲯	Q
鲰	Q
𡚃	Q
𦤴	Q
𢂗	Q
鈍	Q
钝	Q
𨒦	Q
鲬	Q
鲹	Q
銍	Q
铚	Q
鳋	Q
鲃	Q
鲅	Q
鲱	Q
鲔	Q
𩾂	Q
䲠	Q
鲕	Q
鳡	Q
𩾎	Q
鳜	Q
鎛	Q
镈	Q
𠣵	Q
錆	Q
锖	Q
鳐	Q
𨯋	Q
匍	Q
鋪	Q
錶	Q
𩽹	Q
鲑	Q
錏	Q
釪	Q
鳍	Q
鲒	Q
鲼	Q
鐚	Q
鲓	Q
鲮	Q
鳕	Q
𩽺	Q
𩾁	Q
鲭	Q
錱	Q
鲾	Q
鲀	Q
𨬩	Q
鲠	Q
鲡	Q
鲏	Q
𩾈	Q
鉦	Q
钲	Q
𥄤	Q
鲇	Q
𩾇	Q
鈣	Q
鲈	Q
鲿	Q
銔	Q
䲤	Q
鉟	Q
𨧆	Q
𩾆	Q
鈈	Q
钚	Q
鳗	Q
䦄	Q
鏄	Q
鲣	Q
鲤	Q
鲥	Q
𣅎	Q
𨭀	Q
𠣙	Q
𨥑	Q
鳀	Q
𠚭	Q
錬	Q
鲳	Q
鳁	Q
鏸	Q
鳎	Q
𨦰	Q
鲲	Q
𢍪	Q
鋙	Q
铻	Q
鎘	Q
镉	Q
𨧫	Q
鋉	Q
𨱈	Q
鑩	Q
鍢	Q
𨯲	Q
鳄	Q
𨫩	Q
𨫾	Q
鋀	Q
鏉	Q
𨱒	Q
鲴	Q
鳂	Q
鍊	Q
鳏	Q
𨊬	Q
鲢	Q
鲉	Q
𨥚	Q
𨦉	Q
鏪	Q
鲗	Q
𡵪	Q
鲖	Q
𠘷	Q
𨦖	Q
𨥳	Q
鳢	Q
鈵	Q
𨰣	Q
䥊	Q
𨨄	Q
𩾊	Q
鳚	Q
鱾	Q
𨥯	Q
𩾄	Q
鳛	Q
𨬀	Q
鋄	Q
铔	Q
𨫌	Q
錽	Q
铼	Q
𩽽	Q
𩽼	Q
𩽾	Q
𨭂	Q
䲟	Q
𨦙	Q
𩽿	Q
𩾃	Q
𨫼	Q
𤕜	Q
𣢔	Q
𩾅	Q
鲌	Q
鳈	Q
𨪥	Q
鲘	Q
𠙧	Q
鲄	Q
鲊	Q
𩾋	Q
鲧	Q
鳤	Q
鳅	Q
鲦	Q
鳆	Q
𨫺	Q
稣	Q
鳉	Q
鳟	Q
䲞	Q
䲡	Q
匉	Q
𨥾	Q
鳝	Q
鳒	Q
鲛	Q
铗	Q
𨦇	Q
鳑	Q
鋞	Q
鲫	Q
鲪	Q
鍿	Q
鲻	Q
𧸶	Q
鱽	Q
鲵	Q
𨧬	Q
䲝	Q
鲙	Q
鲶	Q
鑈	Q
𩽻	Q
𨰡	Q
𨦊	Q
𨥛	Q
𨱀	Q
銕	Q
鳊	Q
鳣	Q
𨫄	Q
鳙	Q
𩾌	Q
鲚	Q
鲂	Q
鈺	Q
钰	Q
𨫎	Q
𨩘	Q
𨬷	Q
钀	Q
𨬲	Q
鐻	Q
𨨍	Q
𨩜	Q
𨮡	Q
𨩽	Q
鏬	Q
𨩞	Q
𨪨	Q
𨮦	Q
鐪	Q
鑪	Q
䖊	Q
錿	Q
鑢	Q
𨫴	Q
鎼	Q
𢹁	Q
𨬳	Q
𨭴	Q
𨮣	Q
𨩝	Q
𨮗	Q
𨯼	Q
𨪝	Q
鑡	Q
𥂲	Q
𨪅	Q
𨧔	Q
鈙	Q
鈹	Q
𥓇	Q
𨭲	Q
鐬	Q
錹	Q
𨦤	Q
䦆	Q
钁	Q
䀤	Q
鉲	Q
鑺	Q
𨧷	Q
䤮	Q
𠣿	Q
鋽	Q
鉆	Q
𨀑	Q
𨦸	Q
夞	Q
𨰳	Q
𡖦	Q
㔪	Q
鏀	Q
𠣠	Q
𠣱	Q
𧵏	Q
鍞	Q
𨥵	Q
𨪬	Q
鐤	Q
𡖄	Q
𨨴	Q
䥧	Q
𨬴	Q
迯	Q
𨪵	Q
鋧	Q
𨮏	Q
𠤀	Q
𨩼	Q
𡎥	Q
𨮷	Q
𨨣	Q
𨧥	Q
𨫶	Q
𨧏	Q
𨬡	Q
𨩅	Q
𨮟	Q
𨦥	Q
銷	Q
𨭡	Q
鍅	Q
𨥪	Q
𡭫	Q
𨤰	Q
𨨏	Q
𨩾	Q
覙	Q
䤬	Q
𨪍	Q
錔	Q
鐋	Q
鋿	Q
鎖	Q
𡮠	Q
𢘞	Q
鏜	Q
镗	Q
鏛	Q
鐺	Q
鑜	Q
钂	Q
鎲	Q
镋	Q
𨬥	Q
鐣	Q
鏿	Q
𨭃	Q
𡗃	Q
𤚶	Q
𠣧	Q
銚	Q
銧	Q
鎃	Q
𨮶	Q
𨧛	Q
𨨱	Q
𨩠	Q
𨦒	Q
𨨚	Q
鈔	Q
𨪫	Q
𨫟	Q
𡖗	Q
𩿥	Q
𨫠	Q
鏎	Q
鑤	Q
㝁	Q
𨧹	Q
勨	Q
𩕓	Q
䴂	Q
𨖶	Q
𨫉	Q
𨬵	Q
𨯮	Q
鋰	Q
銲	Q
𠢴	Q
䥵	Q
𨨊	Q
鍀	Q
锝	Q
鉭	Q
鍉	Q
𠢰	Q
鍚	Q
𨫞	Q
𤿟	Q
𨩩	Q
鉮	Q
𡕳	Q
鎤	Q
錩	Q
锠	Q
𧍀	Q
𠤋	Q
𨰍	Q
亀	Q
鏝	Q
鎾	Q
𤒸	Q
𨭜	Q
鍝	Q
𡘬	Q
鎉	Q
𥃅	Q
𨨋	Q
迿	Q
𨪶	Q
𨫯	Q
銞	Q
𩘠	Q
鍻	Q
𤉢	Q
𨬋	Q
錫	Q
㰬	Q
𣱡	Q
錁	Q
𨨌	Q
鍟	Q
𨩛	Q
𥫂	Q
𨩄	Q
𨧉	Q
𨝁	Q
𠣤	Q
𠣬	Q
𪀽	Q
𨦢	Q
𢏔	Q
𨜬	Q
𠠤	Q
𠠥	Q
𨦆	Q
䥪	Q
𣬔	Q
錕	Q
𨰴	Q
鐛	Q
鍓	Q
邭	Q
𨚷	Q
𨦺	Q
䪷	Q
𨦚	Q
鋗	Q
𢻇	Q
𡒒	Q
𡖚	Q
鋘	Q
鋥	Q
𨪒	Q
鏤	Q
𢼒	Q
𤿘	Q
鈡	Q
钟	Q
𡖌	Q
鏴	Q
鐀	Q
𠕗	Q
𨨩	Q
𩶍	Q
鑓	Q
𨯯	Q
鋜	Q
𠛎	Q
𧑴	Q
𨫘	Q
𨫰	Q
𨭐	Q
鋁	Q
𨩗	Q
鋛	Q
𨭳	Q
鍔	Q
锷	Q
𨫑	Q
𨬱	Q
𪛉	Q
鐰	Q
𨰫	Q
𨧢	Q
䤢	Q
𪓟	Q
銱	Q
铞	Q
𦐛	Q
𨦀	Q
𪛃	Q
𪛇	Q
𪚿	Q
𪚾	Q
𪚫	Q
𨒡	Q
𨞭	Q
𠓄	Q
𤿯	Q
鸲	Q
𥇅	Q
𨽺	Q
𣆶	Q
𩆟	Q
𠣪	Q
勉	Q
𨌜	Q
𧇢	Q
鵵	Q
逸	Q
𨓜	Q
够	Q
𡤳	Q
𠒾	Q
𠓍	Q
𡢎	Q
欨	Q
𡙖	Q
兔	Q
鉂	Q
𠓗	Q
𡤺	Q
𨿮	Q
𩀣	Q
斪	Q
𤫱	Q
㲒	Q
𤋤	Q
𤋥	Q
𠸛	Q
敂	Q
𡅖	Q
𪚧	Q
鴝	Q
鉙	Q
雊	Q
𨿅	Q
酁	Q
㚟	Q
𤟭	Q
䵶	Q
劖	Q
𣬕	Q
𠣄	Q
𥃢	Q
𦣸	Q
𩖌	Q
𤮭	Q
𣬐	Q
𣬒	Q
𣔵	Q
𡮿	Q
𣤱	Q
𣬎	Q
㲋	Q
毚	Q
𣬚	Q
𠴦	Q
㗮	Q
𡖺	Q
𨫵	Q
𨭄	Q
𨭵	Q
𨰟	Q
䥯	Q
錮	Q
锢	Q
𨪜	Q
銦	Q
铟	Q
𨩋	Q
𨬸	Q
鐸	Q
𨪚	Q
𨭆	Q
𨯃	Q
𨮫	Q
鍡	Q
鐶	Q
镮	Q
鎠	Q
𨰄	Q
𨩡	Q
𨯴	Q
𡕷	Q
䤽	Q
䤧	Q
鉫	Q
𨮢	Q
𨭦	Q
𨯬	Q
鑸	Q
𪓻	Q
鑘	Q
𠡪	Q
𨦻	Q
錷	Q
鍶	Q
𨔪	Q
鏈	Q
鐲	Q
镯	Q
鏩	Q
鎅	Q
𠟮	Q
𤋳	Q
𨥱	Q
鏍	Q
𣬋	Q
鑼	Q
𨦈	Q
錪	Q
𧶯	Q
鈠	Q
𨱁	Q
錌	Q
鍴	Q
𩠊	Q
鉠	Q
鏰	Q
镚	Q
𨪷	Q
䤡	Q
𨥩	Q
觰	Q
錭	Q
觴	Q
𥖹	Q
𪚳	Q
𨭘	Q
𨦨	Q
𪚺	Q
銅	Q
铜	Q
𨬫	Q
𨬠	Q
鎧	Q
𢁟	Q
𤌝	Q
鍘	Q
𨬌	Q
𨩪	Q
鉛	Q
𨥽	Q
𨰁	Q
銏	Q
銟	Q
𨰃	Q
鍋	Q
鐹	Q
𢻁	Q
𠜌	Q
䤱	Q
䤪	Q
𨦃	Q
鎽	Q
𩗩	Q
𨦳	Q
𨩟	Q
𤊝	Q
鋼	Q
𢍅	Q
𠭠	Q
𢿌	Q
奐	Q
𧰼	Q
𨭽	Q
鑴	Q
𡖛	Q
𠢒	Q
䥴	Q
䤫	Q
烉	Q
𤉯	Q
𤊱	Q
𨭷	Q
𪃓	Q
𪄢	Q
夐	Q
敻	Q
𡕫	Q
𡕱	Q
𡚥	Q
䏑	Q
𧢲	Q
鈉	Q
鏙	Q
𨭅	Q
釩	Q
钒	Q
馍	Q
𨫀	Q
𩠁	Q
馑	Q
鍲	Q
鈱	Q
馓	Q
𨬖	Q
饵	Q
𨚔	Q
饳	Q
𨧱	Q
𨱊	Q
𠣽	Q
𨬒	Q
𩠀	Q
馂	Q
鋸	Q
𢤹	Q
𩠅	Q
𨮅	Q
饽	Q
𤿥	Q
𨨤	Q
鈕	Q
馌	Q
𩠇	Q
𡖊	Q
𨫒	Q
𨱐	Q
邬	Q
馕	Q
馎	Q
𠛆	Q
𩠎	Q
鉰	Q
饨	Q
𩠄	Q
饯	Q
饾	Q
𩠃	Q
鍜	Q
𢼌	Q
𨥻	Q
𨩷	Q
𡙝	Q
𩠋	Q
鏘	Q
鎇	Q
䤛	Q
鍏	Q
𠃕	Q
鈻	Q
𣝖	Q
𠜰	Q
𨬯	Q
钃	Q
𩠏	Q
馒	Q
䭪	Q
𨥥	Q
刨	Q
馃	Q
馄	Q
𠹨	Q
𠣶	Q
鐴	Q
馉	Q
𪓠	Q
𡖕	Q
𠈽	Q
𩟿	Q
鋦	Q
锔	Q
饲	Q
𨯭	Q
饧	Q
𢏻	Q
鐉	Q
馔	Q
炰	Q
𤇗	Q
𩠆	Q
𩟾	Q
馏	Q
饱	Q
馋	Q
馅	Q
𠑾	Q
𠜧	Q
𨫧	Q
饩	Q
钖	Q
饤	Q
饦	Q
𩠂	Q
饫	Q
饪	Q
饰	Q
饷	Q
饹	Q
饬	Q
𣭀	Q
鉍	Q
铋	Q
䥽	Q
𠓨	Q
𩠉	Q
馐	Q
𩠌	Q
饺	Q
馊	Q
鏐	Q
镠	Q
饸	Q
𩠈	Q
𪀀	Q
鈌	Q
鑃	Q
𨪐	Q
鈮	Q
𨮕	Q
饻	Q
𧙘	Q
𩠍	Q
鉯	Q
鈬	Q
䱠	Q
𢍸	Q
𩼚	Q
鱯	Q
𩶺	Q
𩹅	Q
𩻁	Q
𩸕	Q
魽	Q
鰹	Q
𩻮	Q
𩼬	Q
𩽛	Q
䱛	Q
魟	Q
䱌	Q
䲛	Q
𩵯	Q
𩹩	Q
𩺌	Q
䱜	Q
𩻛	Q
鰙	Q
鰸	Q
𩺗	Q
𩺱	Q
𩼺	Q
鰳	Q
𩼳	Q
𩹸	Q
鮔	Q
𩵐	Q
𩷶	Q
𩼙	Q
𩼰	Q
𩼲	Q
𩽒	Q
𩵪	Q
𩺊	Q
䲉	Q
𩽡	Q
鰈	Q
𩸏	Q
𩹮	Q
𩻧	Q
䰹	Q
鱴	Q
𩶀	Q
𩸌	Q
𩹋	Q
𩺳	Q
𩻓	Q
𩼃	Q
𩼘	Q
𩺵	Q
鰋	Q
䱋	Q
鯕	Q
鱑	Q
𩸽	Q
𩺆	Q
𩼑	Q
鱹	Q
𩺴	Q
𩷿	Q
𩸾	Q
𩹆	Q
𩽪	Q
鯫	Q
䲊	Q
𩷺	Q
䰵	Q
𩰠	Q
𩵌	Q
𩶚	Q
𩼦	Q
𩺉	Q
𠚍	Q
鯭	Q
𩶌	Q
鮿	Q
𩵔	Q
𩰡	Q
𩰢	Q
鑁	Q
𡕰	Q
𩸰	Q
魣	Q
𩷃	Q
𩸯	Q
鯒	Q
鯵	Q
鰺	Q
𩶜	Q
𩶢	Q
鰠	Q
鮐	Q
鱊	Q
䰾	Q
𩹧	Q
𩻦	Q
鰇	Q
𩺞	Q
鮻	Q
𩶒	Q
𩺠	Q
𩻎	Q
鰢	Q
𩵎	Q
𩸷	Q
𩵡	Q
鮁	Q
𩵼	Q
𩻆	Q
䱮	Q
鯡	Q
𩹀	Q
𩹓	Q
𩹠	Q
𩽊	Q
鮪	Q
鰖	Q
鰗	Q
𩷙	Q
𩷩	Q
䱳	Q
𩶦	Q
𩽔	Q
鮕	Q
鮖	Q
䰷	Q
𩶉	Q
𩶮	Q
𩸮	Q
𩽏	Q
䱞	Q
爒	Q
𩺚	Q
𩻻	Q
鮞	Q
鰆	Q
𦓟	Q
𩻞	Q
𩸞	Q
𩺙	Q
𩺦	Q
𨰥	Q
魷	Q
鮬	Q
鱤	Q
𩸆	Q
𩻺	Q
𤒧	Q
𪅞	Q
𩼂	Q
鯎	Q
鰄	Q
鰔	Q
𩽇	Q
鱖	Q
𩷟	Q
鱱	Q
𤟙	Q
𩵥	Q
䱆	Q
䱐	Q
鰀	Q
𩸣	Q
𩸤	Q
𩸀	Q
䱉	Q
𩵺	Q
𩶵	Q
鰩	Q
𩸐	Q
鱁	Q
𩶹	Q
鱫	Q
鮾	Q
𩹴	Q
魥	Q
𩷚	Q
𩷨	Q
𩷾	Q
𩼁	Q
魼	Q
𩵾	Q
𩸜	Q
𩹜	Q
𩻬	Q
𩻹	Q
𩽷	Q
䲖	Q
鮭	Q
鯥	Q
𤏝	Q
𩵘	Q
𩶬	Q
𩹞	Q
𩼛	Q
𩵚	Q
𩻅	Q
𩽅	Q
鯐	Q
𩵟	Q
䱈	Q
鮇	Q
䲋	Q
鯺	Q
鰭	Q
鱬	Q
𩵧	Q
鮚	Q
鱚	Q
𩹯	Q
𩼒	Q
鰪	Q
鱩	Q
𩷻	Q
𩽭	Q
鱝	Q
𩽆	Q
鮳	Q
𩷓	Q
𩸚	Q
𤍙	Q
𩷧	Q
𩽃	Q
𩽠	Q
䲅	Q
魭	Q
鱙	Q
鯪	Q
𩵝	Q
𩹛	Q
𩽮	Q
𩻭	Q
鱈	Q
䲌	Q
𩵩	Q
𩺘	Q
鮱	Q
鯄	Q
𩶄	Q
𩷏	Q
𨬭	Q
𩹐	Q
䱪	Q
鯖	Q
鑆	Q
鱄	Q
𩶨	Q
𩶪	Q
𩹲	Q
𩺧	Q
𩼷	Q
䱍	Q
䱎	Q
䲔	Q
魱	Q
魾	Q
𩵭	Q
𩸋	Q
𩺏	Q
𩺡	Q
䰽	Q
魳	Q
鮃	Q
𩶝	Q
𩹺	Q
鯟	Q
鰊	Q
𤐬	Q
𤒗	Q
𦠁	Q
𨬚	Q
𩵣	Q
䱨	Q
鯻	Q
鰽	Q
𩶽	Q
鯃	Q
鱷	Q
𩷵	Q
𩽗	Q
鰏	Q
䲚	Q
鰿	Q
𩼜	Q
𩼱	Q
䱖	Q
魨	Q
𩶏	Q
䲇	Q
𩺼	Q
鯁	Q
𨰛	Q
䱅	Q
𩹈	Q
䱏	Q
𩹝	Q
𩸸	Q
鮧	Q
𨭥	Q
𩶁	Q
𩺂	Q
鱺	Q
𩵷	Q
鏷	Q
鯆	Q
𩺹	Q
䱙	Q
鮍	Q
𩽐	Q
鱋	Q
𩶖	Q
𩽍	Q
𩻩	Q
𩽶	Q
鮛	Q
𩷖	Q
𩷹	Q
鮎	Q
䲐	Q
鱸	Q
鯱	Q
𩹰	Q
𩵿	Q
𩼇	Q
𩷪	Q
鱥	Q
𩺇	Q
𩶆	Q
鰬	Q
𩽩	Q
𩶴	Q
鮹	Q
𩹘	Q
𩺀	Q
𩼝	Q
鱨	Q
𩷽	Q
𩷈	Q
𩸛	Q
𩼉	Q
𩹳	Q
𩽳	Q
鮡	Q
𩶸	Q
𩻰	Q
魦	Q
鯋	Q
𩸦	Q
𩵖	Q
𨟇	Q
𩹡	Q
鰻	Q
魯	Q
鯉	Q
鰣	Q
𩷥	Q
𩺷	Q
䱇	Q
鯹	Q
魝	Q
鯷	Q
𠟛	Q
𩻱	Q
鯧	Q
鱪	Q
𩼞	Q
鰛	Q
𥃠	Q
鰨	Q
𣰯	Q
𩹄	Q
𪈂	Q
𩶳	Q
𩺣	Q
鯣	Q
鰑	Q
𩸄	Q
𩻋	Q
𩷑	Q
𩹽	Q
鯤	Q
𦠺	Q
鰅	Q
𩶥	Q
𩻠	Q
𩹫	Q
䱒	Q
𩻨	Q
𩷫	Q
𩸠	Q
鱓	Q
𩷣	Q
𩵙	Q
𩵵	Q
𩷤	Q
𩻂	Q
𩺅	Q
鰐	Q
𨬂	Q
𩽎	Q
鱢	Q
𩻙	Q
𩽴	Q
𩶭	Q
𩺑	Q
𩺩	Q
鯝	Q
𩶾	Q
鰃	Q
鱞	Q
𩹂	Q
𩻄	Q
𩼓	Q
𩼯	Q
魻	Q
𩼀	Q
鰥	Q
𩹌	Q
鱰	Q
𩼟	Q
鮰	Q
𩶛	Q
鰮	Q
鰓	Q
𩵓	Q
𩻤	Q
鰱	Q
䱿	Q
𩽋	Q
𩽞	Q
䱾	Q
鮂	Q
𣤿	Q
𩽰	Q
𩵤	Q
䱀	Q
鱡	Q
𩸶	Q
𩻲	Q
䱻	Q
𩼅	Q
𩶎	Q
鮋	Q
𩻃	Q
鰂	Q
𩹥	Q
鮦	Q
鯛	Q
𩹢	Q
𩽨	Q
𩸒	Q
𩽌	Q
䱩	Q
𩶠	Q
𩷒	Q
𩼣	Q
鰴	Q
䱺	Q
鱧	Q
鱦	Q
𩽢	Q
魶	Q
𩶩	Q
𩷘	Q
𩷜	Q
𩻣	Q
鰕	Q
𩷅	Q
䱟	Q
䱬	Q
䱼	Q
䲁	Q
鱂	Q
䱭	Q
䱴	Q
鮙	Q
𩹪	Q
鯴	Q
𩷐	Q
𩹕	Q
䰲	Q
魢	Q
𩵗	Q
𩷱	Q
𩷳	Q
𩷰	Q
鰼	Q
䲎	Q
鮅	Q
𩷊	Q
𩹉	Q
𩼎	Q
𩻝	Q
𩵽	Q
𡐩	Q
鱗	Q
𩼩	Q
䲏	Q
鐒	Q
𨭊	Q
𤎢	Q
𩸥	Q
𩺍	Q
鑅	Q
𩻑	Q
𩼋	Q
䱊	Q
錟	Q
𨯗	Q
𩵰	Q
𩶱	Q
𩸩	Q
𩹔	Q
𩼶	Q
鰘	Q
鰚	Q
𩸨	Q
鰰	Q
𩸎	Q
𩽜	Q
鯮	Q
鰫	Q
𩹃	Q
鯶	Q
𩵨	Q
𩼧	Q
𩷋	Q
𩸘	Q
魫	Q
鯇	Q
𩶂	Q
𩼵	Q
鮟	Q
鮀	Q
鮠	Q
鮣	Q
𩽂	Q
𩵻	Q
𩻈	Q
鱌	Q
𩷛	Q
𩷗	Q
𩸱	Q
䱢	Q
䲒	Q
鏻	Q
鯑	Q
𩵜	Q
𩶗	Q
𩽈	Q
鮈	Q
鰡	Q
𩺜	Q
鮑	Q
䱡	Q
䲆	Q
䲜	Q
鱻	Q
𦠹	Q
𩷎	Q
𩺰	Q
𩻫	Q
鮸	Q
𩵲	Q
𩶰	Q
𩷇	Q
魩	Q
𩶼	Q
鯼	Q
𩺕	Q
𩺥	Q
𩼕	Q
𩺒	Q
䱤	Q
𤎡	Q
𨨢	Q
𩵢	Q
魡	Q
𩶅	Q
𩸃	Q
𩽝	Q
魬	Q
𩷁	Q
𩷴	Q
𩸉	Q
𩹷	Q
𩹏	Q
䱝	Q
𩶑	Q
𩹭	Q
鮊	Q
鰉	Q
䰺	Q
𩵠	Q
𩸊	Q
鮢	Q
鰁	Q
鯯	Q
鮜	Q
𩺢	Q
𩷠	Q
𩺛	Q
𩽄	Q
𩻚	Q
𩻔	Q
䱑	Q
䱃	Q
䱄	Q
𩸗	Q
𩽤	Q
𩹬	Q
𩻿	Q
䱁	Q
鯂	Q
䰳	Q
鰾	Q
𩹟	Q
𩺲	Q
鱏	Q
魺	Q
𩹿	Q
𩻕	Q
𩺤	Q
𩸳	Q
鯠	Q
𩵦	Q
魠	Q
䰿	Q
䲙	Q
鯚	Q
𩷍	Q
𩺪	Q
𩽕	Q
𩽖	Q
𩶇	Q
𩼈	Q
𩶣	Q
䱰	Q
鮓	Q
𩵞	Q
𩵱	Q
𩸫	Q
𩹣	Q
𩺖	Q
鮏	Q
䲗	Q
𩶈	Q
𩷄	Q
𩷭	Q
𩸵	Q
鯀	Q
𩻴	Q
𩼽	Q
鯏	Q
鮥	Q
鯌	Q
鯦	Q
鱎	Q
𩸴	Q
㸋	Q
鱕	Q
𩶫	Q
𩵸	Q
䰴	Q
䲘	Q
魸	Q
魹	Q
𣮕	Q
𩼗	Q
鰍	Q
䱓	Q
鯅	Q
𩶟	Q
𩻥	Q
𩽲	Q
𩶤	Q
𩻌	Q
𩻳	Q
䲄	Q
鯓	Q
鰒	Q
鱵	Q
𩷦	Q
𩸢	Q
𩻐	Q
𩼌	Q
𩽚	Q
𩽣	Q
䱕	Q
鮗	Q
𩻒	Q
鯘	Q
𩸼	Q
𩹻	Q
䰻	Q
穌	Q
魞	Q
𩷸	Q
䱹	Q
鮩	Q
䱧	Q
𩻗	Q
𩽉	Q
鮮	Q
鱶	Q
𩻘	Q
鱃	Q
鱒	Q
𩵬	Q
𩶐	Q
𩻡	Q
鰌	Q
𩶘	Q
𩹁	Q
䱱	Q
𩷔	Q
𩸁	Q
𩺭	Q
𩽥	Q
䲕	Q
鱆	Q
鱛	Q
𩹎	Q
𩻾	Q
鱔	Q
𩸬	Q
𩷼	Q
𩺻	Q
𩸑	Q
鰜	Q
𤑃	Q
𩼖	Q
𩺝	Q
鮫	Q
鮵	Q
𩺿	Q
䲑	Q
鮷	Q
鯜	Q
𩹖	Q
鰦	Q
𩺋	Q
鰟	Q
𩹦	Q
鯽	Q
𩺐	Q
䱸	Q
鮼	Q
鱘	Q
𩺎	Q
𨩐	Q
𩶧	Q
𩻽	Q
𩽙	Q
鯞	Q
鱐	Q
䱚	Q
𩸙	Q
鮉	Q
鮶	Q
鯔	Q
魛	Q
鱲	Q
𩵍	Q
𤑩	Q
鰎	Q
𩻸	Q
鯢	Q
𩺺	Q
䲃	Q
𤑗	Q
𩷂	Q
鱮	Q
𩵕	Q
鮘	Q
鯩	Q
𩸍	Q
䰸	Q
魿	Q
鱍	Q
𩷆	Q
𩸿	Q
𩹨	Q
𩹹	Q
𩽧	Q
鮲	Q
鯸	Q
𩹍	Q
𩺟	Q
𩷲	Q
𩺫	Q
𩼿	Q
鮒	Q
鰤	Q
𩺨	Q
鰶	Q
魪	Q
鱠	Q
𩸈	Q
𩹑	Q
𩻶	Q
䱽	Q
鮯	Q
𩷝	Q
䰼	Q
䱵	Q
鯰	Q
𩸂	Q
𩻵	Q
鰞	Q
鵴	Q
鷠	Q
𩶻	Q
𩼾	Q
𩽬	Q
𩽯	Q
𩺬	Q
鯾	Q
𩵹	Q
𩶡	Q
𩸟	Q
𩸲	Q
𩽸	Q
鮴	Q
鰷	Q
䱔	Q
鮽	Q
魵	Q
𩻖	Q
䲓	Q
魤	Q
䱦	Q
魜	Q
𨿥	Q
𩵒	Q
鱜	Q
䱲	Q
𩼨	Q
𩸹	Q
鮄	Q
鮨	Q
𩽵	Q
䱂	Q
𩵏	Q
鱳	Q
𩷌	Q
鰯	Q
𩶋	Q
𩺶	Q
魮	Q
𩻼	Q
𩼍	Q
𩹾	Q
鯿	Q
䱶	Q
鯙	Q
𩹊	Q
𩸭	Q
𩻀	Q
𩷕	Q
𩼆	Q
䱣	Q
鱭	Q
𩸅	Q
𩼼	Q
鱣	Q
𩶃	Q
𩻏	Q
䲂	Q
鱅	Q
鯨	Q
鱇	Q
𩶙	Q
𧖞	Q
𩽱	Q
鰝	Q
𩹶	Q
𩹱	Q
魧	Q
䰶	Q
魲	Q
魴	Q
𤓏	Q
𩷉	Q
𩻟	Q
𩼔	Q
𩽁	Q
鯍	Q
𩶶	Q
𩹗	Q
䲈	Q
𩹇	Q
𩺽	Q
𩼤	Q
鯲	Q
𩷮	Q
鮌	Q
𤒣	Q
𩺮	Q
魰	Q
鯳	Q
𩶞	Q
𩽀	Q
鑧	Q
鋐	Q
𨧩	Q
𨯈	Q
鎋	Q
𨭋	Q
𡖷	Q
鎵	Q
𨰬	Q
䥂	Q
𨩶	Q
鑳	Q
錝	Q
𨭙	Q
鋎	Q
𨫕	Q
𨦦	Q
䥾	Q
鍹	Q
錠	Q
𨬬	Q
鑌	Q
𨰦	Q
𨰰	Q
夤	Q
鏔	Q
鍕	Q
䤟	Q
𨰔	Q
𨓝	Q
𨮘	Q
錧	Q
鑏	Q
䤹	Q
𨬄	Q
𨨀	Q
鋺	Q
𨨁	Q
鈂	Q
䥉	Q
𨦭	Q
䤩	Q
𨯶	Q
𨰧	Q
𨫃	Q
𨮄	Q
銨	Q
䥱	Q
𨨿	Q
𨩵	Q
𡙟	Q
𨨷	Q
𨫐	Q
鑔	Q
镲	Q
鏥	Q
鎔	Q
镕	Q
鑹	Q
𨬃	Q
𨫂	Q
𨨥	Q
𨩴	Q
𠤊	Q
䥃	Q
𨰆	Q
𢏃	Q
𠭟	Q
鉈	Q
鎺	Q
𨦂	Q
𨰋	Q
𦗦	Q
𦘉	Q
𦘌	Q
錉	Q
銽	Q
𧃪	Q
𢤌	Q
𨥌	Q
𡖾	Q
𨧍	Q
胷	Q
𡥈	Q
𨧓	Q
䤝	Q
卶	Q
𨛅	Q
𨥍	Q
𨪿	Q
𡖐	Q
𡦴	Q
𨧞	Q
鍐	Q
𨪕	Q
𧧿	Q
𡌪	Q
𡖤	Q
銫	Q
铯	Q
𠲅	Q
鈎	Q
𡖠	Q
䤥	Q
𨩀	Q
𡖪	Q
䤭	Q
𢂞	Q
𨪭	Q
𨭶	Q
𤽠	Q
䫂	Q
𩑛	Q
𡖮	Q
㷇	Q
𤐳	Q
𡦄	Q
爼	Q
𨮂	Q
𨱕	Q
𡖲	Q
㩼	Q
𢺽	Q
𡖻	Q
夡	Q
𡗊	Q
𨦾	Q
𡖧	Q
𡖯	Q
𣀿	Q
𤕝	Q
𤿓	Q
𡖞	Q
𧠔	Q
鉨	Q
鐌	Q
銁	Q
𠛄	Q
𠛫	Q
𤉥	Q
㚌	Q
鉤	Q
銘	Q
𡗈	Q
𨩯	Q
㚍	Q
鋔	Q
鑱	Q
镵	Q
𡗎	Q
𡖎	Q
𡖣	Q
𨌸	Q
𣪈	Q
𨩉	Q
𨑊	Q
𡖔	Q
𡖝	Q
𢁫	Q
㚋	Q
𡖿	Q
𡘅	Q
翗	Q
𤕟	Q
鉋	Q
铇	Q
𤭶	Q
𨥹	Q
鑥	Q
𠞎	Q
𡗅	Q
𤉧	Q
𤈕	Q
𨨠	Q
𨫗	Q
𨫷	Q
𤕠	Q
迻	Q
𡖢	Q
𡖓	Q
𤕞	Q
𡖨	Q
𡖟	Q
𡖜	Q
𢼬	Q
𧣡	Q
夠	Q
𨐃	Q
𨥸	Q
㸚	Q
金	Q
𠣨	Q
𨰻	Q
𢼫	Q
𡖒	Q
鉹	Q
𡖑	Q
鋾	Q
鍃	Q
鍯	Q
䥼	Q
鎩	Q
𣪩	Q
𠜽	Q
𨦅	Q
鉚	Q
𡖫	Q
𨮃	Q
𡖭	Q
𨭈	Q
𡖽	Q
𡖬	Q
𤕢	Q
𥟿	Q
𡖙	Q
𢼂	Q
𦍹	Q
鈞	Q
钧	Q
𨐔	Q
𩐞	Q
憌	Q
郺	Q
錎	Q
錚	Q
𨭝	Q
𨨽	Q
𡗁	Q
𡖱	Q
𨅠	Q
𣆾	Q
𢡮	Q
𩾾	Q
𪀩	Q
𢵡	Q
𨯎	Q
欽	Q
𥾥	Q
𤕥	Q
鍧	Q
𨮸	Q
鎦	Q
镏	Q
㚊	Q
釣	Q
𡗌	Q
𨥆	Q
𩒶	Q
𤬖	Q
鈑	Q
鈲	Q
𨥝	Q
𨱃	Q
𩑮	Q
䥿	Q
𦙑	Q
𢑼	Q
甮	Q
䝆	Q
䤨	Q
𨨲	Q
鍎	Q
锧	Q
𨮐	Q
𨦶	Q
𨨎	Q
鍠	Q
锽	Q
銗	Q
鋲	Q
𨨶	Q
䀜	Q
𨦧	Q
𨩢	Q
鈝	Q
𦅚	Q
𨪉	Q
𨪾	Q
釽	Q
𠤆	Q
𡭥	Q
䤼	Q
銖	Q
𨜗	Q
㫚	Q
曶	Q
𣊸	Q
䥟	Q
𠯳	Q
𨮧	Q
錦	Q
𡵶	Q
𨨪	Q
匋	Q
遙	Q
𨘺	Q
𤬍	Q
𢽨	Q
𨨔	Q
𨥊	Q
鎎	Q
𪂒	Q
兜	Q
𨩁	Q
𨑥	Q
𨪈	Q
𨍂	Q
𢛦	Q
鍁	Q
𣢊	Q
𨦬	Q
鑕	Q
𩓬	Q
𡠍	Q
𧟰	Q
錍	Q
𢜕	Q
㬟	Q
𨧌	Q
𣍐	Q
𩾲	Q
鉄	Q
𨫝	Q
𨫻	Q
𧥲	Q
𠤌	Q
𠡻	Q
怱	Q
䥞	Q
䥮	Q
𨮬	Q
𨧀	Q
鏢	Q
𨭚	Q
鉢	Q
𢼢	Q
𨩨	Q
鐔	Q
镡	Q
𥤔	Q
𨫜	Q
鈳	Q
𨧃	Q
鎶	Q
殺	Q
𤍁	Q
𨥼	Q
䥔	Q
錰	Q
鑻	Q
𩳃	Q
𨭣	Q
𨭺	Q
𨫊	Q
𨨦	Q
𨐖	Q
𨶓	Q
閷	Q
𨪁	Q
𪀣	Q
䥑	Q
𨮽	Q
錸	Q
弒	Q
剎	Q
𥻦	Q
𪄅	Q
𨯁	Q
𣏂	Q
鉥	Q
㹽	Q
𤞔	Q
𤞫	Q
𤞡	Q
獲	Q
㺇	Q
狨	Q
獏	Q
𤠉	Q
𤢑	Q
𤣊	Q
獴	Q
𤟔	Q
𤠇	Q
𤠿	Q
𤝿	Q
𤠹	Q
𤡞	Q
𨦟	Q
𤣢	Q
𤢁	Q
㺃	Q
𤠂	Q
𤠟	Q
𤠾	Q
𤢨	Q
㺝	Q
猫	Q
䤜	Q
獦	Q
𤝙	Q
𤞽	Q
𤢻	Q
𤣇	Q
𤠛	Q
𤠤	Q
𤣟	Q
玂	Q
犽	Q
狘	Q
𢦖	Q
猉	Q
獚	Q
𤞒	Q
𤡉	Q
獾	Q
𤡁	Q
𤢥	Q
𠨥	Q
𤠀	Q
𤣒	Q
𩥖	Q
𤡪	Q
𩛁	Q
𡊎	Q
㺦	Q
𠨣	Q
𤜭	Q
𤝵	Q
卯	Q
𤜡	Q
狲	Q
猻	Q
㺈	Q
𠛓	Q
猛	Q
𤝒	Q
乮	Q
犼	Q
鉇	Q
𢘴	Q
𢞭	Q
𤜣	Q
𤣆	Q
𤢩	Q
𨒖	Q
𤠴	Q
𨥫	Q
𤠥	Q
𤣈	Q
㺛	Q
𤝏	Q
𤝉	Q
𤡙	Q
㺑	Q
㹩	Q
𠧀	Q
𤡹	Q
犸	Q
𤝢	Q
𤡅	Q
𤠘	Q
𤠧	Q
獝	Q
𤜱	Q
猱	Q
𤞎	Q
狻	Q
𤝩	Q
𤠗	Q
獁	Q
𤜫	Q
𨯹	Q
𤟻	Q
𤢫	Q
𨪻	Q
𤜸	Q
𤞐	Q
𦗾	Q
𨛊	Q
𤝜	Q
猅	Q
猰	Q
𤟦	Q
𤟯	Q
𤢿	Q
狵	Q
猢	Q
𤡝	Q
𨯐	Q
狜	Q
銛	Q
铦	Q
㺡	Q
鋒	Q
獂	Q
獠	Q
𤞖	Q
㹮	Q
鑙	Q
𤡤	Q
𨮺	Q
𨯀	Q
猗	Q
鐈	Q
𤠬	Q
𨧐	Q
𤢃	Q
懖	Q
犹	Q
𤢙	Q
鏠	Q
𤢍	Q
𤠵	Q
㺂	Q
獉	Q
獶	Q
獿	Q
𤞉	Q
𤠽	Q
𤡏	Q
𤡫	Q
𨮼	Q
𤣖	Q
狹	Q
獗	Q
犾	Q
鉃	Q
𤝁	Q
𤢵	Q
𨥜	Q
𤞲	Q
猨	Q
𤟗	Q
𤠓	Q
𤞝	Q
𤞙	Q
狙	Q
猙	Q
𠣘	Q
𤠄	Q
𤞩	Q
𤟣	Q
猺	Q
銹	Q
锈	Q
𤜠	Q
𤢦	Q
㺔	Q
𤟖	Q
𤜯	Q
𤞱	Q
𤣕	Q
𨦞	Q
㹲	Q
㹤	Q
銩	Q
铥	Q
𤞿	Q
𤠱	Q
𨯕	Q
猿	Q
𤡭	Q
𠤄	Q
𤞇	Q
𤞯	Q
𤠰	Q
𤡶	Q
𤢬	Q
𨬻	Q
鈓	Q
𤢷	Q
𤣋	Q
𨪹	Q
犴	Q
釺	Q
狋	Q
猪	Q
獳	Q
𨮿	Q
𨯩	Q
狤	Q
鋯	Q
锆	Q
𤢀	Q
𤣍	Q
𨬼	Q
𤠡	Q
𤢗	Q
獖	Q
鑽	Q
𤢺	Q
𨪺	Q
𤠳	Q
㺚	Q
鋌	Q
铤	Q
獟	Q
銑	Q
铣	Q
𤝂	Q
𤝌	Q
橥	Q
犲	Q
𤡬	Q
鍤	Q
锸	Q
𤠶	Q
𤣤	Q
狫	Q
𨧰	Q
㺢	Q
𤜮	Q
𤞰	Q
㹵	Q
𤜵	Q
𤞬	Q
𤟨	Q
𨚄	Q
𤞤	Q
猜	Q
猼	Q
錘	Q
鍾	Q
锤	Q
锺	Q
𤜚	Q
𤞂	Q
𤞢	Q
𤣐	Q
𨪰	Q
夝	Q
狉	Q
狟	Q
鉎	Q
𤜷	Q
𤞈	Q
𤞸	Q
𤡰	Q
𤢋	Q
𤣔	Q
𨩰	Q
𨯏	Q
犻	Q
𤜳	Q
𤟃	Q
𤟷	Q
𨨨	Q
鏼	Q
𤟈	Q
𤠚	Q
𨧺	Q
𤉴	Q
𤞊	Q
𤟰	Q
𤡐	Q
𤣝	Q
㹳	Q
𤞜	Q
𤠃	Q
𤠅	Q
𤡼	Q
㺓	Q
獭	Q
獺	Q
𨪸	Q
㤮	Q
㹠	Q
钅	Q
𢢐	Q
鑂	Q
鵟	Q
𩷬	Q
逛	Q
𨖢	Q
㹬	Q
㹴	Q
獮	Q
𤟬	Q
獓	Q
𤡳	Q
𤞟	Q
㹫	Q
狭	Q
𤡃	Q
𤡻	Q
𤝃	Q
𤞨	Q
𤣗	Q
𤫏	Q
𨿗	Q
㺣	Q
𨮰	Q
狓	Q
玃	Q
𤢓	Q
鈼	Q
𤡣	Q
𨪽	Q
𤟝	Q
𨰭	Q
㹿	Q
䥷	Q
𤝓	Q
獹	Q
猇	Q
鎴	Q
鋋	Q
𤞭	Q
𨰉	Q
䥡	Q
鎳	Q
𤠌	Q
獩	Q
𤝭	Q
𤣓	Q
𤞚	Q
猟	Q
㹺	Q
𤢎	Q
𤣞	Q
㹰	Q
狣	Q
𤡷	Q
猀	Q
𤢄	Q
𤝎	Q
𤞾	Q
𤡒	Q
獌	Q
𤡠	Q
狸	Q
猂	Q
𤠺	Q
狚	Q
猩	Q
𤝍	Q
狮	Q
鋓	Q
𤝚	Q
𤞋	Q
𤟥	Q
猖	Q
𤞹	Q
猲	Q
𢟆	Q
𤠐	Q
𤟍	Q
猓	Q
鏫	Q
鍑	Q
𠣴	Q
𤟸	Q
𤢔	Q
㹭	Q
猑	Q
𤟹	Q
𤢞	Q
𤝲	Q
狷	Q
𤟕	Q
㺗	Q
鉻	Q
𨨛	Q
㹱	Q
狆	Q
㺧	Q
𤞪	Q
𤢊	Q
𤣠	Q
𤣣	Q
𤠔	Q
𤡱	Q
𤝐	Q
𤡟	Q
𤞥	Q
𤢖	Q
玁	Q
𨫙	Q
𤝖	Q
𤝱	Q
𨩬	Q
𨮱	Q
猥	Q
猬	Q
獧	Q
𤢟	Q
𤝗	Q
𤡓	Q
𤣡	Q
𤡂	Q
獨	Q
㹢	Q
𤞑	Q
𤢹	Q
鏓	Q
𤜜	Q
𤟧	Q
𨮁	Q
𪈌	Q
猡	Q
獑	Q
𤞧	Q
𤠎	Q
𤡄	Q
𨦱	Q
㺏	Q
𤡋	Q
𨬹	Q
鎞	Q
玀	Q
𤝈	Q
𤣚	Q
𨦯	Q
㹧	Q
鐭	Q
㺜	Q
𤝫	Q
𤞕	Q
𤟉	Q
㹨	Q
㹪	Q
鉓	Q
𤜬	Q
𤢠	Q
狦	Q
猦	Q
猯	Q
匔	Q
狪	Q
猧	Q
銄	Q
𤣑	Q
𨬎	Q
鋵	Q
𢞪	Q
𤜝	Q
𪚪	Q
𤞃	Q
䥩	Q
銵	Q
鎫	Q
𤟺	Q
𤠦	Q
𨱖	Q
𤠲	Q
𤣁	Q
𤣎	Q
猠	Q
匑	Q
𠤂	Q
狈	Q
狽	Q
獕	Q
𤜦	Q
𤜽	Q
𨪗	Q
𤝺	Q
猳	Q
㺒	Q
𤟠	Q
狃	Q
𤜢	Q
猸	Q
𤜟	Q
𤜾	Q
𥃃	Q
峱	Q
𤟎	Q
釳	Q
𠑼	Q
𤜛	Q
𤡧	Q
𨰿	Q
㺖	Q
𤜿	Q
𤞁	Q
𨥦	Q
𤢣	Q
㹟	Q
狔	Q
㺟	Q
夕	Q
𨰪	Q
獜	Q
𤢯	Q
鐇	Q
悐	Q
鏭	Q
𤟇	Q
逖	Q
𠜓	Q
𤠋	Q
狄	Q
獛	Q
鍬	Q
𤝸	Q
𤟄	Q
𤟊	Q
𤟫	Q
𤟪	Q
𤢆	Q
狩	Q
𤞶	Q
𤡺	Q
𤟿	Q
猔	Q
𤢸	Q
𤟤	Q
㺙	Q
獱	Q
𤞌	Q
𤢱	Q
𤡗	Q
𤢧	Q
𤜴	Q
𤞵	Q
獰	Q
𤡛	Q
猽	Q
𤝨	Q
㺍	Q
狖	Q
𤝛	Q
𤢶	Q
㺠	Q
𤣛	Q
𨥧	Q
㹝	Q
㺅	Q
𤞴	Q
𤡸	Q
𤢲	Q
狰	Q
狶	Q
獬	Q
狝	Q
鑗	Q
狥	Q
𤟆	Q
𤣃	Q
𤞳	Q
𤠑	Q
𨯸	Q
㺀	Q
狍	Q
㹼	Q
𤡮	Q
𤢅	Q
𤝻	Q
𨬏	Q
猣	Q
𢼥	Q
𤜩	Q
𤠮	Q
𤜼	Q
𤟅	Q
𤟳	Q
𤝆	Q
㺥	Q
犳	Q
𤝇	Q
𤝬	Q
𤞠	Q
𤟛	Q
𤟼	Q
䥏	Q
𣂬	Q
𤞅	Q
猈	Q
獆	Q
獔	Q
狛	Q
𤟡	Q
㹞	Q
𤝹	Q
𨯣	Q
猘	Q
𤢽	Q
𨨳	Q
㹸	Q
狾	Q
獥	Q
鋨	Q
锇	Q
𤜶	Q
𤞏	Q
𤡑	Q
𤠙	Q
𤢂	Q
𤠫	Q
猍	Q
狇	Q
𤝞	Q
𤜤	Q
𤜨	Q
狏	Q
𤠍	Q
狧	Q
狅	Q
獋	Q
𤠭	Q
狌	Q
𤜺	Q
𤝘	Q
𤝥	Q
𤝷	Q
𤝼	Q
𤡆	Q
𤢇	Q
𤢘	Q
𤢳	Q
㹾	Q
狢	Q
獢	Q
𤞺	Q
㺕	Q
犵	Q
𤝄	Q
獯	Q
㹶	Q
狿	Q
𤝑	Q
𤞓	Q
𤞆	Q
𠣾	Q
𤟱	Q
㹣	Q
𤞦	Q
㹻	Q
𤠞	Q
𨯥	Q
𤝴	Q
𤠝	Q
𤡲	Q
𤣀	Q
獇	Q
𤠻	Q
𤢮	Q
𦍕	Q
𪚓	Q
𤡥	Q
𨰓	Q
獞	Q
𤝪	Q
猶	Q
䤣	Q
𤟾	Q
𤠁	Q
𧿗	Q
𤡀	Q
獐	Q
𤟟	Q
𨰝	Q
獈	Q
𤟋	Q
㺊	Q
猐	Q
𤡌	Q
𤢛	Q
㺌	Q
𤢼	Q
𨪯	Q
獍	Q
𤞄	Q
𤡦	Q
獙	Q
𤣙	Q
𤟲	Q
鉖	Q
𤠈	Q
卿	Q
𨜊	Q
𪙈	Q
獀	Q
𤟚	Q
𤡘	Q
𡍭	Q
𤝊	Q
錗	Q
𢑏	Q
𤝽	Q
𤠏	Q
𨬾	Q
𤟘	Q
𤟁	Q
㹦	Q
𤝾	Q
𤞍	Q
犰	Q
獵	Q
𤡡	Q
𤢡	Q
𤢪	Q
獡	Q
𤡯	Q
㺁	Q
猊	Q
𤡚	Q
㺐	Q
㺞	Q
犱	Q
𤣌	Q
狑	Q
狯	Q
𤝅	Q
𤢌	Q
猤	Q
𤝯	Q
𤠒	Q
𤠣	Q
𤣜	Q
𤝔	Q
𤞘	Q
𨭇	Q
㺤	Q
獅	Q
鏦	Q
𤞗	Q
猃	Q
𤝝	Q
㺄	Q
獪	Q
𤢾	Q
猞	Q
獊	Q
𤝰	Q
𤞞	Q
𤞻	Q
㺋	Q
𤜰	Q
㺘	Q
𤡕	Q
㹯	Q
𤡔	Q
狳	Q
𤝦	Q
𤝳	Q
𤢈	Q
獫	Q
猚	Q
𤜞	Q
𤝧	Q
猭	Q
狴	Q
𤝠	Q
猕	Q
𤡨	Q
狕	Q
獼	Q
𤢴	Q
鋂	Q
𤝕	Q
𤜻	Q
猵	Q
𤟽	Q
𤠸	Q
𨜮	Q
𤡢	Q
𨯽	Q
狱	Q
獄	Q
𤟑	Q
猏	Q
獽	Q
𤟂	Q
𤠆	Q
𤠠	Q
𤢢	Q
𤢭	Q
猝	Q
𤡈	Q
㹥	Q
狺	Q
釒	Q
𤢏	Q
㺎	Q
犿	Q
猄	Q
𤝣	Q
𤞼	Q
𤠖	Q
𤠯	Q
𤠕	Q
𤢰	Q
㺆	Q
犺	Q
𡽺	Q
𢠃	Q
𤜪	Q
𤝤	Q
𤡇	Q
鸑	Q
𤡍	Q
𤢒	Q
𤣄	Q
𤠜	Q
𤡖	Q
𤜥	Q
𤞀	Q
犷	Q
獤	Q
𠤇	Q
𤢉	Q
𤢤	Q
㹹	Q
獷	Q
㹡	Q
𤡊	Q
釞	Q
𤝋	Q
𤢐	Q
𩁓	Q
鉼	Q
𨧂	Q
鎙	Q
鎈	Q
錈	Q
锩	Q
𨦡	Q
𨧘	Q
䦅	Q
鐥	Q
錓	Q
鎹	Q
鑨	Q
𨭢	Q
𨪙	Q
鐗	Q
鎆	Q
鐩	Q
𨪂	Q
𡉲	Q
斘	Q
鈄	Q
鉡	Q
𨰎	Q
鐦	Q
锎	Q
𨪢	Q
鎂	Q
𨬔	Q
𨬣	Q
鑭	Q
镧	Q
𨯆	Q
𨩍	Q
𨬢	Q
𢻸	Q
鐘	Q
鐧	Q
锏	Q
鏱	Q
鐿	Q
镱	Q
𨰏	Q
鏡	Q
𣤣	Q
𨮈	Q
𠣭	Q
錇	Q
锫	Q
𦅹	Q
䥨	Q
鋭	Q
鏳	Q
鏑	Q
𨫢	Q
𨮹	Q
䥕	Q
𨬁	Q
鐠	Q
鍗	Q
𨬙	Q
鎊	Q
锵	Q
𨥒	Q
𨩲	Q
𠣢	Q
鉸	Q
䥖	Q
鐏	Q
𨱔	Q
𨩊	Q
𨪆	Q
𨯦	Q
𨭩	Q
䥜	Q
𨪏	Q
𨩱	Q
鏟	Q
䥥	Q
𨭪	Q
𢼇	Q
𨨧	Q
鎌	Q
𨩳	Q
鎰	Q
𩿃	Q
㔨	Q
𨩈	Q
鉳	Q
𨭨	Q
銻	Q
鎡	Q
镃	Q
𧦇	Q
𢎍	Q
鐞	Q
𡖖	Q
𡖥	Q
匓	Q
𠣹	Q
𩓟	Q
𤋣	Q
𠜞	Q
𨨂	Q
𢣰	Q
𪇩	Q
銀	Q
銉	Q
𨨓	Q
鏽	Q
鍵	Q
键	Q
𦥢	Q
𧢗	Q
𨛰	Q
皱	Q
鎪	Q
锼	Q
𢽣	Q
𤿷	Q
𩓞	Q
𠝎	Q
𨩤	Q
𨪮	Q
録	Q
𡮅	Q
𠜼	Q
鏁	Q
鉊	Q
銣	Q
𤱚	Q
錙	Q
鑞	Q
镴	Q
𨭾	Q
鎻	Q
𨭿	Q
𪂺	Q
燄	Q
鋟	Q
𨧪	Q
𥦶	Q
鹐	Q
𦥵	Q
欿	Q
𢎓	Q
𢨓	Q
𨮉	Q
𨧡	Q
𡺧	Q
𢞀	Q
㷺	Q
𤍹	Q
𨥠	Q
𢽶	Q
鵮	Q
𩿿	Q
𨧟	Q
釰	Q
釻	Q
釼	Q
𨨐	Q
䤦	Q
𨥶	Q
鎓	Q
𨨟	Q
𨦣	Q
鈆	Q
𨦏	Q
鍛	Q
𤝀	Q
𨦛	Q
鉁	Q
𨱅	Q
𨯰	Q
𠣒	Q
𨦁	Q
𨥞	Q
𨯾	Q
𨨝	Q
𨰷	Q
𨯺	Q
𨰐	Q
𨰨	Q
𧤁	Q
𨮔	Q
𨯵	Q
鉜	Q
𨦓	Q
錀	Q
鑰	Q
鍨	Q
銓	Q
鍮	Q
𨭗	Q
𨱎	Q
匌	Q
鉿	Q
铪	Q
𨫸	Q
𨥟	Q
𨮋	Q
𨩫	Q
𨮴	Q
𨯡	Q
鎿	Q
镎	Q
鐙	Q
镫	Q
𨭕	Q
鐱	Q
𨰇	Q
鎀	Q
鏅	Q
𪈵	Q
鉩	Q
𠣡	Q
𨧝	Q
𨫖	Q
𨫁	Q
銳	Q
𨩚	Q
𣪄	Q
𨨻	Q
𨮑	Q
鍭	Q
鎢	Q
鎚	Q
匃	Q
𨮓	Q
𨦪	Q
𣣛	Q
𨨞	Q
𣢐	Q
𣣓	Q
銝	Q
銋	Q
𨯑	Q
𨯖	Q
𨩣	Q
鈖	Q
𨥐	Q
鵭	Q
𩾘	Q
𨫡	Q
𨫅	Q
銼	Q
鑯	Q
𠤈	Q
䥘	Q
鋊	Q
𪆍	Q
𨪼	Q
𨯘	Q
𨥎	Q
鏺	Q
鈋	Q
𨱂	Q
鈴	Q
铃	Q
𨰚	Q
𨮀	Q
鎸	Q
镌	Q
飧	Q
𨩭	Q
𩚏	Q
鎨	Q
𨾞	Q
錐	Q
鋡	Q
鎗	Q
鐫	Q
鈐	Q
錜	Q
钤	Q
鐎	Q
𨱓	Q
鏶	Q
𨷫	Q
𨬺	Q
𨥺	Q
𨫫	Q
䤸	Q
鐑	Q
鏆	Q
𨱌	Q
錄	Q
鉧	Q
鈏	Q
鈟	Q
𨧙	Q
鎭	Q
𦂞	Q
銯	Q
鉘	Q
鐨	Q
鏹	Q
𤆫	Q
𨨮	Q
𨮨	Q
鑠	Q
𨪤	Q
𨰙	Q
鈚	Q
鍇	Q
鐖	Q
𨩸	Q
𨰽	Q
𨰼	Q
𨰺	Q
𦣐	Q
𨧻	Q
鍍	Q
𢆩	Q
鏣	Q
鑛	Q
錞	Q
𨧤	Q
䥋	Q
𨬤	Q
鐓	Q
𨪡	Q
錥	Q
𦚯	Q
𨪞	Q
𨬨	Q
𨫤	Q
銃	Q
鋶	Q
锍	Q
𣃋	Q
𨧲	Q
鉱	Q
𧧙	Q
𨬦	Q
𨧗	Q
銥	Q
鎄	Q
锿	Q
𨰸	Q
𨯇	Q
𠥾	Q
𠣕	Q
鉒	Q
𡷊	Q
𢻭	Q
𤿈	Q
鍄	Q
𨱉	Q
𨰮	Q
𨮻	Q
𨯢	Q
鑇	Q
鑲	Q
𨪟	Q
𨫚	Q
𨦽	Q
𠣸	Q
𨬧	Q
𨭖	Q
𨮍	Q
鈰	Q
铈	Q
𡵁	Q
鎬	Q
𠶰	Q
鈧	Q
钪	Q
鍽	Q
鹱	Q
錑	Q
袅	Q
𨮛	Q
𨮞	Q
鸟	Q
𪉓	Q
𨭤	Q
𨥭	Q
䥰	Q
𨨸	Q
𨩮	Q
凫	Q
岛	Q
䥇	Q
䦂	Q
釯	Q
鑣	Q
镳	Q
𨯄	Q
𪇤	Q
枭	Q
鈩	Q
𨯙	Q
𪉇	Q
𪉕	Q
匄	Q
𨦩	Q
䤤	Q
𪉁	Q
䥝	Q
鏕	Q
鸵	Q
麁	Q
𨰅	Q
𨯤	Q
𨰊	Q
𨰠	Q
𨩌	Q
粂	Q
𤆐	Q
䢣	Q
𨖈	Q
𨮙	Q
𡖴	Q
𨩎	Q
𨪃	Q
𡖸	Q
𠤓	Q
𣤍	Q
𨰞	Q
𨬈	Q
𨧖	Q
孵	Q
鍦	Q
毈	Q
鏃	Q
镞	Q
𠷞	Q
𠂑	Q
𠣐	Q
銂	Q
鏇	Q
镟	Q
䌛	Q
贕	Q
㤻	Q
邎	Q
𨫆	Q
𨧋	Q
𢑉	Q
鐮	Q
鄮	Q
鎯	Q
𨞌	Q
𨱍	Q
𥀓	Q
𡚰	Q
鋃	Q
锒	Q
鹠	Q
𡚮	Q
𡚷	Q
𪓸	Q
鏞	Q
镛	Q
𠝈	Q
鏮	Q
劉	Q
𠠇	Q
𧔳	Q
𩙔	Q
鎕	Q
留	Q
𥁚	Q
貿	Q
𩔲	Q
𢤐	Q
鶹	Q
𪆱	Q
遛	Q
斵	Q
𣃃	Q
𨬅	Q
錊	Q
𨫈	Q
𨨡	Q
䤳	Q
𨾉	Q
𨫏	Q
鏲	Q
𨩏	Q
𠣖	Q
𧪬	Q
鉉	Q
𢬿	R
𢴚	R
𢹹	R
擛	R
𢯆	R
搑	R
𢹵	R
𢱝	R
𢱞	R
𢴝	R
𢰥	R
𢯓	R
𢳠	R
𢱗	R
掿	R
𢴦	R
揕	R
𢫨	R
𢰝	R
掑	R
𢯽	R
𢵛	R
𢺐	R
拑	R
𢯹	R
𢵇	R
𢵎	R
擆	R
𢴯	R
𢳝	R
𢷞	R
𢴧	R
𢳌	R
𢯥	R
𢱖	R
𢶤	R
撶	R
皣	R
𢬤	R
𢯨	R
𤾹	R
𢯒	R
𢰚	R
𢫚	R
𢹜	R
捓	R
摼	R
𢱁	R
挋	R
㩜	R
𢸒	R
攬	R
𢴡	R
㧎	R
𢰫	R
擓	R
𨝨	R
摸	R
𢸓	R
𢺉	R
擖	R
𢶭	R
𢸆	R
𢵵	R
揠	R
𢶯	R
𢷯	R
㨷	R
掝	R
摳	R
𢷴	R
𢵖	R
㩰	R
擹	R
𢴁	R
㩲	R
攤	R
𢲊	R
㩢	R
𣪞	R
𢰶	R
㧜	R
𢶻	R
𢺃	R
𣃐	R
㨅	R
撗	R
㨺	R
摃	R
𢭾	R
𢲄	R
抴	R
𢪞	R
揲	R
拣	R
㩚	R
𤾬	R
㨲	R
𤾔	R
摕	R
㨚	R
撍	R
𢵘	R
𤾶	R
𢪑	R
𢯿	R
𢶰	R
𢵗	R
𢹘	R
擏	R
𣢴	R
𢵭	R
𢸚	R
挠	R
𢺤	R
𢸳	R
𢪃	R
𢺍	R
擭	R
𢰆	R
𢶬	R
𤾴	R
攃	R
𢰀	R
搭	R
𢮻	R
𤾼	R
𢸺	R
𢺊	R
搽	R
𢵙	R
𢴉	R
𢹕	R
𢯘	R
㨤	R
𢺝	R
𢺇	R
𢴂	R
𢳑	R
𢮷	R
𤾸	R
𢲧	R
𢲦	R
攝	R
摄	R
𢷗	R
掫	R
撱	R
𢮋	R
𢶽	R
𢭫	R
𢩯	R
𢴟	R
𢷎	R
𢹄	R
𢲮	R
𢱟	R
𧠏	R
𢯈	R
摂	R
𢪹	R
𢫂	R
𢫒	R
𢶫	R
掹	R
𢳞	R
𢮬	R
𢪬	R
𢬴	R
𢲠	R
𢮩	R
𢶛	R
搎	R
𢺭	R
𢵑	R
𢵌	R
𢵩	R
𢲢	R
𠂘	R
𢱙	R
𢩴	R
𢶚	R
𨞲	R
𢵮	R
揉	R
𢬏	R
摻	R
𢶣	R
𢴱	R
撡	R
搡	R
㧐	R
𢮥	R
㨧	R
撪	R
𩒒	R
𢰭	R
𢳟	R
㨢	R
𢷭	R
𡊃	R
𢫞	R
𢫊	R
𠪻	R
𡭍	R
㧠	R
掻	R
𢰾	R
𥁬	R
𠠻	R
𣪕	R
𦓙	R
𢬟	R
抁	R
𤿄	R
𢫺	R
𩿔	R
捘	R
𤽭	R
𥾩	R
𤬊	R
𤫵	R
𤫮	R
𤫾	R
𤬅	R
𤬞	R
𦤻	R
𤫬	R
𤬎	R
𤫺	R
㼖	R
搔	R
瓥	R
𠛒	R
𢸪	R
𤫰	R
𤫳	R
𤬋	R
𤬙	R
𤬒	R
𤬜	R
𥂻	R
𠙙	R
𤬔	R
瓟	R
𤫭	R
𤫸	R
㼓	R
𤬚	R
𪀅	R
𨘖	R
㼉	R
㼎	R
𤫽	R
𤬕	R
㼒	R
𤫼	R
𤬀	R
瓞	R
𣢚	R
㼌	R
扠	R
瓝	R
𢮞	R
𤬑	R
𤬠	R
㨊	R
𢀠	R
𢺌	R
𢱕	R
抜	R
㩡	R
𤽫	R
𩓃	R
𢳒	R
𢬍	R
𢹚	R
𢰮	R
擾	R
掁	R
捹	R
䣗	R
𢺪	R
㨒	R
捱	R
搙	R
𤾖	R
拜	R
拝	R
捺	R
撦	R
皋	R
𠺃	R
䫧	R
挎	R
䳲	R
鷎	R
䚌	R
摦	R
撼	R
㨔	R
揻	R
搣	R
𢬮	R
𢰟	R
拵	R
揳	R
𢪋	R
𢴲	R
㩨	R
𢷾	R
𢲞	R
摵	R
𢹎	R
𢺕	R
㨹	R
𢮉	R
揼	R
擫	R
𤾅	R
𢹥	R
𢫦	R
𤽟	R
掩	R
𢴾	R
𢸹	R
𢵪	R
𢸊	R
𢱪	R
𤾘	R
𤽘	R
𢫉	R
㨎	R
𤽻	R
㡍	R
抪	R
㧫	R
頎	R
𢭛	R
𩑻	R
拋	R
𢪜	R
㧔	R
𤽷	R
拻	R
𢭪	R
摤	R
𤽖	R
挷	R
𢫳	R
𢭏	R
𤽯	R
𢹠	R
㿨	R
攊	R
𢰴	R
𢱂	R
𢰒	R
𢲅	R
撅	R
𢶩	R
揍	R
㿤	R
𢰦	R
𢳨	R
𢺨	R
𢫲	R
搸	R
摏	R
挾	R
𤽬	R
𢪦	R
𢭘	R
扙	R
𢪯	R
𢭊	R
𢷍	R
𢱄	R
捊	R
𢫡	R
𢯚	R
㨕	R
𢮤	R
𢱹	R
掤	R
𢷝	R
𢷕	R
𢭺	R
揺	R
𢷁	R
𢸗	R
捋	R
𢯉	R
抯	R
𢭟	R
覛	R
𧠨	R
𤾽	R
㩊	R
㩱	R
皭	R
𢯳	R
𢰏	R
𤿃	R
皧	R
𢳻	R
𢴊	R
𢲰	R
𢵁	R
𠃄	R
𢳸	R
𣓞	R
挅	R
採	R
𧖴	R
撝	R
𤾡	R
𢲂	R
𢵾	R
𢴎	R
挼	R
搯	R
掙	R
𢺎	R
㨙	R
㧻	R
扱	R
𢪳	R
𢳭	R
𢺞	R
𢱭	R
㩥	R
𢶋	R
𢴢	R
𢱴	R
擮	R
𢭙	R
搕	R
𢬱	R
𢶳	R
𤽎	R
抎	R
抾	R
𢺼	R
𤽑	R
𢸍	R
擩	R
𤾐	R
𢵆	R
𢿎	R
挂	R
𢳎	R
掛	R
𢸀	R
𠦛	R
摴	R
撓	R
皢	R
𢴽	R
𢴪	R
𢧕	R
瞂	R
𤟢	R
𡐠	R
𡬉	R
㨁	R
𢵒	R
𢸋	R
攧	R
鶞	R
遁	R
𢵼	R
𢹤	R
搷	R
𢺗	R
𩀐	R
𢺓	R
抺	R
捄	R
𤽜	R
撠	R
𢴿	R
搆	R
𢲪	R
𢲱	R
𢯟	R
𢪝	R
𢵕	R
𢸲	R
㨴	R
㨬	R
𢵓	R
擡	R
𢹝	R
𤾻	R
𢮌	R
撷	R
擷	R
𤾮	R
𢰯	R
𢺰	R
𤿅	R
𢶪	R
𢭡	R
𢷺	R
擜	R
揇	R
乕	R
貭	R
逓	R
㿧	R
擣	R
𢬹	R
𢷬	R
扝	R
𤽗	R
𢷓	R
𢲳	R
捇	R
挬	R
𢷐	R
𢷟	R
𢱢	R
𢭜	R
𢷌	R
撎	R
抏	R
𢶉	R
𢷛	R
𢫖	R
𢮔	R
𢹩	R
𢭦	R
𢵋	R
𤽴	R
𢳩	R
㨋	R
搘	R
𢩱	R
㧯	R
撻	R
𢹗	R
𢴇	R
𢱷	R
𢳬	R
㩕	R
𤾨	R
𢯅	R
撵	R
攆	R
攅	R
𢶄	R
𢸱	R
摫	R
掕	R
𢷇	R
𢏪	R
攉	R
皬	R
𢳊	R
𢮇	R
𢭷	R
挵	R
𢯞	R
𪏓	R
𨜔	R
𦓚	R
扽	R
卮	R
𠃃	R
𠨗	R
𢰗	R
挃	R
𡭐	R
𢰙	R
捯	R
𢸰	R
𦓝	R
㨖	R
𢸩	R
巵	R
𢫻	R
𢬌	R
㩑	R
𢶍	R
㧷	R
𩔇	R
掭	R
搏	R
掅	R
皘	R
𨕝	R
㩤	R
𢱿	R
㧼	R
𡊣	R
掗	R
扜	R
𢭅	R
𤽢	R
𧏁	R
𠂮	R
𢪪	R
𢵣	R
𢳃	R
𢩹	R
抷	R
𢱉	R
㧵	R
皝	R
𢴓	R
抔	R
摶	R
𢲖	R
𢬎	R
㨂	R
㩅	R
𢴥	R
挭	R
皩	R
𣉠	R
𢮮	R
𢮛	R
郈	R
𠵳	R
𨚬	R
攮	R
垕	R
𤾺	R
捂	R
搹	R
捒	R
𢱠	R
𢷜	R
㨽	R
揦	R
𢰎	R
𤽒	R
𠵲	R
劶	R
揊	R
攋	R
𢸸	R
𪃫	R
逅	R
𢳪	R
𢳮	R
𢸨	R
𢳯	R
𢭃	R
摗	R
𣢨	R
㩖	R
𤽧	R
揀	R
𢳍	R
𢮨	R
𢯬	R
𢰁	R
㧊	R
𤽌	R
拺	R
𢮳	R
𢲵	R
𩓥	R
𢪁	R
𨔄	R
𢷡	R
𢲆	R
抦	R
攦	R
掚	R
皟	R
𤾀	R
𠬿	R
𦚌	R
𠂰	R
𢁺	R
㧚	R
㼟	R
𢩨	R
𠃘	R
屔	R
𢴃	R
挜	R
搢	R
𢮴	R
𤽅	R
𢫮	R
𢲬	R
挒	R
扤	R
𢱽	R
𢲀	R
𢳗	R
𢵍	R
𢳆	R
𣢥	R
𤽨	R
𢪰	R
𤾲	R
皌	R
𥠟	R
𤾑	R
抨	R
挳	R
𢰬	R
𤾭	R
捿	R
𨛪	R
𢻞	R
䳨	R
𩿨	R
𢶘	R
擟	R
𠔊	R
𤿂	R
𢪔	R
㨞	R
挗	R
𢲔	R
𢴬	R
𢫛	R
㩬	R
𢨛	R
𢹍	R
㩵	R
據	R
𢰵	R
䴘	R
摣	R
𢳛	R
𢴮	R
𢸉	R
摢	R
𢯯	R
𢳵	R
𠞄	R
擄	R
攎	R
㨿	R
䖐	R
䫢	R
虒	R
𢮎	R
𤽾	R
摅	R
攄	R
𪕻	R
鷉	R
遞	R
𢺂	R
𢶐	R
歋	R
㨜	R
㩀	R
䣃	R
𢸡	R
𨓴	R
𢱺	R
𢷧	R
𢪊	R
𤽐	R
掯	R
𤮬	R
𨚶	R
𨚽	R
𤽓	R
鵇	R
𢆫	R
𢧚	R
𢆘	R
𤼿	R
𢫋	R
挊	R
𤽆	R
𦉑	R
𢺱	R
𦉋	R
㩴	R
拤	R
𢳴	R
掓	R
𢹟	R
捗	R
𦉡	R
𢮸	R
吿	R
拈	R
𨁘	R
𢜋	R
𤭥	R
𢰷	R
𢺬	R
𢲸	R
𣪦	R
揁	R
𢪀	R
𢫘	R
𢯵	R
𨑴	R
𢴴	R
挸	R
𢷂	R
欫	R
𢰿	R
𤘧	R
𤛭	R
𨌾	R
犇	R
𢵏	R
㨗	R
𢵴	R
𠛺	R
𩛒	R
𢮭	R
㧗	R
皉	R
㸕	R
爬	R
𤓶	R
𤔀	R
𤔮	R
𦧍	R
𤔽	R
坕	R
𤓺	R
𤔈	R
𤔩	R
𤕊	R
𤔯	R
爪	R
𤔏	R
𦆩	R
𤔢	R
𤔑	R
𤔉	R
𤔜	R
𤔶	R
𥂼	R
爮	R
𤓱	R
𤔋	R
𤕉	R
𨔅	R
𤓵	R
𧠙	R
𢮣	R
𤓼	R
𦥝	R
𤓹	R
𤔅	R
𢇏	R
𤓲	R
𤓷	R
𤔙	R
𢬥	R
𣙸	R
㧟	R
𢵺	R
㦵	R
𤾯	R
𨜩	R
𩢻	R
𤊣	R
𢷄	R
𢲯	R
𢬅	R
𢿉	R
𢴏	R
㣎	R
㣐	R
𢿬	R
𥡻	R
皐	R
𢵻	R
𢸝	R
翶	R
𣠶	R
𢴆	R
𤽔	R
𢭿	R
㼡	R
𢯠	R
𢼲	R
𤀁	R
挱	R
𢯣	R
㧺	R
𧑤	R
𠱒	R
𢹅	R
𣜱	R
𢮐	R
𣻮	R
𠙎	R
鼄	R
𢱡	R
𦐨	R
𢪍	R
𢭯	R
𢴗	R
摚	R
𨒲	R
擋	R
𢭐	R
𣃉	R
㿩	R
攩	R
搅	R
撹	R
𢭽	R
𢴤	R
撐	R
㿡	R
㿠	R
挄	R
𣂥	R
𣂛	R
灥	R
𤆁	R
𤿁	R
𢱛	R
楽	R
㨘	R
挘	R
毮	R
𢱓	R
𢲨	R
𢬰	R
𢯝	R
𣞊	R
𢯛	R
𢬨	R
𤾌	R
𢷿	R
𣘈	R
𢱣	R
𢶥	R
鴸	R
𢫐	R
𨾲	R
𢳂	R
㩧	R
𢤎	R
𢹯	R
㩎	R
𢺫	R
擝	R
捏	R
捚	R
皔	R
𢸶	R
𢺖	R
㧹	R
揚	R
𤾉	R
捑	R
捜	R
𢯾	R
㨪	R
𢮵	R
𢵃	R
摱	R
揾	R
𢶔	R
搨	R
𢲋	R
𢯤	R
𢱦	R
㿣	R
掦	R
𢶆	R
𣣒	R
掲	R
捰	R
𢮚	R
𢬽	R
㨫	R
𢶹	R
𢰐	R
𢬒	R
𢷑	R
𢳢	R
掍	R
撔	R
擑	R
𢫸	R
挰	R
𢪶	R
擻	R
摟	R
𢪠	R
𢷅	R
撌	R
𢸦	R
𢹡	R
𤽱	R
𤽳	R
𤽚	R
撣	R
𢰊	R
𤾠	R
捛	R
𢺘	R
捌	R
𢬚	R
𢬢	R
𨆥	R
損	R
𢯇	R
𢫃	R
𢮺	R
拀	R
𢭻	R
𢴙	R
𢵲	R
抧	R
摑	R
𢮅	R
擺	R
𢶀	R
㧽	R
𢰋	R
㧢	R
𢯮	R
㨡	R
𢸃	R
擇	R
搟	R
𢲗	R
㩏	R
𢹇	R
𢷰	R
鄦	R
𨝬	R
揋	R
擐	R
㩛	R
𢅊	R
𢱫	R
𨅐	R
𢮧	R
𠢬	R
甒	R
𢬼	R
無	R
鷡	R
𨖴	R
橆	R
𣞣	R
掴	R
𠓺	R
拁	R
𢱌	R
搚	R
攌	R
𢹮	R
㩸	R
㩹	R
𢷦	R
𢺢	R
拹	R
攂	R
𢺩	R
𤽲	R
𠃅	R
𢵯	R
𢬻	R
𢴄	R
𢮊	R
揌	R
𢰌	R
𤾒	R
摙	R
擉	R
斶	R
𩴰	R
𩵊	R
摲	R
𢮆	R
𢴞	R
𢮖	R
搵	R
𢱩	R
攞	R
𦈻	R
擃	R
𢬑	R
𦈸	R
𦉒	R
𤭬	R
䍎	R
𦉃	R
捵	R
罐	R
缷	R
𢶮	R
𢮹	R
𢳐	R
𢵟	R
𩒡	R
㨏	R
抰	R
𦈴	R
𦈽	R
搰	R
𤮫	R
𢻂	R
𦈰	R
抩	R
𢪈	R
𢪡	R
𦈥	R
㨄	R
皗	R
𦉢	R
𦈣	R
𦉏	R
𦉗	R
𦈨	R
𦈵	R
䍂	R
𦉊	R
㧇	R
𦈮	R
㧩	R
䍈	R
𢭍	R
𦈧	R
挏	R
𦈶	R
缻	R
𦈪	R
㨟	R
皚	R
𦉟	R
𪘥	R
𢄇	R
𦧠	R
製	R
𦜗	R
𧤊	R
𦉄	R
𨡐	R
㧆	R
罅	R
𤙲	R
緜	R
𢅞	R
制	R
䍄	R
𢄗	R
𢵚	R
罏	R
𧇍	R
𢄝	R
𢛁	R
䱥	R
𤎥	R
𪁼	R
𨔈	R
𢅉	R
𨧳	R
掣	R
𦈾	R
𦉌	R
𤾾	R
𦉛	R
𡝧	R
𢅬	R
𦜾	R
𪏑	R
𢃺	R
罀	R
罉	R
𦉘	R
罎	R
㓡	R
𢯩	R
𦉁	R
𦉕	R
𢰸	R
𦉅	R
䍉	R
㩄	R
𤽛	R
𢫏	R
𦈺	R
罁	R
攖	R
𦉎	R
𦉇	R
𦈫	R
皑	R
撾	R
缹	R
𤈣	R
𦈦	R
䍆	R
𦉉	R
缼	R
㧏	R
𦉜	R
𢴔	R
𢶟	R
𢶼	R
𢭥	R
𦈿	R
缿	R
缽	R
𦉆	R
罈	R
挆	R
𦈭	R
𢮶	R
䍋	R
𦉂	R
𦉖	R
𢱚	R
𢬷	R
𦈤	R
𦉀	R
䍇	R
𢵉	R
缾	R
罇	R
䍌	R
掆	R
𦉐	R
䍊	R
𢳳	R
䍅	R
㩗	R
𢳕	R
𩛕	R
攜	R
𢹂	R
𢭞	R
𦉓	R
𢫭	R
抐	R
皠	R
罆	R
𦉙	R
𦈷	R
𦈲	R
㩔	R
搌	R
𣱝	R
㨉	R
𢵔	R
掘	R
撖	R
𢯑	R
𩑡	R
氪	R
𣱙	R
𢯖	R
𢮢	R
扟	R
𢩲	R
𨗵	R
氫	R
氰	R
揯	R
搄	R
氩	R
氬	R
𢳖	R
氭	R
𣱨	R
𢲚	R
𣱗	R
𣱚	R
氞	R
㪂	R
𢱈	R
𢪫	R
揟	R
摪	R
𤽸	R
𢰲	R
㧃	R
𢯷	R
𢵽	R
𢳱	R
𣱤	R
㲶	R
𣱞	R
𢪵	R
𢳲	R
㨝	R
㲵	R
摨	R
𢺡	R
𢶵	R
𢹌	R
𢫁	R
氜	R
刏	R
氠	R
𧉁	R
氲	R
氱	R
𣱢	R
𧉒	R
㲷	R
𢸵	R
㲴	R
氚	R
𢹐	R
𨐙	R
𣱮	R
𣱟	R
氳	R
㔕	R
𣱜	R
𣱣	R
𢯍	R
氝	R
挶	R
𢸷	R
忥	R
撰	R
𢭴	R
𢵬	R
𢭄	R
𣱥	R
𧜚	R
𣱯	R
𣱩	R
𧏨	R
𣱫	R
氣	R
𣱛	R
㩣	R
気	R
㰟	R
摺	R
乺	R
氥	R
𣱪	R
𢭶	R
𢲈	R
𣱧	R
𢱮	R
捤	R
𤽶	R
𨕀	R
𢳼	R
氕	R
㧙	R
氡	R
𢭮	R
摒	R
𢺟	R
𣱖	R
𣱠	R
搱	R
𣱕	R
𣱘	R
摎	R
𣱰	R
𣱦	R
𩾻	R
抉	R
擢	R
𤾫	R
紥	R
抳	R
𤓰	R
𣱭	R
氦	R
択	R
𢷥	R
𢹪	R
𢶃	R
𢭭	R
𢸻	R
𢹸	R
𢷮	R
擈	R
𤾧	R
撲	R
𤾣	R
𢹔	R
𢹙	R
𢶇	R
攚	R
撈	R
𢴵	R
㩞	R
掞	R
𤾃	R
𢸜	R
撛	R
𢹊	R
擞	R
𢹒	R
𢸎	R
𢲻	R
𢺦	R
𢸘	R
𢵷	R
㨳	R
搳	R
攇	R
𢯕	R
㩷	R
攐	R
㩙	R
攓	R
𢮱	R
𢶊	R
捖	R
𢷘	R
㩟	R
㩃	R
𢬇	R
𢯶	R
𢱱	R
掟	R
擯	R
𢺔	R
𢭨	R
𨓢	R
𢴕	R
𢴍	R
㨠	R
𢳡	R
揮	R
𤾈	R
𢶂	R
抭	R
𢪨	R
㨸	R
𢷤	R
捾	R
擰	R
𤾱	R
捥	R
𤾂	R
抌	R
𢪚	R
𢭂	R
㧲	R
挓	R
揢	R
𢸙	R
𢹷	R
𢲟	R
𤾤	R
𢯴	R
𢮀	R
揬	R
𢰃	R
𢳤	R
𢳦	R
搾	R
𢲼	R
㨓	R
撺	R
擦	R
摍	R
㩈	R
搈	R
𢷈	R
𩕰	R
挖	R
攛	R
𢲁	R
摉	R
𢰉	R
𢱇	R
𢲷	R
𢳙	R
探	R
𢯱	R
𢲘	R
𢹑	R
𢭕	R
𢶺	R
𢴀	R
𢭔	R
𢮍	R
㧒	R
㩁	R
㿥	R
搉	R
搲	R
攨	R
𢱑	R
𣃅	R
拕	R
𢬦	R
𢵊	R
𢹿	R
𢬓	R
捪	R
𢬸	R
扺	R
𢱳	R
搩	R
㨑	R
搊	R
𩲼	R
𩳍	R
𩳪	R
𩴄	R
𨝀	R
𩲽	R
𩳎	R
鬾	R
魃	R
魑	R
𩥢	R
𩲑	R
𩲢	R
𩲩	R
𩳇	R
𩳭	R
𩴇	R
𩴍	R
𩴭	R
𩵈	R
𩲓	R
𩲭	R
𩲱	R
𩲴	R
𩳵	R
𩴅	R
鬽	R
魈	R
𩲞	R
𩳉	R
𩳟	R
𩳤	R
𩴎	R
𩴑	R
䰦	R
魁	R
魓	R
𩲅	R
𩲔	R
𩳀	R
𩳓	R
𩳡	R
𩳨	R
𩴂	R
𩴐	R
𩴮	R
𩴴	R
魊	R
魖	R
𩲲	R
𩲵	R
𩴗	R
䰠	R
䰢	R
䰨	R
䰯	R
𩱻	R
𩲍	R
𩳴	R
𩳷	R
𩴔	R
𩴠	R
魅	R
魒	R
𩲪	R
𩳅	R
𩳆	R
𩳒	R
𩳗	R
𩴚	R
𩴤	R
𩴳	R
𩵃	R
魀	R
𩳻	R
𩴀	R
𩴶	R
䰬	R
𩲤	R
𩲥	R
𩲦	R
𩳋	R
𩳌	R
𩳣	R
𩳦	R
𩵁	R
𩱹	R
𩲳	R
𩳸	R
𩴌	R
𩴵	R
𩴼	R
䫥	R
䰧	R
𥶯	R
𩲀	R
𩲈	R
𩴉	R
𩴘	R
𩴸	R
𩵆	R
魍	R
𢬘	R
𦫙	R
𩲊	R
𩳢	R
𩳯	R
𩴃	R
魐	R
𩳫	R
𩴞	R
𩴧	R
𩴩	R
𩳹	R
䰣	R
䰫	R
𩲁	R
𩲻	R
𩳂	R
𩳲	R
鬿	R
𩲐	R
𩲬	R
𩲙	R
𩲺	R
𩴊	R
𩴙	R
䰮	R
魆	R
魕	R
𩲎	R
𩲷	R
𩳑	R
𩳩	R
𩴁	R
𩴾	R
𩵉	R
𩴝	R
𩲝	R
𩲿	R
𩳕	R
𩳱	R
𩴋	R
䰡	R
魉	R
魌	R
𩲟	R
𩲹	R
𩳖	R
𩳰	R
𩳳	R
𩴓	R
𩴜	R
抅	R
魋	R
魎	R
𧪵	R
𧫏	R
𩲂	R
𩲃	R
𩲒	R
𩲠	R
𩳐	R
𩳘	R
𩳞	R
𩴡	R
𩴹	R
𩵄	R
𩵅	R
𩵇	R
㧪	R
𢫿	R
𢰼	R
𢯎	R
𢬾	R
撚	R
擔	R
㩂	R
捔	R
𢶷	R
𢰺	R
𢲥	R
𢬃	R
𢵶	R
𢫑	R
㧰	R
𣇙	R
㧦	R
𢱍	R
㐝	R
𢛑	R
挽	R
搀	R
攙	R
𢯂	R
𢰄	R
𠡞	R
換	R
𢲍	R
𢳷	R
𢷳	R
𢬆	R
𢫎	R
𢹛	R
𢺒	R
擼	R
𢸫	R
𢳶	R
𠖡	R
𨓅	R
𢫤	R
𢯧	R
撳	R
拸	R
𢪣	R
𢪤	R
𢸼	R
搖	R
㧾	R
揔	R
𢷫	R
㨮	R
𢪥	R
𢪱	R
𢫍	R
𢶎	R
摋	R
𢫬	R
㧕	R
𢴘	R
𢵝	R
𢬺	R
𢩶	R
𢺚	R
𣁽	R
抣	R
𢪢	R
挣	R
𢰽	R
𢶞	R
𢜛	R
𤊑	R
𪁤	R
𢴼	R
扻	R
㨱	R
揈	R
𢷶	R
㨨	R
捣	R
扚	R
𢬀	R
𢸌	R
𢫷	R
鋬	R
㧓	R
皈	R
𢫇	R
𢸖	R
𤽡	R
皞	R
硩	R
𢱎	R
𡘭	R
挀	R
埑	R
揗	R
𢰂	R
𢶿	R
𢮼	R
𢬯	R
拞	R
揘	R
𢫶	R
㧨	R
捳	R
𢹻	R
捠	R
𣩂	R
𪘔	R
㿱	R
𢼺	R
䀸	R
𢬧	R
𢪧	R
𢲽	R
𢵜	R
搋	R
𢩰	R
𢭉	R
𦒌	R
擨	R
抓	R
皡	R
𢴜	R
𤄌	R
𣹻	R
㧣	R
晢	R
啠	R
踅	R
𢷵	R
撫	R
𢸮	R
𨟊	R
𢂼	R
𤽦	R
劕	R
𢮓	R
質	R
乴	R
㧉	R
𤽍	R
𢯢	R
悊	R
烲	R
焎	R
𤾷	R
𤾜	R
魄	R
𩲸	R
𧣯	R
銴	R
𢷪	R
𣣪	R
𢯊	R
𢴛	R
𤾪	R
皛	R
皨	R
𤾎	R
掱	R
𢲃	R
㩫	R
梊	R
𤾏	R
𤽹	R
𤾁	R
𢶱	R
𤾍	R
娎	R
𤽵	R
𢫽	R
䭁	R
𪁊	R
抶	R
𢏨	R
䋢	R
裚	R
誓	R
撽	R
皦	R
𣂙	R
𣎋	R
𢷋	R
𢭰	R
摽	R
𤾛	R
𢶏	R
𢹧	R
𢫆	R
𢬣	R
𢭳	R
𢲭	R
撢	R
𢶁	R
抲	R
𢫄	R
𤽰	R
𢱾	R
𢸅	R
𢺏	R
𢺴	R
𢴻	R
㩒	R
𢵳	R
㨆	R
搮	R
𢱼	R
𢺁	R
𢾟	R
𢰳	R
𢯦	R
𢫅	R
𢸿	R
抍	R
𢭎	R
𢹽	R
𢺙	R
𢶦	R
扥	R
𢩷	R
𢩺	R
𢺮	R
𢶅	R
𢯀	R
𣨰	R
𡱩	R
𢭑	R
𢯗	R
𢰛	R
逰	R
𢲹	R
𢩻	R
㧞	R
捀	R
挢	R
𢯔	R
撟	R
𢯙	R
𢹣	R
摓	R
𢵅	R
𣕔	R
𢵦	R
擌	R
扷	R
𢪺	R
𢶾	R
𢰓	R
𢲎	R
𢲶	R
𢸔	R
𢹋	R
𢹉	R
𢭆	R
𢬜	R
郫	R
𡦆	R
𢯃	R
㪏	R
𤿾	R
㩐	R
𢱜	R
鹎	R
𢪭	R
扦	R
𢫱	R
𢲛	R
𢬗	R
卑	R
挿	R
𠜱	R
𢷷	R
𧌠	R
𧓎	R
捁	R
皓	R
䫌	R
攒	R
攢	R
𤿀	R
㧌	R
㼰	R
㿞	R
撬	R
𣰗	R
鵯	R
𢯁	R
𤋞	R
挺	R
𢳥	R
㧥	R
揷	R
𪏒	R
𢮿	R
𨿵	R
𢻩	R
捶	R
揰	R
㨀	R
㩍	R
𢳾	R
𢰔	R
𢷠	R
㩶	R
龵	R
𢹀	R
𢯏	R
𢸥	R
搝	R
拃	R
皥	R
𢭌	R
𢳜	R
攥	R
揝	R
扸	R
𢜉	R
挻	R
𤾚	R
𢶓	R
𢶠	R
𢯼	R
𢶌	R
𢫢	R
𢳽	R
𢴈	R
摥	R
𢹺	R
挌	R
𤽥	R
𢰈	R
𤽪	R
𢯺	R
𢰘	R
𢱰	R
𢱻	R
𢬔	R
𢭣	R
摠	R
𢫥	R
𢹢	R
𢱧	R
𢭇	R
𢶢	R
𢪼	R
𢮽	R
擙	R
𢲌	R
𣂝	R
拠	R
𢬳	R
㧶	R
𢷸	R
𢭀	R
扢	R
𢮾	R
𢱶	R
𢺜	R
播	R
皤	R
𢴑	R
𢶲	R
𢷙	R
抸	R
𢵀	R
𩷢	R
𢴐	R
㧴	R
皒	R
𢳓	R
𢲑	R
𢷩	R
𢱃	R
𢲏	R
擶	R
𢹈	R
𢫝	R
擳	R
捼	R
𢯰	R
𢴩	R
𢹱	R
𢴹	R
摐	R
𢸕	R
𢸽	R
𢲺	R
撘	R
𢺣	R
𢺅	R
𢸢	R
㩯	R
𢭁	R
𢳺	R
挴	R
扖	R
𢬝	R
皏	R
𢪴	R
𢴠	R
𢮪	R
㨰	R
捲	R
掷	R
攁	R
撯	R
𢯭	R
𢰪	R
𢵈	R
𢮙	R
𢸏	R
𢱤	R
搼	R
𢬈	R
攏	R
撊	R
揃	R
𢸄	R
𢶕	R
𢶨	R
𢷊	R
𨗅	R
㨵	R
抖	R
拌	R
𤽝	R
𢲾	R
𢵱	R
𢱒	R
撋	R
㨾	R
攔	R
𢮲	R
㩘	R
𢸤	R
𢬄	R
𢷢	R
掸	R
揞	R
𢵧	R
𢲣	R
𢶶	R
𢷒	R
摬	R
𣚮	R
𢺛	R
𢮏	R
𢴌	R
搃	R
捝	R
𢯻	R
𢴣	R
𤾥	R
𤾵	R
𢳣	R
𪇪	R
擿	R
撇	R
𢸑	R
𢸈	R
掽	R
𦆫	R
揥	R
𢴨	R
搒	R
𢱆	R
𢸴	R
挍	R
擲	R
𢵫	R
揂	R
𢰤	R
𢱘	R
摌	R
𢹖	R
𢰢	R
擱	R
𢷉	R
𢶧	R
𢵹	R
搛	R
搤	R
㨛	R
揹	R
𢺄	R
𢫣	R
𢶴	R
𢹶	R
挮	R
𢰩	R
𢷃	R
𢵢	R
撏	R
揑	R
揤	R
𢭵	R
摡	R
𢷽	R
𢮫	R
𢪩	R
𢫓	R
𢯐	R
𢭓	R
𢱸	R
拫	R
𢶙	R
㩇	R
𢪄	R
𢫫	R
𢶝	R
㩋	R
揵	R
挦	R
𤽋	R
攑	R
𢭈	R
㩮	R
𢰻	R
𨔕	R
𢱐	R
𢭼	R
捸	R
𢮑	R
𤽺	R
𢬐	R
摷	R
𢜌	R
𢹬	R
𢭚	R
擸	R
𢴫	R
慇	R
㐆	R
𠂣	R
𢬶	R
𢱥	R
掃	R
㩭	R
𤾇	R
𣼙	R
掜	R
𤾆	R
攪	R
𢀎	R
𤚹	R
𢬞	R
垫	R
𢬋	R
鸷	R
絷	R
蛰	R
势	R
𠢞	R
贽	R
𢭝	R
热	R
挚	R
扨	R
𢩾	R
𢬩	R
𢫙	R
𢭧	R
𢫌	R
𢰇	R
㨣	R
捴	R
𢬁	R
𢪌	R
𢯫	R
𢰰	R
𢫯	R
抮	R
𢱲	R
𢫟	R
摖	R
𢲉	R
捨	R
𢹳	R
𢸂	R
𢹰	R
𢷣	R
𢷲	R
𢸯	R
𢸾	R
掄	R
揜	R
掵	R
𢸞	R
揆	R
捡	R
揄	R
𢶒	R
𢷚	R
拾	R
㩉	R
𢪆	R
𢷀	R
搿	R
𢲡	R
𢷨	R
撜	R
𤾢	R
𢰖	R
撿	R
𢮦	R
𢶖	R
𢹦	R
𢫜	R
𢬖	R
𢵂	R
𢪗	R
𤁙	R
𢭱	R
扴	R
𢳰	R
挩	R
㨐	R
劮	R
𢯸	R
𢰑	R
𢆇	R
𣌣	R
𢰡	R
𢮒	R
𦐝	R
𢲐	R
𢹾	R
摀	R
搥	R
怣	R
𢷏	R
𢯋	R
𩲫	R
𡘿	R
𢬛	R
𢰱	R
𢬲	R
𢫩	R
𢲕	R
拰	R
𢭢	R
捈	R
𢲇	R
𢾓	R
𢮡	R
𢭬	R
摿	R
扵	R
𢶑	R
𢱔	R
搗	R
𢚅	R
𢪅	R
𢮈	R
𤽉	R
㨶	R
䳆	R
㧳	R
掰	R
𢯌	R
𢳚	R
𢷼	R
𢫹	R
𢬕	R
攕	R
㧿	R
𢵄	R
鴩	R
𢸟	R
𨾤	R
撥	R
𢪎	R
㨦	R
㩳	R
拎	R
擒	R
皊	R
𡙱	R
搇	R
携	R
𧙍	R
𧤹	R
㔼	R
𢲜	R
推	R
𤽼	R
㩦	R
搶	R
𤾙	R
勧	R
擕	R
扲	R
捻	R
𠅐	R
𤽿	R
撨	R
𤍐	R
観	R
𢵸	R
歓	R
𢳫	R
𩞚	R
墍	R
曁	R
𢶈	R
𤾦	R
𣯦	R
旣	R
槩	R
𦟡	R
卽	R
皍	R
𣣝	R
𢹨	R
𢫠	R
㩪	R
𤟀	R
攭	R
𧑝	R
𢪟	R
摜	R
𢪕	R
𢪉	R
𢯜	R
㩩	R
𢳏	R
𢬡	R
拂	R
㩌	R
摾	R
𢰕	R
𣪘	R
𪓨	R
㨥	R
抝	R
𢲩	R
撧	R
𣢼	R
𢰹	R
擽	R
皪	R
𢭠	R
擬	R
𤾰	R
𢹃	R
𢴋	R
𢵰	R
𤽏	R
𢷻	R
𢰠	R
𢹴	R
𢪲	R
𢷖	R
𤽊	R
揩	R
𢰅	R
𢴰	R
𢺥	R
𢺈	R
𢺳	R
𢺲	R
𢮂	R
𢺯	R
𢱋	R
𢺀	R
擴	R
㨯	R
摛	R
㨃	R
㧸	R
𢬠	R
𢴒	R
撴	R
攡	R
𢬵	R
𢭸	R
𢯡	R
𢸣	R
㧤	R
㧧	R
𢮕	R
拡	R
挔	R
𢬂	R
𤾝	R
𢬭	R
𢴶	R
𢳿	R
㿭	R
𢵿	R
抃	R
𢰜	R
㩆	R
掠	R
𢷹	R
㨈	R
擠	R
𢫾	R
𢱊	R
𢸠	R
𢭹	R
䟟	R
𢸬	R
𢷆	R
𢶸	R
𢷱	R
㧑	R
𣪧	R
皜	R
𢲤	R
𢸛	R
抗	R
揙	R
㨭	R
捩	R
𢵐	R
𢵞	R
掮	R
𢲙	R
𢹞	R
𢫕	R
𢮰	R
𢴖	R
𢹲	R
㧖	R
搧	R
𢭖	R
𢲒	R
㩠	R
攗	R
皫	R
𢸐	R
𨖠	R
𢮄	R
攈	R
攟	R
㧡	R
摝	R
𢬉	R
攍	R
𢳹	R
𢺆	R
𢺑	R
𢺧	R
𢰍	R
㩝	R
𢴅	R
揨	R
𣂴	R
𨓓	R
𢳘	R
𤽕	R
𪉄	R
𢭒	R
㰾	R
掋	R
𢳋	R
攠	R
𢱏	R
擵	R
𢳀	R
𢭩	R
揓	R
𢰧	R
𩦨	R
𢳇	R
䚫	R
𤾟	R
𢫧	R
𢳄	R
𦅾	R
𢷔	R
㦘	R
鸄	R
㨩	R
邀	R
𨘋	R
𢶡	R
𣜥	R
敫	R
譥	R
𢬪	R
𢯪	R
𢲲	R
𢭗	R
𢳧	R
𢹓	R
𢱅	R
掶	R
𢺠	R
捬	R
捽	R
𩿪	R
𢮁	R
𢹼	R
撁	R
𢱨	R
搐	R
𢹆	R
擁	R
𢫔	R
𢮯	R
栻	S
𣕸	S
𣟞	S
櫙	S
𣘗	S
𣛷	S
𣠩	S
𣜿	S
𣟒	S
棧	S
𣡛	S
𣚋	S
𣙻	S
榵	S
桏	S
𣖠	S
𣙷	S
榧	S
樭	S
楛	S
櫀	S
楉	S
椹	S
𣚖	S
㯕	S
㯦	S
㭜	S
欌	S
𣕚	S
𣝾	S
𣗠	S
𣕈	S
橵	S
覊	S
𣡊	S
覇	S
𣜉	S
𤯃	S
㮖	S
𣛰	S
覉	S
㯼	S
樲	S
𤍰	S
楳	S
𣗩	S
𣑓	S
𣞕	S
樺	S
𣝍	S
框	S
𣘇	S
𣑙	S
𣔟	S
橫	S
𣗊	S
㭨	S
樫	S
栕	S
𣐵	S
𣝌	S
檻	S
𣡶	S
㰓	S
𣜠	S
㰖	S
欖	S
𣗄	S
枒	S
𣖨	S
𣏛	S
𣔶	S
欂	S
𣜎	S
𣘡	S
𣛵	S
橗	S
棤	S
𣟟	S
𣞩	S
𣞎	S
椻	S
𣕩	S
𣚼	S
𣜜	S
𣡀	S
棫	S
樞	S
𣝀	S
𣡒	S
櫃	S
𪈻	S
欟	S
𣞔	S
㰙	S
權	S
𣡻	S
㭱	S
𣖚	S
𣞑	S
櫣	S
𣟃	S
𣙊	S
櫗	S
𣛃	S
𣝱	S
𣟝	S
𣞾	S
𣓒	S
楧	S
𣐝	S
𣜳	S
𣠷	S
𣕺	S
㮪	S
槓	S
樠	S
𣒾	S
𣓃	S
𣖿	S
㮜	S
𣞨	S
枻	S
楪	S
𣐋	S
𣝽	S
𣔀	S
𣜯	S
𣛂	S
㯴	S
𨔰	S
𣓿	S
𣞦	S
㮠	S
𣔰	S
𣗦	S
㯂	S
𣠟	S
槆	S
橬	S
𣕉	S
檧	S
𣚭	S
㯳	S
柩	S
𣝰	S
𣔠	S
𣟿	S
𣓎	S
𣙘	S
𣖾	S
㯵	S
𣗎	S
樥	S
𣞷	S
𣝘	S
𣟀	S
㮱	S
𣟫	S
𣘘	S
欗	S
𣠅	S
𣝈	S
𣟛	S
𣒢	S
櫹	S
𣐆	S
檴	S
𣕵	S
﨓	S
𣖝	S
櫒	S
榙	S
檋	S
𣔁	S
𣚜	S
櫵	S
𣠝	S
𣡋	S
㯣	S
𣗪	S
𣘻	S
欍	S
𣔄	S
𣞘	S
𣠇	S
椛	S
栱	S
㰛	S
𣓋	S
𣚥	S
㯜	S
𣝸	S
𣝏	S
㭶	S
𣒣	S
𣞢	S
𣘃	S
𣞓	S
欇	S
棷	S
橢	S
𣟁	S
㰐	S
樄	S
𣒈	S
㮀	S
𣑕	S
𣚹	S
極	S
檉	S
𣓶	S
𣗑	S
柮	S
㭯	S
𣏺	S
𣘪	S
𣔞	S
槂	S
𦁝	S
𣒝	S
㯁	S
𣐕	S
㭓	S
𣛾	S
櫲	S
𧞉	S
壄	S
𡐨	S
橘	S
𣛿	S
懋	S
𣜓	S
𨬮	S
㮊	S
楙	S
楺	S
㮘	S
柕	S
𣝥	S
棳	S
𣑚	S
槮	S
𣜗	S
𣜖	S
𣕀	S
𣚎	S
𣚈	S
槡	S
𣏪	S
椮	S
桳	S
𣔊	S
㮥	S
樋	S
柽	S
𣕪	S
𣓜	S
枱	S
𣕘	S
㮭	S
𩥡	S
㭇	S
桙	S
𣑔	S
𣗙	S
𣐢	S
㮻	S
杈	S
楕	S
檶	S
櫔	S
䙴	S
枙	S
𪄷	S
柭	S
㰁	S
𢧻	S
㮋	S
栯	S
楜	S
櫌	S
棖	S
桭	S
𣘣	S
𨑇	S
楏	S
槈	S
櫉	S
𣔦	S
𣑖	S
𥒯	S
㮈	S
桍	S
槬	S
橱	S
𣛴	S
椷	S
楲	S
𢧖	S
栫	S
𣑊	S
㭋	S
㰗	S
𨇌	S
𣚃	S
櫘	S
㮮	S
榎	S
槭	S
𣚷	S
槥	S
𣒽	S
𣟪	S
𣑳	S
𣖔	S
棑	S
𣔉	S
𣝓	S
㯇	S
栢	S
㭺	S
𣛥	S
𣚡	S
𣐞	S
槗	S
𣖻	S
𣔸	S
㮌	S
㮕	S
𣞀	S
柨	S
栭	S
𣚊	S
𨗆	S
頂	S
㮷	S
𣙴	S
𣛮	S
𣒎	S
杤	S
𣏞	S
𦒘	S
遷	S
桟	S
𣒖	S
樉	S
𣖥	S
榞	S
𣒟	S
㮟	S
梼	S
櫪	S
𣙽	S
𣖂	S
𣔏	S
橭	S
橑	S
𣗟	S
𣟆	S
𣓣	S
楱	S
𣞜	S
𣗘	S
𣙉	S
椿	S
𣡢	S
𢢫	S
𣜚	S
𣞝	S
榛	S
樁	S
梜	S
𣖁	S
𨗇	S
𧠂	S
𧟧	S
檼	S
棴	S
𧟵	S
𣔷	S
𣛪	S
𣞠	S
楥	S
𣗃	S
𣔔	S
㭩	S
査	S
柤	S
𣖩	S
𣑂	S
㯒	S
𣜡	S
𣝗	S
𪓫	S
𣑿	S
橓	S
𨓸	S
𣜬	S
㯌	S
櫾	S
榣	S
𣡨	S
𣙓	S
𣒡	S
桗	S
棌	S
𣓆	S
𣓦	S
㮳	S
橳	S
桵	S
槄	S
榽	S
椓	S
欛	S
𣚸	S
㰇	S
枿	S
𣖋	S
橨	S
𣔮	S
𣓤	S
𣝫	S
𣒗	S
𣓹	S
𣝂	S
𡍁	S
𧌔	S
榼	S
㟚	S
𩓡	S
𪂅	S
𣝒	S
𣖌	S
㭕	S
枟	S
檽	S
𤞷	S
橒	S
䙵	S
𧠁	S
𣟌	S
樗	S
𣟍	S
橈	S
㯘	S
𧅦	S
㭙	S
𡬵	S
𧞙	S
甄	S
𣔡	S
植	S
㯧	S
㰜	S
𣚅	S
䚈	S
樾	S
槙	S
𨝓	S
𢿏	S
彯	S
𡬽	S
𣛒	S
𥊨	S
隸	S
剽	S
飄	S
勡	S
顠	S
𣞥	S
㲡	S
㼼	S
翲	S
𥜞	S
𣜩	S
𤍟	S
𪅃	S
𪇃	S
飘	S
𥜆	S
𧢄	S
𢿖	S
柰	S
票	S
歀	S
㭑	S
柡	S
梂	S
瓢	S
橶	S
𣛨	S
榸	S
構	S
檊	S
枾	S
𣏨	S
榬	S
樹	S
檯	S
𣠌	S
𨁥	S
橲	S
櫺	S
𣞸	S
𣠄	S
𣠃	S
欞	S
櫝	S
㯖	S
𣔎	S
𩘔	S
檮	S
㭏	S
杇	S
𣏓	S
𢚳	S
梽	S
𣏢	S
𤉀	S
𧹚	S
桲	S
𢌩	S
𨕅	S
㯛	S
㮦	S
𨓣	S
𣒆	S
𣓘	S
𣝔	S
𣠚	S
杬	S
𣏕	S
歅	S
𣜪	S
㮄	S
㭳	S
𣛭	S
𣛲	S
楮	S
榰	S
栲	S
𣑥	S
栳	S
橽	S
𣙀	S
樰	S
㯪	S
𣔭	S
𣚽	S
檣	S
𣞶	S
櫕	S
𧟯	S
㰊	S
𪃋	S
槻	S
㰌	S
枎	S
槸	S
𣙯	S
醆	S
䤊	S
𨠤	S
𨡱	S
𨢢	S
䤓	S
酣	S
𣕭	S
𨣄	S
醛	S
枅	S
梇	S
𣓸	S
𨡸	S
㭢	S
䤐	S
𨣂	S
䤀	S
醧	S
橊	S
𨣨	S
𨤎	S
䣰	S
䤁	S
桺	S
醼	S
𨣸	S
𨤋	S
䤂	S
䣬	S
𨢬	S
𨣱	S
𨤃	S
䤑	S
𨡨	S
𨢟	S
䣧	S
䤍	S
䣵	S
𨟰	S
杶	S
𣚆	S
𨤁	S
𣔝	S
䣲	S
醊	S
𨠈	S
醦	S
𨢺	S
桎	S
椡	S
䤎	S
𨣔	S
𨢆	S
㮹	S
㰉	S
𣏇	S
䣮	S
䤄	S
𩇶	S
酭	S
醐	S
𨡽	S
酤	S
𣜂	S
𨣷	S
𣕊	S
𨣀	S
𨢔	S
𨢳	S
𨢾	S
𨣍	S
𨡞	S
𨢗	S
醢	S
𥂧	S
𥂰	S
𥂹	S
𨡿	S
𩒅	S
㮇	S
醃	S
𨠄	S
𨣝	S
䤏	S
𨠹	S
醎	S
𨠽	S
𨠿	S
䣭	S
酞	S
𣏿	S
酻	S
𨤊	S
榑	S
釂	S
䣯	S
棈	S
𣑛	S
𣞒	S
𨣥	S
𨢝	S
㭪	S
𣓻	S
酵	S
䣫	S
𨣖	S
𨣬	S
𣚝	S
醻	S
𨡯	S
椏	S
𨣲	S
杅	S
酐	S
𨠝	S
醏	S
醹	S
𨢍	S
醽	S
𨤀	S
醘	S
𨡖	S
𨡝	S
𨣵	S
𨣙	S
酛	S
𨢕	S
酜	S
𨤍	S
𨠬	S
酎	S
𨠸	S
𣚒	S
酽	S
𨡚	S
酑	S
𨣑	S
𨠂	S
𨠙	S
䣪	S
𨠟	S
𨠣	S
𨢌	S
𨟷	S
醩	S
𨤇	S
䣿	S
𨢦	S
𨣜	S
䣩	S
𣚶	S
𤭾	S
𨟺	S
𨠛	S
釃	S
𨠀	S
酺	S
酾	S
𨠃	S
𨠜	S
醵	S
𨢻	S
柾	S
西	S
覀	S
𨤌	S
酟	S
𣏜	S
㯊	S
𣒘	S
𨡁	S
𨠐	S
朩	S
𣛓	S
𨡀	S
𨣛	S
柸	S
𣖍	S
𨡍	S
桮	S
㮎	S
𣕨	S
𨡬	S
𨣕	S
𨠵	S
𨢙	S
𣐣	S
𨠊	S
𨢄	S
𨢥	S
𨣅	S
槫	S
𨢡	S
桓	S
𨠚	S
醍	S
䤖	S
棟	S
𣡘	S
𧟦	S
醖	S
𨡼	S
橞	S
樮	S
𣚐	S
𨕹	S
梗	S
醌	S
𣕒	S
䣺	S
欜	S
𨡠	S
𡬾	S
𣗳	S
𣙞	S
𨢿	S
酲	S
𣝄	S
槅	S
𣓊	S
梀	S
𣝬	S
楋	S
𨡊	S
㮺	S
櫮	S
楅	S
𨡵	S
櫴	S
𨡺	S
𨣈	S
㯈	S
𣟄	S
𣠻	S
釅	S
𣘅	S
𣙙	S
梪	S
樕	S
𨡟	S
醳	S
𨣠	S
橿	S
醞	S
䣦	S
𨡾	S
𣐸	S
𣘝	S
酘	S
𣖀	S
𨠗	S
醲	S
𣒯	S
杮	S
栜	S
槽	S
酮	S
𨡑	S
醠	S
𣜇	S
㯾	S
𣚢	S
𨘨	S
𣐈	S
醴	S
𨢉	S
𨡏	S
欐	S
樍	S
𣓈	S
𨟱	S
𨠡	S
𨡧	S
醑	S
醪	S
𨡈	S
翉	S
䣳	S
䤉	S
𨡇	S
㼗	S
朽	S
𣐎	S
𨠔	S
酦	S
𨠉	S
桠	S
𨤂	S
榗	S
𨣃	S
𨡅	S
醈	S
㶾	S
梾	S
醭	S
䤇	S
𨡻	S
逎	S
𨢊	S
酧	S
醡	S
䣾	S
𨢃	S
𨢲	S
醓	S
𥂘	S
𨡫	S
𨢠	S
𨣘	S
𨣮	S
𨠁	S
𨢧	S
𨣭	S
𨣯	S
𨣼	S
酖	S
𨠻	S
𨠼	S
𨢎	S
𨡗	S
𨢜	S
𨟾	S
酗	S
𨠥	S
𨠮	S
𨡆	S
𨢀	S
𨠶	S
𨡜	S
𨢂	S
𣒸	S
𨡂	S
𨡒	S
栵	S
䣱	S
酩	S
𨢇	S
醄	S
杌	S
𨠖	S
𨡮	S
𨢭	S
䣴	S
𨟿	S
𨟸	S
𣗂	S
𨣺	S
𨟴	S
𨠅	S
𨠏	S
𨠞	S
醜	S
𨡕	S
𨠘	S
𨠇	S
䣷	S
𨡹	S
𨡘	S
𨠋	S
𨣌	S
𨠴	S
醥	S
𨣤	S
醰	S
酠	S
𨡋	S
醂	S
𨣪	S
枺	S
䣨	S
𨠑	S
䣶	S
𨤄	S
酢	S
𨣫	S
𨠠	S
𨡃	S
酪	S
酷	S
𨣏	S
𥃄	S
𨣎	S
𨤆	S
酕	S
𨠱	S
𨢨	S
醺	S
𤐿	S
𨡲	S
酰	S
𨢩	S
𨠓	S
𨢼	S
𨣟	S
酶	S
𨠌	S
𨡌	S
酥	S
醝	S
𨣆	S
醸	S
𨣇	S
酙	S
𨡙	S
𨣒	S
𨡴	S
䤃	S
𨣉	S
醅	S
𨣁	S
𨢘	S
𨢸	S
醷	S
𨢑	S
𨣢	S
𨠦	S
𨣞	S
𨢐	S
桱	S
醙	S
𨡉	S
酔	S
𣓉	S
醁	S
𨘭	S
𨢪	S
棲	S
䣹	S
𨠍	S
𨣣	S
醱	S
𨠎	S
𨡩	S
䤆	S
𨢁	S
𨤉	S
𨠲	S
䤘	S
酫	S
𨢵	S
䤅	S
𨣋	S
䣻	S
䤌	S
䤈	S
𨢴	S
𨟹	S
𨡎	S
醮	S
檷	S
醗	S
𣝧	S
酴	S
𣖓	S
醶	S
𨣦	S
醀	S
酳	S
𣖭	S
枑	S
𣐛	S
榡	S
䤙	S
𨣰	S
𨢫	S
𨣊	S
𨢖	S
𨢣	S
䣥	S
𨡦	S
䤕	S
䤒	S
𣕬	S
桋	S
𨟵	S
𣏳	S
醇	S
𨠯	S
𨠺	S
𨡪	S
醨	S
釄	S
𨡤	S
酿	S
釀	S
𨠪	S
𨣧	S
𨣳	S
𨣶	S
𣗝	S
𨡄	S
𨣚	S
酬	S
𨠩	S
䣼	S
醿	S
𨠕	S
𨣽	S
醕	S
𨠨	S
醣	S
𨡥	S
𨢓	S
醯	S
𨣓	S
𨟼	S
醾	S
𨢶	S
𨣿	S
酼	S
𨟳	S
𨣴	S
𧟪	S
𨠳	S
𨢷	S
𣟵	S
𣡌	S
㯫	S
樝	S
𣙁	S
𣚛	S
㯉	S
㯭	S
櫨	S
𣘭	S
椃	S
櫖	S
𣖪	S
𣖳	S
𣛼	S
𣝛	S
榩	S
𣡁	S
櫇	S
柀	S
𣏽	S
𤿢	S
檅	S
𣔨	S
桛	S
𣞹	S
𤭪	S
欔	S
𣡠	S
𥈸	S
𧡮	S
𣝇	S
𣟷	S
欋	S
㰋	S
𣐹	S
𣛔	S
𣐤	S
槕	S
枮	S
𣡣	S
樐	S
𣙏	S
𣡷	S
楨	S
𣒉	S
𣗫	S
𣟠	S
檙	S
𪔇	S
㯺	S
栌	S
𣗀	S
梘	S
𣕱	S
𣙧	S
𣕹	S
𣔃	S
𪂼	S
𪃥	S
椇	S
𣚀	S
𣒄	S
橴	S
𣚁	S
𣐑	S
𣒨	S
𣖧	S
𣜁	S
𣑴	S
𣑷	S
𣚫	S
𣓭	S
𣙵	S
㭼	S
𣒩	S
𣓐	S
㭻	S
𣚿	S
𣙟	S
檔	S
欓	S
𣗋	S
𣛟	S
橖	S
橕	S
𣑯	S
𣛯	S
桄	S
𣗮	S
𣐘	S
𣙄	S
𣒑	S
㮐	S
㭞	S
𣘽	S
𣜮	S
𣒹	S
𣕝	S
桜	S
樑	S
𣖷	S
﨔	S
𣛦	S
㮿	S
𣒋	S
𣞺	S
樶	S
𨝸	S
㭴	S
𣠨	S
𣔑	S
𣚕	S
𣓍	S
𣔂	S
榯	S
梩	S
桿	S
皶	S
棏	S
𣛀	S
柦	S
棩	S
㮛	S
𥂸	S
𣠢	S
𠄃	S
鸉	S
楊	S
𩁒	S
𣔺	S
柛	S
䚓	S
𨖚	S
榥	S
椙	S
橸	S
螙	S
槾	S
榅	S
𩙀	S
𣜛	S
𣕃	S
𣙒	S
𤉲	S
𨓳	S
𣜸	S
𣗤	S
㭿	S
楬	S
𣜶	S
𣓾	S
𣗨	S
榄	S
鷣	S
𣡲	S
栧	S
𣡤	S
𢦪	S
𢎄	S
𢎋	S
𨚩	S
𨛢	S
檝	S
𩑸	S
𡘀	S
梋	S
𠳊	S
𣗐	S
桯	S
𠶘	S
𣜵	S
櫢	S
樓	S
𣑀	S
㪃	S
𣐄	S
㯝	S
樻	S
𣟧	S
𣙳	S
𣟭	S
樿	S
𣡫	S
梠	S
梙	S
𣙐	S
楍	S
𣖎	S
㮙	S
槵	S
𣛫	S
橾	S
欕	S
㭭	S
柺	S
𣑐	S
𢣬	S
𣒌	S
𣗼	S
㐓	S
𣐲	S
𢚤	S
柷	S
㰤	S
𣒱	S
𣐳	S
㪼	S
㢦	S
戨	S
𨝆	S
𠾥	S
𠾳	S
𡃭	S
𤭻	S
𪃿	S
歌	S
𧭳	S
𠽚	S
𠶱	S
𢼔	S
枴	S
𪀉	S
𨿟	S
𧙑	S
槶	S
𣚣	S
𣞻	S
𣐏	S
檌	S
棝	S
𣙠	S
栶	S
𣖜	S
㮯	S
𣘓	S
𣞲	S
檡	S
𣞪	S
㯰	S
𧟮	S
𣞍	S
𣘸	S
𣑝	S
椳	S
檈	S
檲	S
𣗵	S
𣟳	S
椢	S
𣝋	S
𣗶	S
𣝻	S
𣑩	S
𨔣	S
𣕧	S
𣠠	S
𣡟	S
𣡭	S
欙	S
栛	S
櫑	S
𣡧	S
㭷	S
𣛠	S
𣒪	S
楒	S
𣕳	S
梿	S
槤	S
𩰦	S
㯮	S
梱	S
𣕎	S
𣑟	S
棞	S
𣝣	S
楐	S
榲	S
㮨	S
樏	S
欏	S
𣕶	S
㰄	S
𣛸	S
檂	S
柵	S
欁	S
椣	S
𨞝	S
𣖱	S
杸	S
椯	S
𣖮	S
𣕴	S
𣛹	S
柍	S
榾	S
枏	S
柟	S
𣏵	S
𣑭	S
椆	S
𣏊	S
𣑲	S
桐	S
梬	S
𣝲	S
𠀵	S
榿	S
𣏑	S
𣙡	S
𡙚	S
𣖡	S
𣙍	S
𣐒	S
𣔲	S
𨗷	S
𣝙	S
𣑹	S
𣛄	S
𣙋	S
樱	S
櫻	S
楇	S
桤	S
檛	S
𣙩	S
𨖒	S
𣔴	S
𣙌	S
枧	S
㭎	S
𣑫	S
𣗏	S
楓	S
𩗏	S
𣠍	S
𣙢	S
棡	S
棢	S
欈	S
㰎	S
𣐶	S
梣	S
𪆲	S
𣝤	S
梤	S
槯	S
𩛳	S
枬	S
杋	S
榐	S
𣡃	S
𣐡	S
樼	S
㭾	S
橻	S
𣔖	S
杻	S
𣐓	S
㭄	S
𣕑	S
𣗢	S
楃	S
㮓	S
𣕲	S
𣘰	S
柌	S
椵	S
楈	S
㯍	S
梉	S
𡭌	S
朻	S
椲	S
㭒	S
𤴜	S
𣐌	S
樨	S
欘	S
蚻	S
檘	S
𣗕	S
梮	S
𣎹	S
𣟙	S
㰑	S
㯢	S
梞	S
𣛚	S
𩰧	S
槢	S
𣒺	S
𣛢	S
榓	S
梶	S
𣙝	S
柲	S
𣒵	S
𣚚	S
𣖕	S
榌	S
𣑌	S
𣐊	S
樛	S
𣕋	S
𣟇	S
𣠜	S
𩿤	S
㭈	S
櫂	S
紮	S
柅	S
𣖗	S
𣝦	S
𣏧	S
𣒁	S
㯶	S
𩽑	S
欉	S
𣞞	S
𣝢	S
𣝉	S
𣚠	S
𣞧	S
檏	S
樸	S
㔄	S
𥽹	S
𣠂	S
橩	S
檆	S
櫿	S
橯	S
𣞁	S
𣟕	S
棪	S
𣜧	S
𣗌	S
橉	S
𣯼	S
䊲	S
㰔	S
𣟂	S
𣑑	S
㮫	S
槣	S
櫶	S
椬	S
䙶	S
榢	S
𣟋	S
𣟯	S
𤏇	S
梡	S
𣑋	S
榁	S
椗	S
檳	S
𣠦	S
𣘹	S
𣘔	S
榠	S
𣙣	S
𣛡	S
楎	S
𣠣	S
𣑪	S
𣏝	S
橣	S
𣜏	S
櫁	S
㯽	S
樒	S
檸	S
椀	S
𣒲	S
㭦	S
楁	S
㰂	S
榟	S
𣘕	S
𣞐	S
𣗈	S
椌	S
𣔱	S
𣖒	S
𣔻	S
檫	S
樎	S
榕	S
𣡐	S
𣑒	S
𣔛	S
棎	S
𣖉	S
𣒔	S
𣛱	S
柼	S
榷	S
𣙜	S
𣗿	S
榊	S
𣑶	S
𣘌	S
𣠲	S
桝	S
棔	S
桰	S
𣛇	S
𣛋	S
𣏚	S
榤	S
枊	S
栁	S
桞	S
㮲	S
椶	S
𣖣	S
栬	S
𣑆	S
𣔹	S
㮁	S
桸	S
𣒅	S
橪	S
檐	S
槲	S
檞	S
𣗒	S
𣑣	S
𣛞	S
𣖆	S
𣕍	S
栒	S
𣓓	S
𣖼	S
梚	S
𣝊	S
𣕌	S
㭸	S
欃	S
㭵	S
𣡴	S
𣞭	S
𣗽	S
㭥	S
枹	S
𣟲	S
櫓	S
櫯	S
𣡎	S
𩵴	S
椈	S
𣑤	S
𣠫	S
𨟅	S
𨟄	S
樊	S
礬	S
𥖎	S
𥖯	S
䙪	S
鬰	S
𢒻	S
欎	S
欝	S
𡑀	S
𣠈	S
𣡇	S
𦉤	S
𣝴	S
蠜	S
𣡜	S
䫶	S
𩕒	S
𢡟	S
𤕩	S
燓	S
鐢	S
𣛍	S
𧢎	S
𧢜	S
𧢣	S
棥	S
𡡴	S
𪋤	S
栘	S
𠀲	S
𣏠	S
𣏯	S
𣖑	S
𣟡	S
𣞿	S
𣓗	S
楤	S
𣘛	S
榝	S
樧	S
𥖥	S
𣠵	S
𣡱	S
𦨀	S
𣜞	S
𢠘	S
𨪧	S
𣛬	S
𣘉	S
梑	S
枃	S
檭	S
𣘴	S
棦	S
𣛶	S
杴	S
㭤	S
𣠡	S
𣞗	S
橮	S
𣑈	S
杓	S
杦	S
梍	S
𨧸	S
柧	S
𥓊	S
栃	S
𧟶	S
𣔒	S
㭛	S
𣖖	S
楯	S
𣏸	S
𣜲	S
栀	S
𣔆	S
梔	S
𧟬	S
楻	S
𣨗	S
梹	S
𣑻	S
𣕻	S
㭌	S
𣛐	S
榹	S
枛	S
槹	S
檪	S
楾	S
晳	S
蜤	S
𠵍	S
𣡅	S
橅	S
𣐧	S
鬱	S
𣡡	S
𣡸	S
𩏴	S
㰃	S
𡯀	S
𦉚	S
𦉠	S
𤓮	S
𣒻	S
𣏙	S
𣏱	S
惁	S
𣔅	S
𣖐	S
𣞌	S
𥖸	S
櫆	S
𣔙	S
櫍	S
椞	S
椑	S
𣖅	S
𪁻	S
𣠤	S
柣	S
権	S
梎	S
槪	S
覈	S
柝	S
𣠽	S
𣙬	S
樷	S
𣒶	S
𨜼	S
𩤆	S
𣗡	S
辳	S
𣗚	S
𥓙	S
𨤳	S
𣟈	S
䫐	S
𤍾	S
櫏	S
𣜕	S
𡘽	S
𨝵	S
𢿨	S
𣫄	S
𦡨	S
𢿱	S
㯹	S
埜	S
㮒	S
𧼖	S
㮏	S
標	S
檦	S
𠢱	S
𠢵	S
䫴	S
𩖗	S
𧹫	S
𪇎	S
㱈	S
梄	S
梺	S
𣜙	S
槱	S
𤍕	S
𧯴	S
𣕢	S
㪔	S
𣛅	S
𣕦	S
𧢀	S
𣝭	S
𣈅	S
橝	S
𠞉	S
𠵂	S
𣒙	S
𧟫	S
䠂	S
𣒜	S
𣘁	S
𣝺	S
榃	S
𥁹	S
𣞖	S
㰈	S
𣑽	S
𢻦	S
𣀙	S
檒	S
𡹚	S
𩙐	S
槚	S
檟	S
𣗗	S
𣕾	S
𢛓	S
㷊	S
㯨	S
𣗇	S
𣜺	S
𣝪	S
䢞	S
棾	S
椘	S
𣡑	S
𣡮	S
𨨗	S
𣕽	S
𣠧	S
𣡄	S
㯄	S
𣝹	S
𣙑	S
檚	S
㯲	S
𠾤	S
𩕌	S
𣚵	S
木	S
𣛧	S
𣡕	S
𣡽	S
𣓏	S
𣗖	S
𣗛	S
𣠁	S
𣘲	S
㭝	S
𣓕	S
楆	S
㯟	S
𠹝	S
𩔵	S
㯬	S
𣗣	S
𣛺	S
𣀧	S
𣕯	S
㯃	S
𣓴	S
𣞋	S
𣞱	S
棽	S
𣝿	S
鷅	S
𩀼	S
𧰔	S
棶	S
𨟤	S
𧛀	S
𣟜	S
𧩋	S
麓	S
𣝕	S
𣟢	S
枡	S
栙	S
𣙖	S
𣛈	S
𣠱	S
𣡓	S
㯯	S
𣡔	S
杔	S
𨕞	S
𣞫	S
檱	S
𣗍	S
𣓽	S
柂	S
𨔼	S
𣟹	S
𣘜	S
𣏈	S
𣐪	S
栝	S
𣞯	S
桻	S
椥	S
橋	S
槰	S
𣜀	S
枖	S
㮽	S
𣒥	S
𣒴	S
𣞛	S
𣞡	S
㭚	S
𣑮	S
𣞳	S
𢆨	S
𣔫	S
𣛆	S
𣐅	S
杄	S
杵	S
桁	S
𣔼	S
𣘊	S
櫡	S
梏	S
欑	S
枆	S
𣕅	S
𣖏	S
𣛖	S
梃	S
㭠	S
㮑	S
𣔪	S
㮔	S
𣟔	S
栍	S
𣛽	S
𣔥	S
棅	S
櫄	S
𣞬	S
𣘷	S
𣚙	S
𣝶	S
𣔓	S
𣙨	S
𣗬	S
橰	S
𣘶	S
𣑉	S
𣘩	S
𣠹	S
𣇮	S
𧎀	S
𣓌	S
𣝼	S
㭊	S
㮩	S
𢜣	S
梴	S
𣛻	S
𣓛	S
櫋	S
椼	S
𣜤	S
𣘱	S
楿	S
梸	S
𣘺	S
𣙔	S
椱	S
𣓡	S
𥂌	S
𪄎	S
楀	S
𨑋	S
𣠊	S
桖	S
𣓂	S
樬	S
𣙾	S
㭡	S
𣙺	S
𣠉	S
㮰	S
𣔬	S
𣒃	S
𣛘	S
𣒰	S
櫷	S
𣏆	S
𣒇	S
𣝳	S
栴	S
𣒀	S
杚	S
柹	S
𣖯	S
橎	S
𣜷	S
𣝎	S
𣝃	S
覂	S
柉	S
㰀	S
橁	S
𣙱	S
𣟩	S
𣘵	S
𥢝	S
𣝁	S
𣠘	S
𣛝	S
𣒤	S
𣠓	S
𣘠	S
𣔌	S
𣛗	S
𣠑	S
𣙫	S
㭔	S
櫤	S
𣠰	S
𣐰	S
柊	S
櫛	S
㮃	S
𣕖	S
𣞂	S
𣙭	S
𣘧	S
𣛩	S
樅	S
𣟣	S
㯚	S
𪂜	S
𣠺	S
𣛏	S
𣙕	S
𣖰	S
𣐍	S
樦	S
㰏	S
𣞮	S
杁	S
栟	S
樴	S
𣓙	S
㮶	S
𣒂	S
𣓱	S
𣖬	S
槎	S
棬	S
𣘎	S
𣝡	S
𣞼	S
𣕂	S
𣚰	S
𣝠	S
橏	S
椦	S
㮸	S
栚	S
櫳	S
𡑻	S
橌	S
椾	S
𣜐	S
𣜭	S
檖	S
𣔾	S
𣙦	S
枓	S
柈	S
𣘥	S
𣕗	S
𣛣	S
𣜒	S
𣖙	S
橍	S
様	S
樣	S
欄	S
𣟬	S
𣙥	S
𣗹	S
榚	S
㰕	S
檥	S
𣕞	S
檨	S
𣜆	S
𣜝	S
𣏎	S
𣖲	S
𣑏	S
栤	S
椫	S
橦	S
橺	S
槞	S
檍	S
樈	S
𣘙	S
㭣	S
棓	S
𣙎	S
櫚	S
𣚍	S
𣟥	S
棁	S
𣜊	S
橧	S
樀	S
𣔐	S
㰅	S
𣘮	S
𣠼	S
椪	S
𣚴	S
楴	S
𣚌	S
𣓲	S
𣟻	S
㮞	S
櫩	S
栨	S
𣡞	S
橷	S
橂	S
樽	S
楢	S
𣜃	S
櫬	S
㯗	S
槉	S
楌	S
㯆	S
𩠑	S
櫊	S
𣟚	S
檤	S
椄	S
槏	S
榏	S
𣚞	S
𣠸	S
𣜑	S
𣕜	S
𣚾	S
檓	S
樳	S
𣕕	S
楖	S
櫭	S
𣐔	S
𣔧	S
𩒆	S
𡏒	S
𦝫	S
𤰊	S
𣐨	S
𣗔	S
梛	S
𣛛	S
枠	S
𣑵	S
𣔈	S
橚	S
楗	S
桪	S
櫸	S
𣖊	S
㭮	S
欅	S
㮴	S
㯸	S
椂	S
𣑢	S
樔	S
柖	S
𤋐	S
𣖹	S
𣓩	S
椔	S
㯿	S
𣏫	S
𠙞	S
𧷋	S
𧵜	S
𣜌	S
梫	S
𣖽	S
㰒	S
𣔜	S
棿	S
𣚔	S
覅	S
桚	S
𢠖	S
𣜘	S
桾	S
𣜔	S
𣚉	S
榋	S
𣟨	S
䳩	S
楰	S
𣑗	S
𣚟	S
梕	S
杒	S
𣏒	S
栰	S
㭖	S
𣙚	S
𢃪	S
𧌻	S
㮬	S
棇	S
𩸝	S
𪁿	S
枩	S
𣏘	S
𧟸	S
覄	S
栿	S
𠭱	S
𣏴	S
𣐴	S
𣟱	S
𣘤	S
𣠙	S
𣠪	S
𣡿	S
𨔱	S
柎	S
棆	S
椧	S
楡	S
𣞽	S
楑	S
𣟑	S
榆	S
檜	S
㭘	S
𣕆	S
櫈	S
㯓	S
枍	S
𣜴	S
楩	S
𣔤	S
𣗯	S
𣟺	S
橙	S
㮉	S
検	S
檢	S
樇	S
𣘀	S
𣒦	S
樤	S
䣛	S
厀	S
𣠬	S
㓼	S
𠞘	S
㯡	S
𪄭	S
桼	S
𣐐	S
𣠴	S
柗	S
梲	S
椺	S
㮢	S
𣠗	S
桘	S
㮧	S
𣑰	S
㯷	S
𣔢	S
𣏤	S
𣒍	S
𣐾	S
栣	S
梌	S
㮆	S
槝	S
枌	S
樢	S
𩾚	S
𪀹	S
𪄏	S
椕	S
𣘖	S
䴬	S
䴰	S
䴵	S
䴼	S
䴾	S
麯	S
𣛌	S
𣞚	S
𪌂	S
𪌚	S
𪍂	S
𪎀	S
㮝	S
䴸	S
郲	S
𪌀	S
𪌰	S
𪙤	S
麬	S
麮	S
麶	S
𠌊	S
𨤺	S
𪌆	S
𪌏	S
𪌓	S
𪌥	S
𪍥	S
𪍩	S
䵂	S
猌	S
麵	S
𥏳	S
𪌩	S
𪍤	S
䴿	S
䵆	S
𪌭	S
𪌯	S
𪌻	S
𪍊	S
𪍒	S
𪍔	S
𪍛	S
𪍭	S
𪍳	S
𪍸	S
𪍺	S
㙬	S
㭫	S
䴽	S
䵁	S
桽	S
𡎼	S
𡑃	S
𨤭	S
𪌃	S
𪌉	S
𪌟	S
𪌳	S
𪍎	S
𪍡	S
𪍪	S
𪎄	S
櫼	S
𪌘	S
𪍑	S
𪎅	S
䴶	S
麰	S
𢆠	S
𪌔	S
𪌸	S
𪌹	S
𪍴	S
來	S
𪌶	S
𪌷	S
𪍄	S
𪍟	S
𪍯	S
𪌱	S
𪍈	S
𪍍	S
𪍲	S
𪍵	S
𪍹	S
㭲	S
䴴	S
䴺	S
𠎙	S
𠻮	S
𠾂	S
𣖤	S
𪌕	S
𪌢	S
𪌣	S
𪌧	S
𪌺	S
𪍌	S
𪍶	S
𪍷	S
𪍼	S
勑	S
𤲝	S
𤳇	S
𪋾	S
𪌾	S
𪍝	S
𪍞	S
䴮	S
䵀	S
賚	S
顂	S
𧷖	S
𪌠	S
𪌡	S
𪌼	S
𪍏	S
愸	S
憖	S
憗	S
麧	S
麪	S
麫	S
麭	S
𢠗	S
𣓚	S
𣮉	S
𪋽	S
𪌁	S
𪌄	S
𪌇	S
𪌋	S
𪌖	S
𪌤	S
𪌿	S
𪍃	S
䳵	S
鶆	S
麴	S
𤍂	S
𩻜	S
𩻯	S
𪄪	S
𪄳	S
𪌌	S
𪌬	S
𪍗	S
𪒁	S
𪒅	S
逨	S
𪍦	S
䚅	S
䴷	S
麲	S
𧡛	S
𧡽	S
𪌪	S
𪌫	S
䴯	S
𪌍	S
𪌐	S
䴲	S
䴹	S
𠢷	S
𪌎	S
𪍐	S
𪍚	S
𪍨	S
𪍽	S
䴭	S
麥	S
麨	S
𢽟	S
𪌑	S
𪌗	S
𪌙	S
𪌮	S
𪍁	S
𪍆	S
𪍉	S
𪍋	S
𪍘	S
𪍬	S
𪍮	S
䵄	S
麷	S
𣬀	S
𪍣	S
㯤	S
䴳	S
䵃	S
麩	S
麳	S
𠐇	S
𪌊	S
𪌒	S
𪍀	S
𪍰	S
𪍿	S
𪎂	S
䴱	S
𪋼	S
𪌈	S
𪌽	S
𪍙	S
𪍜	S
麱	S
𤦃	S
𪌅	S
𪌞	S
𪌵	S
𪍅	S
𪍇	S
𪎆	S
橃	S
梻	S
杹	S
柃	S
檎	S
欆	S
槜	S
㮅	S
榫	S
𣘞	S
𣛉	S
梒	S
槍	S
枔	S
棯	S
檇	S
𢡫	S
樵	S
𣛑	S
𣛎	S
𣛜	S
𣖘	S
𣚑	S
𣚓	S
𣐜	S
㯑	S
𣏭	S
欚	S
𣚬	S
樌	S
𣟓	S
㰘	S
𣟗	S
栂	S
𣏖	S
槇	S
𣑇	S
栺	S
𣙶	S
柫	S
𣙿	S
㯞	S
𣚦	S
柪	S
𣗭	S
𣘆	S
檰	S
櫟	S
𣒬	S
𣜼	S
𣝅	S
𣟤	S
榒	S
橼	S
櫞	S
梐	S
𣝵	S
𣠭	S
枇	S
檵	S
機	S
𣡵	S
㭹	S
𣡩	S
樜	S
𣙃	S
櫎	S
𣒏	S
槨	S
樆	S
梈	S
𣒒	S
𣡹	S
橔	S
㰚	S
棛	S
𣘋	S
𣟊	S
𣕛	S
橀	S
𣑁	S
𣙆	S
㯙	S
𣚂	S
𨗢	S
𣐿	S
𣟖	S
堏	S
櫥	S
𣐼	S
𣖟	S
槠	S
櫧	S
𣟎	S
𣓄	S
𣏣	S
椋	S
𣐚	S
櫅	S
𣙮	S
欀	S
𣙛	S
櫰	S
𣘍	S
𣠐	S
檩	S
檁	S
柿	S
槁	S
𣝩	S
楄	S
槴	S
棙	S
𣓖	S
𣟴	S
𣠯	S
𣡬	S
栐	S
𣕄	S
𣗉	S
㮼	S
杧	S
𣐖	S
𣓠	S
𣟸	S
𣓅	S
枦	S
櫦	S
怸	S
核	S
樚	S
椖	S
𣟅	S
𣟐	S
𣠾	S
𣚪	S
𣖞	S
𤊆	S
檺	S
鶐	S
楟	S
橠	S
㭽	S
㯅	S
𣁩	S
𣡂	S
𣘨	S
𩰩	S
𣙪	S
㯎	S
𣘄	S
椸	S
𣖺	S
㯀	S
栦	S
檹	S
榳	S
㮵	S
𣖸	S
𣜰	S
𣔳	S
桹	S
樃	S
槦	S
槺	S
榶	S
椩	S
𣚲	S
櫠	S
椊	S
椨	S
𣖵	S
𩿯	S
棜	S
棭	S
𠅗	S
𣚳	S
𣠥	S
𣘚	S
㯠	S
槒	S
𣐙	S
𥴐	T
𧗸	T
𠠀	T
𥵃	T
箋	T
㣤	T
𥟥	T
𥷯	T
穁	T
𥮟	T
𨙲	T
笻	T
簸	T
𥱕	T
篚	T
𥠶	T
𥲲	T
簊	T
𥯶	T
𥟾	T
䉇	T
箬	T
𩑒	T
𥯓	T
𥶂	T
簛	T
𥬪	T
𥶺	T
𥷕	T
㣝	T
䄾	T
𥠏	T
稘	T
篋	T
𥳽	T
𥠙	T
䉈	T
𨛘	T
𥮲	T
䇞	T
𡉼	T
𥞌	T
𥞈	T
𠂯	T
𥤜	T
簕	T
𥷥	T
篏	T
䅿	T
𥟼	T
𥢇	T
𥬤	T
𠧌	T
𢕧	T
箧	T
筺	T
𥭕	T
䇫	T
䄵	T
夅	T
𣅲	T
𧔧	T
𥠯	T
𥷷	T
籃	T
𥤟	T
䉯	T
𤭘	T
㷩	T
熈	T
𥤝	T
䄰	T
笌	T
𥫻	T
𡟮	T
𨞒	T
𥡸	T
𥱹	T
徣	T
稓	T
𩐖	T
𥵵	T
𥢸	T
𥤙	T
稶	T
笸	T
𢕂	T
䈅	T
䈽	T
稢	T
𥡣	T
𢕓	T
𥱸	T
𥵚	T
籄	T
𢔹	T
𥤊	T
𥷬	T
𥸁	T
𥰎	T
䅦	T
筪	T
𨖲	T
𥶃	T
𥣫	T
𥯹	T
𥬑	T
𥰺	T
𥠚	T
𥳎	T
篫	T
𢲿	T
築	T
篢	T
㣴	T
穔	T
簧	T
𥟌	T
𥡹	T
𥲈	T
笹	T
𥬙	T
𥱎	T
秬	T
衐	T
䈎	T
𥠓	T
𥲒	T
𡕛	T
𥣛	T
𥵿	T
𨑞	T
徔	T
𥬗	T
𣀖	T
𢄔	T
𥲭	T
𧗨	T
䅾	T
𥸢	T
𥰄	T
𥣶	T
𥝪	T
𨗼	T
𠣔	T
𥟕	T
𩱾	T
𤫪	T
𥡘	T
𥣑	T
𥟪	T
䅸	T
𥷀	T
𥬣	T
彻	T
𥰰	T
𥷂	T
穫	T
籆	T
𥷣	T
𥵼	T
衖	T
𢕵	T
簭	T
遾	T
𨕊	T
𥠸	T
䅷	T
𥬹	T
𩁳	T
𢏒	T
䅒	T
𥭶	T
𥤆	T
𥡃	T
𥡍	T
𥷨	T
𥯘	T
𢿔	T
𥣙	T
箃	T
𥵫	T
𥳔	T
𥶴	T
𥶻	T
𥲎	T
䉄	T
𥴩	T
𢓸	T
𧠡	T
䈄	T
𢔈	T
䇰	T
𢓞	T
篜	T
𥰚	T
𥳜	T
𥳲	T
𠚗	T
𢔔	T
𥶐	T
𥣼	T
𥞃	T
笜	T
𥭙	T
𡮒	T
𠃷	T
𤆒	T
𨒣	T
𥲗	T
𥲊	T
𥭫	T
𥞕	T
箛	T
𥳌	T
𥱖	T
𥱥	T
𢼏	T
䉌	T
𥶼	T
䈨	T
䉁	T
𩿽	T
篨	T
𡦧	T
笲	T
𥝱	T
𢔟	T
𥠊	T
穇	T
篸	T
𢕕	T
𥳮	T
𥳋	T
𥟒	T
䅟	T
𥮾	T
䉊	T
𩑑	T
𥠩	T
𢓶	T
𢔮	T
𧗴	T
筩	T
𥲆	T
𥰘	T
𥢅	T
𥢆	T
秮	T
𠢙	T
䈚	T
𨖎	T
䈢	T
𢕠	T
𡳽	T
𢤷	T
𤙋	T
𥝲	T
𥭏	T
𢓪	T
𥰱	T
𩾮	T
稄	T
𢓭	T
𥭟	T
𢔳	T
𥫢	T
矱	T
甜	T
𥢟	T
𥬢	T
𦧹	T
𥮎	T
𧶓	T
憇	T
𥐀	T
䑜	T
榘	T
𥏭	T
𦧤	T
𩰤	T
𥐓	T
𥣭	T
𦼌	T
䢴	T
𧗭	T
䂐	T
𦧇	T
𥏞	T
𥏖	T
𦧊	T
𥱘	T
叐	T
𥬒	T
秡	T
𢻨	T
𥎱	T
𩐅	T
𥶲	T
𥏢	T
𥏣	T
𦧒	T
𦧳	T
𥏄	T
𥏜	T
頢	T
𥏤	T
𦧩	T
𥱫	T
𥢈	T
𦧦	T
箶	T
𦙖	T
䑚	T
衚	T
𥵯	T
𢕶	T
𢖒	T
𥣯	T
𢍃	T
𥎰	T
𦧉	T
䂔	T
䅶	T
𥯅	T
圱	T
𥎧	T
𥐎	T
𥫲	T
𦧏	T
䂒	T
𢓢	T
𣭹	T
𥐇	T
𥐐	T
𥐒	T
𥷑	T
𥎹	T
𥐆	T
𦧆	T
𥏝	T
𪓳	T
𡘸	T
𠷷	T
𥏒	T
𥐏	T
𥐔	T
𦧺	T
𧸒	T
䉞	T
舔	T
𤭇	T
𪈁	T
𥐋	T
𦧜	T
箴	T
𥠆	T
𥐍	T
𦧖	T
𤤋	T
𥞘	T
𠮋	T
𢼤	T
稧	T
𣥚	T
𥎶	T
𣦴	T
𥏽	T
𧾭	T
𥢪	T
䗬	T
夆	T
蠭	T
𥏥	T
𧋴	T
𧒒	T
𩙹	T
𥏁	T
𥏦	T
𥐃	T
𥣴	T
𥶙	T
㶻	T
㷭	T
𥶬	T
𢌢	T
䂓	T
𧺆	T
篲	T
䂑	T
𥵦	T
籍	T
𥷸	T
𦧟	T
𥶤	T
𦧞	T
𩓕	T
𥎺	T
筙	T
𦓫	T
𥏓	T
徘	T
𥟍	T
𥣘	T
昋	T
𢔵	T
𥎭	T
刋	T
刮	T
𥏅	T
𦧧	T
𥁢	T
䅖	T
𢔂	T
𥯃	T
𦧭	T
舓	T
𥏫	T
𧉕	T
聟	T
𨝰	T
敽	T
𢻤	T
𣪽	T
𩇺	T
呑	T
𠮮	T
𠾹	T
𥎿	T
𥏧	T
𥬡	T
𦧴	T
䣽	T
𡁗	T
𨢮	T
𨢱	T
智	T
𣉻	T
𥏯	T
𧌲	T
𧐉	T
喬	T
𠕧	T
䀉	T
勪	T
䝷	T
𠙪	T
𠿕	T
㲛	T
䎗	T
𡰘	T
𢜔	T
𣯹	T
𥏃	T
𥏴	T
𥏼	T
𥏾	T
鷮	T
䢪	T
𨔓	T
䚐	T
𠿻	T
𧡐	T
𣔇	T
敿	T
鼅	T
𣤙	T
䵹	T
𥎴	T
𦧲	T
㔚	T
矲	T
稬	T
𥎽	T
𥯬	T
䑙	T
舑	T
𥞎	T
𠛻	T
𥢠	T
𥬵	T
𥲙	T
𥏨	T
𥲁	T
𥱇	T
𨖺	T
𥱙	T
𥏸	T
𥐑	T
䅡	T
𣫽	T
𥏊	T
舏	T
𧗢	T
稽	T
𠛦	T
𥠻	T
𥡞	T
𥡳	T
𥡴	T
𥢔	T
𥢑	T
𥢱	T
嵆	T
嵇	T
𥏘	T
𦧱	T
䇳	T
筬	T
㛷	T
諬	T
舕	T
𥐈	T
𥐁	T
𥏕	T
𨒔	T
𦧮	T
𦧑	T
舐	T
𥎾	T
𥏍	T
𥏵	T
𥡠	T
𥱶	T
𥎯	T
䑛	T
舚	T
𦧻	T
𥎮	T
𩲶	T
𥏠	T
𥵔	T
𥎷	T
𦧋	T
𦧙	T
𥯩	T
𥐊	T
𤫴	T
𦧔	T
徛	T
𥎵	T
𥟏	T
𨢰	T
𥝾	T
𦧌	T
𥮇	T
𦧓	T
𨞷	T
𪙬	T
矨	T
舙	T
𦧚	T
𦧵	T
矪	T
𥏗	T
筹	T
𠦅	T
𥏱	T
𢖙	T
𥏆	T
𥤀	T
𥷒	T
矫	T
矯	T
𥏐	T
憩	T
𦧯	T
𥷅	T
𥏎	T
𦧝	T
𨙍	T
𥏌	T
𠂚	T
𥏻	T
矮	T
𡠅	T
𥎪	T
𥏺	T
𥏙	T
𠂷	T
辞	T
𢔭	T
𥏔	T
𥢍	T
簝	T
𥏟	T
𦧼	T
矰	T
𥏮	T
𥐅	T
𥏿	T
𡙶	T
𥵐	T
𥽧	T
𩽘	T
𪇙	T
𥷊	T
𥵱	T
𡴘	T
𥏡	T
𥯺	T
𥲩	T
𥷤	T
𥷴	T
𦘗	T
䂏	T
𠚲	T
𦧣	T
𥠬	T
𥯪	T
𢔓	T
箺	T
𥠔	T
谸	T
𥏲	T
𥰫	T
𦧛	T
𦧈	T
鴁	T
鴙	T
鴰	T
𣜫	T
𥱧	T
𥬟	T
𥡟	T
㣣	T
筴	T
𥞵	T
雉	T
𨾘	T
䂕	T
𦧫	T
矧	T
𥿅	T
𦧽	T
𥏪	T
𥎳	T
𥎬	T
𥏩	T
𦗊	T
𥐌	T
𥏹	T
𦧷	T
𦧢	T
𥫵	T
𥎸	T
㣖	T
𦨰	T
艧	T
艨	T
𦪆	T
𦪠	T
艜	T
艦	T
𦩼	T
穩	T
艓	T
𦩺	T
𦨜	T
䑴	T
舼	T
𦪗	T
𦨒	T
箙	T
𦨕	T
筟	T
稃	T
䑠	T
郍	T
艋	T
𡕜	T
𦨥	T
𥯇	T
𦨌	T
䈈	T
𦩇	T
𦩈	T
𦩓	T
𥯰	T
舥	T
𦪜	T
𦪏	T
䑡	T
𦩐	T
𦩋	T
𦩣	T
䑩	T
𦪾	T
𨇐	T
𦪕	T
𥂏	T
𥂐	T
頺	T
𥳗	T
舿	T
𩺔	T
𨕳	T
𣗆	T
𦩢	T
𦩬	T
𦪊	T
𡙾	T
𦩀	T
𦪘	T
𦨩	T
舦	T
𦨐	T
𦨚	T
艀	T
𦩮	T
𦩶	T
𥵷	T
稝	T
𦫆	T
𦩾	T
𦨋	T
𧡬	T
䑮	T
䑣	T
𦩹	T
䑥	T
㣪	T
䈠	T
𦨟	T
𦪩	T
𦪟	T
𦩄	T
𦩷	T
𦫄	T
𥟝	T
𥤃	T
𦨘	T
艢	T
𦫃	T
䒈	T
𦪸	T
𦪭	T
𦨞	T
𦪛	T
𦨑	T
𥭐	T
艝	T
𦫊	T
𡬫	T
䑶	T
笡	T
𥟳	T
徂	T
𦨝	T
𦩒	T
𦨫	T
𦩌	T
艚	T
筯	T
𦩡	T
𤭂	T
䑢	T
𦨠	T
䈻	T
𤥹	T
𦨗	T
𦨭	T
𦫇	T
𥅕	T
𦨧	T
𦪡	T
䑰	T
䑲	T
稲	T
𡕗	T
艣	T
艫	T
𦩕	T
𦪫	T
䚀	T
𦪍	T
䑭	T
𦨲	T
艄	T
𦩨	T
艡	T
䑬	T
𦨻	T
𦨖	T
𦪉	T
䑵	T
艃	T
𦩅	T
𦨙	T
𦨪	T
𦩠	T
艒	T
𦨉	T
䑽	T
𦩥	T
𦪬	T
𦨳	T
𦨼	T
𦪢	T
𥣧	T
𦪒	T
𩕎	T
艥	T
艛	T
筋	T
𦩝	T
穱	T
𥷮	T
𦪷	T
舺	T
𥵖	T
𦩭	T
𦩪	T
𥃑	T
𥬾	T
磐	T
𡚕	T
褩	T
稱	T
鞶	T
舳	T
幋	T
舢	T
𥈼	T
𨃞	T
縏	T
䑺	T
螌	T
𥃛	T
船	T
𦨴	T
𦩍	T
盤	T
𥂟	T
𦪹	T
𢟁	T
𦨽	T
𩺓	T
𪄀	T
𪒀	T
𨕴	T
舰	T
鎜	T
搫	T
槃	T
𦩴	T
媻	T
舤	T
𦩯	T
𥮄	T
艍	T
䒂	T
𦩙	T
䎇	T
𥟞	T
𠃯	T
𦨇	T
𦨿	T
䒁	T
𦪧	T
𧭔	T
𦩎	T
𧔶	T
𤳮	T
𦫂	T
𦩗	T
𦫁	T
䑱	T
䑹	T
𢔏	T
𦩤	T
𦩘	T
䑸	T
𨗹	T
䑿	T
𦪌	T
䒄	T
䒇	T
𥵒	T
𦪥	T
𥣁	T
𥴨	T
𦪁	T
篴	T
舵	T
𦨨	T
𦨹	T
𦨛	T
鸼	T
艪	T
䑦	T
𥯷	T
䑼	T
艐	T
𦫉	T
艬	T
𥭖	T
𦨓	T
𦨢	T
舨	T
簲	T
𦩖	T
艎	T
䒉	T
艊	T
𢖟	T
徭	T
舾	T
𦨍	T
㭧	T
𥬸	T
𦩑	T
𥟩	T
𥭬	T
𦨎	T
䑨	T
𥎻	T
𦨯	T
𦩔	T
䒀	T
舴	T
𥮍	T
𦩰	T
𦪄	T
舽	T
艂	T
𦨵	T
𦨸	T
𦩂	T
𦪪	T
艁	T
𦪞	T
𦪖	T
𦫅	T
𣭫	T
𦨊	T
𦨏	T
䈧	T
𢕷	T
𥢬	T
䒃	T
𦪎	T
艞	T
𦩁	T
𦩆	T
𦩟	T
𦩿	T
𦪵	T
舧	T
𦪤	T
䑫	T
艖	T
𥸎	T
𦫀	T
𦪽	T
𥢁	T
艟	T
𦩱	T
𦪋	T
𦪚	T
𦩲	T
䒅	T
𦩫	T
籐	T
籘	T
𣽨	T
𦪝	T
𧑥	T
𦩜	T
艗	T
𠢧	T
𤳔	T
𧷽	T
䲍	T
𦩵	T
𪅻	T
𥰹	T
𦩃	T
𣚗	T
䑯	T
艤	T
𦩩	T
艕	T
艘	T
𦩦	T
䈱	T
䅑	T
𢓰	T
箏	T
𦨱	T
𦩽	T
𦪓	T
𦪲	T
𦪺	T
𦨣	T
穏	T
舠	T
𥸆	T
𦪴	T
𥴤	T
𦩊	T
𦨔	T
䑳	T
𦨮	T
𦨷	T
𦪮	T
䑾	T
舩	T
舲	T
艭	T
𦪑	T
𦨶	T
䑧	T
𦩞	T
䑪	T
艙	T
䑤	T
艌	T
𦪙	T
鵃	T
𪁮	T
艅	T
艠	T
𦨈	T
𦩏	T
徯	T
𥰥	T
𦨡	T
𦪶	T
𦫈	T
𦩸	T
艑	T
䑻	T
𦨾	T
艔	T
䑷	T
艆	T
𦪳	T
艩	T
𦨬	T
𥴉	T
𦪀	T
𦪯	T
舫	T
舮	T
𥳤	T
𦪅	T
舣	T
艈	T
䒆	T
𦪔	T
笈	T
舷	T
𦪇	T
彶	T
𥝥	T
籖	T
𥯒	T
𥢊	T
𥳡	T
𥵞	T
𨙼	T
𠙹	T
𠙺	T
𠚂	T
𢓧	T
𨛀	T
𥯿	T
𢖡	T
篕	T
𢕿	T
𥬀	T
𥬔	T
䅩	T
秐	T
秓	T
𥞋	T
穤	T
𠃇	T
𩑤	T
䉙	T
𥢚	T
筀	T
篈	T
𡋩	T
䅅	T
徍	T
衎	T
街	T
𠂵	T
𢕥	T
𧗥	T
𥶾	T
𠟚	T
𥮻	T
𤎇	T
𪃝	T
徺	T
穘	T
等	T
𢕫	T
待	T
秲	T
簙	T
𥴾	T
啎	T
𠬻	T
𢕤	T
𥮖	T
徝	T
稙	T
鸻	T
衠	T
𥣿	T
𡕖	T
𢕳	T
𢖂	T
憄	T
𢕞	T
𢙡	T
鴴	T
𧠒	T
𠂙	T
䈯	T
稹	T
𢪐	T
徒	T
𥲪	T
𧗷	T
𩹚	T
𢼡	T
𥞆	T
𦓤	T
𢓛	T
𥞊	T
𥟇	T
𥭑	T
𦔊	T
篝	T
簳	T
𣅌	T
𥠾	T
𥱏	T
𥝷	T
𥫶	T
𥬆	T
𢕴	T
𥶭	T
𢍎	T
郜	T
𠚟	T
𤿩	T
靠	T
𥰟	T
告	T
籉	T
𥭅	T
㣟	T
秸	T
鹄	T
𠁪	T
𠜯	T
𥭃	T
𧔁	T
穯	T
𠼑	T
𥢗	T
𥸐	T
勂	T
𥂷	T
頶	T
𡷥	T
䎋	T
𢁏	T
鵠	T
造	T
𨗡	T
𨘴	T
𨘻	T
𧠼	T
𠵞	T
𡀻	T
𢽍	T
𨖰	T
䉹	T
𥤞	T
䧼	T
𥵉	T
𢖋	T
𧘅	T
𢖏	T
𥶦	T
㔓	T
徳	T
𥸚	T
𣢳	T
𥣢	T
㣮	T
䈒	T
𥠮	T
𣭿	T
𣮏	T
𥬻	T
𣬝	T
𣬤	T
𣬥	T
𣭞	T
𣯏	T
𣰼	T
𥫡	T
𣬶	T
𣬼	T
𣭔	T
𣭗	T
𣮬	T
𣯜	T
𣯤	T
𣰀	T
𣰏	T
毧	T
毴	T
氁	T
𣭎	T
𣭏	T
𣭩	T
𣭪	T
𣮚	T
𣮺	T
𣮻	T
𣰵	T
㲌	T
毝	T
毶	T
𣭕	T
𣭱	T
𣮁	T
𣮛	T
𣮲	T
𣯶	T
𣰥	T
籌	T
𡊥	T
𣬯	T
𣬿	T
𣭤	T
𣮐	T
𣯋	T
𣯍	T
𣯴	T
氊	T
𣮩	T
𣮶	T
𣰷	T
𣱁	T
𣱃	T
毪	T
𣬢	T
𣬳	T
𣭒	T
𣮹	T
𣯀	T
𣯐	T
𣯪	T
𣰎	T
𥄥	T
㲑	T
䄟	T
毜	T
𣭐	T
𣭬	T
𣭴	T
𣮘	T
𣮤	T
𣮽	T
𣰁	T
𣰙	T
𣰤	T
㲧	T
毥	T
毺	T
氆	T
氇	T
氌	T
𣬟	T
𣬫	T
𣬰	T
𣭌	T
𣭦	T
𣮂	T
𣮑	T
𣮼	T
𣯗	T
𣯿	T
𣰃	T
㲮	T
毡	T
毰	T
𣬣	T
𣬧	T
𣭆	T
𣭊	T
𣭋	T
𣭝	T
𣭨	T
𣮗	T
𣮜	T
𣮞	T
𣯔	T
𣯖	T
𣯙	T
𣯚	T
𣰇	T
𥵽	T
𣰑	T
𣰦	T
𣬠	T
𣭑	T
𣰜	T
𣰬	T
㦌	T
㲎	T
㲐	T
㲩	T
㲱	T
毳	T
毸	T
𢥰	T
𣭚	T
𣭜	T
𣮷	T
𣯾	T
𣰔	T
𣰳	T
𥝜	T
毩	T
毯	T
毱	T
𣯑	T
𣯘	T
𣰂	T
𣰹	T
𤆬	T
𥼛	T
𩿂	T
毽	T
𣭛	T
𨑺	T
𨓱	T
𨖧	T
𨘥	T
㲙	T
毨	T
覒	T
𣬜	T
𣭧	T
𣯥	T
𥭺	T
㯔	T
毢	T
𣮃	T
𣮓	T
𣯂	T
𣰕	T
𣰩	T
㲓	T
𣬽	T
𣭈	T
𣮅	T
𣰒	T
𣰓	T
𣰪	T
𣰾	T
忎	T
𢗩	T
𣭇	T
𣭉	T
𣭥	T
𣰆	T
𥭡	T
𣬛	T
𣬞	T
𣮄	T
𣮍	T
𣯄	T
𣯢	T
𣯫	T
𣯲	T
𦥽	T
𣬱	T
𣬴	T
𣭓	T
𣭯	T
𣮣	T
𣯁	T
𣯒	T
𣯣	T
𣰈	T
𣭙	T
𣮎	T
㲝	T
毬	T
𣬨	T
𣬬	T
𣭍	T
𣭾	T
𣮙	T
𣮨	T
𣮴	T
𣯊	T
𣯧	T
𣯩	T
𣯭	T
𣰞	T
𣰽	T
𣱀	T
𥷻	T
𥞳	T
𢽄	T
𥵠	T
𥷆	T
廷	T
𨑳	T
䅴	T
𥰼	T
迕	T
𢌙	T
頲	T
颋	T
𥮮	T
䢾	T
笎	T
酂	T
酇	T
𣀶	T
𩣂	T
𥏋	T
𨧭	T
衏	T
𠒒	T
𠒣	T
𩱕	T
𩱩	T
𤄳	T
㬱	T
劗	T
𠜎	T
𧑯	T
𧖟	T
𠓀	T
𠸜	T
贊	T
赞	T
𩒙	T
𢓆	T
𣭟	T
𣭡	T
𪀷	T
选	T
兟	T
𠒑	T
𠓙	T
𧠺	T
㪇	T
𣀹	T
筠	T
㰫	T
𠈣	T
𠒷	T
𥭀	T
𨾷	T
𠂖	T
𨛙	T
𥳉	T
𨛻	T
𠄒	T
幷	T
筓	T
𥟯	T
䅲	T
𠛉	T
𢔪	T
𥭻	T
𥵈	T
甁	T
𥬯	T
逬	T
𢌜	T
𢌦	T
𣃑	T
𥲯	T
𠂴	T
䇭	T
𥞠	T
𠆕	T
𠝵	T
𨛽	T
㪓	T
𣪜	T
𥴆	T
埀	T
𡏕	T
𢔛	T
𩍸	T
𨳱	T
𠝍	T
穑	T
㔞	T
𥃏	T
𡹁	T
𥶶	T
𪈓	T
𪈢	T
㣵	T
𡮓	T
𥱩	T
䉅	T
𥷚	T
敮	T
𢻗	T
𥀈	T
臿	T
𦥛	T
𦥫	T
𦦘	T
𠝞	T
𩔓	T
𦑪	T
𨔨	T
𣖄	T
𥪵	T
歃	T
𦦕	T
𠚏	T
𥀉	T
𥢴	T
稑	T
𦥆	T
𠂕	T
簮	T
𠜫	T
䉢	T
穡	T
𢖑	T
𥣪	T
𩾭	T
䈊	T
稜	T
𢔁	T
𥣆	T
䄮	T
籗	T
籱	T
𥡩	T
𨾟	T
𢆏	T
𡐱	T
郵	T
㩾	T
𢾦	T
𩣷	T
𤯻	T
䄯	T
𢓄	T
𢕁	T
𧗦	T
㣜	T
剰	T
笄	T
筭	T
𠝶	T
𥝯	T
𤯺	T
𡸁	T
𦈼	T
甀	T
𡑈	T
𡼻	T
𢛲	T
䳠	T
𨔠	T
𨙔	T
𨙡	T
𣂩	T
乗	T
𥡭	T
𡙇	T
𣣮	T
𨿠	T
𢓦	T
𨚥	T
𥫱	T
䇪	T
秷	T
箌	T
𠟅	T
𥠽	T
𩢫	T
𥑦	T
㔐	T
𥱄	T
𢝐	T
𥮅	T
𢓍	T
𤯝	T
𥠵	T
𥶹	T
簠	T
𧘰	T
秿	T
𥡨	T
𥮉	T
𨜚	T
𤯙	T
𨜲	T
稏	T
䄨	T
𤯨	T
𩇛	T
𤯡	T
䇥	T
眚	T
𥮳	T
徰	T
𥳧	T
𧗪	T
𤯮	T
惩	T
𥝽	T
𥡷	T
篶	T
䈣	T
𥫫	T
𦥲	T
𤧧	T
秠	T
𢓖	T
𥠍	T
𥞶	T
𥝣	T
𤿪	T
𧜻	T
𨤼	T
篿	T
𡍺	T
𥡵	T
𨤶	T
𥲓	T
𨤴	T
𢔅	T
濌	T
𠜕	T
𠝤	T
𥷢	T
𡮶	T
𨤯	T
動	T
𢔲	T
𥢋	T
𡼉	T
憅	T
穂	T
穗	T
𤭮	T
𥶸	T
𦑝	T
䳯	T
勲	T
𤋱	T
𨔝	T
稉	T
筻	T
𨤹	T
𥠭	T
𡣢	T
㰱	T
𠏳	T
𠞕	T
𨿿	T
𢔴	T
𠂻	T
𢖧	T
𥭠	T
𥲔	T
𠲆	T
𢓲	T
𥟊	T
䈪	T
𢔸	T
䇿	T
𣏮	T
𥟈	T
𢔯	T
𥬂	T
𥰍	T
䈏	T
稫	T
籁	T
籟	T
𤐧	T
𤐸	T
𥣇	T
𥢿	T
𢕡	T
𢖉	T
䇺	T
簌	T
𦫯	T
𠦚	T
𥱔	T
𠡦	T
徚	T
𤯬	T
勳	T
甥	T
𤯜	T
𧸬	T
𠡏	T
𪇑	T
䄼	T
䇧	T
𥬶	T
𢿸	T
𥮔	T
𡍴	T
𤯞	T
𥫴	T
𢓣	T
箣	T
𥲍	T
𥵇	T
𥢼	T
𥴹	T
𥠛	T
𥰡	T
𥱗	T
箦	T
簀	T
䇤	T
𥞗	T
穲	T
籭	T
𥰑	T
㣱	T
積	T
𥮩	T
𥫣	T
𥝑	T
𢘡	T
䅉	T
𠂲	T
𥰸	T
𤇓	T
𥟂	T
䉔	T
𥢡	T
䅀	T
𥬭	T
𢕟	T
𣢡	T
𥬎	T
甧	T
𤯪	T
㚅	T
㽓	T
甡	T
𤯣	T
𠞏	T
𤯸	T
𣬺	T
𤯫	T
𥭯	T
𤯛	T
𥟀	T
𤯘	T
𣒧	T
䇲	T
𥞦	T
徑	T
𢔉	T
𤯕	T
徢	T
箑	T
𥟅	T
𥡝	T
㔟	T
𥯙	T
𨘉	T
𧗡	T
𡷩	T
䲼	T
穪	T
籋	T
𣣨	T
𥸀	T
䇘	T
䘘	T
𥱨	T
𤯟	T
䄺	T
𢓡	T
𢓎	T
𥝮	T
𤰂	T
𤯰	T
𨟭	T
𣀔	T
𣫑	T
𥵂	T
𥴧	T
𥡧	T
𥲤	T
𥲉	T
㔍	T
𢍂	T
籚	T
𥲜	T
箎	T
𥱿	T
𣰚	T
𥶌	T
籧	T
𥳠	T
𥳪	T
𣃍	T
簴	T
𥱲	T
郋	T
𥸛	T
𥸟	T
𥷳	T
𥸞	T
𩜔	T
𥲹	T
𤿤	T
秛	T
篹	T
鄓	T
篡	T
簒	T
𦤁	T
𦤚	T
𦤡	T
䉵	T
籑	T
𦤒	T
𦤑	T
纂	T
𥴠	T
𥵺	T
𦤗	T
𦤧	T
𦤱	T
𦤬	T
𥶊	T
𦤨	T
𦤯	T
𨏉	T
䫁	T
𦤰	T
𥲻	T
𦤦	T
䵵	T
𦤠	T
𦤭	T
𥴌	T
穢	T
𢕺	T
𥣚	T
臭	T
𦤀	T
𦤕	T
𦚅	T
𨕋	T
𦤍	T
𢔠	T
𢼎	T
𦤆	T
𠂦	T
𤰆	T
𠛢	T
怎	T
𩿞	T
迮	T
𣀐	T
𦤐	T
牋	T
牑	T
𢦤	T
𤖿	T
𤗇	T
𤖪	T
𤗍	T
版	T
𠫟	T
𤖬	T
𤖮	T
𤖰	T
𤖷	T
𤗜	T
𤗧	T
𤗫	T
𤗳	T
牍	T
𤖲	T
𤗋	T
𪚖	T
㸢	T
𤖼	T
𤗀	T
𤗩	T
𤗲	T
𤘁	T
𥶉	T
𧣉	T
牉	T
牌	T
牔	T
𤗪	T
𤗿	T
𤘀	T
𦤃	T
𠂜	T
𣥋	T
𤖸	T
牗	T
𤖳	T
𤗁	T
𤗘	T
𤗦	T
𤗭	T
𤗷	T
𤘃	T
𥬷	T
㸡	T
𤖯	T
𤗓	T
𤗗	T
𤗛	T
㸟	T
牏	T
𠛁	T
𤖺	T
𤗰	T
𧌿	T
牊	T
𤖵	T
𤖽	T
𤖾	T
𤗏	T
𤗼	T
𤗌	T
𤗖	T
𤗚	T
𤗹	T
𤗾	T
牘	T
𤗑	T
𤗕	T
𤗠	T
𤗢	T
𤗤	T
𤗮	T
𤗴	T
𤗸	T
𤘄	T
㲏	T
㸞	T
牎	T
牕	T
𢡕	T
𤖨	T
𤗅	T
𤗉	T
𤗎	T
𨑶	T
㸠	T
覑	T
𤖻	T
𤘂	T
𦣾	T
𣂔	T
𤗨	T
牒	T
𤗊	T
𤗞	T
𤗣	T
𤗥	T
𤗽	T
𤖱	T
𤗄	T
𤗙	T
𤖹	T
𤗆	T
𤗺	T
牐	T
𤖩	T
𤖭	T
𤗈	T
𤗬	T
㸝	T
㸣	T
𤖶	T
𤗝	T
𤗶	T
臰	T
㸥	T
牓	T
牖	T
𤖫	T
𤖴	T
𤗂	T
𤗃	T
𤗐	T
𤗒	T
𤗯	T
𤗱	T
𤗵	T
𤗻	T
籰	T
𢖦	T
𥇠	T
衢	T
𧘆	T
𦣺	T
𢇌	T
忂	T
𢓺	T
𨝲	T
𥟧	T
臯	T
𥷎	T
𩕍	T
翺	T
鷱	T
𧞠	T
𧢌	T
徏	T
篎	T
𣳻	T
𩀹	T
𨞶	T
𢔄	T
䈇	T
𧑉	T
𢕱	T
笘	T
秥	T
𢓕	T
𥭔	T
𢛃	T
㰶	T
𪖯	T
𨞳	T
𪖡	T
齆	T
𦫱	T
𪖙	T
𪖞	T
𪖧	T
𪖱	T
𪖲	T
𪖾	T
齅	T
齈	T
齉	T
𪖷	T
䶊	T
鼾	T
𦤏	T
𪖘	T
𪖜	T
𪖟	T
𪖢	T
𪖣	T
𪖭	T
𪖶	T
齄	T
齇	T
𪖛	T
䶑	T
鼼	T
𥸖	T
𪖥	T
𪖮	T
𪖰	T
𪗁	T
齂	T
䶐	T
劓	T
𥷦	T
𪖼	T
𪖽	T
䶎	T
齁	T
𪖚	T
𪖝	T
𪖠	T
𪖩	T
𩕬	T
䶌	T
齀	T
齃	T
𦤓	T
𪖐	T
𪖑	T
𪗃	T
𥱾	T
𥷠	T
𪖳	T
𪖴	T
鼿	T
𪕿	T
𪖺	T
𪖖	T
𪖦	T
𪖫	T
鼽	T
𪖹	T
𪖗	T
𪖨	T
𪗀	T
𪖻	T
䶋	T
𪖓	T
𪖔	T
𪖿	T
𪗂	T
䈛	T
𦤂	T
𥭩	T
𥲖	T
𢔤	T
鄎	T
𦧰	T
𦤊	T
𢥷	T
𩔨	T
臫	T
𪃼	T
𠒸	T
𢖃	T
郔	T
𨒂	T
𨓧	T
𣇇	T
𤂼	T
䗺	T
蜑	T
䫵	T
𥵑	T
𦤝	T
𤒝	T
邉	T
邊	T
𨘢	T
臱	T
𦤔	T
𦤤	T
筧	T
𡕚	T
𧠆	T
𢔶	T
䅐	T
𥢽	T
𥴷	T
𦤇	T
𩳈	T
𦤌	T
𦤛	T
臲	T
𦤎	T
㓷	T
𦤙	T
甈	T
鷍	T
𡰈	T
𦧗	T
𢔜	T
𢕦	T
𥫧	T
𥫮	T
𦤫	T
𢠾	T
𣯝	T
𢖛	T
㣠	T
𠗆	T
𥳭	T
辠	T
𦤥	T
𥫪	T
𥤘	T
𦤉	T
𦤜	T
𢔩	T
𦣿	T
𣊅	T
𣊆	T
𪈪	T
臮	T
𦤈	T
𥟭	T
𥬳	T
𥲕	T
𢓗	T
𢓼	T
𥞅	T
𨝺	T
𤠩	T
𦤖	T
𦤩	T
𥬮	T
𢍒	T
篊	T
𥱒	T
𥵥	T
笵	T
筂	T
𥲌	T
𥮓	T
箈	T
𧗰	T
𥱀	T
𥳒	T
𥭍	T
𥰛	T
筲	T
䈌	T
𢓮	T
𥟬	T
箾	T
𢵥	T
𡡏	T
𩜾	T
𥷰	T
𥞟	T
𥢳	T
𧍢	T
愆	T
𥶅	T
𥳻	T
𥸗	T
䈬	T
箥	T
𥸘	T
𥮒	T
𥶎	T
𥷟	T
𥣣	T
𩡍	T
䈋	T
篞	T
𢕚	T
𠛴	T
簜	T
𥳦	T
𡖀	T
𥷧	T
𥲄	T
𥲚	T
簹	T
𥢷	T
𥤗	T
𥸈	T
𥳶	T
䉎	T
筄	T
𧗯	T
𥵄	T
䄻	T
𢓝	T
𢓥	T
𥯠	T
𥱼	T
䇵	T
𥲂	T
箵	T
𠞔	T
𥯛	T
籓	T
𦑸	T
箲	T
𥣀	T
𥬃	T
𥰅	T
𢔆	T
𥳷	T
筜	T
䈃	T
簗	T
𥱋	T
𥣩	T
𥴽	T
𥲱	T
𥶞	T
𥭎	T
𥰤	T
馢	T
𥲏	T
篳	T
𢕏	T
𢖔	T
𩡤	T
𣰖	T
𥮞	T
𩡙	T
穝	T
𥳣	T
𡥬	T
忁	T
𩡀	T
䭯	T
𢖚	T
𩧸	T
𩡏	T
馛	T
𢔕	T
馡	T
䭰	T
𥴵	T
䭲	T
𥰻	T
䫝	T
馣	T
𥲸	T
𩡘	T
馟	T
𧖍	T
𩡖	T
𥯋	T
𩡣	T
馞	T
𢔽	T
𥭧	T
𥱯	T
稈	T
𧊔	T
𧗧	T
筸	T
𥭆	T
𩡒	T
馩	T
𩡉	T
䅞	T
笪	T
𥴂	T
𩠺	T
䅠	T
䈕	T
徥	T
筛	T
𩡥	T
𥵘	T
𢖤	T
𩡋	T
𥠜	T
𥯕	T
𩠿	T
𩡦	T
𥅉	T
𥞁	T
𥬐	T
𩡈	T
𩡂	T
𢨡	T
𣇘	T
䅛	T
𢔒	T
𠝲	T
𩡃	T
𧔔	T
馧	T
馤	T
𥷍	T
䖽	T
𧍸	T
𩡞	T
𠡩	T
䅼	T
𥲑	T
䵩	T
𥵀	T
𧘁	T
𥴪	T
𥟔	T
䈳	T
𩡆	T
馝	T
悡	T
馜	T
𩡟	T
𤉉	T
𤉌	T
𩡅	T
𩡔	T
𥣐	T
馪	T
𥠎	T
鋫	T
䅥	T
䈓	T
䱘	T
𠝯	T
𥟘	T
𥮬	T
𥬽	T
𥮀	T
𥗶	T
𣞴	T
𣗱	T
𩡝	T
䊬	T
𪅌	T
稞	T
𩠽	T
𥠝	T
𩡗	T
𥯭	T
篂	T
𥠀	T
𩡇	T
馫	T
𧔗	T
𩡌	T
𩡐	T
篮	T
𣮀	T
𩡢	T
𪃃	T
馥	T
𥣉	T
𢓴	T
𢔼	T
𩡄	T
䭱	T
𩡚	T
馦	T
𩡡	T
𠜣	T
𥵕	T
𩡁	T
㴝	T
𪏭	T
馠	T
𧯄	T
𥟦	T
𥭣	T
𥭷	T
𩠻	T
𩡓	T
𪁐	T
馚	T
𩡎	T
䇩	T
䄿	T
䅙	T
箟	T
𥶨	T
𨟝	T
𥶩	T
𥸒	T
𩡜	T
𥞿	T
𤓯	T
箿	T
㣬	T
𥠋	T
䇼	T
𡀤	T
頟	T
𥭞	T
䅌	T
筽	T
䇸	T
𥭤	T
徎	T
程	T
籔	T
簍	T
𢼛	T
𥸙	T
𥶛	T
𥫯	T
簬	T
𠂝	T
𥲞	T
䅪	T
篑	T
簣	T
𥢢	T
𢘗	T
𥭽	T
𠧨	T
𥞺	T
洜	T
𥱐	T
㓢	T
𥸂	T
𥸇	T
筥	T
簞	T
𠰞	T
𥭾	T
𥰔	T
𥷇	T
𥸑	T
𥯳	T
𥶟	T
𠧊	T
𥷋	T
䆆	T
䉷	T
䇷	T
𥞲	T
鄅	T
𥝀	T
㙑	T
𥞡	T
𩔔	T
𨕘	T
筼	T
篔	T
𩀌	T
𢕃	T
𥟮	T
𥮪	T
䎊	T
𥰀	T
㤩	T
惒	T
𩈠	T
𨨑	T
𥞏	T
𣢷	T
兎	T
㪾	T
𥱠	T
敋	T
𪕘	T
𥮭	T
𥱟	T
鵅	T
雒	T
簂	T
𧖻	T
簚	T
𢍉	T
𧗀	T
𧗅	T
衊	T
穓	T
範	T
𧖾	T
衈	T
䘏	T
卹	T
𧗋	T
𥷾	T
䘒	T
笝	T
䆉	T
𥶓	T
䉐	T
箇	T
𧗈	T
稒	T
𥷙	T
䅰	T
篾	T
𥱡	T
筃	T
秵	T
𢓨	T
稩	T
𢔥	T
𧕠	T
𥟄	T
𧱋	T
𥠰	T
𧖹	T
𢍘	T
䆁	T
睾	T
䡓	T
𥵟	T
𥷫	T
𦒢	T
䆀	T
𥳬	T
𡬪	T
𥸣	T
𠂽	T
𢕼	T
𥯜	T
衃	T
𤱖	T
𥭒	T
𧖨	T
𤉱	T
𥡏	T
𧗌	T
𥵙	T
𧖿	T
𧖮	T
𠜄	T
𠝘	T
𥲺	T
𨘡	T
笳	T
𥝿	T
𥰮	T
𧗏	T
𥤐	T
𥸕	T
䅄	T
䉪	T
𥣬	T
𧖩	T
𧗂	T
𥣲	T
𣬖	T
𧘃	T
𥳙	T
簤	T
𥱍	T
衄	T
𥴞	T
𥮦	T
𧗐	T
𥯨	T
𧖫	T
𣉭	T
𥶖	T
𨔔	T
䘔	T
䉚	T
𥴸	T
𠂺	T
𢍄	T
𢍙	T
𧖰	T
𧖱	T
𩱺	T
𩲇	T
𢾱	T
𩰥	T
𡘻	T
𦤟	T
𩳾	T
𩲆	T
𩴯	T
𩲯	T
𩴫	T
𨡛	T
𩳜	T
𪉔	T
𢇆	T
𩲗	T
囟	T
囱	T
𠞇	T
𥣋	T
𧖕	T
𩳊	T
㔡	T
𩳛	T
䪿	T
顖	T
𩔅	T
𩔙	T
恖	T
悤	T
𠃼	T
𢡔	T
𥞷	T
𩲕	T
𪄆	T
𠒆	T
𧖵	T
𩳚	T
𡕩	T
䇱	T
𧖪	T
䘓	T
欰	T
簐	T
𢕢	T
𢆿	T
𣬈	T
𣬉	T
𩲮	T
𢍍	T
𠭛	T
衇	T
𦠷	T
𥭄	T
囪	T
𤰲	T
𧖧	T
𥣊	T
𥲢	T
𥢖	T
稇	T
𠃁	T
𤱮	T
𡏙	T
𥟑	T
𤴙	T
衆	T
𤲄	T
𧗗	T
簵	T
衉	T
𥳂	T
𧖼	T
𩕄	T
𨖼	T
箘	T
稛	T
𢕣	T
𧖲	T
𥱽	T
𠒇	T
𡿻	T
䅹	T
𢜷	T
𢞤	T
𧖷	T
邍	T
䘐	T
衂	T
𥰳	T
𥱅	T
𥱢	T
𥶡	T
䉖	T
𧑬	T
𧑸	T
𥠺	T
𥭮	T
𧗔	T
𢙥	T
𢝏	T
䉂	T
𥡜	T
𨙅	T
𥯡	T
𥰕	T
籮	T
𠵓	T
䘑	T
𥵶	T
穠	T
𥳫	T
𥵛	T
筁	T
𠂥	T
𠂨	T
𥶚	T
𣄯	T
𢖢	T
𥴡	T
𥮏	T
垼	T
𥆛	T
𠬦	T
𪁛	T
𨩂	T
𥝻	T
𨿒	T
躻	T
𨈟	T
𨈾	T
𨉶	T
𨈕	T
𨈯	T
𨉝	T
𨉟	T
𨉰	T
𨉴	T
𨊞	T
䠲	T
𨈙	T
𨈛	T
𨈞	T
𨈩	T
𨈵	T
𨉆	T
𨉣	T
𨉨	T
𨉵	T
𨉸	T
䠶	T
䡁	T
躾	T
𦎒	T
𨈑	T
𨈰	T
𨈸	T
𨈽	T
𨉊	T
𨉕	T
𨉛	T
𨉥	T
𨊚	T
躴	T
躼	T
𨉎	T
𨉦	T
䠵	T
射	T
軃	T
軇	T
𨈜	T
𨈭	T
𨉉	T
𨉠	T
𨉡	T
𨉢	T
𨊆	T
䡀	T
躰	T
𨈫	T
𨈬	T
𨈱	T
𨉑	T
𨉤	T
𨉹	T
𨉽	T
𨊑	T
𨈒	T
𨈧	T
𨈮	T
𨈻	T
𨉀	T
𨉄	T
𨉌	T
𨉭	T
𨉾	T
𨊌	T
𨊛	T
𨊝	T
躿	T
𡗠	T
𨈓	T
𨈼	T
䠼	T
篅	T
軄	T
𥟺	T
𥠄	T
𧎭	T
𨉅	T
𨉔	T
𨉩	T
𨉿	T
𨊈	T
𨊒	T
䠺	T
躳	T
躸	T
躺	T
軀	T
𨈖	T
𨈳	T
𨈴	T
𨈹	T
𨉜	T
𨉫	T
𨉲	T
𨉷	T
𨊊	T
𨊗	T
軂	T
𨊄	T
𨊔	T
䠳	T
䠿	T
軉	T
頽	T
颓	T
𨈢	T
𨈨	T
𨉺	T
𨊋	T
𨊕	T
䠸	T
躵	T
軈	T
𢥨	T
𨈣	T
𨈥	T
𨈲	T
𨉂	T
𨉚	T
𨉪	T
𨉯	T
𨉳	T
𨉼	T
𨊉	T
𨊘	T
𨊜	T
躹	T
鵢	T
𥼒	T
𨉒	T
𨊂	T
𪇣	T
𪈬	T
𨉈	T
𨉘	T
𨊐	T
𨓉	T
𨖟	T
䠷	T
躭	T
躯	T
𨈠	T
𨈤	T
𨉁	T
𨉋	T
𨉏	T
𨉙	T
𨊅	T
躱	T
躲	T
躶	T
𣕼	T
𨉬	T
𨊀	T
𨊎	T
𨊓	T
𢖌	T
𨈘	T
𨈡	T
𨉐	T
𨉞	T
𨉧	T
𨊙	T
䇦	T
䠴	T
䠽	T
軆	T
𨈶	T
𨉱	T
躮	T
躷	T
躽	T
軁	T
𨊖	T
䠹	T
䠾	T
𨈦	T
𨈪	T
𨉇	T
𨉍	T
𨉓	T
𨉻	T
𨊇	T
䠻	T
躬	T
𨈚	T
𨈷	T
𨈺	T
𨉮	T
𨊁	T
秧	T
軅	T
𨈔	T
𨈝	T
𨉗	T
𨊍	T
𨊏	T
𥣌	T
𥱪	T
䅢	T
𥠳	T
䉰	T
𥸠	T
𠂸	T
𣍝	T
簓	T
𦪃	T
𧛲	T
𥬕	T
𢓏	T
𢓒	T
𦪂	T
𧗣	T
𥬰	T
𥮚	T
𦪼	T
徟	T
稠	T
𥮐	T
𣭣	T
𦪐	T
𦪦	T
𦩚	T
𦪻	T
𨝔	T
𨟃	T
𪚭	T
𠔾	T
𧚡	T
𢔨	T
𪓑	T
𪓝	T
䘗	T
衕	T
𥋪	T
𧗬	T
𧗲	T
𣅞	T
𥟗	T
㣚	T
秱	T
筒	T
𪚶	T
㠞	T
懲	T
𢓳	T
𥭢	T
𪚬	T
𪚰	T
𠕍	T
𥟹	T
𧢒	T
𧢓	T
㣲	T
徴	T
徵	T
徽	T
黴	T
𢕄	T
𥰙	T
𨈐	T
䅱	T
𦡒	T
𦥺	T
𥭿	T
𢁙	T
𥶋	T
𢓹	T
𥬺	T
𥜻	T
𠟬	T
𥠉	T
䈟	T
𦓐	T
𨘳	T
𢖄	T
𧊃	T
𠔙	T
𥠁	T
𠝪	T
𩐢	T
穨	T
逈	T
䚁	T
笧	T
𢃁	T
䈀	T
𢖠	T
䈑	T
𠕫	T
簻	T
𪚽	T
𢍢	T
𡒃	T
𥸫	T
嶴	T
䴈	T
𥮫	T
𣤡	T
𥡶	T
笕	T
𪉍	T
𦩳	T
𡴓	T
𦪨	T
𥮣	T
𥤢	T
𦩛	T
𠤣	T
𣬌	T
𡘠	T
𣃇	T
𥲣	T
𥬲	T
𥞛	T
𨞓	T
奧	T
𢂨	T
𠟲	T
粵	T
𥲨	T
𤒐	T
幑	T
𢽈	T
𨈏	T
𥤒	T
𥰒	T
𥱁	T
𥵲	T
䆇	T
鵚	T
𣗸	T
𥯣	T
𥰓	T
笍	T
𥭊	T
箆	T
䄲	T
𢓇	T
𢕘	T
𨿖	T
𧗼	T
𥷞	T
𥫼	T
𢔎	T
𥝳	T
𢕅	T
𢖅	T
𥭰	T
徾	T
竼	T
笢	T
𥴫	T
𥷝	T
𥞭	T
𥱚	T
𥞔	T
𥴲	T
𥷽	T
𥢨	T
𢿹	T
𥮝	T
𥷌	T
𢕭	T
𥴊	T
𥴋	T
𥬖	T
䅕	T
𩑔	T
䈐	T
𥮱	T
𥟷	T
𥮢	T
𥳀	T
𥝦	T
𥞓	T
𥝡	T
𥣡	T
𥠫	T
𣬲	T
箼	T
𥟽	T
𥮸	T
𥯱	T
𥶝	T
𢖁	T
𥮺	T
䈔	T
徦	T
𤝮	T
䈝	T
稰	T
𧲔	T
𧲝	T
䉃	T
篃	T
䪠	T
䪡	T
䪢	T
𢔰	T
𩐈	T
䘙	T
徫	T
稦	T
衛	T
衞	T
躗	T
躛	T
𢆈	T
𢒾	T
𢖨	T
𤜂	T
𥯤	T
𧗮	T
𧲞	T
𠛔	T
𩙃	T
𧆦	T
㦣	T
𥞐	T
𥭱	T
㷗	T
𤋅	T
𨒉	T
䙻	T
𣟉	T
𥷃	T
𠂔	T
讆	T
讏	T
𥢘	T
㣯	T
𥡖	T
徲	T
穉	T
䆈	T
刉	T
𢕾	T
𥴬	T
𠠶	T
𥤌	T
𥳨	T
𥭂	T
𥲅	T
𥳝	T
𥶷	T
𢖴	T
𥭜	T
簨	T
𣢆	T
𥲿	T
𥱵	T
𥰦	T
簈	T
𥟚	T
𥡁	T
𥯚	T
䅏	T
䇻	T
𢢃	T
𢖓	T
𥡔	T
㩿	T
箳	T
𢔧	T
𢔦	T
𥠧	T
𥡪	T
稺	T
𢕌	T
𥶰	T
𥣔	T
𥣦	T
𥵳	T
穋	T
𥢩	T
𩾥	T
籊	T
𢖈	T
𥝭	T
𥣞	T
𥬩	T
秜	T
𢓚	T
𠄓	T
笖	T
𨤜	T
𢍏	T
𨤘	T
𥰲	T
䎹	T
𡥻	T
䣋	T
𠨟	T
𪙖	T
𨤗	T
𨤙	T
𠢏	T
𨤕	T
𣗷	T
㣸	T
𥂑	T
𨤚	T
𨤝	T
𧗱	T
𥤄	T
𨤞	T
𥤅	T
𥵢	T
甃	T
𠄚	T
𥣈	T
𥴼	T
穙	T
𧡣	T
湬	T
稥	T
蝵	T
𠳅	T
𨁢	T
鄱	T
𢿥	T
𤳖	T
𥕿	T
𩇾	T
釋	T
𩐏	T
飜	T
𨅴	T
𧑪	T
勫	T
𩕏	T
㽃	T
翻	T
鷭	T
𤳺	T
𨊃	T
䆏	T
𩀷	T
𣪖	T
㡑	T
𠀭	T
𨤑	T
𨤖	T
𠞹	T
簖	T
愁	T
𢝱	T
𧰌	T
釈	T
𨤠	T
𥶒	T
𥰨	T
簩	T
𥢒	T
𡕝	T
𤋦	T
𥟢	T
𨤛	T
𥡚	T
𧤙	T
鍫	T
鹙	T
𨤒	T
𢕸	T
𥳞	T
𥢀	T
𥷖	T
𩹤	T
𥡓	T
𥭓	T
揫	T
𥴅	T
醔	T
𨤟	T
𪛁	T
𥰂	T
𥱞	T
媝	T
䉤	T
鶖	T
𪃩	T
𥷡	T
䧽	T
䨂	T
䵸	T
𦂎	T
𨤡	T
𥰌	T
𥶣	T
𢕗	T
𥰶	T
𢖘	T
秾	T
𢔻	T
簆	T
簺	T
𢕋	T
徖	T
𥟡	T
𥮵	T
筦	T
𥲃	T
箮	T
𥟐	T
𥢫	T
穦	T
𨘲	T
𥳄	T
䈿	T
𥮶	T
𥰃	T
𥫺	T
𥳥	T
䈼	T
𥟓	T
㣷	T
𥢃	T
𥣗	T
𥯴	T
𥟶	T
𥝴	T
𥫹	T
𥭲	T
䇡	T
筞	T
秺	T
𥭌	T
𥯾	T
𥠑	T
𥰋	T
𥣳	T
𥯼	T
䉱	T
𥵩	T
𥞬	T
𥶘	T
䅝	T
𥯝	T
𥡫	T
𥰾	T
䈹	T
𥴄	T
䈶	T
穃	T
𥶧	T
𥲡	T
鴔	T
𥭹	T
篧	T
𥬌	T
𥞒	T
簶	T
籛	T
𥫽	T
𥞢	T
𥬫	T
𧗻	T
𥟴	T
𥞸	T
秖	T
𥠹	T
彽	T
秪	T
𥟛	T
𥶈	T
𢓋	T
𥞝	T
㣭	T
䅳	T
䈦	T
稯	T
篘	T
𥬉	T
𢔘	T
𥳴	T
衡	T
𢓬	T
𥭘	T
𧗫	T
頹	T
𤏤	T
𥢯	T
𥳚	T
簷	T
𢕻	T
䈸	T
𥡿	T
䉏	T
䚘	T
𢖆	T
𧗾	T
䇶	T
䈥	T
䉉	T
𥰬	T
銜	T
𢔿	T
𪈅	T
𠂧	T
穞	T
𥬜	T
篯	T
𥣎	T
𥬿	T
𥡽	T
𠦿	T
𨃾	T
𥬞	T
箰	T
筍	T
𠞾	T
穐	T
𢔐	T
𢕊	T
𥰴	T
𥰿	T
𥯗	T
䅓	T
㣘	T
𥡄	T
𥡌	T
𥤛	T
𥱃	T
𥳿	T
䅋	T
𡕴	T
𢖞	T
䇟	T
𥠅	T
𥡾	T
𧗽	T
𥤚	T
笣	T
𥲾	T
䉳	T
𢖍	T
穭	T
𥶇	T
𪇢	T
𥮗	T
𥴏	T
𥠴	T
𥟻	T
𥴴	T
𪅨	T
𨖨	T
笅	T
𥭋	T
𥳾	T
𥲟	T
𥷏	T
𥬼	T
𢔇	T
𥮽	T
䈡	T
𥠡	T
𨖃	T
篼	T
𥝤	T
𠝨	T
笷	T
𨟀	T
𢾨	T
𨛫	T
𥱉	T
𧚩	T
籦	T
𢔷	T
𢓯	T
𢔺	T
𥴕	T
犂	T
睝	T
𥵍	T
𥟖	T
𥣥	T
𪐅	T
䖿	T
𠠍	T
𠡴	T
𢕙	T
㥎	T
𢤂	T
𣮋	T
𤭜	T
𥠖	T
䊍	T
鯬	T
鵹	T
黧	T
𥭳	T
邌	T
錅	T
䇖	T
𢮃	T
𥭦	T
棃	T
䴻	T
𥝢	T
剓	T
𨿯	T
𩁟	T
笉	T
𢓈	T
𢕉	T
𥫷	T
𥬠	T
𥮛	T
筝	T
籙	T
𥣟	T
𣝟	T
䇜	T
𢓑	T
𩀒	T
䆋	T
䉧	T
𥳩	T
𢕍	T
𥠷	T
𥰣	T
𪈣	T
𢕛	T
𥫩	T
䄪	T
彴	T
𤛘	T
犕	T
𤛟	T
箝	T
𤙢	T
㹏	T
簎	T
𤜒	T
𤛐	T
𤙯	T
𤚐	T
㹑	T
牫	T
𤛻	T
𤜐	T
𤛥	T
𤘚	T
𤛶	T
𤜍	T
𢕽	T
𥸓	T
𤘸	T
𤚆	T
𤚈	T
𤛩	T
𤙍	T
𤚍	T
牠	T
𤘕	T
𥰗	T
㸻	T
𢓽	T
犙	T
箨	T
𤛡	T
㸭	T
𤛤	T
笟	T
𢓉	T
𤚴	T
𤚨	T
𤚿	T
𤛽	T
𤜏	T
𥡊	T
𤚛	T
𤜎	T
牻	T
𥡆	T
𤚾	T
𥡅	T
𥯟	T
牯	T
𤙅	T
𥲶	T
㹉	T
𤜗	T
𩑩	T
𤘜	T
𤛸	T
𤙥	T
𥠇	T
𤚦	T
㹛	T
𤚩	T
𤛾	T
𤛦	T
犡	T
𤘲	T
𤙤	T
𤙪	T
㸹	T
𤚭	T
𤛨	T
𤚀	T
𥱮	T
𤙦	T
𥮁	T
㹀	T
犊	T
𧚒	T
㹗	T
簼	T
牡	T
𥷪	T
㸩	T
循	T
犆	T
𢕀	T
㹘	T
𧎬	T
㸵	T
𤛷	T
㸿	T
犢	T
𤙮	T
㹓	T
𤘱	T
𤙸	T
𤛇	T
𤜙	T
𤛪	T
𤙠	T
𤜅	T
牼	T
𤘠	T
𥢣	T
篁	T
𤚽	T
𥬨	T
𥴮	T
㹔	T
䅣	T
𤘹	T
𤙆	T
㸬	T
𤘾	T
𤙶	T
𤛫	T
𤘢	T
𤙨	T
牾	T
籒	T
𤘫	T
𤙀	T
𤙂	T
𤚚	T
𤘳	T
𤙭	T
𥱴	T
𤘴	T
𤙎	T
犑	T
𤛏	T
衘	T
𢓐	T
𤙐	T
𥝫	T
禦	T
𡕘	T
𤙴	T
𥮠	T
篪	T
𥠱	T
𤙧	T
𢔞	T
犋	T
𥰽	T
笊	T
𤚳	T
䈰	T
𤙜	T
𤛋	T
𤙽	T
𤙔	T
䇬	T
秼	T
𥠘	T
𤛔	T
𤙰	T
𥳳	T
犦	T
𤛁	T
㹇	T
𤚺	T
𤜌	T
𤙕	T
𤜈	T
䉗	T
𤙝	T
𤙬	T
𤘘	T
㸪	T
箉	T
㸶	T
籜	T
𥷐	T
牭	T
𤙇	T
𤛕	T
㹎	T
𤜖	T
𤛯	T
𤙒	T
𤛬	T
牞	T
㣳	T
䉑	T
𤜑	T
㹄	T
𤛠	T
犤	T
𤛲	T
𤚱	T
𤘟	T
𤘼	T
𤛀	T
牰	T
䘖	T
𡵣	T
𤙉	T
𤙓	T
犅	T
𤘷	T
𤜉	T
㸽	T
𢔫	T
𤘪	T
𤛍	T
𡦛	T
犌	T
𩣣	T
𩣨	T
𢧲	T
𤚄	T
𤛌	T
鹅	T
㸨	T
𤚤	T
䖸	T
𧒎	T
𩒰	T
𤘗	T
𥝬	T
鵝	T
鵞	T
𤐏	T
𤛊	T
𩙲	T
𤙌	T
𤛹	T
𥷘	T
𨿍	T
㹙	T
㹚	T
𤛮	T
㹒	T
𤘭	T
牸	T
𤚔	T
𤚣	T
𤚗	T
𤙷	T
犗	T
㹆	T
𤘣	T
𤘺	T
㸰	T
㹊	T
𢕨	T
𤙙	T
𥭨	T
䈭	T
𥡂	T
𤚙	T
觕	T
𢒢	T
𤙊	T
𤛳	T
𤚂	T
𤛃	T
𤘽	T
籀	T
𠡵	T
㹅	T
惣	T
𢜓	T
𢝰	T
𤙹	T
𥮼	T
𥳺	T
𤊘	T
犓	T
𤚠	T
𤛵	T
𤘯	T
牴	T
𤜇	T
𤛂	T
篺	T
𤚝	T
㸫	T
牪	T
𤘶	T
䇽	T
㸸	T
𤙿	T
犔	T
𤙈	T
𤜋	T
𤚕	T
𤙃	T
𤘖	T
牱	T
𤚘	T
𤘬	T
𤜊	T
𤘛	T
㸱	T
𥶱	T
𤚯	T
𥓧	T
𤛚	T
㸲	T
犐	T
稗	T
箄	T
𢔌	T
𤙾	T
𤚏	T
𤚑	T
𤚟	T
牲	T
㸼	T
𥰏	T
𤛺	T
𤛼	T
𣈊	T
牿	T
犞	T
𤙑	T
𤚻	T
𥮂	T
𤙳	T
𤚞	T
䉥	T
牦	T
𢛮	T
𢢹	T
𤙚	T
𨪔	T
牬	T
𤙩	T
𤘻	T
𤚪	T
𤚓	T
犈	T
𤚇	T
㹍	T
䍧	T
𤜆	T
㹖	T
㸯	T
犝	T
㹌	T
𥲵	T
𤙡	T
𤚢	T
𤛜	T
𤛢	T
犃	T
𪒷	T
犠	T
犧	T
犪	T
𤛞	T
𤚖	T
𤚰	T
𤛰	T
𤛧	T
𤘙	T
𥲳	T
㸾	T
犣	T
𤘞	T
𤜓	T
牣	T
㸳	T
䉟	T
㹋	T
𤙁	T
𤛛	T
牷	T
𢔖	T
𥲷	T
𤘦	T
𤚎	T
𥶪	T
𤙱	T
𤚬	T
𥴻	T
𤘡	T
𤚋	T
𤛣	T
𤙛	T
㸮	T
籡	T
𤙵	T
𥠈	T
𤙞	T
𤛒	T
𤛴	T
𪀻	T
牳	T
𤘥	T
𤙗	T
犏	T
犉	T
𤛄	T
𤚡	T
𤜀	T
𤜄	T
𤚮	T
𤜃	T
𤙫	T
𤛑	T
㹁	T
𤚒	T
犒	T
𤚫	T
𤚵	T
𤛅	T
牨	T
牤	T
牥	T
犥	T
𩸡	T
𤚊	T
犜	T
𥢹	T
𥬘	T
𤚃	T
𥴈	T
䈤	T
𥱜	T
篐	T
𥳯	T
䉩	T
𥱝	T
簯	T
𥮹	T
𥶠	T
𥶥	T
𢕖	T
𥱺	T
𥲴	T
𥴇	T
𢖎	T
䉦	T
𥲦	T
𥮊	T
𥯑	T
𥵡	T
䅺	T
徱	T
篻	T
𥷗	T
籈	T
𥭛	T
𥟁	T
𥴑	T
𥵏	T
𥵰	T
𥲐	T
𥡤	T
𥡱	T
𥱓	T
𥴙	T
䈾	T
𥰜	T
𩠼	T
𢕯	T
𥢏	T
𥴭	T
䉓	T
笴	T
𥞍	T
𥰯	T
𥤏	T
𥶮	T
𥢕	T
䉘	T
籕	T
𥵅	T
𥯈	T
𥴖	T
𥮥	T
𥱛	T
𥢻	T
𥷭	T
箖	T
㣩	T
𥠲	T
䈷	T
𥯻	T
𥷱	T
𥯍	T
𥴟	T
𥷈	T
𥳖	T
𢔋	T
𥯆	T
𥴍	T
𥣱	T
䅘	T
徠	T
箂	T
𥴛	T
𥯸	T
術	T
𥮕	T
䢤	T
𥟲	T
𥫥	T
𥫬	T
䇨	T
𢓤	T
𥞜	T
𥂃	T
𥴶	T
秅	T
𥞀	T
𥤇	T
𥝠	T
𨝟	T
筈	T
秳	T
𢓱	T
𢔗	T
𥭗	T
𧗤	T
𡮜	T
穚	T
簥	T
𢔊	T
𢕪	T
𥯌	T
篷	T
𢕝	T
𥢲	T
笶	T
𥣸	T
䆌	T
䉜	T
秗	T
䈲	T
𥞼	T
𥴣	T
𥮙	T
䅎	T
𢓵	T
𨛲	T
𥭇	T
𥢜	T
䄭	T
筕	T
𢔬	T
𥞧	T
𥱰	T
秊	T
秊	T
筶	T
𥞴	T
穳	T
籫	T
秏	T
𢕆	T
𥳈	T
㷏	T
𥮿	T
䅍	T
筳	T
簉	T
筅	T
𢓠	T
𥳱	T
䅤	T
𢔣	T
𥯥	T
𢓷	T
𢕜	T
㣫	T
䅜	T
種	T
笙	T
箠	T
箽	T
𢔝	T
𤯔	T
徃	T
𥟰	T
𥢰	T
衝	T
𢓩	T
𥟱	T
𥠗	T
𥤕	T
𥠞	T
𢡹	T
𥢾	T
𨖬	T
㘒	T
攵	T
𥫗	T
𥡋	T
秨	T
簰	T
𢓓	T
𥢐	T
𥬚	T
𥬛	T
𥴚	T
簁	T
𥮑	T
𥵸	T
𥞄	T
𥰝	T
筵	T
籩	T
𥤍	T
𥤓	T
𥯧	T
𥸅	T
𨙢	T
𥡐	T
𥣰	T
𥵨	T
𥳓	T
𥳼	T
䅨	T
筣	T
𥲧	T
復	T
稪	T
𥭥	T
笿	T
䅂	T
𢓜	T
𥯔	T
𥡥	T
𥣄	T
𥢦	T
𥢄	T
篦	T
䉛	T
𥴎	T
𥱈	T
龝	T
𥠢	T
𥡑	T
𪚼	T
𥢓	T
𥡺	T
𥭈	T
𥟉	T
𥲇	T
䉠	T
𢔃	T
𥶽	T
𥝖	T
秭	T
笫	T
𢚐	T
𠂍	T
𢓿	T
𥤈	T
𥤑	T
䉒	T
𥢌	T
㣰	T
篍	T
𥷉	T
䉫	T
𥣵	T
簃	T
𥷲	T
篽	T
籞	T
𥣤	T
筿	T
𥵾	T
𥯁	T
彳	T
𥴒	T
𥳇	T
𥷹	T
𥣾	T
䈖	T
𥠐	T
𥬏	T
𥞉	T
笗	T
𢓘	T
𥣮	T
㣦	T
䅗	T
箻	T
𥢤	T
𥴓	T
篵	T
𢕩	T
𥡬	T
𥴢	T
𥵴	T
𥯂	T
𥲋	T
𥢺	T
𥞩	T
䈂	T
𥢧	T
𥟆	T
𨚟	T
𥴥	T
𥱆	T
𥰭	T
䅚	T
箞	T
𢔑	T
𥱑	T
𥶑	T
𥬴	T
𥮷	T
𥟎	T
𢢍	T
䉨	T
䆍	T
徿	T
籠	T
𥳑	T
𥸊	T
穟	T
𥴦	T
𥸉	T
𥲰	T
𥲫	T
𥠂	T
穣	T
秚	T
𢕎	T
𧗠	T
𧗶	T
𧎗	T
𥳐	T
𥠦	T
𥴰	T
籣	T
𥶁	T
䅵	T
䉝	T
𨤓	T
𥱱	T
乯	T
𤇠	T
従	T
𣲛	T
徸	T
穜	T
箪	T
簡	T
𥳘	T
䅧	T
𢕔	T
𧗹	T
𧘂	T
螽	T
𥸜	T
𥸡	T
篭	T
𣰴	T
𥵆	T
𢖜	T
𥵗	T
篰	T
箁	T
𥸍	T
稖	T
𥰵	T
𥶆	T
䉕	T
𥢥	T
𥷁	T
𥣕	T
𥡦	T
𥞻	T
𥡎	T
𡶠	T
𥵣	T
徶	T
𥢭	T
𥳆	T
𥵪	T
㐑	T
乥	T
𠂠	T
䉍	T
𥠒	T
𥰆	T
𨒟	T
𢕮	T
䅭	T
徬	T
篣	T
𥴃	T
䈮	T
䆅	T
𢝩	T
筊	T
𥶿	T
䅆	T
𥳢	T
𢕰	T
𥢎	T
𥳰	T
𥯽	T
𠂟	T
簅	T
㸔	T
衜	T
𥣹	T
䶱	T
䈉	T
𥣺	T
𥟣	T
䈴	T
稴	T
𡓆	T
䅬	T
䳉	T
鷑	T
䉮	T
䧷	T
𥡕	T
𩀩	T
𨝄	T
𢾽	T
剩	T
𥣓	T
𥴺	T
𥣏	T
㣢	T
稊	T
䆊	T
䈘	T
稵	T
䉸	T
簢	T
𥢛	T
𥳍	T
𥴘	T
節	T
𥲘	T
𥰐	T
蠞	T
𠠑	T
𨙌	T
穊	T
笯	T
𡭑	T
𥯉	T
㣨	T
衟	T
𧘄	T
𡤍	T
䫋	T
𥶜	T
簋	T
𦫌	T
𥭵	T
𥵓	T
𥸃	T
律	T
筆	T
𢖀	T
𥞰	T
𧗝	T
𥱂	T
簫	T
𥸋	T
徤	T
𥯦	T
𨖷	T
䙚	T
𥯐	T
瓾	T
𥶄	T
穥	T
籅	T
𥰞	T
𥬁	T
𥵧	T
𨙑	T
覣	T
箫	T
𥵁	T
𢕲	T
𥭝	T
箓	T
𥭼	T
𥮤	T
𥞾	T
𥟤	T
𧘀	T
𥲀	T
筎	T
𥞚	T
𥰪	T
𡣉	T
䅔	T
𥶢	T
䉭	T
𥷿	T
𥞇	T
𥬬	T
𩗯	T
䉋	T
𥣅	T
𥶵	T
簘	T
𢔀	T
箒	T
䉣	T
𥠨	T
犩	T
䭳	T
𧕞	T
𡿁	T
𦓌	T
𩡊	T
䇹	T
𥡉	T
𥲝	T
𥤠	T
𪔁	T
𥣨	T
𥞮	T
𥶫	T
𥯮	T
𢕬	T
𩠨	T
𥟵	T
笂	T
秇	T
𢓃	T
𥱭	T
𥮃	T
𥳹	T
𥳸	T
笩	T
𥯏	T
𧗺	T
𥣍	T
䈵	T
𥮨	T
㣞	T
䈗	T
䇗	T
彸	T
𥝶	T
𥰧	T
𥮈	T
𥰩	T
𥳕	T
𥭉	T
𥮯	T
𥰉	T
㣥	T
𥝺	T
𧗞	T
𧗟	T
穄	T
𥟨	T
𢖣	T
𥤎	T
𥷔	T
𥞂	T
䈁	T
稐	T
籥	T
𥤉	T
𥮡	T
𣫢	T
𥲼	T
𪛒	T
𤡿	T
𥯫	T
篟	T
筌	T
𥵋	T
𥰊	T
签	T
䈩	T
劄	T
徻	T
箚	T
𠠬	T
𢔢	T
𥠕	T
𥢶	T
𥵊	T
㣛	T
秴	T
𠢡	T
𥲥	T
籲	T
𥸤	T
𠂞	T
𥣒	T
𥬋	T
箯	T
𥷄	T
𪛔	T
籢	T
𥤖	T
簦	T
簽	T
籨	T
𥱣	T
𥭪	T
𥭸	T
𥱌	T
𥠿	T
𥱤	T
𥬧	T
𥰖	T
篠	T
䇚	T
𥮴	T
𨞃	T
𪐂	T
黐	T
𪐑	T
䵕	T
𪏻	T
𪐏	T
𪐖	T
䵜	T
𪐉	T
䵛	T
𪏲	T
𪏽	T
𪐄	T
𪐈	T
𪏳	T
䵓	T
𤛿	T
𪏹	T
𪐃	T
䵔	T
𪏿	T
𪐆	T
𪐐	T
𪐓	T
㓿	T
䵒	T
𠞙	T
𧒁	T
𩡠	T
𪏰	T
黏	T
𪐌	T
䵗	T
𪏱	T
𪏶	T
𪐁	T
𪐇	T
𪐊	T
𤓜	T
𤓞	T
𪆜	T
𪇺	T
𪐋	T
𪒚	T
𪒺	T
𨘯	T
𪐍	T
𪐔	T
䵙	T
𪐀	T
䵘	T
𪏴	T
𪏵	T
𪐎	T
𪏯	T
𪏺	T
𪐒	T
䇣	T
䵚	T
𪏮	T
𪏼	T
𪏾	T
𪏸	T
䵑	T
𩁄	T
𥝵	T
𥰈	T
㣡	T
筗	T
稅	T
𩁲	T
𥬍	T
𢔾	T
篩	T
𥡼	T
𥡈	T
𥞙	T
𥣜	T
𥵜	T
籂	T
𥮋	T
𥮆	T
䄹	T
䇮	T
秹	T
筰	T
𥵎	T
𥱻	T
筡	T
稌	T
𥝨	T
䈜	T
鵆	T
秎	T
䉆	T
穒	T
𩾑	T
聳	T
𢔱	T
𢕈	T
𦖴	T
𨞄	T
𠭡	T
𩦛	T
𢔍	T
𩞐	T
𠂿	T
𠦬	T
𡍮	T
𥭭	T
䆎	T
籤	T
𢖝	T
㹐	T
從	T
𡴬	T
𢕇	T
𥴔	T
𨄦	T
𧐱	T
𢓾	T
㼻	T
慫	T
𣯨	T
䳷	T
熧	T
𥵌	T
䢨	T
𥲽	T
𨙦	T
𥬈	T
𡚆	T
𢓅	T
𩀰	T
𩁅	T
𥳊	T
𡦠	T
𥴝	T
䉶	T
彾	T
秢	T
笭	T
篗	T
𥸌	T
篒	T
𥯄	T
衑	T
𥣽	T
𥷜	T
䅮	T
筨	T
篬	T
𥱷	T
𥵝	T
稔	T
笒	T
𥮘	T
穛	T
𥳟	T
穕	T
𥷓	T
𢤉	T
𥶳	T
𥶍	T
𦙍	T
㣧	T
胤	T
毎	T
䈙	T
𪖬	T
𣫼	T
𣫷	T
鳘	T
𠧩	T
𤛎	T
𩱢	T
㶗	T
䋣	T
䌓	T
瀪	T
緐	T
繁	T
𣴴	T
𧖦	T
𣫾	T
勄	T
𣬁	T
慜	T
𢙽	T
𣫸	T
𤭐	T
鰵	T
𪄴	T
䉲	T
毓	T
𨧊	T
𣒫	T
𣔍	T
敏	T
𥬦	T
𥝼	T
䇙	T
𥵤	T
𢎣	T
𩓇	T
䄶	T
彿	T
𠜮	T
笰	T
𥶀	T
𥬓	T
𧴺	T
䈫	T
𥵹	T
𥳵	T
𥮜	T
𥴳	T
箹	T
𥮰	T
籎	T
𥣖	T
䶰	T
𥶗	T
䵈	T
䈺	T
𢖕	T
𢆾	T
𥱦	T
篛	T
𥲛	T
𥵮	T
𢓙	T
𥵻	T
笓	T
筚	T
𦀣	T
𥟠	T
𥠃	T
稭	T
籪	T
𢔡	T
穖	T
𡢛	T
𥳏	T
𥴗	T
𥯖	T
𥷺	T
㒰	T
𥍅	T
𥱊	T
䓥	T
𥸄	T
䉀	T
𠓸	T
穬	T
簱	T
䅻	T
𦔵	T
稕	T
𥡒	T
㒴	T
籬	T
𥟋	T
𥤂	T
勶	T
𥬱	T
𥮧	T
徹	T
𢕹	T
𠓿	T
𠓮	T
𠓽	T
𠓷	T
𠓵	T
𠓞	T
𧗳	T
𠓝	T
𠓡	T
𥰇	T
𥸝	T
𥸔	T
𨞤	T
𠓥	T
𠓰	T
簔	T
䇠	T
𠓛	T
𠓳	T
𠓤	T
𠓠	T
𥃮	T
𠓪	T
𨾁	T
𥯎	T
笇	T
𥷛	T
𥷼	T
𥳛	T
汆	T
𡭗	T
稤	T
㒲	T
䈞	T
𥤁	T
𥴀	T
𥴁	T
穧	T
𥞞	T
𥵭	T
䅫	T
𥲮	T
𥯯	T
䉴	T
忀	T
簑	T
𧾺	T
𢕒	T
𠓦	T
㣶	T
䆄	T
䉡	T
𢨠	T
笐	T
𡌵	T
㠳	T
䘕	T
𥞑	T
屳	T
篙	T
𥶏	T
秔	T
𢖊	T
肏	T
𥸏	T
徧	T
稨	T
篇	T
㐈	T
笀	T
𥱬	T
簄	T
䈆	T
𥶕	T
𥵬	T
𥲠	T
𥳁	T
䈍	T
𥭚	T
𥴿	T
㤀	T
𥝕	T
𥡇	T
𥰢	T
穮	T
𢖇	T
𢖐	T
𥴱	T
𥶔	T
𥫿	T
㣗	T
𥣝	T
𥳃	T
𠓣	T
兦	T
𥞨	T
簏	T
𥷵	T
籝	T
籯	T
𥷶	T
𤆋	T
䨀	T
糴	T
𠓯	T
籇	T
込	T
𥠣	T
𥯢	T
𥳅	T
𠓲	T
㒱	T
𥴯	T
𠓢	T
𠓫	T
𢖥	T
𠓼	T
𢞥	T
𠓭	T
𥢂	T
𪎓	T
𥯲	T
䅊	T
箷	T
𥠥	T
𥯞	T
𥰠	T
𥰁	T
𠓧	T
𢓟	T
𢕐	T
𠓟	T
籏	T
𠓜	T
𥲬	T
𥞯	T
䆂	T
簾	T
𦎚	T
𥱳	T
筤	T
𤴘	T
𥡲	T
穅	T
䅯	T
篖	T
𥴜	T
𨘟	T
䉬	T
稡	T
箤	T
𢔙	T
𠁥	T
㣹	T
鳰	T
箊	T
𥯊	T
𥷩	T
𠓱	T
𢕑	T
𥡢	T
衒	T
𧗵	T
𧗿	T
稸	T
𤷃	U
𨵊	U
𤼓	U
郱	U
𠬌	U
瘔	U
𨐡	U
𨵫	U
頩	U
瘎	U
𠗮	U
𤹛	U
𥪘	U
凘	U
𤺊	U
𤷍	U
𤷾	U
𥪓	U
𤻰	U
𨳼	U
𥩩	U
𨐥	U
𤻔	U
𤻜	U
疟	U
𨴑	U
𥪽	U
𥫍	U
𨶱	U
𢼩	U
𤷌	U
𠗻	U
𨷽	U
𠘑	U
𠘕	U
𤎹	U
冴	U
疨	U
閕	U
𠖱	U
戠	U
瘄	U
瘼	U
𢨀	U
䇎	U
𠛼	U
𤼚	U
𤎷	U
癘	U
𧬣	U
𨷈	U
𢧂	U
瘽	U
閾	U
𢨅	U
𤷇	U
𤹪	U
𣣔	U
𤼢	U
癱	U
𤼐	U
𤸠	U
𤼁	U
𤻹	U
㔙	U
𤻟	U
𤻻	U
𢨞	U
䦫	U
𤸡	U
𨶛	U
𨶰	U
𠗸	U
𨳽	U
𢆗	U
𥩰	U
𦐵	U
𢠶	U
𤺔	U
𠗨	U
𨐣	U
𨵳	U
𥩡	U
㤣	U
疶	U
痨	U
艵	U
㿃	U
𤵽	U
㿊	U
𥪫	U
𤵀	U
𠣺	U
㭍	U
㿄	U
𤻢	U
𥏛	U
𤸶	U
𥪿	U
𢼶	U
剙	U
剏	U
𤻙	U
𤼇	U
𠧆	U
閧	U
𤻠	U
𨶀	U
𨸉	U
𤹲	U
㓒	U
闀	U
鵧	U
㓋	U
𦁋	U
𧨺	U
𩫐	U
𤶼	U
𨷳	U
𨐮	U
𢆣	U
𣁊	U
𤹚	U
𤸦	U
𤵓	U
𥪏	U
𥪹	U
癮	U
𤵟	U
𠗙	U
𤸲	U
𠗜	U
𨷝	U
𤺹	U
𤶂	U
𤷉	U
𤷪	U
𠗠	U
𤺅	U
㽾	U
𤸿	U
痾	U
𨵌	U
𢍥	U
朔	U
塑	U
𦥾	U
癃	U
𠘓	U
𠭻	U
𥪄	U
𨴔	U
𣺩	U
𥚘	U
𦃗	U
𨶉	U
𩒕	U
𩕻	U
愬	U
𦒂	U
𦒟	U
𪀝	U
遡	U
屰	U
槊	U
𦥭	U
欮	U
𧫋	U
𤼕	U
𨶼	U
𨵬	U
癊	U
𤼒	U
㾻	U
閞	U
𨝭	U
𤵈	U
䦤	U
瘮	U
𠗿	U
𤸾	U
𤹮	U
𤺶	U
𨳦	U
𤺑	U
𤸯	U
瘆	U
𤼛	U
𨴭	U
𤸝	U
𤹯	U
𤻩	U
衮	U
𤹍	U
𨶙	U
䇈	U
𠗴	U
𥪣	U
𠘔	U
㵗	U
𣳆	U
𨵕	U
㾂	U
𤸊	U
𥂳	U
凴	U
𨴘	U
憑	U
𤵔	U
𨴍	U
𣕙	U
竢	U
𤶗	U
𨴱	U
𨴌	U
𤼔	U
𪅯	U
痠	U
𠗕	U
瘫	U
𨷜	U
𦎗	U
𦎺	U
齹	U
㿷	U
羢	U
𦎘	U
𨢚	U
䍼	U
𠞊	U
𢍊	U
𩽫	U
䡨	U
𦑺	U
㷢	U
𩺃	U
𪉵	U
𡗂	U
𦎻	U
𦎽	U
𦟎	U
𦏊	U
𧪰	U
𩁫	U
𢍕	U
卷	U
𢆤	U
𦎢	U
𤙻	U
𨚜	U
𨛁	U
勌	U
𥁸	U
𦍦	U
𩓫	U
𦍔	U
羟	U
𦍗	U
䍳	U
閎	U
𤵄	U
𤵬	U
𨳧	U
羓	U
𢜂	U
𨐑	U
𣙂	U
𣚱	U
𦎤	U
羧	U
𢦬	U
駦	U
𦎵	U
冹	U
竑	U
𦍱	U
𤻳	U
𥫌	U
𦏥	U
𦍩	U
䍽	U
羱	U
𦎂	U
𦏌	U
𦏩	U
𦍠	U
頖	U
𦎳	U
羬	U
𦏈	U
𦏅	U
㾰	U
痏	U
𨴜	U
𦎋	U
𦍤	U
痮	U
𦎞	U
羏	U
𦎇	U
𦎜	U
𤹘	U
𦎉	U
䄅	U
𤷈	U
羺	U
𦏋	U
𨶶	U
𦎁	U
𦏔	U
𦏪	U
羵	U
𦏢	U
𦍘	U
𦏰	U
羥	U
䍸	U
𦍞	U
𦍼	U
䍨	U
䍬	U
𩰱	U
䍶	U
𦎏	U
𦎖	U
𦎸	U
𢠔	U
𦍣	U
𦍭	U
𦏀	U
䍪	U
𣙤	U
㓕	U
𧯦	U
羠	U
𦍝	U
𦎄	U
𦎎	U
𢨄	U
𤸞	U
齤	U
𤶐	U
𢼝	U
𦍷	U
𩴖	U
䦬	U
瘈	U
眷	U
𠗍	U
㓗	U
𤺚	U
𥪲	U
𠢚	U
𨵯	U
瘛	U
𪉤	U
𨖩	U
𤸪	U
𠗼	U
𤹉	U
𨴒	U
䍮	U
𣳾	U
𩴏	U
痱	U
𨵈	U
竰	U
𦎐	U
竡	U
𦎬	U
判	U
奍	U
𧒃	U
痷	U
羯	U
閹	U
阉	U
𦎲	U
鵥	U
𦎪	U
䖭	U
𠙩	U
𨚚	U
𦎀	U
𨳾	U
𠰥	U
𠲘	U
𦎑	U
䍺	U
𠲑	U
𨔏	U
𦏛	U
劵	U
䍰	U
𤶰	U
𨵲	U
𦏖	U
𤱵	U
𥁠	U
𦏕	U
𨌅	U
𠡶	U
劷	U
𦏉	U
𦎹	U
羖	U
𤸂	U
𦎰	U
帣	U
𤵗	U
𨵪	U
㾍	U
𨴎	U
𦍻	U
𦏦	U
𥪙	U
巻	U
羌	U
羗	U
𢻐	U
𤹱	U
𥀞	U
𦎮	U
𦏱	U
𦎠	U
痝	U
𢒘	U
翔	U
𤷀	U
䍷	U
韏	U
𦎾	U
𠒤	U
𠻁	U
𣯠	U
𪅠	U
𪉬	U
𠗱	U
疠	U
疣	U
𡝸	U
䍻	U
𦍑	U
𤺗	U
𣣵	U
𠗇	U
羫	U
𦍺	U
𦥈	U
闼	U
𦎩	U
𦎱	U
𨒫	U
羦	U
羜	U
䍫	U
䍯	U
觠	U
𦎈	U
𦎆	U
鲝	U
鲞	U
䍵	U
𦏘	U
𦍴	U
𦍵	U
𦏂	U
𠗌	U
𦍨	U
鮝	U
鮺	U
𠗾	U
𦍿	U
𦍖	U
𦏇	U
叛	U
𡙅	U
牶	U
𩏗	U
𦎔	U
𡞟	U
𦎊	U
𦍳	U
𦎣	U
㾨	U
𦏤	U
𨵤	U
𦍓	U
𦍥	U
䍹	U
𤶥	U
𥏇	U
𡔨	U
癧	U
𠘟	U
𦍾	U
𨷦	U
羳	U
𣭮	U
𢧞	U
𦍜	U
𦎭	U
𦏣	U
䅈	U
䍴	U
䍩	U
鄯	U
㪨	U
𤶟	U
𩴨	U
羴	U
㪵	U
𡄰	U
𣁵	U
𦏆	U
療	U
𠟤	U
𦏏	U
善	U
𡆃	U
𩕊	U
𤹃	U
𦎴	U
敾	U
歚	U
𤺂	U
𤺤	U
㓬	U
䍲	U
羚	U
餋	U
𦍪	U
瘞	U
㿓	U
𤷰	U
䦮	U
羭	U
𦎌	U
瘱	U
鴹	U
𪀲	U
䍱	U
𦍎	U
羒	U
𠝂	U
㾜	U
羷	U
𠗉	U
𥪂	U
𤹩	U
𦍏	U
𦏮	U
弮	U
𦏍	U
絭	U
勬	U
𦎥	U
䍭	U
𦏑	U
𦍰	U
𦏭	U
羪	U
飬	U
養	U
𦏨	U
𧙯	U
誊	U
𤻒	U
羶	U
㽴	U
𤵉	U
养	U
㔦	U
𠢁	U
𤸙	U
𨵵	U
𦏫	U
鯗	U
𦏬	U
𡗍	U
𦎓	U
羻	U
𦍫	U
譱	U
𦏯	U
𩁥	U
𢥮	U
𤻘	U
𨵟	U
𤶖	U
𨴫	U
𥩯	U
𤷂	U
顡	U
𩔀	U
𩔍	U
𤷊	U
痭	U
𨷼	U
𠞳	U
𨷒	U
𨷹	U
奨	U
醤	U
𤶡	U
𧱳	U
龏	U
聾	U
驡	U
礱	U
龍	U
龑	U
龖	U
龘	U
𪚔	U
𪚥	U
襲	U
𦪿	U
𧟟	U
𪚞	U
壟	U
𪚛	U
𥩢	U
𪚤	U
𨇘	U
𪚑	U
𪚚	U
龒	U
蠪	U
𡃡	U
𡾩	U
𢤲	U
𤮨	U
𦒮	U
鸗	U
𪈗	U
𢸭	U
㰍	U
𪎁	U
龔	U
𪚠	U
讋	U
𧮩	U
𨵻	U
覵	U
𧛯	U
𡍽	U
𡐂	U
𪚜	U
𠝮	U
𢃬	U
𪚢	U
𣹅	U
𧔑	U
翦	U
𦑦	U
煎	U
𤋎	U
㮍	U
剪	U
𠞽	U
𣎘	U
𠘣	U
𨵐	U
𦗤	U
𥫄	U
𨷢	U
𤋌	U
閿	U
阌	U
㸂	U
𤻅	U
𨷱	U
𤷕	U
𠗡	U
𠗝	U
𤷏	U
䦱	U
𣂅	U
𨐱	U
𤻴	U
𤼆	U
𤺩	U
𨶒	U
凈	U
𧱘	U
鷳	U
𥪦	U
㽺	U
䦠	U
𨳛	U
𨷡	U
𨐟	U
𨴂	U
㿎	U
𤻛	U
㾡	U
㽻	U
㾀	U
闔	U
𤸱	U
攱	U
𣂇	U
䇕	U
𤻪	U
𨷘	U
𩑯	U
𤈩	U
𣁿	U
𣫖	U
𩕺	U
㾏	U
閨	U
闺	U
𨵗	U
䦙	U
痔	U
𠘞	U
𣁯	U
𥪯	U
𨷁	U
𠦻	U
𥩸	U
𥩳	U
𤷵	U
𨐌	U
癫	U
癲	U
㿐	U
瘨	U
闐	U
𥪧	U
𤵫	U
𣁶	U
𧡿	U
𣂺	U
𣐽	U
𡣎	U
𠗈	U
𤶩	U
𥪆	U
㐮	U
𨳩	U
䦖	U
𤵹	U
𤺬	U
㪳	U
𤻡	U
𨷰	U
闧	U
㖍	U
癗	U
𨷏	U
𥁇	U
𣂌	U
凟	U
㓓	U
𨵴	U
㪲	U
乧	U
𤹥	U
㿒	U
痣	U
𤷷	U
𢘤	U
疞	U
䦝	U
𤇇	U
𤶽	U
𥩾	U
𤸴	U
䢏	U
𨒃	U
𨶮	U
𨸌	U
𣁻	U
𤻆	U
䦎	U
𣁰	U
𣁹	U
痚	U
𨴹	U
閉	U
𡭉	U
𢤴	U
𡮤	U
瘏	U
闍	U
阇	U
𥪤	U
𡮩	U
𣁲	U
𤶁	U
𨴛	U
𤺴	U
𨷂	U
㓑	U
𣁾	U
𨵉	U
闥	U
𠦯	U
𡛤	U
㓐	U
𨷗	U
𠗑	U
闚	U
𤷖	U
癨	U
𣃜	U
𨴸	U
開	U
𤶦	U
癅	U
𦎕	U
𨵑	U
𤵊	U
𨳘	U
痓	U
𨴗	U
𨸅	U
䦯	U
𤸓	U
𦎅	U
𨷑	U
𦫧	U
𦎿	U
𠵊	U
𦍸	U
𦎡	U
𦏄	U
𨷆	U
𡮔	U
𨳨	U
𠝫	U
𤶕	U
𦏒	U
𥪌	U
美	U
𣫚	U
𩇝	U
𠘒	U
𤸵	U
凊	U
𤯹	U
𨷧	U
𤷶	U
𩇟	U
痡	U
𠗒	U
𥪀	U
𨴪	U
𠗦	U
𦏟	U
瘂	U
閸	U
㽳	U
𠙖	U
𠙥	U
癋	U
𨵰	U
疜	U
閇	U
𤴫	U
慿	U
𤺘	U
𨴇	U
𤷁	U
𤵛	U
𨴈	U
𨳫	U
𢞾	U
𣴎	U
羨	U
竱	U
𤹵	U
𨳡	U
𤶪	U
䦨	U
凍	U
𤷆	U
㾘	U
𥪺	U
𣪪	U
䦜	U
痦	U
闘	U
𨶜	U
𠗐	U
竵	U
𥫀	U
凁	U
竦	U
𤶬	U
𨴨	U
瘌	U
𦎙	U
𨵩	U
𨸆	U
癞	U
癩	U
𠘝	U
𨷩	U
瘷	U
痘	U
𡣂	U
瘶	U
𠘂	U
𨝕	U
𠘌	U
闌	U
阑	U
𤺡	U
𨐤	U
𥃙	U
𥃣	U
𧗍	U
𤶯	U
𤹶	U
𤴹	U
𨳪	U
㾊	U
𤹠	U
𤷫	U
𤵿	U
𨳵	U
㿛	U
𤶮	U
𨴉	U
𥩭	U
㽲	U
𨞿	U
羹	U
𡙡	U
痖	U
𩱋	U
䫞	U
𣯇	U
𦎟	U
𦏠	U
羙	U
羮	U
𥩗	U
㕗	U
𨦋	U
㾐	U
𩼫	U
𤷋	U
𠗹	U
𤹐	U
㾲	U
𤴰	U
羑	U
𠖾	U
䣡	U
𧕶	U
𦍶	U
𤗔	U
䴊	U
義	U
𦏁	U
𧨁	U
瘗	U
閛	U
𤵣	U
䢭	U
𥩺	U
𦎶	U
痙	U
𠗊	U
𨜰	U
𦍯	U
𡡭	U
𡟿	U
𦎛	U
凄	U
𩴽	U
𠗰	U
𩱁	U
𣇃	U
𧌶	U
𢀻	U
䦵	U
𤻞	U
𤵋	U
羛	U
𤸚	U
痍	U
𦎍	U
㿀	U
羕	U
閠	U
𦍛	U
𨖌	U
𦍡	U
𥩨	U
𧮟	U
𤹼	U
瘧	U
𤹡	U
𤺞	U
𤹣	U
㿖	U
𤺿	U
𤷡	U
𤺝	U
𨵘	U
𤻱	U
𠭳	U
𤻽	U
闃	U
𨵢	U
𤻀	U
闅	U
𤺙	U
𠖺	U
㾥	U
㾟	U
竨	U
𤷘	U
𥫐	U
䦓	U
痁	U
𠱫	U
𠘢	U
𠘍	U
𤸘	U
門	U
𠘋	U
𠗗	U
𤶻	U
𨴼	U
𠬵	U
𤶅	U
䦩	U
𥌊	U
𤻋	U
𤷢	U
𨵙	U
㾚	U
㾹	U
𤵶	U
𤶨	U
𤺒	U
𤷩	U
𨵔	U
痟	U
䇌	U
䦢	U
䦞	U
𤶶	U
𨵍	U
𨶺	U
閯	U
𨵝	U
𨷇	U
𤷛	U
𩕴	U
𤺲	U
闛	U
𤹰	U
闣	U
𤸨	U
𨷉	U
𨶖	U
𥩼	U
𤶃	U
𤶏	U
𨴡	U
闊	U
𤵌	U
㾪	U
𨵥	U
𤹊	U
𨵨	U
竗	U
㵷	U
𤀲	U
𤻵	U
𨶗	U
𨴤	U
𩐺	U
頀	U
韺	U
𩐻	U
㓖	U
𡑠	U
𡔕	U
𤹝	U
䪦	U
𢍋	U
贑	U
𩐵	U
戅	U
𥫒	U
𩐱	U
𩐠	U
𥪳	U
𤶿	U
韷	U
䪧	U
𠮒	U
𥫓	U
𩑉	U
𩐹	U
𩐳	U
𩕆	U
𢥹	U
𤺁	U
𨵛	U
𢣪	U
𩑁	U
𢧐	U
𢨒	U
䪬	U
郸	U
𨝯	U
𢻕	U
𩦍	U
㾖	U
𤶚	U
𨴻	U
冁	U
童	U
𠗔	U
单	U
𠟍	U
𤻃	U
𨷄	U
勭	U
𩑆	U
𥫎	U
𩕉	U
㼿	U
氃	U
𦒍	U
䴀	U
䚒	U
𩐷	U
𥪢	U
𩑊	U
䪫	U
䦔	U
𤷙	U
𨵏	U
韴	U
𩐫	U
𩐛	U
瘍	U
𨵶	U
𧯹	U
痩	U
𢾑	U
𩐮	U
𤶉	U
𩐡	U
𨴁	U
覸	U
𧡱	U
𧢪	U
𩐣	U
閶	U
阊	U
𩐯	U
𩐲	U
𩐿	U
𤼖	U
𨷷	U
𨶤	U
𥫊	U
𤻈	U
𥫈	U
𥫕	U
𩑇	U
𩐪	U
韻	U
𢥫	U
𢥿	U
𥫖	U
𨵷	U
𩑂	U
䦸	U
𩐤	U
𩐽	U
𤸒	U
𩐦	U
竜	U
闒	U
阘	U
𤹀	U
𤄯	U
𥉩	U
𥪝	U
𣯡	U
鷾	U
𢥭	U
𨴄	U
𥪞	U
𩑄	U
𩁈	U
𩐶	U
𠗩	U
𩑃	U
𩑀	U
𩐼	U
遧	U
𣀚	U
𨶁	U
𡙴	U
𩐝	U
䦪	U
竭	U
𤸎	U
𩐜	U
𪅑	U
竸	U
痬	U
𥪔	U
䪮	U
𥫏	U
韵	U
嬜	U
歆	U
䪨	U
𩐗	U
韹	U
𩐙	U
㾧	U
𨵚	U
𨵒	U
𣫡	U
𩐾	U
𩴦	U
䤗	U
韸	U
𥪴	U
𩐨	U
䀍	U
𥃚	U
𧗛	U
𧗜	U
贛	U
𥫔	U
𩑅	U
戆	U
戇	U
𢥔	U
𥫑	U
𩐬	U
韼	U
竷	U
𤹾	U
𩐸	U
𩐰	U
𢾚	U
䪭	U
䪰	U
𢥺	U
𩐟	U
𩐩	U
𩐥	U
𩐧	U
𧹄	U
𧹉	U
䪩	U
𩐭	U
鶕	U
鷼	U
𪅂	U
𤵺	U
𩐚	U
𤻗	U
閺	U
𠘉	U
𩑈	U
𤶛	U
䫓	U
㾓	U
𦟲	U
𠗓	U
𠞬	U
袞	U
𠢄	U
𤶲	U
瘻	U
㪗	U
𨵓	U
竒	U
𧕢	U
𠶷	U
㿉	U
闠	U
阓	U
𢡃	U
𨵖	U
𧢈	U
䇍	U
𨵜	U
郶	U
㾔	U
閭	U
闾	U
𤸔	U
癉	U
闡	U
𥩶	U
𨶴	U
𤶱	U
闆	U
𤼅	U
𥪾	U
㿋	U
𠘥	U
𨴾	U
勏	U
𤵱	U
𤶧	U
𤸫	U
𨶎	U
𥪩	U
𨴽	U
𤉿	U
兑	U
兗	U
竞	U
𤿫	U
䬇	U
𩘍	U
𠹪	U
䫄	U
𣮆	U
𪁑	U
𨓚	U
競	U
敚	U
𥪇	U
㰴	U
𤶺	U
𥪅	U
𤬃	U
𤶭	U
敨	U
𤺵	U
𨐼	U
𨑂	U
疻	U
䳝	U
𨿦	U
𣬙	U
𤹦	U
兾	U
𤺆	U
𤼤	U
𡇤	U
凅	U
𤶑	U
𤹕	U
𠗃	U
𤹁	U
𪗲	U
𡈤	U
𨷤	U
䦴	U
凙	U
癦	U
𤻂	U
𨷅	U
𤹖	U
𤼎	U
𨶯	U
𤻺	U
㾯	U
癏	U
闤	U
阛	U
痹	U
𥪁	U
瘝	U
𤸄	U
𢎒	U
𢨉	U
鄫	U
䒏	U
𨶍	U
㣒	U
曽	U
𠟂	U
𧸑	U
䎖	U
甑	U
𤎯	U
𤎰	U
𣍎	U
𧢐	U
朆	U
痂	U
痐	U
𤹄	U
瘸	U
㿙	U
癳	U
㿔	U
𤸛	U
𤶒	U
𤹨	U
閫	U
𠘏	U
𥪎	U
𤷒	U
𡇷	U
辦	U
𤺋	U
𤸋	U
㿚	U
癑	U
𠘊	U
𨐺	U
𧧥	U
闦	U
痶	U
𠗘	U
竐	U
𤷳	U
啇	U
𡒱	U
𣂉	U
𩍷	U
𠞶	U
𠹧	U
𠢗	U
甋	U
𢤊	U
𣯵	U
𪄱	U
適	U
敵	U
歒	U
㾶	U
㾆	U
𤴿	U
𠖵	U
𪄄	U
𪓖	U
㓊	U
痌	U
𨐗	U
𨴏	U
㿂	U
凒	U
闓	U
𤸳	U
𥪪	U
𨒾	U
弊	U
𣱔	U
𦗥	U
鄨	U
𩦉	U
獘	U
𡚁	U
𦠞	U
𧝬	U
𡐞	U
鳖	U
龞	U
𪔀	U
幣	U
瞥	U
蹩	U
㡀	U
䌘	U
暼	U
蟞	U
𠢪	U
𣀽	U
𧸁	U
𩓝	U
憋	U
𣰉	U
𤮕	U
䳤	U
鱉	U
鷩	U
𤎨	U
𪂟	U
鐅	U
𠒳	U
𧢍	U
撆	U
嫳	U
鼈	U
𠟈	U
𡙪	U
彆	U
斃	U
䨆	U
𡙀	U
𣁢	U
𠗧	U
𦫢	U
𨴀	U
𨵧	U
𧝟	U
𠖷	U
𤻌	U
𨴕	U
㾎	U
𤸢	U
𤼟	U
癭	U
瘑	U
闿	U
𥫆	U
𨳠	U
𧷮	U
飒	U
闝	U
瘋	U
闏	U
颯	U
𨐦	U
𨳙	U
𨝗	U
𡘔	U
𧛨	U
𧜟	U
㓏	U
𢠀	U
𪄲	U
凗	U
𧷭	U
𤸅	U
𨵽	U
䇇	U
冺	U
𤵤	U
𨳶	U
𠘈	U
𥪊	U
𨵡	U
𤼉	U
闞	U
𤺍	U
𤵷	U
𡱨	U
𤷹	U
𨵠	U
𨳞	U
𤷨	U
瘺	U
𤺈	U
𨵱	U
𤵧	U
𨳟	U
𤸀	U
𤶜	U
闈	U
𤸆	U
𨵾	U
㽱	U
𩎮	U
𤷲	U
𣍄	U
𤸮	U
𤺳	U
𨳹	U
𤐅	U
闢	U
𤹧	U
𤼌	U
𥪒	U
𡲞	U
𤷯	U
𠆄	U
𨶘	U
𤶹	U
𤺫	U
𨶷	U
𠒁	U
𤴴	U
㿇	U
閟	U
𤵘	U
𨶣	U
𩑿	U
𩒋	U
𨐵	U
竮	U
㦚	U
𨐪	U
瘳	U
𠗽	U
𨶪	U
䦑	U
疦	U
𤹭	U
𤺼	U
𤺟	U
𨶟	U
𦛇	U
㿑	U
𡎿	U
𥩥	U
𨷖	U
痆	U
𤶌	U
㠮	U
𡚈	U
𥐄	U
𣌞	U
並	U
𤻫	U
𤯭	U
𨂝	U
𠁜	U
𣮧	U
𣯽	U
𠁟	U
𡖼	U
𧡟	U
𤽽	U
𠁝	U
𨷐	U
𠁔	U
𤸽	U
𤸹	U
㿘	U
癆	U
𨶌	U
𢝑	U
𢽑	U
竤	U
𨴵	U
𤼂	U
竩	U
𤶢	U
𥪗	U
𨵄	U
𥩽	U
𤸧	U
𥩟	U
𠗞	U
凕	U
𤹜	U
𥪠	U
瘒	U
𡦔	U
𢿪	U
㡣	U
𢅛	U
𦣭	U
啻	U
䫕	U
𢁆	U
𢄫	U
𢝃	U
鶙	U
𪆡	U
遆	U
𨗁	U
㛳	U
𤴺	U
𢋠	U
𨷛	U
𨷚	U
䦡	U
痯	U
𨘃	U
𤻝	U
𤸃	U
𤷧	U
㽸	U
𨳻	U
竚	U
𤵾	U
𨴥	U
𤹒	U
𨴣	U
㾤	U
𤷿	U
𠆘	U
𤙺	U
𧶜	U
𧷞	U
𥿿	U
㾃	U
𨳷	U
𨜷	U
㿶	U
䒍	U
𣄥	U
𣂆	U
𣄬	U
𩡕	U
𣯟	U
覫	U
𤹙	U
𨶳	U
𨵂	U
痻	U
閽	U
疧	U
疷	U
𤵅	U
𥪃	U
𤵻	U
𥪥	U
𤵆	U
𤶋	U
𥩞	U
𨴓	U
𤷤	U
㾙	U
頝	U
𤺱	U
䦲	U
癚	U
㿍	U
𨷌	U
𠅕	U
螀	U
𥫇	U
㿰	U
𨳿	U
虠	U
𧠷	U
𤶤	U
𤵜	U
𨳴	U
𤶇	U
𨶧	U
𠜅	U
䦰	U
痀	U
𤟞	U
𥩮	U
竘	U
𠢖	U
𤸩	U
𠅾	U
凂	U
𨵃	U
𨷍	U
𠗟	U
𤹹	U
効	U
瘓	U
𠗫	U
𨷟	U
𠙇	U
𪛀	U
𧯺	U
𨷺	U
𤹸	U
癬	U
𤹿	U
𨶢	U
𤻼	U
𤼀	U
䢒	U
䴔	U
痑	U
𨴢	U
𤺰	U
䇋	U
瘹	U
𠗄	U
𤵐	U
𤶵	U
𠖳	U
酱	U
𤵠	U
𨴅	U
𤺸	U
㾠	U
𠙟	U
𤺐	U
𨴶	U
閻	U
阎	U
𤵰	U
䦛	U
䦶	U
竫	U
餈	U
垐	U
𣣀	U
𤴼	U
𥿩	U
𧊒	U
咨	U
𠸆	U
盗	U
資	U
资	U
𣣰	U
𦈱	U
乲	U
恣	U
瓷	U
𠃻	U
𣯃	U
䳐	U
粢	U
鵁	U
𩶲	U
𨒮	U
𨦠	U
𢫴	U
栥	U
楶	U
秶	U
姿	U
𣢦	U
𨷴	U
𨷸	U
瘤	U
𨷵	U
𠖮	U
𥩘	U
𤷸	U
㽹	U
㽿	U
㿁	U
𡋈	U
𤸟	U
㾮	U
𤵢	U
𤷝	U
𨴴	U
𤷺	U
𨴞	U
𤵃	U
𨳯	U
㾷	U
闎	U
𤶎	U
𣛙	U
𠗯	U
𨶭	U
痸	U
𨶏	U
𨸊	U
𤴸	U
瘣	U
𤷓	U
𤷭	U
𠘖	U
𨐿	U
𨴆	U
䇑	U
痺	U
𨐜	U
𤼜	U
𤷟	U
兿	U
𨳺	U
𨷥	U
兠	U
𤺷	U
𨶵	U
闉	U
凐	U
𤸏	U
𨴺	U
痲	U
𢍜	U
鄭	U
𨜟	U
𨞀	U
㾞	U
奠	U
猷	U
𤡽	U
𤵳	U
酋	U
𨢅	U
䤋	U
𨡡	U
𪓰	U
𪓵	U
蠤	U
𠟃	U
𨣡	U
𥂴	U
𩔕	U
㽀	U
𡰙	U
𤮐	U
𨠫	U
㷕	U
鷷	U
𤋃	U
𪃬	U
遒	U
遵	U
𨗕	U
𨗖	U
𡞜	U
𣣫	U
𤷼	U
親	U
𥩬	U
㾴	U
疴	U
閜	U
𥩤	U
𥪼	U
𣣱	U
𤵦	U
𤈀	U
𨐻	U
㜪	U
𤼑	U
𤻇	U
䦥	U
凚	U
痳	U
𤻎	U
𤼍	U
𤹈	U
𤹳	U
𤺣	U
𠘆	U
𤺢	U
𤹴	U
𤻚	U
凓	U
𣕟	U
𤷠	U
𣮭	U
𤗟	U
𢾉	U
闄	U
𧔭	U
𥃌	U
鷴	U
㾢	U
㾁	U
竔	U
𤵸	U
凞	U
𤴱	U
痵	U
𤵚	U
𥩧	U
𤹇	U
𩢁	U
䦚	U
㓉	U
𤶞	U
𨴊	U
𧎿	U
痴	U
𢁄	U
𢞱	U
𨕾	U
𨶐	U
𠤜	U
㓇	U
瘢	U
𠦳	U
𩠪	U
𨴖	U
𤻷	U
顔	U
颜	U
𩕝	U
𪃛	U
遃	U
彦	U
𤻧	U
𨴷	U
𥩷	U
𥪈	U
𨳝	U
𥪸	U
竏	U
𠖴	U
𤸭	U
𨴠	U
𤵍	U
𤶳	U
𨳰	U
𨴬	U
㲔	U
竓	U
閐	U
𨸃	U
閮	U
㾌	U
𨴐	U
㾩	U
𨵞	U
𤵙	U
瘇	U
𤷣	U
𨵮	U
𤸇	U
𥪕	U
𠘃	U
癪	U
𤸣	U
𨷔	U
𤸕	U
㿜	U
癟	U
𤻦	U
𩠕	U
𩠠	U
𩠮	U
𩠸	U
𨶑	U
𩉕	U
導	U
痄	U
𠖽	U
𠗭	U
𤺃	U
𨴃	U
𩠭	U
馘	U
𩠲	U
㿅	U
𩠘	U
𩠛	U
𩠟	U
𩠬	U
𩠯	U
𤻖	U
𩠴	U
噵	U
𤷑	U
𩠧	U
𠡼	U
䭭	U
𩖐	U
瘜	U
𥩜	U
𨐏	U
𨗳	U
𨳭	U
𩠓	U
𩠔	U
道	U
𩠱	U
闑	U
𣜦	U
𩠵	U
䆃	U
𩠩	U
𩠰	U
㸤	U
𤻁	U
𩠚	U
㘏	U
瘪	U
𩠤	U
𩠳	U
𤶔	U
䦭	U
𩠾	U
𤹬	U
𠘦	U
𤸑	U
𥪚	U
閣	U
𠗂	U
𤹫	U
竬	U
䦗	U
𥂚	U
𠗅	U
𥩹	U
𤶣	U
𤺾	U
𠘇	U
㓔	U
𤵼	U
㿗	U
𤻊	U
癓	U
癥	U
竧	U
𠗏	U
𤶴	U
𨉖	U
𨷋	U
𨷣	U
痜	U
𤵎	U
𤹋	U
𠭶	U
𩓲	U
䇄	U
𠖯	U
㾅	U
䦍	U
𢾬	U
㾭	U
𤵮	U
𤺏	U
𨶸	U
疺	U
𤻥	U
𠗺	U
𤶫	U
産	U
𤷬	U
𤻤	U
剷	U
癁	U
𤵡	U
𠠟	U
𠔳	U
癤	U
𨵋	U
𥪍	U
𠩖	U
𤺭	U
𤷞	U
亷	U
𤎉	U
𠗎	U
瘲	U
𤺥	U
𤸍	U
𨵆	U
痗	U
𤺇	U
㿆	U
𧧑	U
𠗤	U
𤷮	U
𪆿	U
𥩵	U
䦕	U
瘚	U
闕	U
瘥	U
闂	U
𤷄	U
𨶔	U
癢	U
関	U
𤹤	U
𤸜	U
𤺦	U
𤺪	U
𦑒	U
𨐐	U
𨶕	U
癇	U
𤼃	U
𤸉	U
𤻄	U
𨷃	U
䇆	U
冸	U
閗	U
𨸈	U
𤻬	U
𤹺	U
𨶩	U
𤹂	U
𨶅	U
𥫃	U
瘖	U
癎	U
闇	U
暜	U
瘅	U
𤺄	U
𨶻	U
𠗥	U
𥪮	U
瘴	U
癔	U
𥪰	U
𩇨	U
𤻐	U
𠘁	U
㾦	U
䦣	U
𨃱	U
痥	U
閲	U
竲	U
𤺧	U
𤹞	U
𤷗	U
𤻨	U
𤹟	U
𤺓	U
𤺯	U
𨴮	U
𢣑	U
𥪟	U
𠗵	U
𤹔	U
𥪑	U
𤶀	U
㾳	U
㿕	U
𥪐	U
𤾕	U
𡕸	U
竴	U
𤸈	U
𤺛	U
𨵎	U
𣯓	U
𣯞	U
𨷮	U
𨷾	U
㾾	U
𠗳	U
𨐩	U
𤸸	U
𨶂	U
𤹢	U
𨷨	U
𤺀	U
𤺖	U
𤻏	U
𨷕	U
𨵹	U
𤸻	U
𤻿	U
𨶞	U
䦘	U
𨸄	U
㾼	U
𧘠	U
𤶸	U
𨐶	U
𨶬	U
冿	U
疩	U
𨵭	U
𤹻	U
𤼞	U
𤷚	U
䇐	U
𥪋	U
㾒	U
𤵪	U
癰	U
𠗢	U
𤶆	U
𥪖	U
𧟛	U
癙	U
𢧥	U
㪠	U
鹣	U
䫡	U
甉	U
𪕼	U
鶼	U
𡗄	U
㝺	U
𠔺	U
歉	U
𧈁	U
𠔮	U
𤬓	U
㓎	U
㾛	U
𨐭	U
𤵵	U
𤺎	U
䦧	U
𤷅	U
𨵇	U
𤹓	U
㿏	U
𤺽	U
𨳬	U
𤸷	U
𤷻	U
辧	U
𤶍	U
𤵨	U
𤼊	U
𨷪	U
𤴯	U
𠗋	U
𤶝	U
閥	U
𥩱	U
𥩦	U
𤵩	U
𤷥	U
𨳗	U
𢚱	U
𤹗	U
𤸌	U
𦙊	U
𧘳	U
𨴿	U
𤵞	U
𤵴	U
𤸗	U
𤼝	U
𨷯	U
㾈	U
𨶋	U
𨶫	U
𧸋	U
㾱	U
𤻯	U
𤼈	U
𤼄	U
𠗣	U
𤷔	U
𨷲	U
𨸎	U
闋	U
阕	U
𤶄	U
㓌	U
瘉	U
癐	U
𠘎	U
𥫁	U
𨵦	U
㾑	U
冾	U
閤	U
𥩻	U
𥁿	U
𤺠	U
癒	U
闟	U
𤵕	U
𨳣	U
𨨼	U
𨵸	U
𨷬	U
𨸇	U
𣓫	U
竳	U
𤺌	U
𨐸	U
𨶿	U
㿌	U
𤻍	U
𤼏	U
𠖸	U
𨵼	U
𨳢	U
𤵲	U
𨵀	U
䦏	U
䘱	U
閱	U
𨜶	U
鹢	U
蠲	U
𧔈	U
𩔱	U
鷁	U
䚊	U
𣣼	U
𨶨	U
𠦥	U
𤷎	U
𤹌	U
𤸼	U
𨶇	U
㾽	U
𤵏	U
𨵁	U
𨴳	U
𤫹	U
𨴧	U
㾋	U
𨵅	U
𡍼	U
𤶙	U
𨴰	U
𤶠	U
𨴩	U
𨵺	U
凃	U
𡋇	U
𥁣	U
竕	U
𠖲	U
𢡙	U
鴗	U
𤹷	U
𨶠	U
𠘜	U
𨐰	U
𤵇	U
𨳚	U
𤻸	U
𤷽	U
䦟	U
䦷	U
𤸰	U
𤼋	U
疭	U
𤻣	U
𥪶	U
𠗖	U
𥪉	U
𧶦	U
𤹑	U
𤻮	U
𤻉	U
𤼡	U
閦	U
𨴟	U
癈	U
㓆	U
㕠	U
㾉	U
冷	U
竛	U
閝	U
𠘅	U
𤶊	U
𤷜	U
𤸐	U
𤹆	U
痽	U
閵	U
飡	U
𤷴	U
𤸤	U
𩚷	U
凖	U
𤺨	U
凔	U
瘡	U
𨶆	U
𤺻	U
𤴽	U
癄	U
𤌞	U
𨶲	U
𨸋	U
𠘄	U
𤺜	U
瘬	U
鄁	U
𩳿	U
𤸁	U
𤼠	U
㘳	U
𠤖	U
𨛆	U
丠	U
𤤘	U
𢂖	U
𥪬	U
𧎕	U
𡷒	U
𤵝	U
鹈	U
䶏	U
剃	U
弚	U
㽼	U
𨳤	U
𩓂	U
𢚖	U
𤭌	U
鵜	U
递	U
𠧦	U
𨿝	U
𨶹	U
辮	U
𥾻	U
𠛙	U
疿	U
𤺕	U
𧉥	U
𠯺	U
𤻾	U
𨶾	U
軰	U
𣬏	U
𨶥	U
𢘠	U
䉾	U
𤮪	U
𠭼	U
𥀅	U
𤮤	U
𡋭	U
𦨆	U
㼱	U
𠤥	U
𠤦	U
𥧐	U
𡕶	U
𥨏	U
𥦚	U
𧶙	U
𤵯	U
𠤢	U
𤘿	U
𠘙	U
𤻲	U
䦳	U
𨷿	U
𠦞	U
癡	U
𨷞	U
𠘤	U
𨷀	U
𨶦	U
㿈	U
𨿄	U
𨷊	U
𩚾	U
𩿻	U
𤻕	U
𨵿	U
孳	U
𡙛	U
關	U
鹚	U
𨶚	U
慈	U
甆	U
𤹏	U
闗	U
鶿	U
鷀	U
𤹎	U
𨓖	U
㾬	U
𤹅	U
疪	U
𤻶	U
𨷻	U
𤼣	U
癴	U
癵	U
𤼙	U
𪊠	U
𧫯	U
𠘛	U
𨷙	U
䇏	U
𨶝	U
㓍	U
𠗛	U
䇊	U
𤸖	U
𧙜	U
𠗪	U
㾵	U
疰	U
𨳳	U
疒	U
𥩣	U
丬	U
辛	U
𨐋	U
𤻭	U
𠘘	U
𨳲	U
𤷦	U
凉	U
凉	U
癠	U
𤶓	U
𥫉	U
𨷠	U
𤶾	U
𤸬	U
𠘠	U
𨷭	U
𠘐	U
𤺺	U
癝	U
凜	U
癛	U
閙	U
㾸	U
閌	U
闶	U
𤹽	U
㾫	U
𠅇	U
𠗬	U
𤷐	U
𤼗	U
𢡥	U
𨶡	U
闙	U
𨷓	U
𢡻	U
𨳑	U
𨸁	U
痎	U
閡	U
𤸺	U
𥩲	U
𤺮	U
𤼘	U
𤸥	U
𥪜	U
𣃎	U
𠘚	U
𨶃	U
瘯	U
𨐷	U
䒑	U
𤺉	U
辬	U
辯	U
𤻑	U
㾿	U
𠗷	U
㾗	U
閬	U
𠗶	U
𨶈	U
𠗚	U
瘀	U
閼	U
阏	U
𨴋	U
𥩚	U
癕	U
𠘡	U
嫟	V
嬺	V
𡢬	V
𡝿	V
𡢯	V
媶	V
𡞯	V
𡢪	V
婼	V
媅	V
𡡒	V
娀	V
娸	V
𡞡	V
𡤦	V
姏	V
𡟍	V
𡤑	V
𡣨	V
𡝴	V
𡡄	V
𡡷	V
嬅	V
𡞴	V
𡝄	V
𢾌	V
𡠩	V
姫	V
𡣵	V
㜮	V
㜯	V
𡤱	V
𡢰	V
𡡳	V
嫫	V
㛭	V
𢍟	V
鄩	V
彠	V
尋	V
嫤	V
𠟢	V
嫗	V
䫮	V
𡣓	V
𣕠	V
𢿼	V
嫨	V
孉	V
𡟻	V
媌	V
㜴	V
𡞨	V
𡣻	V
𡠸	V
𨝻	V
媖	V
𡬶	V
𠙛	V
䥣	V
㩓	V
𣕡	V
嫹	V
𡟫	V
𡠪	V
姖	V
𡛶	V
媟	V
𡞮	V
𡛟	V
𡡶	V
𡝳	V
𡟃	V
𡠹	V
𡟱	V
𡡖	V
𡛘	V
𡡣	V
𡞁	V
𡝅	V
𡢼	V
𡝩	V
嬞	V
嫕	V
𡤖	V
𢟇	V
𡤃	V
孏	V
嬿	V
𡤄	V
𡢫	V
㝷	V
𡣾	V
嬳	V
𡟀	V
𡣮	V
㜓	V
𡣴	V
𡤏	V
𡝱	V
婲	V
娂	V
𡤤	V
𡤙	V
𡣁	V
𡣞	V
娵	V
𡤟	V
嫷	V
𡞷	V
𢑘	V
𡞿	V
𡢨	V
𡠮	V
𥁨	V
𡝹	V
𡛛	V
𡜯	V
恏	V
𨒰	V
𡡦	V
𪀮	V
䐴	V
塈	V
暨	V
𡛞	V
𧐆	V
䀈	V
𢟪	V
䊠	V
鱀	V
𪄵	V
𨙐	V
㮣	V
䇒	V
𧫜	V
堲	V
孥	V
妤	V
𨂢	V
𠟹	V
𡷦	V
䳭	V
𪃹	V
媃	V
𠨠	V
娺	V
㜗	V
𡠐	V
𡠏	V
駑	V
𡞋	V
砮	V
𡝕	V
䫀	V
姢	V
㛚	V
𡠙	V
𡝛	V
𡟘	V
𡬠	V
𪗭	V
𥅄	V
𡜗	V
𧉭	V
𤯯	V
𡤓	V
𠝔	V
㗠	V
胬	V
𡜫	V
㐐	V
𢢷	V
𨥬	V
𣢣	V
㛌	V
𢃂	V
拏	V
娭	V
𢂬	V
𪏷	V
𣭄	V
𡝾	V
𡠁	V
鴑	V
鵖	V
㛖	V
𨾯	V
䋈	V
𧘽	V
媠	V
𡛿	V
𡛖	V
𡛣	V
妭	V
𡛀	V
𡡰	V
姷	V
媩	V
䢅	V
㛻	V
娾	V
媷	V
𡞏	V
姱	V
𡢳	V
㛾	V
媙	V
𡟬	V
𡜒	V
𡤸	V
𡬹	V
𡭎	V
𩠐	V
妦	V
𩠝	V
𩠡	V
𩠜	V
𡣺	V
𤎾	V
𨕥	V
夓	V
𡟺	V
𡠽	V
婔	V
㛪	V
𤎁	V
𠄆	V
𡛮	V
𡢩	V
𡞎	V
𡣧	V
㐡	V
媆	V
媔	V
㚴	V
䎟	V
𡜚	V
𡢉	V
𦓏	V
𡞾	V
㛲	V
頄	V
𩒦	V
娏	V
𠡔	V
𡡛	V
㚭	V
𡛋	V
𦥣	V
𨨬	V
娍	V
𡣜	V
𤃄	V
𧤑	V
𡞢	V
娔	V
嫄	V
𢲓	V
婍	V
𡤌	V
𡞼	V
𡟁	V
𢽤	V
嫴	V
嫽	V
𡙼	V
𨐞	V
𡝻	V
𡢴	V
㜧	V
𦦅	V
𡞗	V
媋	V
𡡌	V
嫀	V
㛍	V
𦦆	V
𡜐	V
𡚹	V
𡛕	V
㚺	V
娐	V
𡝦	V
𡡗	V
𡟚	V
𡞇	V
媛	V
𡝇	V
𢑳	V
𤎘	V
𢼿	V
𠛵	V
𣪏	V
𣪣	V
㛵	V
恳	V
嫒	V
𦤮	V
𡡞	V
𨔡	V
嬡	V
𢑪	V
媱	V
𣐻	V
㛆	V
婇	V
婬	V
𥯵	V
嬀	V
𥐉	V
娞	V
嫍	V
㜎	V
㚫	V
彟	V
𡣳	V
𡜤	V
妘	V
𡛠	V
𥒠	V
嬬	V
䀌	V
𩑫	V
𡢅	V
𡋖	V
𦘠	V
㜇	V
㥨	V
嫮	V
嬈	V
𣕁	V
𡤮	V
𧗚	V
𡡵	V
𠚋	V
𦘔	V
𢅺	V
𠜈	V
聿	V
衋	V
𦘓	V
𧗁	V
𧗙	V
㶳	V
𪁀	V
䢖	V
建	V
𨔥	V
𨕛	V
𦘨	V
㐤	V
嫃	V
𤉋	V
㛏	V
𡛭	V
𦘙	V
㪩	V
𦧶	V
𡡲	V
書	V
晝	V
𤲿	V
𤾳	V
妌	V
𢆅	V
𨃲	V
𦘢	V
㔅	V
肅	V
䎘	V
鷫	V
𧺅	V
𦘤	V
𣍚	V
歗	V
𣍜	V
媴	V
嬯	V
姞	V
𡣗	V
㛸	V
𡟌	V
畵	V
𥁞	V
畫	V
𡢽	V
劃	V
𠞷	V
𥂛	V
嬻	V
𣃂	V
𦘣	V
𦘚	V
𦘝	V
毀	V
𤱪	V
𧝷	V
婻	V
𦘕	V
𦘘	V
𥽂	V
𧶁	V
𡢕	V
𡤕	V
嬦	V
𦦰	V
𦐃	V
𢙻	V
𡚯	V
娡	V
𦘛	V
𦘜	V
𡞽	V
𧗊	V
𡠬	V
㛘	V
𡤵	V
嬄	V
妧	V
𨕨	V
姸	V
媎	V
㛈	V
婞	V
嫱	V
𡠭	V
㛬	V
嬙	V
𡣶	V
婈	V
𡝈	V
妋	V
𡢵	V
𡤴	V
𡌎	V
㛞	V
娬	V
𡜇	V
姪	V
𡟹	V
𢆙	V
婖	V
𦥩	V
𦦐	V
𡣷	V
婊	V
𡜵	V
婭	V
㚥	V
𡡱	V
姃	V
𡛔	V
𡢇	V
𤑠	V
㚰	V
娝	V
妚	V
𡞍	V
𡞤	V
嫥	V
𡟽	V
𨤣	V
姮	V
㚦	V
娻	V
𡠘	V
㛐	V
𡣌	V
娪	V
㛿	V
𡢓	V
𨃢	V
𩠶	V
娕	V
𡠑	V
𡣒	V
𡞸	V
嬾	V
㛒	V
𡡋	V
嫰	V
婳	V
媡	V
𢑕	V
𡿸	V
𤱹	V
𦦍	V
䑔	V
姉	V
𦥡	V
㜖	V
𡢲	V
𡛷	V
𦥥	V
𡛦	V
孋	V
㛤	V
嫧	V
礜	V
舉	V
𢑔	V
轝	V
㐦	V
㦛	V
舃	V
鸒	V
擧	V
歟	V
與	V
譽	V
𡠂	V
𧛵	V
𩝖	V
𠡢	V
𠙭	V
𡚲	V
煭	V
𤋴	V
𩹒	V
𨔭	V
㜜	V
𣧄	V
𡛃	V
妺	V
𦥦	V
𡝺	V
㛁	V
娙	V
䑖	V
𡠯	V
𡤘	V
嬭	V
嫊	V
𦀥	V
𤣬	V
𡛼	V
𡢢	V
𡢙	V
㜘	V
嫭	V
𡟣	V
婋	V
虓	V
𡣭	V
𦥗	V
鄋	V
㪢	V
㲣	V
遚	V
𡛡	V
𦥤	V
𡜕	V
𡞚	V
𡠔	V
𡠡	V
𤲯	V
𡬲	V
⺻	V
𡎀	V
䀆	V
盡	V
賮	V
𧷇	V
𧷈	V
𥃞	V
𦥚	V
𤌲	V
𣃏	V
𠔜	V
𡤬	V
𡢋	V
𡢞	V
㜹	V
𡛨	V
婌	V
𡤉	V
𡝃	V
𡜔	V
婥	V
𦦔	V
㚲	V
𡤲	V
媜	V
𦘡	V
𦥕	V
𢗱	V
𡟠	V
𡤋	V
娊	V
𡡸	V
𡡆	V
媫	V
𡢍	V
𡡥	V
𩓪	V
娋	V
㪖	V
𤿴	V
䚄	V
𡡺	V
㛥	V
鹔	V
剥	V
𢑾	V
盝	V
𨽶	V
𠟷	V
𠡫	V
𨾂	V
𡞀	V
䏋	V
𡣄	V
𡣖	V
𡠠	V
嫦	V
逯	V
𨓻	V
㜭	V
𡤭	V
𡡢	V
姯	V
𦥰	V
𡞞	V
𦘞	V
𢑨	V
𨽼	V
媣	V
𡣯	V
𪂩	V
𡠚	V
𡡔	V
𦦣	V
𡝭	V
娌	V
娨	V
婣	V
媞	V
䑗	V
婸	V
媢	V
妽	V
𧌣	V
嫚	V
𡢚	V
媀	V
𥜿	V
𣆸	V
𦑹	V
𡠕	V
𠙐	V
㛫	V
鄛	V
𢀋	V
剿	V
𩫥	V
勦	V
𧈊	V
𪅕	V
𢀌	V
𠞰	V
𢀊	V
婐	V
𡟙	V
𡟄	V
𪅉	V
𡜄	V
婫	V
𠝕	V
𡡡	V
卲	V
𡿹	V
𢇊	V
𨚴	V
綤	V
𨞑	V
𩟷	V
𡓱	V
𪖵	V
𦉥	V
𩔪	V
㛕	V
𤮲	V
𪄉	V
𢹭	V
𩣉	V
𨝖	V
雝	V
𤫔	V
𡞐	V
𠺥	V
𩅖	V
𥙦	V
𡡎	V
娱	V
𠯉	V
𡝚	V
𤥏	V
妕	V
嬇	V
𡤀	V
䙼	V
娖	V
𠧙	V
𡆊	V
刟	V
𧊟	V
𡟎	V
𠃳	V
𡣏	V
嬋	V
𡿷	V
㛎	V
𡄲	V
𡠛	V
嬠	V
孍	V
㖲	V
𥁏	V
𦀧	V
𤉎	V
帤	V
𡛱	V
㛣	V
㜏	V
㐒	V
娛	V
䎄	V
𡟤	V
巶	V
娯	V
𤈟	V
𥹡	V
𨦔	V
𠣫	V
㚾	V
𩶯	V
欩	V
𩴿	V
𡀪	V
挐	V
桇	V
𤯥	V
𣬸	V
𣭠	V
𨐓	V
䳂	V
鴽	V
𡛰	V
𨾵	V
䘫	V
𧧏	V
𡠲	V
䣎	V
𡣬	V
婟	V
𡟯	V
𤳤	V
媦	V
𡣱	V
嬕	V
𡣫	V
𡣈	V
𡿼	V
嫼	V
𤱽	V
𤠪	V
㛱	V
嬛	V
𡤛	V
疀	V
輿	V
嬽	V
𤴅	V
𡜼	V
𡢊	V
㓯	V
𡟏	V
㚳	V
㜼	V
𡤯	V
𤃻	V
𡣡	V
娚	V
𦥶	V
嫐	V
㜥	V
𤳫	V
𡛸	V
𤱾	V
媤	V
𤲑	V
㜕	V
𥝅	V
𡣃	V
𢆭	V
𠠌	V
𧔱	V
𧕧	V
𢀈	V
巤	V
𡤗	V
𢑯	V
㜛	V
𥝁	V
𡤆	V
𤳊	V
㜢	V
𥀰	V
𠠗	V
媼	V
𣰫	V
𦒩	V
鶅	V
𪇹	V
𨿴	V
𡤢	V
𤳲	V
𤳯	V
𪋍	V
𡤩	V
𡢿	V
姍	V
婰	V
𨝉	V
𡚾	V
婩	V
𠜦	V
㛧	V
媏	V
𦦇	V
𩒔	V
㛶	V
𡛢	V
姎	V
𩨔	V
𡡈	V
㚩	V
姌	V
䑕	V
𡿳	V
𡜜	V
婤	V
臖	V
𧚲	V
𡿩	V
舋	V
𪓒	V
𪓢	V
姵	V
𠜊	V
𡞑	V
姛	V
娉	V
𡢘	V
㸑	V
爂	V
𨔜	V
媺	V
嬍	V
𡠾	V
𥟸	V
㜐	V
釁	V
興	V
帠	V
帇	V
𠞤	V
𡠰	V
𤏕	V
𡢤	V
孆	V
𡡻	V
媧	V
㚯	V
㛊	V
㜄	V
𠞜	V
𡟶	V
𡤇	V
𡠱	V
𢀂	V
𢀅	V
孈	V
𠱛	V
𡜴	V
𡝆	V
𡣸	V
𡗇	V
𡜃	V
㜠	V
妠	V
𡛓	V
㜊	V
㛰	V
姄	V
𦕁	V
㜟	V
婮	V
𡛆	V
㚨	V
媉	V
㚸	V
婽	V
婿	V
𡝂	V
媁	V
㚶	V
𡛫	V
𡟩	V
㜨	V
𦀱	V
孎	V
𠝗	V
巛	V
𡜢	V
𡢀	V
𡜱	V
𦥠	V
娓	V
妼	V
𡝒	V
𡠟	V
𡟛	V
𪔾	V
𪕒	V
𪕣	V
𪕋	V
𪕔	V
鼥	V
𪔿	V
𪕂	V
𪕌	V
𪕰	V
𪕽	V
𪖂	V
𪖃	V
𪖆	V
鼣	V
鼫	V
鼳	V
鼵	V
鼷	V
𪕜	V
𪕟	V
䶇	V
鼱	V
𪕱	V
䶈	V
鼭	V
𪕵	V
鼪	V
𪔸	V
𪕄	V
𪖎	V
䶄	V
𡟭	V
𪕉	V
𪕝	V
𪕬	V
𪖁	V
𪖍	V
𪕈	V
𪕕	V
𪕴	V
䶅	V
鼦	V
鼩	V
鼯	V
𪕍	V
𪕐	V
𪕖	V
𪕙	V
𪕛	V
𪕥	V
𪕹	V
䶉	V
鼲	V
鼺	V
𪕲	V
𪕶	V
𪖇	V
𪖌	V
鼬	V
鼰	V
鼶	V
𪕁	V
𪕇	V
𪕯	V
𪖅	V
䶃	V
𪕅	V
𪕚	V
𪕦	V
𪕭	V
𪕳	V
鼸	V
𪕠	V
鼮	V
𪔽	V
𪕀	V
𪕎	V
𪕓	V
𪕨	V
𪕩	V
𪕫	V
𪖉	V
𪔻	V
𪕞	V
𪕧	V
𪕾	V
𪖄	V
鼨	V
鼢	V
鼴	V
鼹	V
𪔹	V
𪕤	V
𪕆	V
𪕏	V
𪖊	V
鼧	V
𪕑	V
䶂	V
䶆	V
鼤	V
𪔺	V
𪔼	V
𪕃	V
𪕺	V
𪖀	V
𪖈	V
𪖋	V
𪖏	V
嫪	V
𩛗	V
妜	V
嬥	V
𡌰	V
𡟳	V
𡣝	V
𡛄	V
𦇚	V
𡡐	V
粛	V
𤑹	V
毇	V
𡡯	V
𡤰	V
嬫	V
婒	V
𡣘	V
𨓌	V
㜆	V
嫾	V
𥽱	V
𡞱	V
彛	V
𢑱	V
𢑲	V
𦄳	V
彞	V
𢑴	V
𡣚	V
𢽖	V
𠜘	V
𩒸	V
𠬶	V
𡣲	V
𡟲	V
𡝮	V
婃	V
𡣑	V
𡤐	V
𡤁	V
㛡	V
媗	V
婝	V
𢑤	V
𡡩	V
嬪	V
𡤧	V
𡜷	V
𡝏	V
𡝬	V
彚	V
嫇	V
𢑿	V
媈	V
𢃳	V
𢽪	V
𢅜	V
𢅦	V
㚮	V
𪂪	V
䢜	V
𢽰	V
𡞒	V
𡡮	V
𡣕	V
婠	V
嬣	V
㛮	V
㛽	V
妉	V
𦥟	V
𦥨	V
𡟰	V
𡜻	V
嬸	V
姲	V
𢑟	V
𡢷	V
𡡪	V
𡞛	V
㜚	V
嫆	V
𡢠	V
𤭀	V
𡡃	V
𡡨	V
𡢌	V
𡞶	V
𡛥	V
𡤠	V
𡜶	V
𡚼	V
𠓔	V
𡛜	V
𡥲	V
郳	V
𡜙	V
𠝽	V
媰	V
𡞧	V
𡜆	V
𡝓	V
姽	V
𡞥	V
㛓	V
㜣	V
㜬	V
㪒	V
𧡎	V
𢑙	V
妳	V
𡞦	V
姰	V
𠛱	V
𤉩	V
𥟜	V
姁	V
姳	V
嬎	V
嬔	V
㛯	V
𢀆	V
𡤎	V
𣤒	V
㜶	V
婏	V
𡤹	V
𠒰	V
𠡝	V
㛟	V
𡞵	V
𪓬	V
𢄥	V
𦥱	V
𡤞	V
嫓	V
媍	V
㚿	V
婅	V
𡠵	V
𩶿	V
學	V
斅	V
礐	V
觷	V
壆	V
澩	V
嚳	V
嶨	V
燢	V
鱟	V
鷽	V
覺	V
斆	V
黌	V
𣣉	V
姼	V
雤	V
𡠶	V
𢒓	V
𡝲	V
𡟟	V
𡛁	V
㚹	V
㚬	V
㛀	V
婙	V
鶂	V
𦥞	V
鸠	V
嬼	V
媹	V
𡶳	V
奺	V
𡞌	V
𢀁	V
㛂	V
𡜁	V
𡟷	V
𡝜	V
𡞃	V
𡟈	V
𡜮	V
㚱	V
媓	V
姤	V
娦	V
姩	V
𡣆	V
嫵	V
婂	V
𡜊	V
𠜭	V
媿	V
𩱼	V
𡝊	V
㜱	V
𡝰	V
妷	V
𠤙	V
嬓	V
𡛴	V
𡣋	V
𡞻	V
𡞫	V
𡢱	V
𡿶	V
𡜳	V
㜀	V
㜁	V
㜤	V
妸	V
𡜺	V
𡟵	V
𣤑	V
𠟱	V
𡠇	V
𡢟	V
𡢾	V
㛦	V
𡠫	V
婹	V
𡝋	V
𡣰	V
婡	V
雑	V
𡤪	V
𡛈	V
𡜠	V
奼	V
𡚸	V
𡟡	V
姡	V
𡢭	V
㛔	V
𢂜	V
娇	V
𡡧	V
嬌	V
䪳	V
𡞊	V
𡟦	V
㛢	V
𡜅	V
𡟢	V
𣪷	V
奷	V
𡤊	V
𡜲	V
㜺	V
㚪	V
𣬡	V
娗	V
𡠻	V
姺	V
㛼	V
𡜘	V
𦦈	V
𥏰	V
娷	V
媑	V
𦥻	V
𡤂	V
𡢒	V
妰	V
𡠖	V
𦥬	V
𡜍	V
嬶	V
𪖒	V
媳	V
娫	V
𢑗	V
娳	V
𡞪	V
𢧃	V
郡	V
𨞗	V
㪊	V
𣀄	V
𨛦	V
君	V
羣	V
裠	V
𦌺	V
𡂬	V
𡞈	V
𦏓	V
帬	V
𠧬	V
𡟐	V
𢃆	V
𠹩	V
頵	V
焄	V
鵘	V
𤉅	V
𨘂	V
覠	V
𢽏	V
𣀆	V
𨐚	V
𡟥	V
𤪡	V
𦢱	V
𨟋	V
䢉	V
𡞕	V
𢀇	V
𡠴	V
𡜧	V
𡿺	V
𡠌	V
㜩	V
𢁨	V
姠	V
𡟉	V
㛛	V
㜫	V
𠒍	V
𠚮	V
姊	V
𡜞	V
嬏	V
𡡁	V
𥹛	V
𡟊	V
姂	V
𢂫	V
𡤝	V
𠞠	V
𡝟	V
𡛚	V
㚵	V
婑	V
孂	V
𡱉	V
𡠞	V
𡤷	V
㜡	V
䶯	V
𡠨	V
娒	V
嬂	V
𡣟	V
𡢸	V
䑘	V
嫅	V
婘	V
𡠎	V
𡡀	V
嫸	V
㛨	V
𡟒	V
嫺	V
媊	V
嬘	V
𡟝	V
嬢	V
姅	V
𡢥	V
𡠳	V
媄	V
孄	V
𡡂	V
𡡇	V
嬟	V
𡟜	V
㛠	V
㛺	V
𡢃	V
嫜	V
嬑	V
婄	V
㜔	V
娧	V
𡡑	V
𢀉	V
𡣪	V
𡡹	V
𡡝	V
媂	V
𡡿	V
𡢧	V
嫎	V
𡟔	V
𡣽	V
媨	V
𠄁	V
𡤅	V
媇	V
嫻	V
馗	V
𡞝	V
𡞘	V
𡡫	V
𤍻	V
㜋	V
嬨	V
𡤡	V
𡞰	V
𡢄	V
㜦	V
𡜣	V
㜒	V
𢦝	V
𨛃	V
𡠣	V
𩠒	V
𡛪	V
𡢶	V
𢑫	V
嫿	V
姧	V
𡞹	V
𡢝	V
𡬸	V
𢑧	V
𢑽	V
𡜏	V
𡞄	V
𠝧	V
嬩	V
𦞋	V
嬧	V
𡞲	V
娽	V
𡝘	V
𡝯	V
𣉑	V
𡡊	V
㜉	V
妱	V
𡢆	V
𪓥	V
𡜪	V
𡞭	V
嬹	V
𦐱	V
𢑮	V
𤈗	V
婦	V
𣇶	V
𢑝	V
𣘑	V
𨒀	V
婗	V
𡖩	V
𠟾	V
𠢶	V
𠟿	V
𢑬	V
𡜉	V
𢑠	V
𡢡	V
𥎫	V
𡝗	V
𢑵	V
㛴	V
𡛂	V
𦍽	V
𨐕	V
刕	V
𩤦	V
𡟗	V
脋	V
姦	V
𡞉	V
𡢹	V
𦦦	V
𪀫	V
𨿉	V
𡡟	V
𦐮	V
𩫉	V
𡝖	V
𡟂	V
𢑶	V
𢑻	V
𡚺	V
𡛲	V
𡟸	V
𩤺	V
妐	V
𠃩	V
𡛧	V
𡤒	V
𡝙	V
𡞆	V
𢀀	V
𡤚	V
𨖽	V
𢀏	V
婨	V
媕	V
婾	V
𡞳	V
姾	V
𨣻	V
𡡽	V
媮	V
嬒	V
姶	V
𡢻	V
嬆	V
㛹	V
嬁	V
嬐	V
𡟞	V
𡤥	V
𡠊	V
㚷	V
𦦋	V
妎	V
𠛂	V
𠆷	V
媬	V
𡡼	V
𢑺	V
𨘤	V
䝿	V
𡟑	V
𡟪	V
𡜥	V
𦥳	V
𡠄	V
𡟴	V
惥	V
娰	V
㛋	V
𡛐	V
𡜨	V
姙	V
𣮵	V
𡝐	V
斞	V
𡣣	V
嬝	V
𧞡	V
𡟆	V
妢	V
䲥	V
䳎	V
䳔	V
鳩	V
鳭	V
𠟀	V
𡡅	V
𩾛	V
𩾣	V
𡠿	V
𡜬	V
㛗	V
𡓓	V
孅	V
𡡾	V
𪃪	V
𩀑	V
姈	V
孇	V
𩚓	V
𡣊	V
𡣔	V
𡣤	V
𨿀	V
㜃	V
㜝	V
䧱	V
婎	V
𡿾	V
𨾹	V
娢	V
嫶	V
𡟇	V
𡟼	V
𡛅	V
𡜖	V
𡛯	V
𡠤	V
𡛙	V
𡟅	V
嬵	V
㜰	V
嫋	V
𡞂	V
𡠒	V
蠿	V
𡣦	V
媘	V
𡡤	V
㜻	V
𡤻	V
娹	V
𡤣	V
𡤶	V
嫬	V
𡡬	V
𡜾	V
㛩	V
㜵	V
𡝥	V
𡡠	V
䎠	V
𩑖	V
𡣇	V
𠛇	V
㛄	V
𡟓	V
𡉔	V
㛇	V
丒	V
妵	V
婛	V
𡟧	V
孃	V
𠮫	V
𡡍	V
㜳	V
嬗	V
𡜿	V
𣫏	V
𡵎	V
𡵑	V
𠷏	V
𡠀	V
妔	V
媥	V
𡞬	V
𡝢	V
𡞙	V
𡛻	V
𡜋	V
妒	V
忍	V
姟	V
㜙	V
㜲	V
𤆕	V
𡞖	V
孊	V
嫲	V
𣏉	V
𡣥	V
嬤	V
嫙	V
媯	V
𡟾	V
𡕞	V
嬚	V
𡣛	V
嫏	V
奿	V
𡣙	V
嫞	V
歰	V
嫝	V
㜍	V
𡝵	V
𩾞	V
㜅	V
妶	V
侙	W
㑘	W
𧶣	W
僷	W
俴	W
𡥖	W
傇	W
𠊝	W
𠌨	W
𠎞	W
𥑼	W
𠐾	W
偡	W
㒋	W
𠈋	W
倛	W
僛	W
𦙯	W
儰	W
𠎭	W
𠊁	W
㒗	W
垈	W
垡	W
佄	W
𠍜	W
㒂	W
㒃	W
𠋦	W
𡬦	W
𠑏	W
𠎐	W
仺	W
𠎑	W
㑌	W
𠊃	W
𨤾	W
𠎲	W
𠎰	W
𣣽	W
𠏒	W
㒪	W
𠑳	W
𡬴	W
𠈄	W
𠏔	W
𠐼	W
儖	W
𠏫	W
𠎹	W
㒘	W
𠐊	W
㑈	W
㒑	W
𠐎	W
𠌓	W
𤑅	W
𪅬	W
𧊇	W
偃	W
𠍾	W
㒖	W
𠐪	W
𠰰	W
僅	W
𠐲	W
𠍔	W
傴	W
𠑧	W
𠏺	W
𠏽	W
𪁝	W
𠋸	W
傼	W
儺	W
㑤	W
𠐧	W
儚	W
㒝	W
𠐿	W
偀	W
帒	W
𠇽	W
岱	W
𧹋	W
𠋕	W
𠌖	W
貸	W
僙	W
𠌗	W
佢	W
伳	W
𠍑	W
偞	W
𠇘	W
𢘋	W
𠈸	W
𤇰	W
𠐁	W
僃	W
僀	W
僭	W
𠎱	W
𢣍	W
𤏹	W
𩶕	W
𠌅	W
儆	W
𠑛	W
伛	W
𠏆	W
𨠰	W
柋	W
𣑡	W
備	W
𠍆	W
憊	W
㷶	W
𤏛	W
侥	W
𠌾	W
䣏	W
𠑦	W
𠐐	W
𩁰	W
𠉾	W
𠊠	W
𧨻	W
𥿝	W
𠋗	W
袋	W
𠉋	W
㒤	W
𠊩	W
倻	W
𠏭	W
𠉧	W
𠉹	W
𠋷	W
𡍑	W
𠏄	W
𥁙	W
㑁	W
㑙	W
怹	W
𠐅	W
鸧	W
𠏁	W
𠇹	W
𤼪	W
𠇜	W
伃	W
僪	W
𠚅	W
𠍢	W
㑱	W
𠊮	W
傪	W
𠔭	W
㒍	W
㑓	W
𠉺	W
頌	W
𡗳	W
𠋀	W
㑷	W
𤼫	W
𠛀	W
𠈂	W
佁	W
𣌶	W
𠋏	W
𨜺	W
𦫫	W
𦒥	W
鹟	W
𠈴	W
勜	W
𩔚	W
𠃽	W
鶲	W
忩	W
𨑪	W
兊	W
𩒬	W
毤	W
𡜎	W
枀	W
𠈃	W
䲲	W
傩	W
𠋺	W
𪘓	W
𡐏	W
𠏍	W
伌	W
𠃈	W
伖	W
𠆽	W
𠐞	W
𠉈	W
𠍩	W
優	W
倀	W
倴	W
侲	W
傉	W
𠊎	W
倷	W
𠍽	W
𠊭	W
𠋘	W
侟	W
偰	W
𠎇	W
𠑚	W
𠈚	W
仹	W
𠎧	W
傶	W
𠌘	W
𠑍	W
㒥	W
𠋮	W
㑍	W
𩚀	W
俳	W
𠐡	W
俺	W
𠎩	W
𤑪	W
𠍚	W
𠍛	W
𠊊	W
𣍔	W
㐛	W
𠇴	W
偄	W
偭	W
佈	W
侕	W
𠇳	W
𢝪	W
㑔	W
㑯	W
𠈵	W
𠉛	W
𠉂	W
𠑿	W
偧	W
傸	W
傆	W
㑸	W
俦	W
儮	W
𠋽	W
𤬣	W
𠋚	W
傄	W
𠏖	W
𠏗	W
𠎮	W
𠭊	W
俸	W
偆	W
𠋙	W
𪀢	W
𠌴	W
俠	W
𠌱	W
𨕉	W
㑀	W
仗	W
㒚	W
𠊻	W
𠌀	W
俷	W
𠏢	W
𩒉	W
倗	W
𠉠	W
𠋠	W
𠌠	W
伹	W
𤼮	W
㺱	W
𧠝	W
𠈛	W
𠱧	W
𠍂	W
𠋁	W
偁	W
𠆹	W
𠐋	W
𠍪	W
𢌝	W
僢	W
僾	W
㒡	W
傜	W
倸	W
𠉰	W
僞	W
𠑇	W
俀	W
𠋯	W
傒	W
𤒙	W
𠬬	W
伋	W
傤	W
儎	W
僨	W
𠋰	W
𠈙	W
𠑀	W
𦣹	W
𤼴	W
㑢	W
郐	W
𨝈	W
𦈇	W
刽	W
𥁧	W
𠊉	W
伎	W
伝	W
佉	W
𠇞	W
𠉨	W
𠧑	W
𥑧	W
𦦬	W
𦦶	W
𥂤	W
𠑯	W
𡕻	W
𡣿	W
𦥷	W
𦦪	W
𠍤	W
䵾	W
𠎉	W
𧞜	W
𠈘	W
𠉔	W
佳	W
𠡬	W
僥	W
𧡞	W
𤦨	W
𦥸	W
𠭭	W
𩦡	W
𦏜	W
𡒊	W
𤰁	W
𦦮	W
𦦙	W
𡽬	W
𧸧	W
𢢎	W
𢣟	W
𩼹	W
𪇬	W
𨘕	W
𦦳	W
𨮖	W
𦦸	W
𣝑	W
𦡌	W
𨷶	W
𦡭	W
𦦲	W
㼂	W
𤪐	W
𩁕	W
𦗶	W
佱	W
𡬯	W
值	W
𠉊	W
𠑘	W
値	W
𠎟	W
𨗔	W
𨗭	W
𨗮	W
𣜈	W
𣀭	W
𡝨	W
傎	W
𠇇	W
𨝋	W
𨝠	W
畲	W
𥃔	W
𢚒	W
佘	W
𥙊	W
佅	W
俅	W
𠇣	W
𠎫	W
傋	W
𧊆	W
舒	W
𡥫	W
𨛭	W
𠎎	W
儓	W
舎	W
𡌫	W
佶	W
𠇙	W
僖	W
𠏼	W
𠑰	W
𩓱	W
舘	W
𠌑	W
鵨	W
𠑃	W
𩸔	W
𪅰	W
𨗤	W
𧇵	W
𠊪	W
𦧸	W
㖚	W
䧾	W
舖	W
舗	W
𨏮	W
儥	W
𢹏	W
𣟰	W
𠉙	W
𢍯	W
𠨩	W
𨞾	W
𥗑	W
㑲	W
𢁭	W
𢁹	W
𦦝	W
𦦞	W
𦦡	W
𦦧	W
𦧁	W
𧖥	W
𥃘	W
𦉝	W
𢤀	W
爨	W
𤓕	W
𪒵	W
𨮆	W
𨯜	W
𢸁	W
𨑁	W
𣡈	W
𦦟	W
𠔻	W
𦚘	W
𦢰	W
𦦴	W
𦧅	W
𠤫	W
𢑅	W
𣩺	W
𦦻	W
𧭒	W
𠨝	W
𠈯	W
儔	W
𦦓	W
𧓟	W
𦦊	W
𠆬	W
𢘢	W
𦥹	W
怤	W
传	W
俧	W
𥽳	W
𦦼	W
𠎌	W
侼	W
𠏴	W
𠐑	W
𠋲	W
𨒕	W
𨑮	W
𨑷	W
𠍼	W
発	W
𠃤	W
䮸	W
𥀣	W
𦦵	W
𡚣	W
𥕭	W
䑁	W
𦦛	W
䁷	W
𤛱	W
𦤲	W
𦦠	W
𦦯	W
𠿟	W
𥂞	W
𨏐	W
㐾	W
㽇	W
𤓟	W
𦏗	W
𦧀	W
𪈔	W
𦥯	W
𦦗	W
𥣠	W
𦦑	W
𠔹	W
𦦎	W
𢔚	W
𣱓	W
𥝊	W
𦦩	W
𩰪	W
𤪭	W
𢍲	W
𩱬	W
𢍱	W
𢍹	W
𦦤	W
侾	W
𠨧	W
𠨨	W
𨟦	W
𥝈	W
𦦒	W
𦦉	W
𡭓	W
𦦥	W
偖	W
𠠧	W
𩙞	W
𠣆	W
𧗕	W
侤	W
𠉻	W
𤐫	W
𨙙	W
𧢨	W
𠆫	W
𡢗	W
𤬟	W
𤬡	W
𤬢	W
𦦷	W
倖	W
𠛷	W
㒓	W
𠌉	W
𠌷	W
𡘩	W
姇	W
𡛉	W
𦥑	W
𢃵	W
𢄚	W
𠢈	W
𥃝	W
𨦴	W
𪌲	W
𦦁	W
𦦂	W
𥝇	W
𠏡	W
𦧂	W
𠂩	W
𡓵	W
𠏝	W
𤼳	W
僣	W
𠎸	W
𥃖	W
𥃜	W
儧	W
𠏱	W
𠎝	W
𢤒	W
𦦭	W
𨺫	W
𩿧	W
𪀆	W
倰	W
𠔉	W
𦥴	W
𦦀	W
𦦚	W
𦦫	W
伕	W
𠐶	W
𥝋	W
𨾪	W
𢒵	W
𦞩	W
𤌑	W
𡕯	W
𦥙	W
𠎋	W
𠋿	W
㑝	W
倵	W
𠆻	W
侀	W
𠇋	W
𠍎	W
𠌆	W
𨛈	W
伅	W
侄	W
𨃫	W
𨗜	W
𠊷	W
𠋾	W
戣	W
鄈	W
㒎	W
𧝚	W
𩔆	W
𠍴	W
䳫	W
𧡫	W
𣔽	W
𠇄	W
𤬉	W
𩀁	W
兪	W
鄃	W
𨝙	W
倩	W
㓱	W
俞	W
㼶	W
愈	W
毹	W
𪃎	W
逾	W
儬	W
覦	W
觎	W
𣂮	W
𠐙	W
𪎨	W
𢾄	W
𠉽	W
歈	W
俌	W
俵	W
𠌽	W
俹	W
㐵	W
僫	W
𨿃	W
𠓴	W
佂	W
𠛲	W
𠋑	W
𠏇	W
𠏞	W
傿	W
𨗌	W
𠋊	W
佥	W
伾	W
俖	W
𪈍	W
敛	W
伓	W
𠑢	W
傳	W
𠈾	W
𠇎	W
𠈗	W
𠐭	W
𠛮	W
倲	W
𠑤	W
𧍻	W
僡	W
𩚁	W
𠑫	W
弇	W
龠	W
𠎤	W
𢨍	W
𢨔	W
𤼷	W
命	W
郃	W
鄧	W
𡦸	W
𦗼	W
𨝫	W
㪧	W
㿯	W
敆	W
𠉕	W
𠉲	W
𡄬	W
𢻆	W
𢿤	W
𣫍	W
龕	W
𦏐	W
儾	W
𠐗	W
𠑴	W
𦚶	W
𧙳	W
𠏎	W
𠵵	W
𡋛	W
𡔗	W
𣁴	W
俉	W
鸽	W
𠼞	W
𤯤	W
𥃋	W
𨠭	W
倳	W
𠇭	W
𠎈	W
𠎏	W
𠏸	W
𢅸	W
𤙖	W
𤛈	W
𤼸	W
𥅽	W
𧿍	W
㑛	W
龣	W
𠔗	W
㓣	W
㔁	W
剣	W
劍	W
𠝢	W
𠟊	W
𠟖	W
𠠆	W
𣌭	W
𧊧	W
𧍅	W
𧕙	W
𩙄	W
𪛋	W
𪛏	W
樖	W
偪	W
畣	W
盒	W
盫	W
𤼶	W
𥂜	W
䶳	W
䶵	W
凳	W
頜	W
顩	W
颌	W
龥	W
𪛌	W
㥐	W
㲪	W
㽂	W
㽅	W
翕	W
翖	W
𠋒	W
𢙅	W
𣰅	W
𤮘	W
𦒈	W
𪛕	W
䳾	W
鴿	W
鸙	W
𤒡	W
𤒥	W
𪂤	W
𪂻	W
𪅲	W
𪇇	W
𪛖	W
䢔	W
邆	W
𨗦	W
𨗱	W
𨙄	W
使	W
覴	W
𧢢	W
㧱	W
拿	W
搻	W
龤	W
𣃆	W
𪛊	W
𠍙	W
𣑠	W
𣜟	W
𧯫	W
𪛍	W
㪉	W
㪘	W
斂	W
龢	W
𠍏	W
𢿴	W
𥣂	W
𨈿	W
侸	W
登	W
豋	W
𧯚	W
劎	W
𠍗	W
𠝏	W
㑒	W
㰸	W
僉	W
欱	W
歙	W
歛	W
龡	W
𠈏	W
𠑲	W
𠔤	W
𦚷	W
龛	W
𠉼	W
𠎍	W
𪛓	W
䧻	W
剱	W
劒	W
劔	W
𠎘	W
𠐖	W
𡢣	W
𤥓	W
𩀂	W
鄶	W
𨞡	W
朇	W
𠇅	W
𠍺	W
𣍋	W
𨂮	W
𠋖	W
𠑱	W
劊	W
會	W
𠆮	W
𨗥	W
𠈇	W
𠉦	W
侖	W
𠊳	W
侢	W
伂	W
𠁄	W
𠇆	W
𠍷	W
𣗾	W
㑹	W
傮	W
𠈓	W
𡃋	W
𢜒	W
𠍶	W
㑂	W
𠇮	W
儷	W
俪	W
倆	W
债	W
債	W
兮	W
𠆭	W
𢘈	W
𢘔	W
䒊	W
𦏾	W
𠇐	W
侴	W
㿽	W
𠒂	W
𢗁	W
𠆦	W
𩛖	W
𣢍	W
𠐚	W
俫	W
𠈢	W
𠏂	W
㐳	W
𢛪	W
𠇢	W
𠎛	W
傲	W
𠇱	W
𠎚	W
𠞼	W
𣤏	W
伻	W
𡴌	W
𠑓	W
𠏊	W
俓	W
𩜛	W
𩜞	W
𩝆	W
𩛱	W
𩙿	W
𩜜	W
倢	W
𩝱	W
𩝲	W
𩞖	W
𩟏	W
𩟝	W
𩒭	W
𩞗	W
𩝮	W
𠔥	W
𩚌	W
𩜙	W
𩜚	W
𩝰	W
𠉯	W
𩜝	W
𩝅	W
𩚆	W
𩚠	W
𩚽	W
𠌈	W
𠓹	W
𠓻	W
𠍘	W
𠎃	W
𠓾	W
𠌺	W
𪈕	W
儞	W
𤫆	W
𠉩	W
仾	W
傃	W
𠛛	W
侇	W
𠇤	W
𠌙	W
𠐳	W
俿	W
儢	W
𠊤	W
𠋵	W
𤼻	W
𪗖	W
𧙾	W
𤼧	W
𤼬	W
佊	W
𠆸	W
𠋬	W
𢒃	W
倶	W
𠑩	W
𠋛	W
𢿅	W
𠍞	W
𨦷	W
俶	W
𠐴	W
𠐺	W
𠉡	W
𠋝	W
𠈒	W
㑐	W
𩚃	W
倬	W
𠌹	W
佔	W
𠑌	W
偵	W
𧵰	W
𠉀	W
佀	W
𠏻	W
𠍝	W
㒠	W
俔	W
儏	W
𠍇	W
𠎀	W
𠇉	W
倏	W
脩	W
𩛢	W
𩝶	W
䩦	W
鞗	W
𠌚	W
𨤨	W
䀺	W
跾	W
𠌪	W
𠎕	W
𨁀	W
絛	W
㫦	W
䖺	W
𧌁	W
偹	W
𥁮	W
𧇐	W
悠	W
翛	W
𠐃	W
𢞣	W
𢟅	W
𢢑	W
𢢱	W
𦐻	W
倐	W
儵	W
焂	W
鯈	W
𪅭	W
鋚	W
鎥	W
條	W
𣒼	W
㛜	W
攸	W
𠊹	W
𠈔	W
偼	W
𡙫	W
𠁭	W
𠐰	W
𠑂	W
𠆪	W
𠤒	W
𠉃	W
佌	W
偨	W
𠇥	W
𠑈	W
𠍲	W
𩒀	W
𠑊	W
𣼪	W
𠋜	W
𠎢	W
𠍀	W
𠈱	W
𠊥	W
𠉤	W
𠎯	W
𪂘	W
𣦛	W
𠇵	W
僘	W
𠋓	W
㑽	W
𨒛	W
儅	W
償	W
儻	W
傥	W
㒉	W
𠈑	W
𠌏	W
侊	W
偗	W
仯	W
𠈹	W
𠊔	W
𠈤	W
𠌫	W
儤	W
𠋞	W
𠑔	W
㑠	W
𠍦	W
𠊚	W
偍	W
𩰕	W
偒	W
𠏑	W
𠜬	W
敒	W
倡	W
㖋	W
僈	W
𠏋	W
𢠙	W
𣆼	W
傝	W
𢗊	W
𨑸	W
𢞫	W
㑥	W
㰡	W
𠇧	W
𣡰	W
𠏃	W
𠌒	W
𠌕	W
䲸	W
𠋍	W
儑	W
𠈐	W
倱	W
𠎠	W
偮	W
俋	W
𠉌	W
𠇝	W
侱	W
𠍰	W
𠏠	W
仲	W
𠔈	W
僓	W
𠊞	W
儙	W
𠉿	W
𠈮	W
𤼯	W
𠊟	W
𠉬	W
𠑮	W
僤	W
偘	W
𠐠	W
𠑪	W
偔	W
𠌼	W
𢤁	W
𠋨	W
僺	W
儼	W
𠐨	W
傊	W
俁	W
𨍻	W
𨒄	W
兌	W
𣶚	W
𠜑	W
㑆	W
𨓲	W
敓	W
諐	W
𠏘	W
𧛱	W
堡	W
賲	W
𤭭	W
㷛	W
䳰	W
煲	W
𪃁	W
㑨	W
𠉖	W
侶	W
𠈉	W
𦑔	W
𨔃	W
伿	W
𧧹	W
𧨍	W
𠌜	W
𠉶	W
𠐌	W
𠊗	W
個	W
𠌛	W
𠎡	W
𠐛	W
㒁	W
𠏲	W
𠎁	W
𠐍	W
偎	W
儇	W
㑭	W
𠋼	W
𤰒	W
𠉢	W
佪	W
𠌳	W
㒦	W
儽	W
𠑭	W
侽	W
𠈷	W
偲	W
僆	W
㒔	W
𠔋	W
㑩	W
𠌲	W
𠉍	W
㑼	W
僌	W
僂	W
𠋻	W
傫	W
儸	W
𠇂	W
儂	W
㑋	W
𥠠	W
僼	W
倎	W
𨚂	W
癹	W
伇	W
𪙄	W
𠊀	W
偳	W
𠋌	W
𠏵	W
佒	W
傰	W
傦	W
𠈶	W
𣿽	W
𠇦	W
𠏥	W
𠈡	W
𠍟	W
侗	W
俜	W
㑉	W
𠌝	W
𠆰	W
側	W
儩	W
𠍕	W
𠇶	W
𠊰	W
𧷴	W
𠏀	W
𠈧	W
𠈿	W
𤼺	W
𠉘	W
伣	W
𠊵	W
㐽	W
㑕	W
𠎺	W
𡔟	W
偑	W
𠍥	W
𤼹	W
𠈦	W
𠍓	W
𦚙	W
儶	W
㒞	W
𠈕	W
侺	W
𠊂	W
㐻	W
㺸	W
𠏩	W
𠆩	W
𠌄	W
𠊽	W
僝	W
𠐣	W
㒈	W
𣍢	W
𠊣	W
𠜋	W
𤒮	W
𨕶	W
鄔	W
𠀈	W
偓	W
𠋧	W
𣦑	W
𠞆	W
烏	W
𠂶	W
歍	W
𤑎	W
𢻲	W
𠋋	W
偦	W
𠋥	W
偉	W
𠈎	W
𠑒	W
𣘟	W
𠈅	W
𠋱	W
𠌬	W
𠇡	W
𠲒	W
𩦻	W
𡢔	W
𠇛	W
𨺅	W
𨼱	W
𨽄	W
𨽝	W
𨽡	W
𨽩	W
𨽴	W
𨽵	W
𠭔	W
𠂤	W
𦝭	W
𨺵	W
𨼕	W
𨼽	W
阜	W
𡏩	W
𡑸	W
𡒰	W
𡒿	W
𡓬	W
𨻏	W
𨽪	W
𠃂	W
𠍄	W
𨸿	W
帥	W
師	W
歸	W
𡚖	W
𥍁	W
𨺔	W
𠂾	W
䘀	W
蛗	W
𡄌	W
𣈪	W
𧋰	W
𧌛	W
𧍓	W
𧏍	W
𧒂	W
𧒙	W
𨸥	W
侷	W
𠡒	W
峊	W
頧	W
顊	W
𠙋	W
𨽱	W
𩔦	W
𢀹	W
𤭟	W
𨸏	W
𨸷	W
𨺀	W
鴭	W
𠃆	W
𤓫	W
𨻑	W
𩼐	W
𪄜	W
追	W
𠐯	W
𨕵	W
䦾	W
𧡦	W
𧢦	W
𧢫	W
𦒣	W
𨻿	W
𨹇	W
𨻪	W
𧰥	W
𡠋	W
𦥮	W
僎	W
𣦨	W
𨽫	W
𠎪	W
𨑟	W
㠩	W
𩣈	W
𦥓	W
𡯚	W
𧠬	W
𠐢	W
鄇	W
𤼼	W
𥀃	W
𠌸	W
𠎴	W
䫛	W
𠉜	W
𦑤	W
𪃶	W
𠔆	W
佖	W
𢼠	W
𣣠	W
𤬈	W
偋	W
𠋉	W
𡿬	W
𡚶	W
僇	W
𠈀	W
㒛	W
癶	W
侭	W
伬	W
㑞	W
𨔮	W
𠋇	W
儍	W
𠏮	W
㒒	W
僕	W
𠔯	W
𠉇	W
𠔪	W
𤲞	W
𠐹	W
𨕩	W
𠋴	W
僗	W
㒌	W
儝	W
𠊌	W
倓	W
𠌎	W
𠌻	W
𠎽	W
𠐓	W
𠐕	W
僯	W
𠑄	W
餞	W
饃	W
饛	W
饉	W
𠋪	W
饇	W
饚	W
餀	W
饊	W
餝	W
餌	W
飿	W
餟	W
飴	W
餕	W
餴	W
餪	W
餦	W
餬	W
𠐟	W
餣	W
𠏶	W
飷	W
𠊙	W
餒	W
饀	W
傢	W
餑	W
僿	W
飦	W
𠐻	W
倧	W
饎	W
饁	W
饙	W
𠎾	W
俒	W
饒	W
𠏯	W
㒏	W
饐	W
㑏	W
饢	W
餺	W
𠋤	W
𠊿	W
𠉵	W
餗	W
儐	W
飩	W
餖	W
餔	W
饖	W
饄	W
餆	W
饓	W
饅	W
饆	W
饂	W
餲	W
餳	W
餜	W
𠋶	W
餛	W
蝕	W
饋	W
餵	W
㑮	W
饠	W
餶	W
餇	W
伔	W
飢	W
𠏷	W
飼	W
㑻	W
𠍌	W
儜	W
飶	W
饌	W
𠋢	W
餤	W
餫	W
館	W
倇	W
飹	W
餚	W
餙	W
餾	W
飽	W
𠆶	W
餡	W
飲	W
饞	W
飯	W
餽	W
餭	W
𠈭	W
餼	W
餷	W
佇	W
飣	W
俕	W
侘	W
飥	W
飫	W
餂	W
飪	W
飵	W
餠	W
飾	W
餰	W
餉	W
餎	W
飭	W
饡	W
餓	W
餧	W
餅	W
𠑙	W
饈	W
餢	W
饍	W
餻	W
餸	W
餃	W
餿	W
侒	W
𠌣	W
𠊯	W
餱	W
𠊲	W
飻	W
餁	W
𠍊	W
傛	W
僒	W
餄	W
𠏅	W
𠏨	W
𠌌	W
餘	W
𠐏	W
𠑅	W
𠊢	W
餩	W
傕	W
飤	W
𪘕	W
餯	W
饑	W
饝	W
餏	W
饟	W
飳	W
饘	W
飰	W
餹	W
𤕓	W
𠈞	W
𠉣	W
𠈲	W
𡰛	W
𤕙	W
傑	W
𣔕	W
爺	W
𤕖	W
𡯲	W
仰	W
𨚅	W
𨚐	W
𠑕	W
𠚁	W
𠏈	W
㑳	W
𦫔	W
𠈜	W
𡯛	W
佹	W
𠊱	W
倄	W
俙	W
𡯸	W
㒄	W
𠍫	W
𠌁	W
𩳬	W
㸖	W
𠎿	W
䝇	W
𡰡	W
㸙	W
𪄇	W
𨗾	W
𤕑	W
𠈟	W
尩	W
𤕎	W
𤤎	W
𤿑	W
𥄘	W
𡯑	W
您	W
𠉎	W
𠊫	W
𡯒	W
侚	W
𧉇	W
𠋹	W
𧉊	W
𡯧	W
𤕕	W
𠍈	W
佲	W
俛	W
𠋂	W
儳	W
𡰂	W
𤱇	W
㸘	W
𠊇	W
𡰊	W
𤕏	W
㸗	W
𤕘	W
偩	W
𠆿	W
佨	W
𢙦	W
𠎖	W
𠏣	W
𠐔	W
𧓀	W
𩵑	W
𡯠	W
𠌂	W
𨥏	W
𠝓	W
𠐂	W
𪂄	W
爹	W
尦	W
𠍖	W
𠊐	W
偬	W
𪂥	W
𠏦	W
伆	W
𡯫	W
𡯱	W
𤕒	W
𠇩	W
俇	W
𠍧	W
𣐗	W
𡰕	W
伨	W
𧒦	W
𡯷	W
𡰉	W
𤕛	W
𠛈	W
𤕗	W
㑇	W
𠋎	W
𡯗	W
𩾿	W
㐸	W
𨾝	W
㑾	W
𠌃	W
仢	W
𡰟	W
𢍑	W
𠈊	W
仮	W
𠇗	W
𠌔	W
𠍣	W
偱	W
𠎻	W
𠇯	W
偟	W
𠈩	W
㑟	W
𠈁	W
𠌟	W
𠈠	W
𡋚	W
𠎔	W
𠉳	W
傂	W
𠉝	W
𪁃	W
𠐀	W
儛	W
㒇	W
㐹	W
㑶	W
𧝛	W
俽	W
㑜	W
儨	W
𨘐	W
儌	W
𠊼	W
𩢮	W
𠍍	W
𠎣	W
僊	W
𠌐	W
𠐆	W
僄	W
𠎼	W
𠑵	W
𠇾	W
𧡊	W
𠉉	W
𢚨	W
𠏹	W
𥣃	W
價	W
𥠌	W
恷	W
烋	W
𤈢	W
僲	W
儊	W
僸	W
𠎊	W
𠏕	W
㑣	W
𠉟	W
偠	W
倯	W
鵂	W
𪀪	W
𠍅	W
倈	W
𠇲	W
㐼	W
佭	W
𠏤	W
仛	W
𢧅	W
𪘗	W
㑧	W
䣄	W
仫	W
俬	W
佸	W
𠎷	W
𠉏	W
倁	W
僑	W
𠉗	W
𠌤	W
𤼩	W
仸	W
𠌞	W
𠐬	W
𠉑	W
俢	W
侜	W
𧙨	W
倂	W
偫	W
𠎬	W
𠑥	W
𡌆	W
䣸	W
𠄶	W
𠈬	W
仟	W
仵	W
𠇪	W
䋕	W
𠊏	W
俈	W
儹	W
凭	W
賃	W
赁	W
恁	W
𠇔	W
𠐷	W
㶵	W
鵀	W
𤇲	W
𩷀	W
𪀼	W
侹	W
侁	W
栠	W
𨉃	W
偛	W
𡜟	W
𦚮	W
𠐸	W
𨿂	W
倕	W
偅	W
𠇷	W
働	W
敍	W
𠈨	W
𣥳	W
㑅	W
㑑	W
偺	W
𠏿	W
倃	W
㤰	W
𠈰	W
𠑟	W
𢌣	W
𨓕	W
𠐈	W
𡒟	W
傷	W
佫	W
俰	W
偊	W
畬	W
侐	W
俻	W
𠍸	W
傯	W
𠋐	W
𤌈	W
𠈈	W
傻	W
峹	W
嵞	W
𡽚	W
㑗	W
𦛝	W
悆	W
𠑝	W
僠	W
僁	W
僽	W
偢	W
𠊅	W
𠇖	W
㒐	W
𪇝	W
𤫿	W
𢟂	W
敘	W
厁	W
㙦	W
斜	W
𠇼	W
佟	W
𠐉	W
𠈍	W
𠍮	W
傱	W
𠍹	W
䳜	W
𠎳	W
雓	W
𠐫	W
係	W
𠍁	W
𠇓	W
𠉫	W
𠇒	W
𣁏	W
併	W
傞	W
儯	W
𠐒	W
佯	W
𦍐	W
僐	W
𠉮	W
𠊡	W
𠌡	W
𨓵	W
𠉅	W
𠊶	W
𠈪	W
𠈫	W
𠌍	W
儱	W
𠑡	W
僩	W
偂	W
𠑑	W
𠎵	W
𠇸	W
𠍵	W
𠌩	W
𠏌	W
儀	W
𠋄	W
𠏜	W
𠉓	W
𠊺	W
偣	W
僴	W
傽	W
億	W
𠊋	W
傹	W
𣤗	W
𠍒	W
𠐥	W
侻	W
𠍭	W
𠑖	W
㒀	W
𢁰	W
𠐝	W
𤕨	W
𠍯	W
𥜼	W
𠈼	W
𠑨	W
𠎒	W
𠊧	W
偙	W
俲	W
傚	W
𠐩	W
佽	W
僔	W
偤	W
𠊍	W
𠋣	W
𥂝	W
儭	W
𠋆	W
㑵	W
偐	W
𠐵	W
𠑆	W
傡	W
𨥄	W
倿	W
傔	W
偝	W
俤	W
𠎓	W
𠎅	W
弅	W
𣛊	W
𢦳	W
邠	W
㑡	W
𠌰	W
𠬰	W
伮	W
㑬	W
𠊜	W
𥂾	W
頒	W
𡗯	W
佷	W
㑚	W
𢺹	W
坌	W
伜	W
侓	W
𠏐	W
𧷐	W
䲬	W
鴏	W
鵿	W
𩾬	W
𩿙	W
𪀤	W
𪀸	W
𪁫	W
䳃	W
鄡	W
鄥	W
𩾒	W
𩾓	W
𩾱	W
𪀃	W
𪂎	W
𪂧	W
𪂭	W
䳁	W
䳹	W
鷌	W
鸌	W
𪁗	W
𪁨	W
𪄔	W
𪇋	W
䲦	W
䳧	W
䳶	W
𩿁	W
𩿵	W
𪀚	W
𪁹	W
𪂯	W
𪂷	W
𪃆	W
𪇐	W
䴋	W
䴌	W
裊	W
𩾖	W
𪁒	W
𪂙	W
𪂴	W
𪄥	W
𪅡	W
𪇌	W
𩾝	W
𩿚	W
𪀒	W
𪀔	W
𪂃	W
𪂚	W
𪄩	W
𪅘	W
𪆏	W
𪇫	W
𠔠	W
𪀇	W
𪃗	W
𪃵	W
𪅦	W
鶳	W
𠊦	W
𣦘	W
𩿐	W
𩿓	W
𪀴	W
𪁦	W
𪁯	W
𪂋	W
𪂿	W
𪅜	W
𪅟	W
鵦	W
鸔	W
𪂝	W
𠞸	W
𩾴	W
𪀠	W
𪂱	W
𪃲	W
𪆭	W
𪇆	W
䳼	W
鴚	W
鴼	W
𩾧	W
𩿡	W
𪀁	W
𪀊	W
𪁄	W
𪁆	W
𪁴	W
𪃀	W
𪃴	W
𪆥	W
𪆬	W
𪇍	W
鳨	W
𩾜	W
𩿼	W
𪀂	W
𪀋	W
𪀌	W
𪃞	W
𪆮	W
𪈒	W
㠀	W
島	W
鳧	W
鳬	W
鷈	W
𩔌	W
𪁷	W
𪆳	W
䳈	W
䳖	W
瓫	W
鳦	W
𩾐	W
𩾩	W
𩾳	W
𩾽	W
𩿘	W
𪀏	W
𪁸	W
𪄛	W
鳥	W
𠊕	W
𪀳	W
𪄝	W
𪅝	W
𪆄	W
𪈨	W
𪈫	W
𪈼	W
𨕙	W
𨖂	W
𪀐	W
𪄧	W
鶃	W
𠒎	W
𪀓	W
𪁉	W
𪂀	W
䲷	W
梟	W
𪄦	W
𪆫	W
䳗	W
䳘	W
鵌	W
鵔	W
鷻	W
鸃	W
𩿠	W
𪁩	W
𪃐	W
𪄈	W
𪄞	W
𪄺	W
𪆧	W
𪇅	W
𪇳	W
𪈶	W
鴤	W
𩙾	W
𩿖	W
𩿴	W
𪆖	W
𪇊	W
𪇷	W
𪈙	W
𠝷	W
𩿉	W
𩿋	W
𪀺	W
𪄓	W
𪄻	W
𪅛	W
𪈤	W
㒜	W
䳀	W
䳅	W
鴃	W
鴥	W
鶀	W
𦠂	W
𪅹	W
𪇥	W
鴕	W
𩾙	W
𩾫	W
𪂊	W
𪂳	W
𪈳	W
𪋨	W
䲱	W
鵻	W
𣁓	W
𩾡	W
𩾶	W
𪀍	W
𪁭	W
𪂰	W
𪄟	W
𪇨	W
𪈩	W
傁	W
𠭦	W
𣥝	W
𥄟	W
儘	W
𧠚	W
𠚼	W
㑿	W
蚠	W
𨚇	W
𠯨	W
佋	W
侞	W
㖌	W
兺	W
儠	W
𪂽	W
𠔕	W
𠐄	W
㑎	W
𢁥	W
岔	W
貧	W
𦐈	W
𠏙	W
忿	W
𢘂	W
炃	W
𥽡	W
㑴	W
𧷟	W
𠊸	W
𠊖	W
𣢏	W
𤘝	W
𢪘	W
𤫫	W
𠔢	W
𣏰	W
𧊰	W
侰	W
㒨	W
𢙠	W
𣬩	W
攽	W
𡒴	W
𡛑	W
𣗰	W
𠏾	W
㟗	W
鳻	W
𩿈	W
𠑞	W
𠔑	W
𠋟	W
𣁺	W
䬼	W
㒊	W
䭝	W
䭤	W
麄	W
仭	W
㦰	W
韱	W
𢦜	W
𠚄	W
伧	W
倊	W
傟	W
𠫥	W
伀	W
𥏂	W
𠏪	W
𧋚	W
俎	W
𢦺	W
𠐮	W
𨛏	W
侩	W
𢒐	W
𢒑	W
𡎬	W
𠇫	W
𠔎	W
𡎢	W
𡎦	W
傺	W
剉	W
𠇨	W
𠦍	W
𠦎	W
倽	W
𠦏	W
𠷜	W
𡒪	W
𠑗	W
𠑣	W
𠑎	W
夎	W
𠔒	W
𠈖	W
㒢	W
倫	W
偸	W
𠊈	W
𠚕	W
𠊾	W
佺	W
𠈝	W
𨇓	W
俭	W
偷	W
儈	W
𠐘	W
𠠃	W
佮	W
㒆	W
𠆵	W
𠏚	W
𢠚	W
𠌧	W
僜	W
倹	W
儉	W
𠑁	W
𨞅	W
睂	W
𠨉	W
𠒃	W
𢪽	W
𡡚	W
伱	W
𣲝	W
𥇮	W
𠉒	W
𨗀	W
𣃀	W
䜫	W
谾	W
𣍂	W
𧮺	W
卻	W
郤	W
䜱	W
谹	W
𢼽	W
豀	W
豅	W
𧮴	W
𧯀	W
𧯁	W
𧯂	W
𧯗	W
𪚡	W
豂	W
𧯎	W
䜰	W
𠔌	W
𡓛	W
𧮫	W
𧮬	W
𧮮	W
𧮳	W
𧯌	W
𧯔	W
鹆	W
㑖	W
䜮	W
𧯕	W
𧯖	W
𣴲	W
𧯈	W
𧯊	W
螸	W
𧯅	W
𧯑	W
𧯒	W
谽	W
𧮵	W
𧮶	W
𧮻	W
𧮿	W
𧯆	W
𧯓	W
𧯍	W
䜬	W
豄	W
𧮽	W
㞃	W
䜲	W
慾	W
𤭏	W
𧮰	W
𧮹	W
𧯇	W
𧯐	W
䜯	W
鵒	W
𩻇	W
逧	W
谺	W
谻	W
豃	W
𧮷	W
𧯃	W
𧯋	W
𧯘	W
䜪	W
𧮱	W
欲	W
谼	W
𧯙	W
𣩭	W
𧮭	W
𨿜	W
𢍩	W
𥊃	W
佡	W
𠕞	W
𠔇	W
𠋫	W
𠐽	W
𠈆	W
𠌥	W
𨑹	W
𨍁	W
𠇑	W
𠊆	W
𠋳	W
俆	W
𢻺	W
𠌵	W
𠑋	W
𢀩	W
𢨈	W
𠊬	W
𨜪	W
𪙼	W
𢽥	W
𥀟	W
𦇻	W
𠌋	W
𡚅	W
𥏀	W
𦟝	W
𦠗	W
𦠡	W
侳	W
傘	W
𢆑	W
𦈁	W
𦢢	W
𨣩	W
䁞	W
𠁮	W
𦃃	W
𦃚	W
𦅪	W
𦅽	W
㫺	W
𠎥	W
𠟏	W
𣊦	W
俗	W
𠈻	W
𠱦	W
𤳋	W
𨎯	W
𨏇	W
𨏜	W
𠉚	W
𠙠	W
𦉈	W
𠃀	W
𠌶	W
𤏀	W
𩻢	W
𩿕	W
𪅈	W
𪊁	W
𠑉	W
𦈀	W
𠍠	W
𡴤	W
𠂹	W
𠈌	W
𠉭	W
𠔲	W
𦠪	W
㐺	W
𠌢	W
𦆗	W
𧬑	W
𧭨	W
𩁆	W
𠇃	W
𠎆	W
伶	W
𠔟	W
㑺	W
𠋡	W
倠	W
傖	W
𠉐	W
僋	W
儁	W
𠍃	W
㑫	W
仱	W
𠇏	W
僬	W
𠑬	W
𠍱	W
𨶊	W
𡠓	W
𣢲	W
𦢻	W
𠍻	W
傾	W
𩑭	W
㒩	W
𠉥	W
㑰	W
𪉊	W
𠍿	W
𠈳	W
㑄	W
伄	W
𠆺	W
𠇁	W
𥾈	W
𡌅	W
𤼰	W
𩎵	W
𠍬	W
𠯒	W
𠎦	W
㑃	W
發	W
㔇	W
貨	W
𧶢	W
𠌦	W
𣢉	W
𩲏	W
𩲜	W
㒙	W
𤼵	W
儗	W
𤼲	W
𠎨	W
𩾹	W
𩿌	W
𠈺	W
𠋔	W
偕	W
僟	W
𠊨	W
𠌮	W
儣	W
𠏛	W
𠐜	W
𣍗	W
𠆼	W
𠍋	W
𧈛	W
𠎄	W
㒧	W
𠌯	W
邻	W
𪚙	W
㒟	W
俼	W
鸰	W
𢂂	W
𥅍	W
刢	W
𩙳	W
𠋭	W
領	W
领	W
𧆺	W
瓴	W
翎	W
𠋃	W
𣬹	W
鴒	W
𨥷	W
𠄖	W
𠉪	W
隻	W
𣢝	W
𠍐	W
𡦈	W
𤫲	W
𨾠	W
顀	W
隽	W
𠉸	W
㥋	W
偯	W
𨾜	W
𠆱	W
儲	W
隼	W
鶽	W
傠	W
住	W
𠌿	W
𪄾	W
𨾎	W
𠉷	W
𢽝	W
𠎂	W
𧡖	W
𠊑	W
𨾻	W
倞	W
㑪	W
儕	W
𠛶	W
𠋩	W
儴	W
𠿲	W
𠐦	W
𤱭	W
儃	W
𠏟	W
𠍡	W
𠇰	W
𠟠	W
𧔰	W
𧕣	W
𧕲	W
傐	W
雋	W
𠏬	W
𨿇	W
偏	W
𠋅	W
今	W
𨙽	W
𨛣	W
𨜾	W
㪁	W
侌	W
𠇀	W
𢻶	W
㑦	W
𦧎	W
𪚕	W
衾	W
𠊘	W
𩚜	W
酓	W
𨡢	W
𨡣	W
𤘨	W
𤙣	W
𠇟	W
𣲎	W
㓧	W
韽	W
含	W
盦	W
𥁌	W
貪	W
贪	W
頷	W
颔	W
𨡳	W
𩑟	W
𩔝	W
㼨	W
䎏	W
傓	W
念	W
𠃲	W
𤬰	W
䳺	W
儦	W
鳹	W
𠏰	W
𪁟	W
敜	W
𢛧	W
侫	W
㱃	W
侅	W
欦	W
𣢺	W
𣣈	W
𣤉	W
𨾗	W
𠉞	W
䨄	W
僱	W
雂	W
𠉱	W
𨝱	W
𨿈	W
𠋈	W
鹪	W
𨣐	W
𢄕	W
劁	W
𧖝	W
𨿞	W
顦	W
㲬	W
鷦	W
𪆅	W
𪆔	W
𨖵	W
𤊙	W
𣤚	W
㑊	W
進	W
儫	W
㒅	W
𨿛	W
燞	W
𣣢	W
𠊓	W
𠐤	W
𩀗	W
𩁱	W
𪆐	W
𠍨	W
侂	W
𩀨	W
偽	W
𪅥	W
𨾏	W
倣	W
𩁗	W
𠊴	W
𨿘	W
䧶	W
䭏	W
戧	W
𩚇	W
𩚊	W
𩚧	W
𩚰	W
𩚳	W
𩛐	W
𩝁	W
𩝂	W
𩝭	W
𩟦	W
𠌇	W
𩚉	W
𩚚	W
𩛆	W
𩛞	W
𩜇	W
𩜌	W
𩜟	W
𩜮	W
𩝢	W
䬦	W
䭂	W
𠎗	W
𠏧	W
𩚄	W
𩚘	W
𩚡	W
𩚥	W
𩚹	W
𩚿	W
𩛂	W
𩛑	W
𩜂	W
𩜤	W
𩜯	W
𩝘	W
𩝹	W
𩞽	W
𩟃	W
𩟓	W
𩟴	W
𩟵	W
䬬	W
䬺	W
䭅	W
䭊	W
䭩	W
𩚩	W
𩛫	W
𩛶	W
𩜈	W
𩜠	W
𩝍	W
𩝏	W
𩝠	W
𩝿	W
𩞮	W
𩟇	W
𩟌	W
𩟬	W
𩟭	W
䬶	W
䬸	W
䭉	W
䭥	W
俍	W
𩚎	W
𩚺	W
𩛡	W
𩛤	W
𩛭	W
𩜎	W
𩜽	W
𩝌	W
𩝔	W
𩝧	W
𩝬	W
𩝳	W
𩞀	W
𩞢	W
𩞧	W
𩟁	W
𩟊	W
𩟮	W
𩟻	W
𩟼	W
䬳	W
䬹	W
䭚	W
䭞	W
䭦	W
𡓉	W
𡓷	W
𩚖	W
𩚭	W
𩚵	W
𩛜	W
𩛝	W
𩛠	W
𩛧	W
𩛹	W
𩜀	W
𩜘	W
𩜩	W
𩜭	W
𩝃	W
𩝴	W
𩝼	W
𩞑	W
𩞔	W
𩞯	W
𩞳	W
𩞴	W
𩟉	W
𩟕	W
𩟛	W
𩟡	W
䬱	W
𠑠	W
𩚢	W
𩚨	W
𩚼	W
𩛀	W
𩛦	W
𩜄	W
𩝑	W
𩞵	W
𩟫	W
𩟶	W
䭄	W
傭	W
𩚅	W
𩚍	W
𩚫	W
𩛉	W
𩜦	W
𩝊	W
𩞆	W
𩞋	W
𩞻	W
䬪	W
䭘	W
䭜	W
䭧	W
𩚪	W
𩚸	W
𩛼	W
𩛾	W
𩜍	W
𩜖	W
𩜪	W
𩝥	W
𩞉	W
𩞭	W
𩟔	W
𩟩	W
䭙	W
䭣	W
創	W
𧐂	W
𩚣	W
𩜅	W
𩜵	W
𩜶	W
𩜼	W
𩝙	W
𩝚	W
𩝽	W
𩞄	W
𩞡	W
𩞪	W
𩞲	W
𩞾	W
𩟑	W
䬯	W
䬰	W
䬲	W
䭇	W
䭨	W
倉	W
傏	W
𠏓	W
𠑐	W
𩚱	W
𩛎	W
𩛯	W
𩛷	W
𩜉	W
𩜋	W
𩜴	W
𩝄	W
𩝛	W
𩝝	W
𩝞	W
𩝾	W
𩞒	W
𩞓	W
𩞰	W
䭍	W
𠑜	W
𥃗	W
𩚝	W
𩚲	W
𩛵	W
𩜊	W
𩜗	W
𩜰	W
𩜳	W
𩝉	W
𩞜	W
𩞷	W
𩟈	W
𩟟	W
𩟣	W
𩟤	W
𩟺	W
𩚗	W
𩛊	W
𩛋	W
𩛽	W
𩜆	W
𩜧	W
𩝒	W
𩝗	W
𩟥	W
𩟪	W
𩟱	W
𩟲	W
䬣	W
䬿	W
䭃	W
䭐	W
䭒	W
䭡	W
𩚂	W
𩚋	W
𩚕	W
𩚤	W
𩚬	W
𩛍	W
𩛣	W
𩛪	W
𩛲	W
𩜐	W
𩜱	W
𩝡	W
𩝣	W
𩝤	W
𩞼	W
𩞿	W
𩟳	W
𪕪	W
䭑	W
䭖	W
䭠	W
鶬	W
𤏼	W
𩛺	W
𩜡	W
𩝋	W
𩝷	W
𩞸	W
𩟄	W
𩟍	W
𩟘	W
𪂾	W
䢢	W
䭀	W
䭈	W
䭔	W
𩚮	W
𩛓	W
𩞈	W
𩞍	W
𩞙	W
𩞱	W
𩟂	W
𩟆	W
𩟐	W
䬧	W
䬷	W
䬽	W
䭗	W
𩚶	W
𩛔	W
𩛟	W
𩛨	W
𩝜	W
𩝯	W
𩞊	W
𩞞	W
𩟖	W
𩟞	W
𩛇	W
𩛿	W
𩞃	W
𩞏	W
𩞦	W
䬴	W
䭋	W
䭎	W
䭟	W
䭢	W
𩛴	W
𩜓	W
𩜷	W
𩜿	W
𩝀	W
𩝇	W
𩞛	W
𩟎	W
𩟧	W
𩟰	W
䬻	W
䬾	W
䭛	W
𩚙	W
𩜁	W
𩜫	W
𩜲	W
𩝈	W
𩞝	W
𩞥	W
𩟒	W
䭓	W
𩛸	W
𩜏	W
𩝎	W
𩝪	W
𩞬	W
䬢	W
䬨	W
𩚔	W
𩚦	W
𩛅	W
𩛌	W
𩛏	W
𩝟	W
𩝺	W
䬮	W
䬵	W
飮	W
𠟐	W
𩚟	W
𩛄	W
𩛘	W
𩛛	W
𩛩	W
𩛮	W
𩜃	W
𩜣	W
𩜹	W
𩝻	W
𩞩	W
𩞫	W
𩞶	W
𩟅	W
𩟽	W
𩚞	W
𩚯	W
𩝐	W
𩝨	W
𩟠	W
䬫	W
𠞴	W
𩀞	W
𩚈	W
𩚐	W
𩚑	W
𩚒	W
𩚛	W
𩛃	W
𩛙	W
𩜑	W
𩜺	W
𩝸	W
𩞅	W
𩞘	W
𩟀	W
𩟋	W
𩟙	W
𩟢	W
𩟯	W
𩟹	W
䨇	W
雙	W
𩀟	W
倅	W
䨊	W
𨥀	W
𩁵	W
犨	W
㒣	W
㸈	W
䳡	W
𤒏	W
𤓪	W
𤓬	W
𩁴	W
𪂣	W
雧	W
𩀱	W
讐	W
雔	W
雥	W
雦	W
𩀕	W
𠌭	W
𠍉	W
傗	W
𠊒	W
𠉆	W
㒕	W
伭	W
𠧐	W
犫	W
𩀬	W
㘜	W
讎	W
𠮅	X
𠼡	X
𢿟	X
𣪾	X
𣫟	X
𢏚	X
𠾉	X
𥿮	X
𦄩	X
𠷎	X
𢢧	X
𦒯	X
𤎧	X
𪆇	X
𤾊	X
綫	X
縙	X
𦃄	X
𦈗	X
𦂍	X
𦂼	X
絨	X
𦇴	X
綨	X
繖	X
𦄫	X
𦁢	X
𠤔	X
紺	X
緙	X
缂	X
𦅷	X
𦆏	X
𢐓	X
𦆶	X
𦅠	X
𥿣	X
𦇠	X
䌑	X
䋗	X
弫	X
弬	X
繿	X
䌫	X
纜	X
𥾙	X
𢐖	X
𦃷	X
縸	X
𦁎	X
𦅶	X
䌍	X
緎	X
䌔	X
彄	X
𦆠	X
䌯	X
𢑆	X
緢	X
䌩	X
𦇪	X
緓	X
绬	X
𦁾	X
𦃵	X
𢐳	X
𢐶	X
䌙	X
彉	X
𦆐	X
䋌	X
弡	X
紲	X
绁	X
弽	X
緤	X
𦂘	X
䋐	X
𦆟	X
㣅	X
𦃜	X
繱	X
𦅢	X
𩱠	X
𢏉	X
𦂭	X
𢏼	X
𦁜	X
㣁	X
𦇎	X
䌲	X
纄	X
𢑁	X
𦇋	X
𥾛	X
𦆬	X
䌨	X
䌋	X
𦈘	X
䌭	X
𢑇	X
𦈊	X
𦃶	X
𦃝	X
𦂓	X
𦄒	X
𦀴	X
𦇩	X
𦃑	X
𦃮	X
𦃎	X
䌰	X
𦂫	X
𦈙	X
𦆜	X
緅	X
𦀩	X
弢	X
𢏞	X
𦁧	X
𪓯	X
絀	X
𦃒	X
𦃸	X
𦁣	X
䋪	X
𢐩	X
𦅭	X
𩱓	X
㢽	X
弪	X
𥿋	X
紓	X
𢎻	X
𦇹	X
繘	X
䋒	X
綴	X
𦀁	X
縿	X
𩱥	X
𦅍	X
𦄥	X
𦅒	X
縔	X
𥾤	X
𢏓	X
𦄷	X
経	X
㢱	X
強	X
紿	X
緿	X
𦂅	X
𦈒	X
𢏟	X
𥿵	X
𠤘	X
𢏦	X
𢏤	X
𦀷	X
𦃐	X
紁	X
𦄤	X
𦆨	X
䋴	X
㢬	X
紘	X
紱	X
纮	X
𦇒	X
絠	X
纋	X
張	X
𦁄	X
縟	X
缛	X
𦁩	X
𩱜	X
𩱨	X
𦅁	X
絝	X
緘	X
縅	X
𦄅	X
𦆃	X
𦀍	X
𥾫	X
𦇰	X
𦄜	X
𦇀	X
縬	X
𦈚	X
𦄑	X
䋘	X
𦂥	X
緋	X
绯	X
緾	X
𦄕	X
𦆷	X
㢶	X
絔	X
𢐤	X
𢐝	X
𦁏	X
𦃣	X
𦆑	X
𦅟	X
緛	X
緬	X
缅	X
𣻯	X
𥿶	X
𦅏	X
䋶	X
頃	X
𩑗	X
𦈍	X
紌	X
絾	X
𢏌	X
𦆡	X
䋾	X
𦄍	X
縓	X
綺	X
綁	X
𦀳	X
𦇔	X
𦇟	X
𦂡	X
𦁑	X
繚	X
𥃊	X
𥃎	X
𦆖	X
縥	X
綊	X
𩱍	X
𩱒	X
𢍝	X
䌥	X
𦈠	X
綒	X
𡦁	X
𥿱	X
䋼	X
𠭣	X
𦄼	X
𩔂	X
弸	X
綳	X
𧱶	X
絼	X
𦄘	X
緩	X
組	X
𦁍	X
𩱪	X
䌐	X
𦄚	X
剶	X
劙	X
𠠞	X
䗍	X
𦇌	X
盠	X
𠠂	X
𦑙	X
𦙌	X
綬	X
𨔵	X
𨓛	X
𠢛	X
𦄮	X
𦆔	X
𣂵	X
𢑄	X
𤬤	X
䌊	X
𦆸	X
𢐥	X
𤬌	X
䌽	X
綵	X
𥿰	X
𦧬	X
𦅂	X
綏	X
縚	X
𧱤	X
鶨	X
𩀅	X
縘	X
𢐅	X
級	X
𢎽	X
𦅞	X
繊	X
纎	X
𢐉	X
𢐇	X
𦀖	X
紜	X
紶	X
駂	X
𢆹	X
𢎼	X
𢺵	X
𥾣	X
繻	X
𢐰	X
𦈡	X
繧	X
䋽	X
𦇇	X
絓	X
𦁊	X
繞	X
𨕿	X
𢏶	X
𥾒	X
𦅲	X
㣀	X
縝	X
𠤤	X
𣪑	X
𣤃	X
𨽻	X
頴	X
颕	X
𥛤	X
𥜂	X
𥘈	X
𣢾	X
絿	X
𦃪	X
𦄆	X
𥾦	X
𦅇	X
𦅈	X
結	X
繥	X
纈	X
缬	X
𪆋	X
𨗟	X
𦁱	X
𡞔	X
𣫻	X
𥁉	X
𦆙	X
續	X
𣫳	X
𨝑	X
𢿒	X
䋻	X
䌾	X
𦀃	X
遦	X
貫	X
𨚛	X
䌧	X
纬	X
㢪	X
䊸	X
𢎰	X
䌸	X
綕	X
𦀗	X
綍	X
𦇍	X
𩱚	X
䌇	X
𦄨	X
𦂿	X
続	X
䌮	X
䰞	X
𩱞	X
𩱰	X
緒	X
緖	X
𤑜	X
𤑨	X
𦂂	X
䊷	X
䌶	X
𢐼	X
緈	X
盭	X
繨	X
𢿐	X
䌢	X
𩣎	X
𦁪	X
𩱶	X
𦅦	X
繬	X
纉	X
𦆋	X
𦅋	X
鴇	X
綾	X
𢐾	X
䊿	X
𦄌	X
𨾙	X
𣫯	X
𦅙	X
純	X
𢲝	X
絰	X
绖	X
𦇢	X
緻	X
𢑡	X
𠤨	X
𠤪	X
𩒠	X
䋬	X
𦁔	X
𣢸	X
𢎾	X
縛	X
綪	X
𦂪	X
𦇁	X
𧰲	X
䋠	X
弙	X
紆	X
𠰟	X
𦆄	X
䋊	X
絚	X
𥾝	X
𦄖	X
𢒚	X
𦀰	X
䋔	X
剝	X
彔	X
紑	X
縳	X
絙	X
𥾎	X
𣫬	X
𦆇	X
繐	X
綆	X
𠯶	X
𦈃	X
𦀡	X
㣂	X
𦃔	X
𩱖	X
𩱫	X
綀	X
𦈌	X
䋹	X
䌿	X
𦇅	X
𦇛	X
𦁨	X
䰜	X
𢐌	X
𢑜	X
彊	X
繮	X
練	X
𧖑	X
𠣀	X
𠣃	X
𨯞	X
𢐡	X
弻	X
䌄	X
𦁆	X
𦀞	X
𥾧	X
𦄧	X
𦅎	X
䋑	X
纚	X
𢏺	X
緉	X
績	X
𥾳	X
𢎧	X
彜	X
縉	X
缙	X
𧰺	X
𢑷	X
𢑦	X
彙	X
𠤐	X
𦀎	X
𥾕	X
𦃾	X
㣇	X
㣈	X
𢑩	X
𢑛	X
𨽽	X
𥿉	X
𦄂	X
㝀	X
毑	X
𡥘	X
𣫰	X
袰	X
𢏊	X
𦂲	X
𠰔	X
𢘓	X
䳇	X
𣫲	X
𧦥	X
𨾥	X
弳	X
經	X
緁	X
𢏵	X
緀	X
𢑣	X
𧱈	X
𡓭	X
𢑃	X
𦀇	X
㣆	X
𨣾	X
𢑞	X
𧲁	X
𦇼	X
𦁥	X
䌤	X
䥸	X
彌	X
𢑓	X
㜷	X
䌳	X
瓕	X
䊺	X
𢎸	X
縤	X
𦀊	X
𢏁	X
𥾬	X
𦁭	X
纑	X
𢐸	X
𢏯	X
𦁲	X
𦂇	X
㢭	X
㢰	X
紴	X
𥾲	X
𦅵	X
𢏾	X
𠀓	X
𠤛	X
彏	X
𦫭	X
𢎱	X
𦁡	X
𦇖	X
繉	X
緲	X
𢆽	X
𦁗	X
綽	X
𧔨	X
𢇋	X
𥿕	X
盄	X
緽	X
𦗁	X
顚	X
𢆴	X
𢏍	X
鷆	X
眞	X
𨑩	X
絸	X
𢎨	X
𥁜	X
𢚫	X
紪	X
𢏠	X
𩱮	X
㣄	X
𦄽	X
𥿠	X
潁	X
𦇦	X
弰	X
綃	X
䌃	X
𥿔	X
𢇄	X
𦀛	X
𦁠	X
弾	X
𦄇	X
𠛩	X
緔	X
𦂹	X
𦇊	X
絖	X
絩	X
𦄟	X
𦂸	X
紗	X
𢆷	X
䋝	X
𦀌	X
𢀐	X
𦃭	X
𩱣	X
𥿻	X
𦇯	X
𨭔	X
彃	X
縪	X
𦆿	X
繓	X
𦈛	X
𨚓	X
𩒨	X
𡘉	X
𡗻	X
𤝟	X
𢒍	X
䋥	X
𢏥	X
䋎	X
𤯽	X
𦁽	X
㔭	X
緹	X
𢐂	X
𥄱	X
紳	X
𧠤	X
縨	X
𦃻	X
𣲴	X
刜	X
𧕒	X
縄	X
𥫅	X
𥝃	X
𨚭	X
𠡂	X
縵	X
緼	X
缊	X
㔗	X
𦄡	X
𦆅	X
鄪	X
𠤚	X
𠢥	X
費	X
𦂕	X
𦆊	X
𦐡	X
䌈	X
𦈖	X
𩎡	X
絏	X
𢘍	X
𤇝	X
𦅿	X
𠤟	X
𪉆	X
㡫	X
䋵	X
緆	X
𦅱	X
綶	X
𠤞	X
䍀	X
𣭘	X
𥡀	X
㪄	X
䭫	X
䭬	X
𦦃	X
𠔘	X
鴲	X
𢏇	X
𥿏	X
𡅀	X
𦆴	X
緄	X
𦅡	X
𦄶	X
緝	X
𦀕	X
弲	X
絹	X
𦀚	X
縷	X
𦃠	X
繢	X
繾	X
缱	X
𦇞	X
𩴒	X
犟	X
勥	X
䋲	X
绳	X
䥒	X
𡠥	X
𣩴	X
謽	X
彈	X
繟	X
絽	X
𦀵	X
𦄛	X
繰	X
𢐆	X
縜	X
𦂝	X
𥾴	X
𥿗	X
𢐚	X
𦄰	X
孧	X
𦆎	X
𦇧	X
𩑴	X
𩒵	X
絪	X
緭	X
𦃿	X
𦇏	X
繹	X
纆	X
𦄿	X
𪈜	X
𦀶	X
䋿	X
彋	X
繯	X
缳	X
𦈓	X
䌉	X
綥	X
𦀄	X
𦃯	X
𢇔	X
𦃰	X
絗	X
𦂆	X
𥁒	X
𦈅	X
纝	X
𦇄	X
緦	X
缌	X
縺	X
𦈐	X
𨞉	X
𡐲	X
𦆂	X
𦂮	X
𣢜	X
𣢢	X
𣣜	X
𡍯	X
𢏩	X
㢴	X
綑	X
𤮔	X
縕	X
𦀝	X
鴢	X
𦃩	X
縲	X
缧	X
𦆕	X
轡	X
𢥩	X
纙	X
繷	X
𢐪	X
𢏣	X
𥿑	X
𦁰	X
䌡	X
𨜭	X
紻	X
繃	X
𢐒	X
𦇜	X
縎	X
𦂈	X
𦈔	X
𢏫	X
𥾢	X
𥿛	X
綢	X
絧	X
𢏕	X
𦀔	X
𢐍	X
𦅣	X
𦆮	X
𢎭	X
𦄬	X
䌹	X
絅	X
𥾞	X
纓	X
𦀼	X
緺	X
𦆢	X
𦂴	X
䋞	X
㢷	X
䋄	X
𦀉	X
𦂱	X
𥾔	X
綱	X
網	X
綗	X
纗	X
𩺈	X
納	X
繀	X
𢇀	X
緡	X
𦃴	X
㢯	X
䋋	X
𦒫	X
𡕪	X
𢏷	X
𦁐	X
䋧	X
紐	X
䌂	X
緪	X
縆	X
𢆵	X
𥿆	X
𢎗	X
𢎜	X
縀	X
縃	X
𦀜	X
糾	X
緯	X
𦄦	X
𢏈	X
𥿓	X
𦀏	X
𥿇	X
𦄪	X
䌵	X
䌟	X
𦈞	X
𥿲	X
𦁁	X
𦀯	X
𥾆	X
𦇗	X
繏	X
𦈝	X
䋟	X
幺	X
糹	X
䌌	X
𦀿	X
𦀻	X
𦅉	X
𦂤	X
𦃘	X
𦆣	X
繆	X
𩱲	X
䊽	X
䌦	X
𢎹	X
𥿡	X
𦂋	X
𢇉	X
䋇	X
𩱷	X
熲	X
颎	X
𦇱	X
𦆹	X
𦅧	X
䌜	X
𦄾	X
𦀭	X
𢐮	X
継	X
𦇝	X
𦃖	X
𦆱	X
緂	X
繗	X
𦂏	X
鬻	X
𤳕	X
𢐫	X
𪆀	X
𥪷	X
𩱯	X
𦆼	X
𦄎	X
𦆥	X
綋	X
𦂨	X
縖	X
𦅜	X
𣪴	X
𦃲	X
綜	X
綄	X
𥿾	X
縇	X
纻	X
綻	X
𢏹	X
𢐛	X
繽	X
縯	X
𢑥	X
𦃼	X
緷	X
𢑭	X
𦈉	X
𥿒	X
𦁖	X
𥾚	X
䌏	X
𦆯	X
綰	X
𦆭	X
綩	X
𢏿	X
紞	X
紵	X
𢏐	X
𥿢	X
𦂦	X
縡	X
𦁅	X
𥿽	X
𦁈	X
𦂽	X
𦄔	X
縮	X
𦄲	X
䋉	X
紽	X
𢏋	X
𦀦	X
緍	X
𦈏	X
紙	X
弤	X
𥿄	X
𩱦	X
𥿎	X
𤑵	X
緵	X
縐	X
𢐨	X
𠭢	X
㔢	X
絶	X
𢴭	X
㔃	X
𥿭	X
𦂐	X
絺	X
繎	X
𦅼	X
繲	X
𢏧	X
𦂑	X
𦃥	X
𦇳	X
𨧮	X
𣓔	X
𡝠	X
𤦀	X
𢐣	X
絢	X
𦀆	X
𦄈	X
𢇐	X
絇	X
𥿨	X
𦂔	X
絻	X
𦆵	X
𦇿	X
𢳉	X
𦂯	X
纔	X
𦅥	X
𦇫	X
𦆛	X
𢐗	X
𦁯	X
䋂	X
𢏜	X
𥿫	X
綯	X
绹	X
緫	X
𦁕	X
𦄓	X
𥾸	X
𦃏	X
𦇮	X
𥾡	X
𦁮	X
䋓	X
𦁵	X
䋫	X
𢏰	X
繺	X
䊻	X
弞	X
𣢄	X
𦃫	X
𢑈	X
𦃓	X
𦃕	X
𢐬	X
㢩	X
約	X
𦁟	X
𦁻	X
𠙡	X
𥾵	X
𦃧	X
𢇎	X
𥿯	X
䋸	X
𥿙	X
𥿤	X
𦀅	X
䋅	X
𦄹	X
𢐋	X
𦃇	X
𢐏	X
𥾭	X
絑	X
線	X
缐	X
𠤧	X
𦆞	X
䌗	X
綿	X
𥾨	X
𥾱	X
𦇭	X
䌆	X
𦀸	X
𦄃	X
綼	X
𦆘	X
𦂾	X
紩	X
𣀝	X
𣡳	X
𪇱	X
𠒴	X
樂	X
𣠋	X
𣤰	X
繳	X
𥿊	X
𦈈	X
㯋	X
𦆝	X
㢾	X
緸	X
𦈑	X
縹	X
𢐕	X
𦀹	X
𠤡	X
絊	X
綇	X
𦈋	X
𩱗	X
緗	X
𦄏	X
𦅰	X
䋍	X
彁	X
𣕷	X
𦄗	X
𦇉	X
䌚	X
𦇸	X
䌝	X
𦈟	X
𦇕	X
綝	X
𦃊	X
𦁼	X
䌁	X
𪀶	X
䋱	X
𦂬	X
絉	X
𨜕	X
絳	X
绛	X
𥾷	X
𢛭	X
𥾑	X
鄊	X
𦁳	X
𨙵	X
㢮	X
絁	X
𥿈	X
𩴷	X
𦃱	X
觺	X
𢒸	X
𦢇	X
𦂜	X
絬	X
疑	X
綘	X
肄	X
𥏚	X
𨽹	X
𧎃	X
繑	X
𢐟	X
穎	X
𩓙	X
㽈	X
𢣕	X
𥻊	X
𧹾	X
𪁬	X
縫	X
缝	X
𣝆	X
𦃉	X
𠤕	X
𥏶	X
欵	X
𦡼	X
𠤗	X
矤	X
𠤑	X
𥏑	X
𧭐	X
𤔕	X
綉	X
绣	X
𦄭	X
㢳	X
𥿦	X
𦃀	X
𦅯	X
紝	X
纴	X
䊹	X
絎	X
绗	X
𥾿	X
𦇃	X
𦀽	X
𥃍	X
纘	X
缵	X
𢑊	X
䋃	X
綎	X
𢏡	X
𦀈	X
𦂉	X
綞	X
緟	X
𢏴	X
𦄙	X
纁	X
𢐺	X
䋏	X
縰	X
綹	X
綖	X
𦂚	X
𥿜	X
緮	X
蚃	X
絡	X
𦂖	X
𦃍	X
𦅳	X
𦂢	X
總	X
𦃞	X
𦆒	X
𥿳	X
𦀙	X
繌	X
𦃋	X
𥿸	X
𥿧	X
𦆓	X
𦀢	X
紇	X
纥	X
繙	X
𢐠	X
𦄵	X
𢐲	X
䋺	X
𨒥	X
䌣	X
𣣅	X
鄕	X
𨝅	X
𦅑	X
䌀	X
縦	X
𦂵	X
終	X
郷	X
㢻	X
緌	X
𦂻	X
𩞠	X
縱	X
𢐔	X
𩱟	X
𩱱	X
𦃡	X
𠨓	X
䋦	X
𢐐	X
𢑍	X
𢑎	X
鄉	X
𥖡	X
饗	X
蠁	X
響	X
㗽	X
嚮	X
𨬽	X
𧬰	X
絣	X
𢏳	X
織	X
縌	X
𥿬	X
𦁙	X
縒	X
綣	X
绻	X
𦂙	X
絴	X
𢏙	X
𦅝	X
𦅌	X
繕	X
䌬	X
繝	X
𦂒	X
䍁	X
繸	X
𦡟	X
彅	X
𦂁	X
紏	X
絆	X
𢏑	X
𩱧	X
𦅗	X
𦆀	X
𢑌	X
𦀋	X
𦅅	X
𦈎	X
𦂺	X
𦅘	X
繶	X
𦄣	X
䋨	X
𦄞	X
縂	X
䌼	X
綐	X
𦆳	X
𩱭	X
繒	X
𢐞	X
𢐷	X
㢼	X
締	X
縍	X
𢐊	X
纐	X
䌪	X
絘	X
絞	X
𦇾	X
𦅆	X
繜	X
緧	X
𦂶	X
㢺	X
𦁉	X
縑	X
𢐎	X
縊	X
𢐢	X
𢾲	X
䋳	X
𡎳	X
𢞔	X
鶸	X
綈	X
绨	X
𢾼	X
𦅤	X
𢀟	X
𦅀	X
𦅛	X
絕	X
𦁿	X
𦄁	X
縁	X
𦀨	X
繣	X
䋖	X
紣	X
𩱤	X
彇	X
繡	X
𦂩	X
𦃈	X
𦁴	X
緑	X
繅	X
𦃽	X
弨	X
紹	X
緇	X
𦈄	X
𦆻	X
繍	X
綅	X
𦃌	X
䋩	X
𢏱	X
𦃨	X
𦄄	X
𦀲	X
匘	X
𥾠	X
𦇣	X
𦇶	X
𩱆	X
綛	X
紈	X
紉	X
纨	X
𢎫	X
𥿷	X
𥿞	X
総	X
𢏀	X
緞	X
𦂰	X
絥	X
紾	X
絵	X
𡙊	X
𥿥	X
𦇙	X
縩	X
𥿐	X
𦁇	X
𦇐	X
弣	X
紨	X
綸	X
𦇬	X
𦁸	X
𦄱	X
𢎮	X
𢎶	X
絟	X
𢎲	X
緰	X
繪	X
𦅩	X
𦈕	X
㢵	X
給	X
𦅖	X
緶	X
缏	X
䌞	X
𦃺	X
𦃬	X
𥾓	X
縧	X
𥾾	X
𡝡	X
𢏏	X
紒	X
𧌢	X
𩱡	X
緥	X
𦁃	X
㢿	X
緱	X
縋	X
缒	X
𥿪	X
纀	X
𦀪	X
絍	X
䋡	X
𦁂	X
𦇲	X
𦆤	X
𥾪	X
𦆚	X
紛	X
𦄋	X
𩾕	X
𦆧	X
𦇈	X
𦃁	X
𦃛	X
𢏬	X
𦅮	X
纖	X
緃	X
𢐴	X
𦅊	X
綌	X
绤	X
𥾺	X
𢇃	X
紷	X
𦁌	X
𠦼	X
維	X
䗽	X
𦃹	X
𦆈	X
𦆺	X
紟	X
𢣘	X
𦁤	X
𦅃	X
𦈂	X
䌖	X
𦈜	X
𢎬	X
𩴆	X
𩴪	X
𢐘	X
𢨂	X
𢇂	X
𧎶	X
𤳀	X
𧗇	X
𧗒	X
𧗓	X
𢇓	X
𨗂	X
𡥝	X
𠨒	X
𨚍	X
繈	X
𢆼	X
紭	X
𠟣	X
𢐈	X
𨍃	X
𩕛	X
㡮	X
𢇒	X
㡬	X
幾	X
𡗬	X
𢇈	X
緣	X
𢐄	X
㩺	X
𡋢	X
坒	X
𣬊	X
𣬂	X
𦄻	X
鸶	X
𢇅	X
𢇍	X
𦇤	X
𩠹	X
𩰲	X
綠	X
𧖀	X
㡭	X
𥽠	X
𨕖	X
𨕧	X
㫁	X
斷	X
𣂾	X
㢲	X
𢐀	X
𢐜	X
毙	X
𠤉	X
㿫	X
𤿎	X
紖	X
纼	X
𢎺	X
𢏄	X
𥾯	X
顈	X
鷥	X
𪆓	X
𨖾	X
𢐁	X
絲	X
𢏛	X
𣅜	X
𣌳	X
紼	X
𩱎	X
𧔯	X
𧔻	X
𧑿	X
繦	X
𣬗	X
𣬘	X
𨋅	X
𥿌	X
𦂷	X
𢐑	X
𢆻	X
𦇵	X
䫜	X
𢇕	X
𪃨	X
𢇑	X
𢇇	X
𣃔	X
毖	X
𢙰	X
𢆸	X
粊	X
𢇁	X
𨓁	X
𦐳	X
𧣅	X
𣬃	X
𣬇	X
𣢋	X
𨜡	X
𢾆	X
𣬆	X
𤘤	X
𩘅	X
勓	X
𤭧	X
鶛	X
纅	X
𩀊	X
枈	X
𥿴	X
𩲖	X
𦆦	X
𥜄	X
毞	X
㢸	X
𢻹	X
𨗙	X
𡛗	X
𣬓	X
𪀨	X
𣬄	X
𦀘	X
𦇓	X
𦂣	X
𦇡	X
紕	X
繼	X
纰	X
𢏝	X
𦁚	X
𦂄	X
𣬅	X
䘡	X
𧙭	X
纞	X
𢇖	X
𦂀	X
𦀮	X
𦄝	X
彍	X
纊	X
縭	X
弴	X
綧	X
𥾼	X
𦆌	X
䋭	X
統	X
𢏭	X
𦀠	X
𨭑	X
𢏲	X
𦁛	X
𦅄	X
㣃	X
絋	X
𦁷	X
𦀫	X
𦀐	X
紸	X
𦆍	X
𦁦	X
𥾽	X
弶	X
綡	X
𦆪	X
緕	X
纏	X
纒	X
𢐻	X
纃	X
𦀑	X
𦂠	X
𦄴	X
𦂊	X
縗	X
纕	X
缞	X
𢐿	X
𢐵	X
繵	X
𢐹	X
縞	X
䋁	X
編	X
编	X
𢐃	X
綟	X
𦆲	X
𦇽	X
𦅺	X
𦆉	X
𥿼	X
䋆	X
𦇘	X
𥿺	X
絯	X
䌒	X
䌱	X
䌴	X
𦃳	X
𥿹	X
𦈆	X
𦂃	X
綂	X
𦇺	X
𢑀	X
𦇑	X
䌕	X
𦀾	X
𦂛	X
絒	X
縼	X
𦆆	X
𦂧	X
𦀬	X
𦄺	X
𦄢	X
𩱳	X
䌅	X
𦁶	X
𦄸	X
綷	X
鶭	X
𦁹	X
𢍶	X
㝈	X
孿	X
𠮓	X
𣀵	X
𥀺	X
𦫲	X
奱	X
𦣏	X
𧟏	X
𩪾	X
㪻	X
卛	X
繂	X
㡩	X
矕	X
縴	X
𣦱	X
𩏹	X
𩱌	X
灓	X
𢏸	X
曫	X
蠻	X
𩙟	X
㘘	X
𠣈	X
𨏶	X
巒	X
𠙳	X
㽋	X
戀	X
𠮖	X
𢛆	X
𣱂	X
𦇷	X
𧮌	X
鸞	X
𤓖	X
𪈮	X
𪈽	X
𪈿	X
𨘁	X
鑾	X
攣	X
欒	X
變	X
𨊟	X
婱	X
孌	X
𠠪	X
𡞅	X
𡢮	X
𡤨	X
𦦽	X
㱍	X
臠	X
彎	X
䜌	X
絃	X
龻	X
𠨫	X
𤫜	X
𦇥	X
𧬾	X
𢈽	Y
𧝑	Y
試	Y
誡	Y
诫	Y
𠅟	Y
𤍍	Y
䜓	Y
諓	Y
𧪖	Y
𢌖	Y
𧦩	Y
𨘛	Y
𢾖	Y
剫	Y
𪃒	Y
𢾅	Y
𧬏	Y
𧫠	Y
諾	Y
𢉳	Y
𩓉	Y
諶	Y
谌	Y
𢉮	Y
𧩗	Y
𧪮	Y
廝	Y
𧬜	Y
𧬗	Y
諆	Y
𣄃	Y
𢊰	Y
讛	Y
𢇾	Y
詌	Y
諽	Y
𧨄	Y
謀	Y
𧬔	Y
𧭖	Y
譁	Y
誆	Y
诓	Y
𣃱	Y
𢉧	Y
衺	Y
𧭅	Y
𧥪	Y
𧧰	Y
𣁥	Y
𧭗	Y
𧮤	Y
庌	Y
訝	Y
𧥯	Y
𧭽	Y
𢋭	Y
庴	Y
謨	Y
𢊗	Y
諎	Y
𧮚	Y
譪	Y
𧮇	Y
䜕	Y
𢋓	Y
𧭩	Y
廑	Y
謹	Y
𢈿	Y
𧫴	Y
謳	Y
㢙	Y
讙	Y
庿	Y
𢉱	Y
𢈤	Y
㢜	Y
𧭲	Y
𢌊	Y
鄺	Y
𥀱	Y
㢍	Y
𢉯	Y
𠠎	Y
𠢹	Y
懬	Y
𤒼	Y
𪇵	Y
𢈐	Y
廣	Y
𧫩	Y
𧩆	Y
詎	Y
讵	Y
𧸠	Y
詍	Y
諜	Y
𢇸	Y
庹	Y
𢋳	Y
鹧	Y
𢉙	Y
䗪	Y
𩔼	Y
鷓	Y
遮	Y
𨖓	Y
㫂	Y
𧭊	Y
廗	Y
𧫚	Y
𢈒	Y
䜦	Y
譖	Y
谮	Y
𧩃	Y
䜘	Y
𧦅	Y
𧨿	Y
𣄄	Y
𧪆	Y
𧩜	Y
𢊘	Y
𧨶	Y
𢊑	Y
𧩳	Y
𧮒	Y
𧚛	Y
𥆳	Y
𧬺	Y
𧮧	Y
䜩	Y
讌	Y
𧮃	Y
𠦑	Y
𢌎	Y
護	Y
𢋒	Y
𧬧	Y
𧙰	Y
𩃽	Y
𧭪	Y
𢈎	Y
𧭝	Y
𢋍	Y
𧮉	Y
𧬝	Y
庻	Y
誣	Y
誮	Y
䜤	Y
𧬖	Y
謊	Y
𢨊	Y
𪏆	Y
讘	Y
𠾃	Y
𡅟	Y
𥂣	Y
𪅪	Y
𢈾	Y
𧭍	Y
諏	Y
䜏	Y
𦚾	Y
讔	Y
𧘮	Y
𨟞	Y
𢻓	Y
𡦡	Y
廰	Y
𡦚	Y
㝄	Y
廳	Y
𤭞	Y
詜	Y
𧙵	Y
𧥳	Y
𡄚	Y
𡦨	Y
𨌱	Y
𨍗	Y
𧪣	Y
嚲	Y
𧬼	Y
𢉗	Y
𧩦	Y
𡃬	Y
𧩌	Y
𨝏	Y
𧙉	Y
𧙦	Y
詘	Y
诎	Y
𢇿	Y
𧮼	Y
𢥗	Y
𪅆	Y
𧰄	Y
𦛄	Y
離	Y
𢚟	Y
𡥹	Y
𠒋	Y
𡦟	Y
㢌	Y
䃦	Y
𠅑	Y
𧘫	Y
𧝗	Y
𩞤	Y
墪	Y
𣦤	Y
𧪾	Y
𥂦	Y
𡼖	Y
憝	Y
𣮢	Y
𢊝	Y
𪆃	Y
𪆝	Y
鐜	Y
撉	Y
亸	Y
𠅉	Y
䃞	Y
𡙰	Y
塾	Y
𨄡	Y
𤍨	Y
𠆔	Y
孰	Y
廕	Y
𡭅	Y
𧨽	Y
𠜇	Y
鶉	Y
㐪	Y
𣁃	Y
𨿡	Y
𠅛	Y
㝇	Y
𠆞	Y
𤰎	Y
𠆓	Y
𩓗	Y
𨓋	Y
棄	Y
𣓪	Y
𠔚	Y
袤	Y
𧦃	Y
𧦆	Y
譎	Y
谲	Y
諁	Y
謲	Y
𧚰	Y
𧬀	Y
𧦀	Y
𣄏	Y
𢊹	Y
𣪟	Y
𢈋	Y
𧨜	Y
誦	Y
诵	Y
𠃴	Y
逳	Y
裛	Y
褭	Y
𣣎	Y
𠆉	Y
𧫐	Y
𨛧	Y
𣼿	Y
旀	Y
袬	Y
詒	Y
𤰑	Y
𤰸	Y
夣	Y
𢊩	Y
𦣔	Y
𠘺	Y
𨕕	Y
𤆴	Y
㐬	Y
𩩇	Y
𢂙	Y
𠞌	Y
𠡜	Y
𠡤	Y
𩒘	Y
𤭕	Y
𪁇	Y
𨓞	Y
𢇰	Y
𨜎	Y
𢽫	Y
𨓫	Y
𢾣	Y
𣏋	Y
誒	Y
𢈟	Y
𡿮	Y
誜	Y
𢈡	Y
訍	Y
𧩭	Y
𧧳	Y
𢋔	Y
䜔	Y
𢌋	Y
𧧝	Y
𧭡	Y
𧪇	Y
𧦠	Y
𢇬	Y
𢇷	Y
𩓘	Y
詙	Y
𢋧	Y
𧨌	Y
𧫭	Y
𥀆	Y
𦫨	Y
𢈓	Y
𢉢	Y
𢒶	Y
𧛫	Y
詴	Y
𠷗	Y
顏	Y
彥	Y
䜡	Y
𢋣	Y
𧫄	Y
䛫	Y
誫	Y
𢈫	Y
𥆴	Y
𧦡	Y
譇	Y
誇	Y
䜗	Y
諴	Y
𧧐	Y
𧭶	Y
𧭻	Y
𪙯	Y
𧩶	Y
𢉋	Y
𧥹	Y
緳	Y
譿	Y
𨔉	Y
𢊏	Y
䛶	Y
廈	Y
𢌉	Y
𧫳	Y
誄	Y
诔	Y
𧩚	Y
䨾	Y
誹	Y
裵	Y
𧜏	Y
𧫔	Y
韲	Y
𠜢	Y
齑	Y
𠢻	Y
䛳	Y
庵	Y
𣃾	Y
䥆	Y
𢳁	Y
𢊎	Y
𩇰	Y
𧩤	Y
𢇴	Y
𧦞	Y
䛔	Y
𧬐	Y
𧭌	Y
𢋏	Y
𤔟	Y
𧩬	Y
庬	Y
訧	Y
𧥩	Y
䛋	Y
誠	Y
詼	Y
𧩫	Y
𧫗	Y
謜	Y
𧨵	Y
𣈌	Y
㢊	Y
䛴	Y
旑	Y
䫯	Y
诪	Y
𧨊	Y
產	Y
讈	Y
𧬎	Y
𧧵	Y
𢉉	Y
𧨫	Y
𧬕	Y
䜍	Y
𦏎	Y
𢊊	Y
𧩊	Y
𧩻	Y
𢊃	Y
𢊷	Y
㥷	Y
䛟	Y
𢈙	Y
𧪉	Y
𢉚	Y
𧛙	Y
𢉏	Y
𢊼	Y
𧨞	Y
𢉁	Y
𧘯	Y
𧙚	Y
諼	Y
𧛌	Y
䘚	Y
𧭣	Y
𠆍	Y
㡹	Y
詛	Y
𧭕	Y
𠜆	Y
𩀖	Y
𧘉	Y
𧘊	Y
𨘆	Y
𧞥	Y
廫	Y
䛵	Y
𣄁	Y
𧛁	Y
𧙌	Y
謡	Y
𧛉	Y
𧧇	Y
𢒲	Y
譌	Y
𧜈	Y
謟	Y
𩛚	Y
𧫈	Y
𪀰	Y
謑	Y
𧩒	Y
𧞮	Y
𧜊	Y
𧞴	Y
訯	Y
諑	Y
䜟	Y
𢊱	Y
𧧟	Y
𧪸	Y
𧥜	Y
𢇽	Y
廅	Y
𧪞	Y
䚳	Y
詓	Y
𧥼	Y
譳	Y
𢻘	Y
𧬞	Y
𧮁	Y
䜁	Y
詿	Y
诖	Y
𧪐	Y
庤	Y
謣	Y
𧨔	Y
𧫉	Y
譊	Y
𨬇	Y
𨮲	Y
𧪋	Y
詩	Y
𢈬	Y
𢈩	Y
㪯	Y
謓	Y
𧚍	Y
𢈝	Y
𧧷	Y
廟	Y
謿	Y
𩞁	Y
講	Y
𤯌	Y
𧪿	Y
𥉵	Y
𢊋	Y
𧏛	Y
𪎒	Y
𢉈	Y
𧫁	Y
廚	Y
𧭏	Y
詰	Y
𠟸	Y
譆	Y
𢌔	Y
讀	Y
讟	Y
𧥛	Y
𧦕	Y
諵	Y
𦞍	Y
𧘎	Y
譸	Y
𧨙	Y
讳	Y
𧥦	Y
𧥨	Y
𢇡	Y
誌	Y
𧨃	Y
𧨗	Y
誖	Y
𨒻	Y
読	Y
𧬇	Y
𣀯	Y
𪉉	Y
𪎟	Y
䛃	Y
𪎢	Y
𤔨	Y
𧩂	Y
𩀪	Y
庨	Y
誟	Y
𧬥	Y
詽	Y
諸	Y
𢉜	Y
𧪡	Y
𠅰	Y
䙝	Y
𢌀	Y
䛭	Y
𨇭	Y
𠞑	Y
𢊫	Y
𧬻	Y
褻	Y
譛	Y
廧	Y
𢋾	Y
讃	Y
𪁈	Y
庱	Y
𢋦	Y
𧥱	Y
庒	Y
𧨘	Y
𣁦	Y
𪏜	Y
訮	Y
㢅	Y
𢇩	Y
贇	Y
赟	Y
𧡗	Y
𨭉	Y
庉	Y
訰	Y
庢	Y
誈	Y
𧩼	Y
𧬩	Y
𩒊	Y
𧨩	Y
䚶	Y
𢉑	Y
𣄎	Y
請	Y
𧘦	Y
庯	Y
誧	Y
諘	Y
𧘘	Y
䛩	Y
訏	Y
㡰	Y
䜑	Y
𣁇	Y
証	Y
𢇗	Y
𠅁	Y
𣄩	Y
𣄫	Y
𧦉	Y
𠆏	Y
𢊡	Y
𧨢	Y
諌	Y
𧏼	Y
𢊺	Y
譓	Y
𧨒	Y
𧉶	Y
𢈪	Y
𢊍	Y
語	Y
𢌐	Y
𣄟	Y
𩐕	Y
䛿	Y
𧨴	Y
𧬭	Y
誎	Y
𢈠	Y
𢉨	Y
𧩲	Y
讍	Y
諨	Y
𢋷	Y
𧫻	Y
𧧅	Y
㢄	Y
䛠	Y
諫	Y
𢊂	Y
𠣂	Y
殶	Y
𢈖	Y
𠅪	Y
㢀	Y
𧧒	Y
䜊	Y
𧦏	Y
𠅈	Y
𧦿	Y
廲	Y
𢌒	Y
謮	Y
瓬	Y
𧧀	Y
𧪽	Y
迬	Y
𧙩	Y
𧧋	Y
𧦯	Y
謸	Y
𢇟	Y
𤽞	Y
𪚹	Y
評	Y
誙	Y
誱	Y
𢈻	Y
𣄂	Y
𧥭	Y
𧩄	Y
𧘙	Y
𧜸	Y
𩿢	Y
𧭉	Y
𨾨	Y
𧥮	Y
䛾	Y
𢇨	Y
𧦚	Y
𢋼	Y
𢋽	Y
讞	Y
𧬷	Y
㢒	Y
謔	Y
謯	Y
譃	Y
謼	Y
𢍓	Y
㢚	Y
廬	Y
諕	Y
𢈶	Y
𧭜	Y
𧫅	Y
𧪤	Y
𧩐	Y
𧫪	Y
𪘙	Y
𧨪	Y
𢇮	Y
𢇳	Y
詖	Y
诐	Y
𣃣	Y
𧬨	Y
𧨷	Y
𧫌	Y
𠂫	Y
𧧎	Y
𧮞	Y
𧬮	Y
𣁪	Y
𧬃	Y
𧭬	Y
𠆐	Y
𤓥	Y
𣚏	Y
𠆚	Y
𢌄	Y
𧭑	Y
諔	Y
𢉌	Y
𢈨	Y
𧧌	Y
𢋁	Y
𧨳	Y
詀	Y
𧮪	Y
𤉽	Y
𧪊	Y
𢈞	Y
𧫓	Y
𧨼	Y
𣃷	Y
𥃐	Y
𢉍	Y
䜜	Y
斍	Y
𧭸	Y
誢	Y
𣁐	Y
𢈥	Y
𢋹	Y
𧪌	Y
𠔂	Y
𧬟	Y
𢊳	Y
𧩢	Y
訿	Y
𧨛	Y
𢉪	Y
庛	Y
𢋀	Y
𣄵	Y
鹫	Y
蹵	Y
鷲	Y
𤎼	Y
𤏅	Y
𪆩	Y
𩀻	Y
𢈭	Y
𦚍	Y
誚	Y
𠦸	Y
𠅮	Y
𡬱	Y
𢊓	Y
誻	Y
剠	Y
𧊯	Y
㕻	Y
𠝒	Y
勍	Y
𩘁	Y
𢉒	Y
𧩡	Y
廠	Y
𢌏	Y
𢇭	Y
𨟐	Y
㙶	Y
𢊥	Y
譡	Y
𧭢	Y
讜	Y
𠆃	Y
𧫆	Y
𢊖	Y
𣂁	Y
𠝡	Y
𢊙	Y
誂	Y
𧧯	Y
庣	Y
訬	Y
𢊌	Y
𢋐	Y
鶁	Y
𧫤	Y
𧨤	Y
𧭤	Y
𢈲	Y
𧮔	Y
齏	Y
𢌂	Y
𢣽	Y
𧘼	Y
𠅢	Y
鄽	Y
𣫛	Y
㢆	Y
裏	Y
裏	Y
𧨚	Y
䛞	Y
斎	Y
剤	Y
𢋂	Y
𢌆	Y
𧓚	Y
𧖁	Y
髙	Y
𡦦	Y
𪇮	Y
𠅙	Y
𠅘	Y
䶒	Y
𠅶	Y
𣀦	Y
㡺	Y
𡔊	Y
𦎧	Y
詚	Y
諟	Y
𢉴	Y
𣄍	Y
𢥲	Y
𪈷	Y
䜥	Y
𧩙	Y
𨰩	Y
𨰯	Y
諹	Y
訷	Y
𡙑	Y
𠡽	Y
𣄶	Y
亰	Y
齋	Y
𧑢	Y
誯	Y
剂	Y
劑	Y
䘇	Y
𠆝	Y
螡	Y
螤	Y
𠆛	Y
𠡖	Y
謾	Y
齍	Y
𧪍	Y
𧬒	Y
𢂚	Y
齎	Y
庽	Y
𧪓	Y
𧪦	Y
恴	Y
𧩍	Y
齌	Y
𧨓	Y
𢈔	Y
𩡑	Y
謁	Y
𢉥	Y
𠆌	Y
𧩎	Y
䛕	Y
裹	Y
課	Y
謃	Y
𦤘	Y
㚆	Y
㪟	Y
𦎫	Y
𣂂	Y
𢥦	Y
𦏧	Y
斔	Y
𠅩	Y
𤮩	Y
㡼	Y
䜙	Y
䛖	Y
䛰	Y
𧙬	Y
𧙴	Y
𨗈	Y
𣁔	Y
諿	Y
𠅔	Y
𠅌	Y
𡘯	Y
誤	Y
衰	Y
𠆆	Y
㲤	Y
𧦢	Y
廔	Y
謱	Y
衷	Y
訲	Y
䜋	Y
𢊮	Y
𣄜	Y
䛱	Y
𧪯	Y
譴	Y
讉	Y
谴	Y
𢈮	Y
䛤	Y
𡰔	Y
𧪎	Y
𨟚	Y
𣀮	Y
𥀶	Y
𧮜	Y
𠅧	Y
𢈚	Y
𤬥	Y
𧚾	Y
𧞻	Y
譂	Y
𠅖	Y
𠅷	Y
𢉰	Y
𠅠	Y
𢈢	Y
𥜘	Y
勷	Y
𧬌	Y
䜨	Y
諤	Y
谔	Y
𣰶	Y
𨘿	Y
譟	Y
讝	Y
𣤸	Y
𣤽	Y
瓤	Y
𧧸	Y
𠡧	Y
𣃫	Y
𧪼	Y
𧩑	Y
𠅏	Y
𡫫	Y
詋	Y
𢈗	Y
𧜯	Y
𦧨	Y
㐯	Y
𡕨	Y
𠓬	Y
𤒆	Y
𪆾	Y
𪈋	Y
𩁛	Y
㡶	Y
䛊	Y
㖜	Y
𡂯	Y
𧁹	Y
廙	Y
𣄗	Y
𧫂	Y
𢇵	Y
畆	Y
𠭇	Y
𧬳	Y
𤱶	Y
𠅥	Y
謂	Y
𢌅	Y
𧭴	Y
譯	Y
𢋇	Y
𢋨	Y
𪐰	Y
𢊤	Y
譞	Y
𢉝	Y
𧚽	Y
𧪏	Y
𠟼	Y
𢈷	Y
𧨬	Y
𧮅	Y
𤱈	Y
𣀤	Y
褱	Y
䜚	Y
𨙎	Y
𣀩	Y
𧪟	Y
𨞥	Y
𨟍	Y
𩫃	Y
皽	Y
𩫩	Y
𧙪	Y
㐭	Y
䯬	Y
𩫏	Y
𩫫	Y
𩫮	Y
𩫯	Y
䛛	Y
亶	Y
鹯	Y
𧦤	Y
𩫧	Y
𪓼	Y
𩫖	Y
𩫱	Y
禀	Y
𢊬	Y
㔊	Y
𩫭	Y
勯	Y
顫	Y
颤	Y
𧬂	Y
氈	Y
𢀮	Y
𤮜	Y
𦒜	Y
鸇	Y
𪈃	Y
邅	Y
𨗍	Y
𡗋	Y
𢉤	Y
稟	Y
𩫨	Y
𩙼	Y
𩫰	Y
𠆑	Y
𩫠	Y
廤	Y
𩁉	Y
𧮢	Y
讄	Y
𠆎	Y
𧝕	Y
𠅺	Y
𩏉	Y
𠅤	Y
㐣	Y
諰	Y
謰	Y
𧬴	Y
𣖈	Y
𣢿	Y
畝	Y
𥠤	Y
𠆁	Y
𢈛	Y
𤱔	Y
䛺	Y
𥃂	Y
𣖇	Y
謖	Y
𠅓	Y
畒	Y
𧫖	Y
譨	Y
𧬹	Y
𧨸	Y
邟	Y
𥂶	Y
𣕏	Y
𠅣	Y
𡕧	Y
設	Y
𧦘	Y
諯	Y
𧩠	Y
𧪪	Y
頏	Y
颃	Y
詇	Y
𣃝	Y
𧙏	Y
𠱗	Y
𧧛	Y
䛁	Y
𧦦	Y
調	Y
𧨋	Y
詷	Y
𢈉	Y
𧧚	Y
㼚	Y
䛣	Y
𧪚	Y
𢐭	Y
𢒌	Y
𧙙	Y
𢅈	Y
市	Y
𢂋	Y
𢂷	Y
𡯶	Y
廁	Y
𢊸	Y
髜	Y
𩫅	Y
𩫆	Y
𩫑	Y
𩫜	Y
鄗	Y
䯩	Y
敲	Y
毃	Y
𩥊	Y
𩫋	Y
䯨	Y
𢇺	Y
𩫈	Y
𧜉	Y
𩫕	Y
𩫘	Y
𩫞	Y
𩫦	Y
㙜	Y
𡒋	Y
𩫄	Y
𩫊	Y
𩫛	Y
𩫝	Y
𩫟	Y
𩫪	Y
䛇	Y
詗	Y
诇	Y
𣁘	Y
𩫍	Y
𩫡	Y
𤚸	Y
𩫎	Y
𩫒	Y
𩫔	Y
𩫗	Y
𩫚	Y
𠞟	Y
𧕔	Y
𩫬	Y
𩫲	Y
𩫌	Y
髝	Y
𥂡	Y
䯪	Y
髚	Y
𩫢	Y
𩫣	Y
𢜖	Y
𦒭	Y
𩫁	Y
𩫂	Y
鶮	Y
𤌾	Y
槀	Y
髞	Y
𩫤	Y
㪣	Y
稾	Y
𩫙	Y
𩙷	Y
髛	Y
歊	Y
𩍯	Y
𦓄	Y
𩫓	Y
𩪿	Y
𩫀	Y
劥	Y
𢉵	Y
廮	Y
𧮆	Y
𠂂	Y
𦐄	Y
𧒟	Y
㢐	Y
諣	Y
迒	Y
𧧜	Y
㰠	Y
𩲋	Y
𧧨	Y
諷	Y
𧪙	Y
𩖣	Y
𢽒	Y
𤡎	Y
誷	Y
𥤬	Y
𧫶	Y
𧚞	Y
𧮋	Y
𦄠	Y
讗	Y
𧨝	Y
𥂬	Y
𥃀	Y
𧮄	Y
䲳	Y
𧬽	Y
𨪣	Y
𠕉	Y
𠕜	Y
䐡	Y
䜅	Y
訥	Y
𢊛	Y
𨾒	Y
𡦹	Y
𢈃	Y
𧬚	Y
𡮎	Y
訉	Y
𧪀	Y
𧧫	Y
䁉	Y
肈	Y
䋯	Y
啔	Y
𢨬	Y
𢩛	Y
䛉	Y
𢩉	Y
𢩇	Y
𠨑	Y
誳	Y
譀	Y
㦾	Y
𢩍	Y
䋜	Y
𢨴	Y
𣢵	Y
𩢉	Y
㪐	Y
扉	Y
䛯	Y
戻	Y
𠜺	Y
𢉸	Y
𢽲	Y
𧦂	Y
𢩒	Y
肩	Y
𧩘	Y
𧬶	Y
肓	Y
望	Y
𢨷	Y
𢩀	Y
𦠰	Y
顅	Y
𣭺	Y
鵳	Y
𦢳	Y
𧡌	Y
𧢞	Y
𦠘	Y
㧀	Y
𧩇	Y
𨿱	Y
𠨙	Y
𧪶	Y
㧁	Y
𣪔	Y
𢨧	Y
𢨫	Y
𢩓	Y
𧩖	Y
䚼	Y
訊	Y
𠅒	Y
廜	Y
𧬅	Y
𢨦	Y
𢩋	Y
𢩘	Y
䛝	Y
𢩑	Y
𧫞	Y
𦏝	Y
𦚑	Y
𡔞	Y
𢩈	Y
𤣴	Y
𢩔	Y
𢉫	Y
詞	Y
词	Y
𢨿	Y
𢉎	Y
𢻻	Y
𢾥	Y
𧦾	Y
𧪕	Y
𤟵	Y
諝	Y
谞	Y
𦜹	Y
𧚌	Y
𠅵	Y
𢈜	Y
𣥊	Y
訆	Y
諱	Y
𦘟	Y
扂	Y
𢈂	Y
𧦫	Y
㐧	Y
𠅂	Y
𠅻	Y
𢒋	Y
𦨤	Y
𢩄	Y
𤪉	Y
䜄	Y
𣴏	Y
昶	Y
𢩎	Y
𣉣	Y
𣲈	Y
𠰦	Y
𧬲	Y
𧵕	Y
𦨺	Y
𧭟	Y
𢩊	Y
𧠧	Y
𤔚	Y
𪊑	Y
𪊵	Y
𪋋	Y
鄜	Y
麛	Y
𡦱	Y
𡦵	Y
𨝧	Y
𨞻	Y
𪊷	Y
𪋅	Y
䴫	Y
麚	Y
𢉖	Y
𢋺	Y
𢌇	Y
𢿇	Y
𥀔	Y
𪊚	Y
𪊝	Y
𪊭	Y
𪊱	Y
𪋄	Y
𪋚	Y
𪋪	Y
䴠	Y
麌	Y
𪊏	Y
𪊞	Y
𪊢	Y
𪊦	Y
𪋐	Y
𪋧	Y
𪋬	Y
朚	Y
麎	Y
𢊇	Y
𧞯	Y
𧲊	Y
𩞇	Y
𪊒	Y
𪊘	Y
𪊬	Y
𪋁	Y
𪋱	Y
塵	Y
麝	Y
麡	Y
𪊧	Y
𪊩	Y
𪋂	Y
𪋉	Y
𪋌	Y
𪋜	Y
𪋠	Y
𪋥	Y
𪋻	Y
䴤	Y
麆	Y
麈	Y
麠	Y
𢉺	Y
𪊜	Y
𪊟	Y
𪊥	Y
𪋳	Y
䴣	Y
麟	Y
𪊣	Y
𪊰	Y
𪋙	Y
𪋢	Y
𪋲	Y
𪋷	Y
䴨	Y
䴩	Y
䴪	Y
麖	Y
𦄐	Y
𪋈	Y
𪋔	Y
𪋩	Y
𪋵	Y
蝱	Y
麘	Y
麞	Y
𣋴	Y
𧐠	Y
𧓣	Y
𧕕	Y
𩙒	Y
𪊔	Y
𪊨	Y
𪊫	Y
𪋏	Y
𪋑	Y
𪋒	Y
𪋖	Y
𪋛	Y
𪋟	Y
𪋣	Y
𪋯	Y
𪋰	Y
𪋺	Y
䴥	Y
麏	Y
麐	Y
麔	Y
麢	Y
𢉻	Y
𪊪	Y
𪊲	Y
𪊺	Y
𪊿	Y
𪋓	Y
𪋦	Y
𪋶	Y
𪋸	Y
𪊛	Y
𪊹	Y
𪋀	Y
麂	Y
𩔴	Y
𪊋	Y
𪊾	Y
𪋎	Y
㼾	Y
麅	Y
𪊍	Y
𪊡	Y
𪊤	Y
𪊮	Y
廌	Y
麃	Y
麋	Y
𢊁	Y
𪊳	Y
𪋞	Y
𪋴	Y
𨖥	Y
𪊶	Y
𪋗	Y
𪋝	Y
鏖	Y
麍	Y
麑	Y
𪋃	Y
𪊖	Y
𪊗	Y
𪊼	Y
䴢	Y
麜	Y
𪊽	Y
𪋊	Y
慶	Y
麇	Y
麕	Y
麙	Y
麣	Y
𢋵	Y
𪊎	Y
𪊴	Y
𪊸	Y
𪋹	Y
䖟	Y
䴧	Y
𢋪	Y
𪊌	Y
𪋕	Y
麒	Y
𪊐	Y
𪊻	Y
𪋫	Y
𪋮	Y
麀	Y
麤	Y
𪊕	Y
𪊯	Y
𪋆	Y
䴟	Y
䴦	Y
𪊓	Y
𪊙	Y
𪋇	Y
𪋡	Y
𠶶	Y
𢋶	Y
扈	Y
吂	Y
𦘥	Y
𦘦	Y
𡿫	Y
𢩙	Y
䊨	Y
𠅳	Y
𢩝	Y
𣘼	Y
𣙅	Y
𣚩	Y
啟	Y
𡣍	Y
𦢼	Y
廦	Y
𦏞	Y
𦟀	Y
𨐳	Y
䇔	Y
嬴	Y
羸	Y
臝	Y
蠃	Y
贏	Y
赢	Y
驘	Y
鸁	Y
𡑤	Y
𡳴	Y
𣎆	Y
𣜄	Y
𥢵	Y
𦆁	Y
𦝠	Y
𦣄	Y
𦣉	Y
𦣖	Y
𧝹	Y
𨏩	Y
𨭞	Y
𩼊	Y
㧂	Y
𢩠	Y
𦟁	Y
𤰡	Y
𥁃	Y
㢞	Y
扁	Y
騗	Y
㠵	Y
帍	Y
𠅽	Y
𢊟	Y
㓲	Y
𡵍	Y
扃	Y
𠶳	Y
𢩚	Y
㲢	Y
甂	Y
翩	Y
𢜄	Y
鶣	Y
𧡤	Y
𢩌	Y
𦘻	Y
㼐	Y
氓	Y
𣱅	Y
𠨛	Y
扇	Y
𠞛	Y
戺	Y
焈	Y
𢩂	Y
𧠞	Y
𨧒	Y
𠅡	Y
𢼚	Y
忘	Y
戹	Y
𢨤	Y
𢨪	Y
譔	Y
𢩡	Y
𣢛	Y
𦑗	Y
誋	Y
𢨼	Y
𢈘	Y
扊	Y
𨑑	Y
𣱆	Y
巟	Y
𢨺	Y
𨜽	Y
𢻄	Y
𩣐	Y
𢂠	Y
𢩁	Y
𠡌	Y
𪀞	Y
扅	Y
𧠰	Y
𥩿	Y
𣢅	Y
𣢖	Y
𢩢	Y
𪘷	Y
𩱿	Y
𩲉	Y
謵	Y
𢩏	Y
𠅎	Y
𢧊	Y
𨛌	Y
㦿	Y
杗	Y
𧨇	Y
郂	Y
𢨹	Y
𨚃	Y
㱾	Y
𢻉	Y
𢨻	Y
𢨾	Y
䏿	Y
𢨮	Y
𢨵	Y
𧫮	Y
䁈	Y
肇	Y
𢃘	Y
𢨽	Y
綮	Y
𣷙	Y
𦂟	Y
𦄊	Y
𨽷	Y
晵	Y
𢿭	Y
啓	Y
扄	Y
劾	Y
衁	Y
謐	Y
谧	Y
賌	Y
頦	Y
颏	Y
𡹘	Y
𧨨	Y
𦐤	Y
𤉰	Y
𨒨	Y
𢯄	Y
𣁆	Y
棨	Y
䛑	Y
𡭹	Y
𢼵	Y
𠛳	Y
𢩖	Y
亥	Y
欬	Y
𠅼	Y
𦜑	Y
废	Y
𠜨	Y
𢻬	Y
𢼄	Y
𧩱	Y
𢨶	Y
謘	Y
𣂋	Y
𧭋	Y
𢩞	Y
𨚳	Y
𢨭	Y
𢩆	Y
𦫋	Y
𧞂	Y
妄	Y
肁	Y
𢂪	Y
𤭉	Y
𢾹	Y
𢨱	Y
𢩤	Y
𢻠	Y
𤡵	Y
謬	Y
谬	Y
𢨨	Y
𢩅	Y
顧	Y
𢊞	Y
𢋫	Y
𢩐	Y
鳸	Y
𩿇	Y
𢨰	Y
𠅆	Y
訣	Y
诀	Y
雇	Y
𧞗	Y
𧪧	Y
䋀	Y
𢩃	Y
䛏	Y
𧩴	Y
𢨩	Y
𢩜	Y
扆	Y
𢨸	Y
𢖩	Y
𢨯	Y
𢨲	Y
𢨳	Y
𢩕	Y
𢩣	Y
𣓯	Y
訳	Y
𡙩	Y
𤇯	Y
𢈀	Y
譵	Y
𧬬	Y
𨀶	Y
帟	Y
脔	Y
䛧	Y
𢣫	Y
𢉘	Y
䜎	Y
𢊽	Y
𧭓	Y
𡣹	Y
談	Y
𧭙	Y
𨓩	Y
𨕁	Y
謎	Y
谜	Y
銮	Y
𧏅	Y
変	Y
𢼜	Y
𣷖	Y
鵉	Y
𪁂	Y
𠅯	Y
亪	Y
𠅝	Y
𦕺	Y
𧧕	Y
𢉹	Y
𥗧	Y
䜢	Y
誼	Y
𧨏	Y
豪	Y
𠅿	Y
𧮈	Y
誴	Y
𧬯	Y
𧨎	Y
亴	Y
𠅸	Y
𧮎	Y
𠆀	Y
諠	Y
𠆊	Y
諚	Y
𧬙	Y
𣨻	Y
𥆕	Y
谉	Y
𢑸	Y
𧓂	Y
𡎲	Y
諢	Y
𣄈	Y
𢉦	Y
𧮘	Y
𧬪	Y
䯧	Y
𢉂	Y
𧭈	Y
廀	Y
䛷	Y
𧧼	Y
訦	Y
𨗉	Y
𢇧	Y
𢾊	Y
𣪢	Y
𡅄	Y
詝	Y
𩐴	Y
𣂳	Y
𢾛	Y
𠅹	Y
𠆙	Y
亳	Y
詫	Y
诧	Y
讅	Y
稁	Y
𧪹	Y
𠆒	Y
𧭠	Y
𢈵	Y
𧨠	Y
𧩮	Y
𧫡	Y
𧬵	Y
𧭂	Y
𧮡	Y
𪁚	Y
𧩰	Y
𢊈	Y
𧨾	Y
䛪	Y
䛎	Y
詑	Y
𧫒	Y
𡢜	Y
䣌	Y
𤯿	Y
諙	Y
𠟇	Y
䛡	Y
𨌤	Y
𠅞	Y
𢇼	Y
𧦄	Y
𪂑	Y
椉	Y
謋	Y
㡳	Y
詆	Y
诋	Y
訩	Y
讻	Y
𧥴	Y
䛄	Y
𧩷	Y
𧧗	Y
謅	Y
𧧘	Y
𧦛	Y
㫉	Y
詭	Y
𢈌	Y
𧩩	Y
誵	Y
䛥	Y
𩑐	Y
𩕅	Y
譫	Y
谵	Y
𧨖	Y
裦	Y
褎	Y
褏	Y
襃	Y
𢋈	Y
𧦨	Y
𧦽	Y
𧪂	Y
𧬛	Y
𧍽	Y
詢	Y
𧩛	Y
𧪱	Y
𧙎	Y
訽	Y
詺	Y
𠅦	Y
䜛	Y
𧨕	Y
讒	Y
𢉕	Y
𧭦	Y
㪱	Y
𢊔	Y
讂	Y
袌	Y
𠝇	Y
䛌	Y
𣁈	Y
廯	Y
𢊧	Y
𢋡	Y
𣄤	Y
𧭷	Y
㢝	Y
𢽯	Y
𩵳	Y
諊	Y
詾	Y
袲	Y
㢁	Y
𣋿	Y
𠅫	Y
𧦷	Y
廞	Y
訤	Y
誃	Y
䛬	Y
謠	Y
𢉛	Y
𧩓	Y
𧩪	Y
𧦍	Y
㡻	Y
誑	Y
𧪴	Y
𧥺	Y
諂	Y
诌	Y
諍	Y
诤	Y
𧬦	Y
𢇣	Y
䚿	Y
𣁼	Y
𪉃	Y
㡱	Y
𧨥	Y
廇	Y
𧪭	Y
𧫘	Y
訋	Y
𢇪	Y
䛀	Y
𢈅	Y
𧦼	Y
䜂	Y
𧩝	Y
𢈕	Y
庪	Y
䛻	Y
𢇹	Y
諻	Y
𧦺	Y
詬	Y
𧧊	Y
𧥸	Y
𣁄	Y
謕	Y
𢊀	Y
𢉓	Y
𧪥	Y
𢊐	Y
𧦐	Y
誅	Y
𧪒	Y
𢊵	Y
𢋑	Y
𤮢	Y
廡	Y
譕	Y
𢋰	Y
䛲	Y
𧨰	Y
𢈊	Y
𢳅	Y
𧦈	Y
𧥷	Y
𧪢	Y
𧭇	Y
廆	Y
謉	Y
𩲌	Y
褢	Y
𧭵	Y
𢋝	Y
𧮊	Y
𧮓	Y
䜠	Y
諀	Y
螷	Y
蠯	Y
𢋜	Y
袠	Y
詄	Y
廏	Y
廐	Y
譤	Y
訴	Y
𧝺	Y
𢉽	Y
𧭱	Y
𢉬	Y
諲	Y
謤	Y
𢊣	Y
𣁡	Y
𣄔	Y
㡷	Y
庮	Y
𧦹	Y
廂	Y
譚	Y
𧙃	Y
訶	Y
謌	Y
䜖	Y
𢋬	Y
𢛫	Y
𪎙	Y
𦗕	Y
𨟖	Y
𪎛	Y
魔	Y
麽	Y
黀	Y
𣀫	Y
𪎘	Y
磨	Y
靡	Y
𪎞	Y
䯢	Y
𢊶	Y
𢋚	Y
𢒹	Y
𢒺	Y
塺	Y
𢊢	Y
𢌁	Y
𪎝	Y
𪓹	Y
犘	Y
𤜘	Y
𨄬	Y
縻	Y
𢋎	Y
𪎡	Y
𪎭	Y
䵉	Y
劘	Y
黁	Y
𠞥	Y
𠠒	Y
𠠣	Y
𢋙	Y
𦓡	Y
𪎗	Y
𪎱	Y
麿	Y
𢊠	Y
𪎩	Y
𥂓	Y
黂	Y
𡻤	Y
𩔶	Y
𪎑	Y
𪎬	Y
𪎯	Y
𪎰	Y
㦄	Y
麾	Y
𪎜	Y
㸏	Y
䳸	Y
爢	Y
糜	Y
𪎖	Y
𪎠	Y
𪎣	Y
摩	Y
𪎚	Y
𪎥	Y
𪎧	Y
𪎮	Y
𢊲	Y
𢌑	Y
𪎦	Y
䵇	Y
穈	Y
𢋤	Y
𢋮	Y
𪎪	Y
𠞧	Y
𡡉	Y
𪎕	Y
𢋲	Y
𪎫	Y
麼	Y
𪎔	Y
䜆	Y
諃	Y
䜉	Y
𢋢	Y
𪁱	Y
庲	Y
誺	Y
𣞇	Y
訹	Y
䛂	Y
𧧭	Y
託	Y
讬	Y
𧥫	Y
㡯	Y
𢇠	Y
𡥮	Y
斿	Y
䗐	Y
䞄	Y
𧦖	Y
𧦧	Y
遊	Y
𧪁	Y
𡟕	Y
𡉢	Y
庅	Y
𣄠	Y
話	Y
𢈦	Y
𢉇	Y
𧧽	Y
𢇻	Y
㢗	Y
旖	Y
譑	Y
𩒩	Y
𩕲	Y
𣄑	Y
䛈	Y
訞	Y
膂	Y
𧝢	Y
𧝻	Y
𧞚	Y
誘	Y
膐	Y
旅	Y
𧧔	Y
𧫑	Y
𧪗	Y
𧬿	Y
𠅬	Y
𢇦	Y
𧘝	Y
𡌼	Y
䚾	Y
許	Y
𧮂	Y
誥	Y
诰	Y
𢊉	Y
讚	Y
䚽	Y
𣬵	Y
𢉐	Y
庭	Y
誔	Y
𨓀	Y
𨓍	Y
詵	Y
诜	Y
𠅨	Y
𢈇	Y
𧧲	Y
㢎	Y
䛽	Y
𧮖	Y
諈	Y
諥	Y
㫌	Y
𢋯	Y
𧦶	Y
廭	Y
旊	Y
𣄊	Y
旇	Y
𧫸	Y
㡸	Y
詐	Y
𧬁	Y
詯	Y
𧫍	Y
𢊚	Y
𢋛	Y
䛮	Y
𩔽	Y
𧦓	Y
𧪩	Y
誕	Y
诞	Y
𧭮	Y
旓	Y
旐	Y
𢽮	Y
𣃥	Y
𧧂	Y
𣃧	Y
𧪑	Y
誗	Y
𣃵	Y
𢈱	Y
𣄙	Y
𧌱	Y
詻	Y
𧦎	Y
𧭀	Y
𣄧	Y
𣄨	Y
𢉠	Y
𣃳	Y
𧧓	Y
𣃻	Y
謥	Y
𢊕	Y
𧪳	Y
䛜	Y
𢈣	Y
𧫝	Y
𣃴	Y
𧪫	Y
䜒	Y
𠆇	Y
𧬄	Y
𣄘	Y
㫋	Y
謝	Y
斾	Y
𣄖	Y
𧧦	Y
𩔣	Y
䛢	Y
斻	Y
𧥬	Y
𢈯	Y
𢋋	Y
𣃲	Y
𣃰	Y
旃	Y
𣃯	Y
𣃹	Y
𢄲	Y
䗠	Y
訖	Y
讫	Y
為	Y
𤍋	Y
𪍧	Y
𥪱	Y
𩙴	Y
旎	Y
㢖	Y
旙	Y
譒	Y
𣄡	Y
𣄐	Y
䢟	Y
𢇫	Y
㫎	Y
𧦟	Y
𣃮	Y
謻	Y
𣃽	Y
𣃦	Y
𢋉	Y
旂	Y
誐	Y
𣄉	Y
旚	Y
㫊	Y
𣓰	Y
㫏	Y
㢉	Y
𣃬	Y
𪙱	Y
𣃼	Y
𧛿	Y
𤯎	Y
旌	Y
𣄀	Y
𢄧	Y
𡮰	Y
𢊆	Y
𧐈	Y
旛	Y
𩕇	Y
旄	Y
𣄓	Y
鷟	Y
𩺯	Y
𢳈	Y
𣃩	Y
𩀥	Y
𣄢	Y
𧦝	Y
庝	Y
𣄕	Y
𣄞	Y
旞	Y
𣃿	Y
𧪝	Y
𢉟	Y
𧩺	Y
𡝶	Y
諉	Y
帰	Y
旟	Y
旍	Y
𩜢	Y
𧬡	Y
㢔	Y
𧬠	Y
旝	Y
𣃭	Y
譗	Y
𧦻	Y
𣄪	Y
㫍	Y
𣃨	Y
誨	Y
𣄆	Y
旜	Y
州	Y
𣄦	Y
旒	Y
𧦁	Y
𧪃	Y
誁	Y
旘	Y
識	Y
庰	Y
𧪜	Y
㡿	Y
䜇	Y
𧮕	Y
𧪘	Y
𧫵	Y
𢊭	Y
詳	Y
𦍢	Y
庠	Y
𧬆	Y
𨗚	Y
𧧤	Y
𧬸	Y
龐	Y
譋	Y
𢉭	Y
𧪈	Y
譾	Y
𧬫	Y
譢	Y
𣄚	Y
謭	Y
𢈧	Y
譲	Y
䚵	Y
詊	Y
斓	Y
斕	Y
讕	Y
𧫛	Y
𧷫	Y
議	Y
𨒳	Y
𢉩	Y
𣄛	Y
𧬤	Y
諳	Y
𧬘	Y
𧫱	Y
㢓	Y
譩	Y
𧮑	Y
𧫙	Y
𢋆	Y
廍	Y
𧚹	Y
𠅭	Y
説	Y
𢋕	Y
譄	Y
謫	Y
謪	Y
讁	Y
諩	Y
譜	Y
諦	Y
谛	Y
𢉊	Y
𧬍	Y
謗	Y
𧜍	Y
諮	Y
𧫎	Y
𧫺	Y
讇	Y
詨	Y
譐	Y
𢉷	Y
𧬱	Y
𧭼	Y
𧪠	Y
諺	Y
𧪻	Y
𧭘	Y
𧮍	Y
𣀃	Y
𧩕	Y
劆	Y
㢘	Y
廉	Y
謙	Y
𢌍	Y
𣀊	Y
𣤤	Y
𧫀	Y
謚	Y
𧋲	Y
𢋸	Y
譭	Y
𧫿	Y
䛼	Y
𦫍	Y
𦫏	Y
郎	Y
𣁚	Y
廄	Y
郒	Y
塱	Y
𠅴	Y
𡏅	Y
𢊨	Y
剆	Y
𠻡	Y
勆	Y
𤭒	Y
𧪅	Y
𪁜	Y
𨖅	Y
㮾	Y
㓪	Y
欴	Y
詉	Y
𢧳	Y
郞	Y
鄘	Y
郎	Y
𧫫	Y
㣑	Y
庸	Y
㡾	Y
𤮇	Y
鷛	Y
𣂞	Y
裒	Y
詪	Y
㡽	Y
𧧪	Y
𢇥	Y
旔	Y
𢉆	Y
𢧪	Y
鄌	Y
廋	Y
謏	Y
𢉼	Y
㲥	Y
㼺	Y
𢞢	Y
鶶	Y
𡃯	Y
𠅄	Y
𢈏	Y
𩀛	Y
𨝎	Y
𢠓	Y
𤮊	Y
㱂	Y
𧨹	Y
䜈	Y
𢋟	Y
𢈆	Y
𧚱	Y
𡔏	Y
詔	Y
𧖇	Y
𦉨	Y
廱	Y
𧭞	Y
亹	Y
斖	Y
𧧱	Y
𧫇	Y
𥹺	Y
誛	Y
誽	Y
𧮏	Y
𦙪	Y
𧨡	Y
𧩣	Y
𢋖	Y
𪙔	Y
𪚎	Y
𪗅	Y
𦠃	Y
𩝦	Y
𪗇	Y
𪗋	Y
𨢞	Y
𩐐	Y
𩐓	Y
𧓉	Y
𧖊	Y
𪗐	Y
𠆗	Y
𧷔	Y
𪗎	Y
𪔉	Y
𩹵	Y
𪗏	Y
𪗈	Y
𪗉	Y
𪗑	Y
𪗒	Y
𪗓	Y
𠆈	Y
𠆜	Y
𦦏	Y
𪗍	Y
𦠕	Y
𪗌	Y
𧧠	Y
𧭄	Y
𢈰	Y
鹒	Y
庾	Y
賡	Y
赓	Y
𣮒	Y
鶊	Y
𢊪	Y
𢈑	Y
諛	Y
谀	Y
𨿶	Y
䜀	Y
䜧	Y
譅	Y
認	Y
訒	Y
訙	Y
讱	Y
𧦭	Y
𢉡	Y
𧝥	Y
𢇯	Y
𢉔	Y
𢈳	Y
𧩟	Y
庺	Y
訟	Y
𧥰	Y
診	Y
𠅲	Y
𢉶	Y
𠆟	Y
𧜪	Y
𧝾	Y
𢊻	Y
𧫕	Y
㫅	Y
𢉃	Y
𣄅	Y
𣁫	Y
𢊾	Y
𧭾	Y
𢜆	Y
焤	Y
𠆠	Y
𠆡	Y
廃	Y
𣡥	Y
腐	Y
𣄣	Y
𣩇	Y
詂	Y
論	Y
讑	Y
𣄇	Y
𧩸	Y
𧭆	Y
詮	Y
㢏	Y
廥	Y
諭	Y
譮	Y
谕	Y
𠅜	Y
詥	Y
𢈈	Y
𢊴	Y
𧪺	Y
諡	Y
𧨦	Y
𩖆	Y
䚷	Y
𢇱	Y
𧬈	Y
𨘰	Y
𠅚	Y
𢋻	Y
證	Y
㢛	Y
譣	Y
𢋅	Y
𢌃	Y
𣄝	Y
𣃘	Y
㫆	Y
𧦜	Y
亱	Y
䚸	Y
斺	Y
庎	Y
𢈁	Y
說	Y
𠆅	Y
𢉣	Y
𧩨	Y
𢈹	Y
𧨮	Y
㢂	Y
𧧆	Y
𧧴	Y
𧪛	Y
𢊅	Y
𧪲	Y
詤	Y
𧭎	Y
𧚤	Y
㢋	Y
𧩀	Y
𠜡	Y
𨿤	Y
𧨂	Y
𢊒	Y
䛙	Y
𢈄	Y
䛘	Y
𧧻	Y
庩	Y
㖱	Y
𡖵	Y
鵺	Y
𧧶	Y
𣃶	Y
𩩘	Y
𣄒	Y
㫈	Y
𠆋	Y
㫇	Y
乻	Y
𨔆	Y
旕	Y
訜	Y
鳼	Y
鴋	Y
鴍	Y
𩾦	Y
𧭯	Y
𥀏	Y
𧧡	Y
𩦵	Y
𥗱	Y
膺	Y
𩪠	Y
卒	Y
𧨀	Y
𨤫	Y
讖	Y
谶	Y
鹰	Y
𠆂	Y
𥊹	Y
𡮇	Y
𧬢	Y
䛦	Y
噟	Y
𣃺	Y
顇	Y
𧸛	Y
㲞	Y
應	Y
𢋩	Y
𤭢	Y
𦑋	Y
鷹	Y
𢋗	Y
𪁽	Y
𪈠	Y
𨔊	Y
𣖛	Y
𣠛	Y
𢊿	Y
𢋌	Y
𣦮	Y
𠅃	Y
𡣼	Y
㰵	Y
𢊦	Y
䧹	Y
譍	Y
雜	Y
𨿼	Y
廢	Y
𧬋	Y
訛	Y
讹	Y
𢋥	Y
㡵	Y
詅	Y
謢	Y
﨎	Y
𢊄	Y
𣃠	Y
㢈	Y
𢉲	Y
𧘭	Y
㢑	Y
䜃	Y
誰	Y
谁	Y
𣁑	Y
𧪄	Y
𧫧	Y
𨾔	Y
誝	Y
謒	Y
𢋄	Y
𢋞	Y
𩒯	Y
庈	Y
訡	Y
諗	Y
谂	Y
𢈸	Y
𣃢	Y
譙	Y
谯	Y
𪇻	Y
𪈲	Y
𪈾	Y
𤕚	Y
𡢦	Y
𢉄	Y
𧫟	Y
𢊜	Y
𤣦	Y
庼	Y
廎	Y
𩑹	Y
䛹	Y
𦇨	Y
𠅋	Y
謴	Y
𣫺	Y
𧦒	Y
𠲯	Y
𣫭	Y
𧘨	Y
訠	Y
𠞩	Y
𪅄	Y
䢦	Y
玅	Y
紊	Y
𠞻	Y
𧧈	Y
詣	Y
䛍	Y
𠛑	Y
𤣨	Y
鄐	Y
𨏯	Y
詏	Y
𠡆	Y
𢢦	Y
𨕢	Y
𤣧	Y
𣄌	Y
牽	Y
𨖱	Y
𨘙	Y
𧭥	Y
玈	Y
饔	Y
𦡚	Y
壅	Y
譺	Y
䗸	Y
㽫	Y
罋	Y
甕	Y
𪇛	Y
𢶜	Y
𦡈	Y
㢕	Y
㻾	Y
𠂅	Y
𠙰	Y
𢽺	Y
𠮈	Y
䲻	Y
𪇉	Y
𢋘	Y
𥏉	Y
𡓩	Y
𧧺	Y
𢉾	Y
䚹	Y
䜝	Y
諧	Y
谐	Y
譏	Y
𧩿	Y
孶	Y
𢌕	Y
玆	Y
誸	Y
𧦮	Y
𧩧	Y
謶	Y
𧫽	Y
𧭧	Y
𧩅	Y
𧭰	Y
謧	Y
諄	Y
谆	Y
𧧣	Y
𧨑	Y
𧫨	Y
譈	Y
𢌈	Y
𧮛	Y
旈	Y
𧨆	Y
𧨯	Y
𧫥	Y
庡	Y
𧘩	Y
堃	Y
訁	Y
註	Y
𧫰	Y
广	Y
文	Y
䛸	Y
𢈴	Y
𡰗	Y
𡰜	Y
𧫾	Y
諒	Y
𧩽	Y
𧭺	Y
䜞	Y
讓	Y
𧮨	Y
𢌓	Y
譠	Y
𢋃	Y
廪	Y
𢈺	Y
乀	Y
乁	Y
廩	Y
謞	Y
𣃚	Y
𧦑	Y
䝺	Y
斒	Y
諞	Y
谝	Y
𢉞	Y
𧩈	Y
庐	Y
𧜫	Y
𧨉	Y
𧫢	Y
詠	Y
𧫲	Y
謆	Y
𧧢	Y
𣒷	Y
𢇜	Y
𧧄	Y
𧧮	Y
該	Y
该	Y
廘	Y
𧧩	Y
𨘔	Y
譹	Y
諪	Y
𠆖	Y
𧨱	Y
𧮠	Y
𧫼	Y
𧧉	Y
𧩹	Y
詶	Y
𢊯	Y
𧩵	Y
𧩔	Y
譧	Y
𧭚	Y
𧩯	Y
㢃	Y
斏	Y
誏	Y
𪗆	Y
𧦣	Y
𧨐	Y
𣁠	Y
𢋿	Y
𧩉	Y
誶	Y
𢈼	Y
𡖍	Y
詃	Y
𢋊	Y
𣃡	Y
譶	Y
𡑔	Y
𧭫	Y
𧭛	Y
𧮗	Y
𣁕	Y
𧮦	Y
．	Z
。	Z
，	Z
、	Z
；	Z
：	Z
？	Z
！	Z
…	Z
—	Z
·	Z
ˉ	Z
ˇ	Z
¨	Z
々	Z
～	Z
‖	Z
∶	Z
＂	Z
＇	Z
｀	Z
｜	Z
А	Z
Б	Z
В	Z
Г	Z
Д	Z
Е	Z
Ж	Z
З	Z
И	Z
Й	Z
К	Z
Л	Z
М	Z
Н	Z
О	Z
П	Z
Р	Z
С	Z
Т	Z
У	Z
Ф	Z
Х	Z
Ц	Z
Ч	Z
Ш	Z
Щ	Z
Ъ	Z
Ы	Z
Ь	Z
Э	Z
Ю	Z
Я	Z
Ё	Z
Ⅰ	Z
Ⅱ	Z
Ⅲ	Z
Ⅳ	Z
Ⅴ	Z
Ⅵ	Z
Ⅶ	Z
Ⅷ	Z
Ⅸ	Z
Ⅹ	Z
Ⅺ	Z
Ⅻ	Z
㎎	Z
㎏	Z
㎜	Z
㎝	Z
㎞	Z
㎡	Z
㏄	Z
㏎	Z
㏑	Z
㏒	Z
㏕	Z
Α	Z
Β	Z
Γ	Z
Δ	Z
Ε	Z
Ζ	Z
Η	Z
Θ	Z
Ι	Z
Κ	Z
Λ	Z
Μ	Z
Ν	Z
Ξ	Z
Ο	Z
Π	Z
Ρ	Z
Σ	Z
Τ	Z
Υ	Z
Φ	Z
Χ	Z
Ψ	Z
Ω	Z
€	Z
＄	Z
￠	Z
￡	Z
￥	Z
¤	Z
ァ	Z
ア	Z
ィ	Z
イ	Z
ゥ	Z
ウ	Z
ェ	Z
エ	Z
ォ	Z
オ	Z
カ	Z
ガ	Z
キ	Z
ギ	Z
ク	Z
グ	Z
ケ	Z
ゲ	Z
コ	Z
ゴ	Z
サ	Z
ザ	Z
シ	Z
ジ	Z
ス	Z
ズ	Z
セ	Z
ゼ	Z
ソ	Z
ゾ	Z
タ	Z
ダ	Z
チ	Z
ヂ	Z
ッ	Z
ツ	Z
ヅ	Z
テ	Z
デ	Z
ト	Z
ド	Z
ナ	Z
ニ	Z
ヌ	Z
ネ	Z
ノ	Z
ハ	Z
バ	Z
パ	Z
ヒ	Z
ビ	Z
ピ	Z
フ	Z
ブ	Z
プ	Z
ヘ	Z
ベ	Z
ペ	Z
ホ	Z
ボ	Z
ポ	Z
マ	Z
ミ	Z
ム	Z
メ	Z
モ	Z
ャ	Z
ヤ	Z
ュ	Z
ユ	Z
ョ	Z
ヨ	Z
ラ	Z
リ	Z
ル	Z
レ	Z
ロ	Z
ヮ	Z
ワ	Z
ヰ	Z
ヱ	Z
ヲ	Z
ン	Z
ヴ	Z
ヵ	Z
ヶ	Z
ー	Z
ヽ	Z
ヾ	Z
ぁ	Z
あ	Z
ぃ	Z
い	Z
ぅ	Z
う	Z
ぇ	Z
え	Z
ぉ	Z
お	Z
か	Z
が	Z
き	Z
ぎ	Z
く	Z
ぐ	Z
け	Z
げ	Z
こ	Z
ご	Z
さ	Z
ざ	Z
し	Z
じ	Z
す	Z
ず	Z
せ	Z
ぜ	Z
そ	Z
ぞ	Z
た	Z
だ	Z
ち	Z
ぢ	Z
っ	Z
つ	Z
づ	Z
て	Z
で	Z
と	Z
ど	Z
な	Z
に	Z
ぬ	Z
ね	Z
の	Z
は	Z
ば	Z
ぱ	Z
ひ	Z
び	Z
ぴ	Z
ふ	Z
ぶ	Z
ぷ	Z
へ	Z
べ	Z
ぺ	Z
ほ	Z
ぼ	Z
ぽ	Z
ま	Z
み	Z
む	Z
め	Z
も	Z
ゃ	Z
や	Z
ゅ	Z
ゆ	Z
ょ	Z
よ	Z
ら	Z
り	Z
る	Z
れ	Z
ろ	Z
ゎ	Z
わ	Z
ゐ	Z
ゑ	Z
を	Z
ん	Z
゛	Z
゜	Z
ゝ	Z
ゞ	Z
ā	Z
á	Z
ǎ	Z
à	Z
ō	Z
ó	Z
ǒ	Z
ò	Z
ê	Z
ē	Z
é	Z
ě	Z
è	Z
ī	Z
í	Z
ǐ	Z
ì	Z
ǖ	Z
ǘ	Z
ǚ	Z
ǜ	Z
ü	Z
ū	Z
ú	Z
ǔ	Z
ù	Z
＋	Z
－	Z
＜	Z
＝	Z
＞	Z
±	Z
×	Z
÷	Z
∈	Z
∏	Z
∑	Z
∕	Z
√	Z
∝	Z
∞	Z
∟	Z
∠	Z
∣	Z
∥	Z
∧	Z
∨	Z
∩	Z
∪	Z
∫	Z
∮	Z
∴	Z
∵	Z
∷	Z
∽	Z
≈	Z
≌	Z
≒	Z
≠	Z
≡	Z
≤	Z
≥	Z
≦	Z
≧	Z
≮	Z
≯	Z
⊕	Z
⊙	Z
⊥	Z
⊿	Z
℃	Z
°	Z
‰	Z
♂	Z
♀	Z
§	Z
№	Z
☆	Z
★	Z
○	Z
●	Z
◎	Z
◇	Z
◆	Z
□	Z
■	Z
△	Z
▲	Z
※	Z
〓	Z
＃	Z
＆	Z
＠	Z
＼	Z
＾	Z
＿	Z
￣	Z
а	Z
б	Z
в	Z
г	Z
д	Z
е	Z
ж	Z
з	Z
и	Z
й	Z
к	Z
л	Z
м	Z
н	Z
о	Z
п	Z
р	Z
с	Z
т	Z
у	Z
ф	Z
х	Z
ц	Z
ч	Z
ш	Z
щ	Z
ъ	Z
ы	Z
ь	Z
э	Z
ю	Z
я	Z
ё	Z
ⅰ	Z
ⅱ	Z
ⅲ	Z
ⅳ	Z
ⅴ	Z
ⅵ	Z
ⅶ	Z
ⅷ	Z
ⅸ	Z
ⅹ	Z
α	Z
β	Z
γ	Z
δ	Z
ε	Z
ζ	Z
η	Z
θ	Z
ι	Z
κ	Z
λ	Z
μ	Z
ν	Z
ξ	Z
ο	Z
π	Z
ρ	Z
σ	Z
τ	Z
υ	Z
φ	Z
χ	Z
ψ	Z
ω	Z
ㄅ	Z
ㄆ	Z
ㄇ	Z
ㄈ	Z
ㄉ	Z
ㄊ	Z
ㄋ	Z
ㄌ	Z
ㄍ	Z
ㄎ	Z
ㄏ	Z
ㄐ	Z
ㄑ	Z
ㄒ	Z
ㄓ	Z
ㄔ	Z
ㄕ	Z
ㄖ	Z
ㄗ	Z
ㄘ	Z
ㄙ	Z
ㄧ	Z
ㄨ	Z
ㄩ	Z
ㄚ	Z
ㄛ	Z
ㄜ	Z
ㄝ	Z
ㄞ	Z
ㄟ	Z
ㄠ	Z
ㄡ	Z
ㄢ	Z
ㄣ	Z
ㄤ	Z
ㄥ	Z
ㄦ	Z
𬳶	C
𬀩	J
𫄷	X
𬉼	O
𫞩	G
𬇹	I
𬨎	L
𫓶	Q
𬒈	I
𫑡	K
𫍲	Y
𬭶	Q
𬘯	X
𬍛	G
𬴂	C
𫠜	H
𬘓	X
𬭛	Q
𬭸	Q
𬺓	H
𫚕	Q
𬬻	Q
𬮿	B
𫘧	C
𪨶	M
𬺈	H
𬴊	C
𬳽	C
𬷕	G
𫔎	Q
𬣡	Y
𫗴	Q
𬍡	I
𬶮	Q
𬶭	Q
𬤊	Y
𬘘	X
𬤇	Y
𬞟	A
𬶨	V
𫘪	C
𬂩	S
𫄨	X
𬭁	Q
𫠊	C
𪾢	H
𬒔	D
𫚭	Q
𬘡	X
𬙂	X
𬩽	V
𬭼	Q
𬶍	Q
𬱟	Q
𫐄	L
𫍯	Y
𬟽	J
𫄸	X
鿏	Q
𫐓	L
𫍣	Y
𬬿	Q
𬜯	A
𫌀	P
𫄧	X
𬬮	Q
𬸦	Y
𫖳	V
𬒗	D
𫭟	F
𫖮	M
𬳿	C
𬮱	U
𫘦	C
𪤗	F
𬬩	Q
𬍤	G
𬙋	X
𪣻	F
𬶏	Q
𫢸	W
鿍	F
𫘬	C
𫵷	M
𬸣	P
𬘬	X
𬬸	Q
𫖯	I
𫍽	Y
𫟅	X
𬳵	C
𬘭	X
𫟼	Q
𬪩	S
𬭎	Q
𬤝	Y
𫇭	A
𬊈	O
𬶟	Q
鿎	D
𬙊	X
𬣞	Y
𬭳	Q
𫟹	Q
𫓹	Q
𫗧	Q
𫭢	F
𬶠	Q
𬣙	Y
𬹼	H
𬇕	I
𫓧	Q
𬕂	T
𬘩	X
𬭩	Q
𬟁	A
𬸪	T
𬬱	Q
𬬭	Q
𫫇	K
𪨰	M
𬱖	M
𫛭	Q
𫔶	U
𫐐	L
𬌗	A
𪟝	G
𬭬	Q
𬇙	I
𫸩	X
𫮃	F
𬯎	B
𬃊	S
𬸚	Q
𫶇	M
𬬹	Q
𬜬	A
𫟦	L
𫘨	C
𬘫	X
𬨂	L
𬸘	A
𬶋	Q
𫚖	H
𬭯	Q
𬣳	Y
𫭼	F
𫰛	V
𬊤	O
𬭚	Q
𫠆	F
𪩘	M
𬴃	C
𬯀	B
𬭤	Q
𫘜	C
𫷷	Y
𬶐	Q
𫓯	Q
𫘝	C
𬭊	Q
𬀪	J
𫔍	Q
