编码,名称,别名,药品类型,剂型,制剂规格,制剂单位,含量数值,含量单位,储藏方式,处方药,基本药物,抗菌药,抗菌药等级,需要皮试,默认剂量,默认剂量单位,默认给药途径,默认频次,慢病用药,允许单开,状态
MED-2026-W001-01,青霉素（注射用无菌粉末）,Benzylpenicillin,WESTERN,INJECTION,（钾盐）注射用无菌粉末：0.25g（40 万单位）、0.5g（80 万单位）,支,0.25,g,ROOM_TEMPERATURE,是,是,是,NON_RESTRICTED,是,,,IVGTT,QD,否,是,ACTIVE
MED-2026-W001-02,青霉素（注射用无菌粉末）,Benzylpenicillin,WESTERN,INJECTION,（钠盐）注射用无菌粉末：0.24g（40 万单位）、0.48g（80 万单位）、 0.96g（ 160 万单位）、2.4g（400 万单位）,支,0.24,g,ROOM_TEMPERATURE,是,是,是,NON_RESTRICTED,是,,,IVGTT,QD,否,是,ACTIVE
MED-2026-W002,苄星青霉素注射用无菌粉末,Benzathine Benzylpenicillin,WESTERN,INJECTION,60 万单位、120万单位,支,60,万单位,ROOM_TEMPERATURE,是,是,是,NON_RESTRICTED,是,,,IVGTT,QD,否,是,ACTIVE
MED-2026-W003-01,苯唑西林（片剂）,Oxacillin,WESTERN,TABLET,片剂、胶囊：0.25g,片,0.25,g,ROOM_TEMPERATURE,是,是,是,NON_RESTRICTED,是,,,ORAL,TID,否,是,ACTIVE
MED-2026-W003-02,苯唑西林（注射用无菌粉末）,Oxacillin,WESTERN,INJECTION,0.5g、1.0g、2.0g,支,0.5,g,ROOM_TEMPERATURE,是,是,是,NON_RESTRICTED,是,,,IVGTT,QD,否,是,ACTIVE
MED-2026-W004,氨苄西林注射用无菌粉末,Ampicillin,WESTERN,INJECTION,0.5g、1.0g、2.0g,支,0.5,g,ROOM_TEMPERATURE,是,是,是,NON_RESTRICTED,是,,,IVGTT,QD,否,是,ACTIVE
MED-2026-W005,哌拉西林注射用无菌粉末,Piperacillin,WESTERN,INJECTION,0.5g、1.0g、2.0g、 4.0g,支,0.5,g,ROOM_TEMPERATURE,是,是,是,NON_RESTRICTED,是,,,IVGTT,QD,否,是,ACTIVE
MED-2026-W006,阿莫西林片剂,Amoxicillin,WESTERN,TABLET,片剂、胶囊、颗粒剂、干混悬剂： 0.125g 、0.25g,片,0.125,g,ROOM_TEMPERATURE,是,是,是,NON_RESTRICTED,否,,,ORAL,TID,否,是,ACTIVE
MED-2026-W007-01,阿莫西林克拉维酸钾（片剂）,"Amoxicillin and
Clavulanate Potassium",WESTERN,TABLET,阿莫西林∶克拉维酸=2∶1、 4 ∶1 、7 ∶1,片,,,ROOM_TEMPERATURE,是,是,是,NON_RESTRICTED,是,,,ORAL,TID,否,是,ACTIVE
MED-2026-W007-02,阿莫西林克拉维酸钾（颗粒剂）,"Amoxicillin and
Clavulanate Potassium",WESTERN,GRANULE,125mg∶31.25mg（ 4 ∶1 ）、 200mg∶28.5mg（ 7 ∶1 ）（阿莫西林∶克拉维酸）,袋,125,mg,ROOM_TEMPERATURE,是,是,是,NON_RESTRICTED,是,,,ORAL,QD,否,是,ACTIVE
MED-2026-W007-03,阿莫西林克拉维酸钾（干混悬剂）,"Amoxicillin and
Clavulanate Potassium",WESTERN,ORAL_LIQUID,250mg∶62.5mg（4∶1 ）、 200mg∶28.5mg（ 7 ∶1 ）（阿莫西林∶克拉维酸）,瓶,250,mg,ROOM_TEMPERATURE,是,是,是,NON_RESTRICTED,是,,,ORAL,QD,否,是,ACTIVE
MED-2026-W007-04,阿莫西林克拉维酸钾（注射用无菌粉末）,"Amoxicillin and
Clavulanate Potassium",WESTERN,INJECTION,250mg∶50mg（ 5 ∶1 ）、500mg∶100mg（ 5 ∶1 ）、 1000mg∶200mg（ 5 ∶1 ）（阿莫西林∶克拉维酸）,支,250,mg,ROOM_TEMPERATURE,是,是,是,NON_RESTRICTED,是,,,IVGTT,QD,否,是,ACTIVE
MED-2026-W008,哌拉西林钠他唑巴坦钠注射用无菌粉末,Piperacillin Sodium and Tazobactam Sodium,WESTERN,INJECTION,2.25g（哌拉西林 2.0g 与他唑巴坦 0.25g）、4.5g（哌拉西林 4.0g 与他唑巴坦 0.5g）,支,2.25,g,ROOM_TEMPERATURE,是,是,是,NON_RESTRICTED,是,,,IVGTT,QD,否,是,ACTIVE
MED-2026-W009,头孢唑林注射用无菌粉末,Cefazolin,WESTERN,INJECTION,0.5g 、1.0g,支,0.5,g,ROOM_TEMPERATURE,是,是,是,NON_RESTRICTED,是,,,IVGTT,QD,否,是,ACTIVE
MED-2026-W010,头孢拉定胶囊,Cefradine,WESTERN,CAPSULE,0.25g 、0.5g,粒,0.25,g,ROOM_TEMPERATURE,是,是,是,NON_RESTRICTED,否,,,ORAL,TID,否,是,ACTIVE
MED-2026-W011-01,头孢氨苄（片剂）,Cefalexin,WESTERN,TABLET,片剂、胶囊：0. 125g 、0.25g,片,125,g,ROOM_TEMPERATURE,是,是,是,NON_RESTRICTED,否,,,ORAL,TID,否,是,ACTIVE
MED-2026-W011-02,头孢氨苄（颗粒剂）,Cefalexin,WESTERN,GRANULE,0.05g 、0. 125g,袋,0.05,g,ROOM_TEMPERATURE,是,是,是,NON_RESTRICTED,否,,,ORAL,QD,否,是,ACTIVE
MED-2026-W012-01,头孢呋辛（片剂）,Cefuroxime,WESTERN,TABLET,（头孢呋辛酯）片剂、分散片、胶囊、干混悬剂：0. 125g 、0.25g,片,125,g,ROOM_TEMPERATURE,是,是,是,RESTRICTED,否,,,ORAL,TID,否,是,ACTIVE
MED-2026-W012-02,头孢呋辛（注射用无菌粉末）,Cefuroxime,WESTERN,INJECTION,（钠盐）注射用无菌粉末：0.25g、 0.5g 、0.75g 、1.5g,支,0.25,g,ROOM_TEMPERATURE,是,是,是,RESTRICTED,是,,,IVGTT,QD,否,是,ACTIVE
MED-2026-W013-01,头孢克肟（片剂）,Cefixime,WESTERN,TABLET,50mg 、100mg,片,50,mg,ROOM_TEMPERATURE,是,是,是,NON_RESTRICTED,否,,,ORAL,TID,否,是,ACTIVE
MED-2026-W013-02,头孢克肟（分散片）,Cefixime,WESTERN,TABLET,100mg,片,100,mg,ROOM_TEMPERATURE,是,是,是,NON_RESTRICTED,否,,,ORAL,TID,否,是,ACTIVE
MED-2026-W013-03,头孢克肟（胶囊）,Cefixime,WESTERN,CAPSULE,100mg,粒,100,mg,ROOM_TEMPERATURE,是,是,是,NON_RESTRICTED,否,,,ORAL,TID,否,是,ACTIVE
MED-2026-W013-04,头孢克肟（颗粒剂）,Cefixime,WESTERN,GRANULE,50mg,袋,50,mg,ROOM_TEMPERATURE,是,是,是,NON_RESTRICTED,否,,,ORAL,QD,否,是,ACTIVE
MED-2026-W013-05,头孢克肟（干混悬剂）,Cefixime,WESTERN,ORAL_LIQUID,50mg 、100mg,瓶,50,mg,ROOM_TEMPERATURE,是,是,是,NON_RESTRICTED,否,,,ORAL,QD,否,是,ACTIVE
MED-2026-W014,头孢曲松注射用无菌粉末,Ceftriaxone,WESTERN,INJECTION,0.25g、0.5g、1.0g、 2.0g,支,0.25,g,ROOM_TEMPERATURE,是,是,是,RESTRICTED,是,,,IVGTT,QD,否,是,ACTIVE
MED-2026-W015,头孢他啶注射用无菌粉末,Ceftazidime,WESTERN,INJECTION,0.25g、0.5g、1.0g、 2.0g,支,0.25,g,ROOM_TEMPERATURE,是,是,是,RESTRICTED,是,,,IVGTT,QD,否,是,ACTIVE
MED-2026-W016,阿米卡星注射液,Amikacin,WESTERN,INJECTION,1ml ∶0. 1g（ 10 万单位）、 2ml ∶0.2g（20 万单位）,支,1,ml,ROOM_TEMPERATURE,是,是,是,NON_RESTRICTED,否,,,IM,QD,否,是,ACTIVE
MED-2026-W017,庆大霉素注射液,Gentamycin,WESTERN,INJECTION,1ml ∶40mg（4 万单位）、 2ml ∶80mg（8 万单位）,支,1,ml,ROOM_TEMPERATURE,是,是,是,NON_RESTRICTED,否,,,IM,QD,否,是,ACTIVE
MED-2026-W018,多西环素片剂,Doxycycline,WESTERN,TABLET,50mg 、100mg,片,50,mg,ROOM_TEMPERATURE,是,是,是,NON_RESTRICTED,否,,,ORAL,TID,否,是,ACTIVE
MED-2026-W019-01,米诺环素（片剂）,Minocycline,WESTERN,TABLET,50mg,片,50,mg,ROOM_TEMPERATURE,是,是,是,NON_RESTRICTED,否,,,ORAL,TID,否,是,ACTIVE
MED-2026-W019-02,米诺环素（胶囊）,Minocycline,WESTERN,CAPSULE,50mg 、100mg,粒,50,mg,ROOM_TEMPERATURE,是,是,是,NON_RESTRICTED,否,,,ORAL,TID,否,是,ACTIVE
MED-2026-W020-01,红霉素（片剂）,Erythromycin,WESTERN,TABLET,肠溶（片剂、胶囊）、（琥珀酸乙酯）片剂、（琥珀酸乙酯）胶囊： 0. 125g（ 12.5 万单位）、0.25g（ 25万单位）,片,125,g,ROOM_TEMPERATURE,是,是,是,NON_RESTRICTED,否,,,ORAL,TID,否,是,ACTIVE
MED-2026-W020-02,红霉素（注射用无菌粉末）,Erythromycin,WESTERN,INJECTION,0.25g（25 万单位）、0.3g（30 万单位）、0.5g（ 50万单位）,支,0.25,g,ROOM_TEMPERATURE,是,是,是,NON_RESTRICTED,否,,,IVGTT,QD,否,是,ACTIVE
MED-2026-W021-01,阿奇霉素（片剂）,Azithromycin,WESTERN,TABLET,片剂、胶囊：0.25g（25 万单位）,片,0.25,g,ROOM_TEMPERATURE,是,是,是,RESTRICTED,否,,,ORAL,TID,否,是,ACTIVE
MED-2026-W021-02,阿奇霉素（颗粒剂）,Azithromycin,WESTERN,GRANULE,颗粒剂、干混悬剂：0. 1g（ 10 万单位）,袋,1,g,ROOM_TEMPERATURE,是,是,是,RESTRICTED,否,,,ORAL,QD,否,是,ACTIVE
MED-2026-W021-03,阿奇霉素（注射用无菌粉末）,Azithromycin,WESTERN,INJECTION,0.5g（ 50 万单位）,支,0.5,g,ROOM_TEMPERATURE,是,是,是,RESTRICTED,否,,,IVGTT,QD,否,是,ACTIVE
MED-2026-W022,克拉霉素片剂,Clarithromycin,WESTERN,TABLET,片剂、颗粒剂： 0. 125g（ 12.5 万单位）、0.25g（25 万单位）,片,125,g,ROOM_TEMPERATURE,是,是,是,NON_RESTRICTED,否,,,ORAL,TID,否,是,ACTIVE
MED-2026-W023-01,克林霉素（胶囊）,Clindamycin,WESTERN,CAPSULE,（盐酸盐）胶囊：0.075g 、0. 15g,粒,0.075,g,ROOM_TEMPERATURE,是,是,是,NON_RESTRICTED,否,,,ORAL,TID,否,是,ACTIVE
MED-2026-W023-02,克林霉素（颗粒剂）,Clindamycin,WESTERN,GRANULE,（盐酸盐棕榈酸酯）颗粒剂：75mg,袋,75,mg,ROOM_TEMPERATURE,是,是,是,NON_RESTRICTED,否,,,ORAL,QD,否,是,ACTIVE
MED-2026-W023-03,克林霉素（注射液）,Clindamycin,WESTERN,INJECTION,（磷酸酯）注射液： 1ml ∶150mg、 2ml ∶300mg 、4ml ∶600mg、 6ml ∶900mg,支,1,ml,ROOM_TEMPERATURE,是,是,是,NON_RESTRICTED,否,,,IM,QD,否,是,ACTIVE
MED-2026-W024-01,磷霉素（注射用无菌粉末）,Fosfomycin,WESTERN,INJECTION,（钠盐）注射用无菌粉末： 1.0g（ 100 万单位）、2.0g（200 万单位）、 4.0g（400 万单位）,支,1.0,g,ROOM_TEMPERATURE,是,是,是,NON_RESTRICTED,否,,,IVGTT,QD,否,是,ACTIVE
MED-2026-W024-02,磷霉素（散剂）,Fosfomycin,WESTERN,POWDER,（氨丁三醇）散剂：3.0g（300 万单位）,袋,3.0,g,ROOM_TEMPERATURE,是,是,是,NON_RESTRICTED,否,,,ORAL,QD,否,是,ACTIVE
MED-2026-W025,夫西地酸注射用无菌粉末,Fusidic Acid,WESTERN,INJECTION,0. 125g 、0.25g、 0.5g,支,125,g,ROOM_TEMPERATURE,是,是,是,NON_RESTRICTED,否,,,IVGTT,QD,否,是,ACTIVE
MED-2026-W026-01,复方磺胺甲噁（ 恶）唑（片剂）,"Compound
Sulfamethoxazole",WESTERN,TABLET,400mg∶80mg,片,400,mg,ROOM_TEMPERATURE,是,是,是,NON_RESTRICTED,否,,,ORAL,TID,否,是,ACTIVE
MED-2026-W026-02,复方磺胺甲噁（ 恶）唑（注射液）,"Compound
Sulfamethoxazole",WESTERN,INJECTION,5ml ∶400mg∶80mg［磺胺甲噁（ 恶 ）唑∶甲氧苄啶］,支,5,ml,ROOM_TEMPERATURE,是,是,是,NON_RESTRICTED,否,,,IM,QD,否,是,ACTIVE
MED-2026-W027-01,磺胺嘧啶（片剂）,Sulfadiazine,WESTERN,TABLET,0.5g,片,0.5,g,ROOM_TEMPERATURE,是,是,是,NON_RESTRICTED,否,,,ORAL,TID,否,是,ACTIVE
MED-2026-W027-02,磺胺嘧啶（注射液）,Sulfadiazine,WESTERN,INJECTION,2ml ∶0.4g 、5ml ∶1g,支,2,ml,ROOM_TEMPERATURE,是,是,是,NON_RESTRICTED,否,,,IM,QD,否,是,ACTIVE
MED-2026-W028,诺氟沙星片剂,Norfloxacin,WESTERN,TABLET,片剂、胶囊：0. 1g,片,1,g,ROOM_TEMPERATURE,是,是,是,NON_RESTRICTED,否,,,ORAL,TID,否,是,ACTIVE
MED-2026-W029,环丙沙星片剂,Ciprofloxacin,WESTERN,TABLET,（盐酸盐）片剂：0.25g 、0.5g （乳酸盐）氯化钠注射液：100ml ∶0.2g,片,0.25,g,ROOM_TEMPERATURE,是,是,是,NON_RESTRICTED,否,,,ORAL,TID,否,是,ACTIVE
MED-2026-W030-01,左氧氟沙星（片剂）,Levofloxacin,WESTERN,TABLET,0.25g 、0.5g,片,0.25,g,ROOM_TEMPERATURE,是,是,是,RESTRICTED,否,,,ORAL,TID,否,是,ACTIVE
MED-2026-W030-02,左氧氟沙星（氯化钠注射液）,Levofloxacin,WESTERN,INJECTION,50ml ∶0.25g、 100ml ∶0.5g,支,50,ml,ROOM_TEMPERATURE,是,是,是,RESTRICTED,否,,,IM,QD,否,是,ACTIVE
MED-2026-W031-01,莫西沙星（片剂）,Moxifloxacin,WESTERN,TABLET,0.4g,片,0.4,g,ROOM_TEMPERATURE,是,是,是,RESTRICTED,否,,,ORAL,TID,否,是,ACTIVE
MED-2026-W031-02,莫西沙星（氯化钠注射液）,Moxifloxacin,WESTERN,INJECTION,250ml（莫西沙星0.4g 与氯化钠 2.0g）,支,250,ml,ROOM_TEMPERATURE,是,是,是,RESTRICTED,否,,,IM,QD,否,是,ACTIVE
MED-2026-W032-01,甲硝唑（片剂）,Metronidazole,WESTERN,TABLET,片剂、胶囊：0.2g,片,0.2,g,ROOM_TEMPERATURE,是,是,是,NON_RESTRICTED,否,,,ORAL,TID,否,是,ACTIVE
MED-2026-W032-02,甲硝唑（氯化钠注射液）,Metronidazole,WESTERN,INJECTION,100ml ∶0.5g,支,100,ml,ROOM_TEMPERATURE,是,是,是,NON_RESTRICTED,否,,,IM,QD,否,是,ACTIVE
MED-2026-W033,替硝唑片剂,Tinidazole,WESTERN,TABLET,0.5g,片,0.5,g,ROOM_TEMPERATURE,是,是,是,NON_RESTRICTED,否,,,ORAL,TID,否,是,ACTIVE
MED-2026-W034,呋喃妥因肠溶片,Nitrofurantoin,WESTERN,TABLET,50mg,片,50,mg,ROOM_TEMPERATURE,是,是,是,NON_RESTRICTED,否,,,ORAL,TID,否,是,ACTIVE
MED-2026-W035,结核病用药,JHBYY,WESTERN,TABLET,以说明书为准,片,,,ROOM_TEMPERATURE,是,是,是,NON_RESTRICTED,否,,,ORAL,TID,否,是,ACTIVE
MED-2026-W036,氨苯砜片剂,Dapsone,WESTERN,TABLET,50mg 、100mg,片,50,mg,ROOM_TEMPERATURE,是,是,是,NON_RESTRICTED,否,,,ORAL,TID,否,是,ACTIVE
MED-2026-W037-01,氟康唑（片剂）,Fluconazole,WESTERN,TABLET,片剂、胶囊：50mg、100mg、150mg,片,50,mg,ROOM_TEMPERATURE,是,是,是,RESTRICTED,否,,,ORAL,TID,否,是,ACTIVE
MED-2026-W037-02,氟康唑（氯化钠注射液）,Fluconazole,WESTERN,INJECTION,100ml ∶0.2g,支,100,ml,ROOM_TEMPERATURE,是,是,是,RESTRICTED,否,,,IM,QD,否,是,ACTIVE
MED-2026-W038-01,伊曲康唑（分散片）,Itraconazole,WESTERN,TABLET,0. 1g,片,1,g,ROOM_TEMPERATURE,是,是,是,NON_RESTRICTED,否,,,ORAL,TID,否,是,ACTIVE
MED-2026-W038-02,伊曲康唑（颗粒剂）,Itraconazole,WESTERN,GRANULE,0. 1g,袋,1,g,ROOM_TEMPERATURE,是,是,是,NON_RESTRICTED,否,,,ORAL,QD,否,是,ACTIVE
MED-2026-W038-03,伊曲康唑（胶囊）,Itraconazole,WESTERN,CAPSULE,0. 1g,粒,1,g,ROOM_TEMPERATURE,是,是,是,NON_RESTRICTED,否,,,ORAL,TID,否,是,ACTIVE
MED-2026-W038-04,伊曲康唑（口服溶液剂）,Itraconazole,WESTERN,ORAL_LIQUID,150ml ∶1.5g,瓶,150,ml,ROOM_TEMPERATURE,是,是,是,NON_RESTRICTED,否,,,ORAL,QD,否,是,ACTIVE
MED-2026-W039,两性霉素注射用无菌粉末,"B
Amphotericin B",WESTERN,INJECTION,5mg（5000 单 位）、25mg（2.5 万单位）、50mg 注射用脂质体：50mg（5 万单位）,支,5,mg,ROOM_TEMPERATURE,是,是,是,NON_RESTRICTED,否,,,IVGTT,QD,否,是,ACTIVE
MED-2026-W040,卡泊芬净注射用无菌粉末,Caspofungin,WESTERN,INJECTION,50mg 、70mg,支,50,mg,ROOM_TEMPERATURE,是,是,是,SPECIAL,否,,,IVGTT,QD,否,是,ACTIVE
MED-2026-W041,小檗碱片剂,Berberine,WESTERN,TABLET,50mg 、100mg,片,50,mg,ROOM_TEMPERATURE,是,是,是,NON_RESTRICTED,否,,,ORAL,TID,否,是,ACTIVE
MED-2026-W042-01,阿昔洛韦（片剂）,Aciclovir,WESTERN,TABLET,0. 1g 、0.2g,片,1,g,ROOM_TEMPERATURE,是,是,是,NON_RESTRICTED,否,,,ORAL,TID,否,是,ACTIVE
MED-2026-W042-02,阿昔洛韦（胶囊）,Aciclovir,WESTERN,CAPSULE,0.2g,粒,0.2,g,ROOM_TEMPERATURE,是,是,是,NON_RESTRICTED,否,,,ORAL,TID,否,是,ACTIVE
MED-2026-W042-03,阿昔洛韦（注射用无菌粉末）,Aciclovir,WESTERN,INJECTION,0.25g,支,0.25,g,ROOM_TEMPERATURE,是,是,是,NON_RESTRICTED,否,,,IVGTT,QD,否,是,ACTIVE
MED-2026-W043,更昔洛韦注射用无菌粉末,Ganciclovir,WESTERN,INJECTION,0.05g 、0. 15g、 0.25g 、0.5g,支,0.05,g,ROOM_TEMPERATURE,是,是,是,NON_RESTRICTED,否,,,IVGTT,QD,否,是,ACTIVE
MED-2026-W044-01,奥司他韦（胶囊）,Oseltamivir,WESTERN,CAPSULE,30mg 、45mg 、75mg,粒,30,mg,ROOM_TEMPERATURE,是,是,是,NON_RESTRICTED,否,,,ORAL,TID,否,是,ACTIVE
MED-2026-W044-02,奥司他韦（颗粒剂）,Oseltamivir,WESTERN,GRANULE,15mg 、25mg,袋,15,mg,ROOM_TEMPERATURE,是,是,是,NON_RESTRICTED,否,,,ORAL,QD,否,是,ACTIVE
MED-2026-W044-03,奥司他韦（干混悬剂）,Oseltamivir,WESTERN,ORAL_LIQUID,0.36g,瓶,0.36,g,ROOM_TEMPERATURE,是,是,是,NON_RESTRICTED,否,,,ORAL,QD,否,是,ACTIVE
MED-2026-W045-01,恩替卡韦（片剂）,Entecavir,WESTERN,TABLET,片剂、分散片：0.5mg 、1mg,片,0.5,mg,ROOM_TEMPERATURE,是,是,是,NON_RESTRICTED,否,,,ORAL,TID,否,是,ACTIVE
MED-2026-W045-02,恩替卡韦（胶囊）,Entecavir,WESTERN,CAPSULE,0.5mg,粒,0.5,mg,ROOM_TEMPERATURE,是,是,是,NON_RESTRICTED,否,,,ORAL,TID,否,是,ACTIVE
MED-2026-W045-03,恩替卡韦（口服溶液剂）,Entecavir,WESTERN,ORAL_LIQUID,210ml ∶10.5mg,瓶,210,ml,ROOM_TEMPERATURE,是,是,是,NON_RESTRICTED,否,,,ORAL,QD,否,是,ACTIVE
MED-2026-W046,利巴韦林片剂,Ribavirin,WESTERN,TABLET,片剂、胶囊：0. 1g,片,1,g,ROOM_TEMPERATURE,是,是,是,NON_RESTRICTED,否,,,ORAL,TID,否,是,ACTIVE
MED-2026-W047,索磷布韦维帕他韦片剂,Sofosbuvir and Velpatasvir,WESTERN,TABLET,每片含 400mg 索磷布韦和100mg 维帕他韦,片,400,mg,ROOM_TEMPERATURE,是,是,是,NON_RESTRICTED,否,,,ORAL,TID,否,是,ACTIVE
MED-2026-W048,替诺福韦二吡呋酯片剂,Tenofovir Disoproxil,WESTERN,TABLET,片剂、胶囊：0.3g,片,0.3,g,ROOM_TEMPERATURE,是,是,是,NON_RESTRICTED,否,,,ORAL,TID,否,是,ACTIVE
MED-2026-W049,丙酚替诺福韦片剂,TenofovirAlafenamide,WESTERN,TABLET,25mg,片,25,mg,ROOM_TEMPERATURE,是,是,是,NON_RESTRICTED,否,,,ORAL,TID,否,是,ACTIVE
MED-2026-W050,人干扰素人干扰素α1b注射液,Human Interferon,WESTERN,INJECTION,10μg∶0.5ml、 30μg∶1ml注射用人干扰素α1b ∶10μg 、30μg人干扰素α2a 注射液、注射用人干扰素α2a ∶300 万 IU 、500 万 IU人干扰素α2b 注射液、注射用人干扰素α2b ∶300 万 IU 、500 万 IU,支,10,μg,REFRIGERATED,是,是,是,NON_RESTRICTED,否,,,IM,QD,否,是,ACTIVE
MED-2026-W051,艾滋病用药,AZBYY,WESTERN,TABLET,以说明书为准,片,,,ROOM_TEMPERATURE,是,是,是,NON_RESTRICTED,否,,,ORAL,TID,否,是,ACTIVE
MED-2026-W052-01,氯喹（片剂）,Chloroquine,WESTERN,TABLET,250mg,片,250,mg,ROOM_TEMPERATURE,是,是,否,,否,,,ORAL,BID,否,是,ACTIVE
MED-2026-W052-02,氯喹（注射液）,Chloroquine,WESTERN,INJECTION,5ml ∶322mg,支,5,ml,ROOM_TEMPERATURE,是,是,否,,否,,,IM,BID,否,是,ACTIVE
MED-2026-W053,羟氯喹片剂,Hydroxychloroquine,WESTERN,TABLET,0. 1g 、0.2g,片,1,g,ROOM_TEMPERATURE,是,是,否,,否,,,ORAL,BID,否,是,ACTIVE
MED-2026-W054,伯氨喹片剂,Primaquine,WESTERN,TABLET,13.2mg,片,13.2,mg,ROOM_TEMPERATURE,是,是,否,,否,,,ORAL,BID,否,是,ACTIVE
MED-2026-W055,乙胺嘧啶片剂,Pyrimethamine,WESTERN,TABLET,6.25mg,片,6.25,mg,ROOM_TEMPERATURE,是,是,否,,否,,,ORAL,BID,否,是,ACTIVE
MED-2026-W056,青蒿素类药物,QHSLYW,WESTERN,TABLET,以说明书为准,片,,,ROOM_TEMPERATURE,是,是,否,,否,,,ORAL,BID,否,是,ACTIVE
MED-2026-W057,葡萄糖酸锑钠注射液,Sodium Stibogluconate,WESTERN,INJECTION,6ml（按锑计 0.6g，约相当于葡萄糖酸锑钠 1.9g）,支,6,ml,ROOM_TEMPERATURE,是,是,否,,否,,,IVGTT,BID,否,是,ACTIVE
MED-2026-W058,吡喹酮片剂,Praziquantel,WESTERN,TABLET,0.2g,片,0.2,g,ROOM_TEMPERATURE,是,是,否,,否,,,ORAL,BID,否,是,ACTIVE
MED-2026-W059,阿苯达唑片剂,Albendazole,WESTERN,TABLET,片剂、胶囊：0. 1g 、0.2g,片,1,g,ROOM_TEMPERATURE,是,是,否,,否,,,ORAL,BID,否,是,ACTIVE
MED-2026-W060-01,利多卡因（注射液）,Lidocaine,WESTERN,INJECTION,（碳酸盐）注射液：5ml ∶86.5mg、 10ml ∶0.173g,支,5,ml,ROOM_TEMPERATURE,是,是,否,,否,,,IM,BID,否,是,ACTIVE
MED-2026-W060-02,利多卡因（注射液）,Lidocaine,WESTERN,INJECTION,（盐酸盐）注射液：2ml ∶4mg、 5ml ∶0.1g 、10ml ∶0.2g,支,2,ml,ROOM_TEMPERATURE,是,是,否,,否,,,IM,BID,否,是,ACTIVE
MED-2026-W060-03,利多卡因（凝胶剂）,Lidocaine,WESTERN,CREAM,2%,支,,,ROOM_TEMPERATURE,是,是,否,,否,,,TOPICAL,BID,否,是,ACTIVE
MED-2026-W060-04,利多卡因（胶浆剂）,Lidocaine,WESTERN,OTHER,10g∶0.2g,盒,10,g,ROOM_TEMPERATURE,是,是,否,,否,,,ORAL,BID,否,是,ACTIVE
MED-2026-W061,布比卡因注射液,Bupivacaine,WESTERN,INJECTION,5ml ∶25mg 、5ml ∶37.5mg、 10ml ∶75mg,支,5,ml,ROOM_TEMPERATURE,是,是,否,,否,,,IM,BID,否,是,ACTIVE
MED-2026-W062,罗哌卡因注射液,Ropivacaine,WESTERN,INJECTION,（盐酸盐）注射液： 10ml ∶75mg、 10ml ∶100mg,支,10,ml,ROOM_TEMPERATURE,是,是,否,,否,,,IM,BID,否,是,ACTIVE
MED-2026-W063-01,丁卡因（注射用无菌粉末）,Tetracaine,WESTERN,INJECTION,10mg 、25mg、 50mg,支,10,mg,ROOM_TEMPERATURE,是,是,否,,否,,,IVGTT,BID,否,是,ACTIVE
MED-2026-W063-02,丁卡因（凝胶剂）,Tetracaine,WESTERN,CREAM,1.5g∶70mg,支,1.5,g,ROOM_TEMPERATURE,是,是,否,,否,,,TOPICAL,BID,否,是,ACTIVE
MED-2026-W064,氯胺酮注射液,Ketamine,WESTERN,INJECTION,2ml ∶0. 1g 、10ml ∶0. 1g,支,2,ml,ROOM_TEMPERATURE,是,是,否,,否,,,IM,BID,否,是,ACTIVE
MED-2026-W065,丙泊酚乳状注射液,Propofol,WESTERN,INJECTION,10ml ∶0. 1g、 20ml ∶0.2g 、50ml ∶0.5g 、50ml ∶1g,支,10,ml,ROOM_TEMPERATURE,是,是,否,,否,,,IM,BID,否,是,ACTIVE
MED-2026-W066,瑞芬太尼注射用无菌粉末,Remifentanil,WESTERN,INJECTION,1mg、2mg、5mg,支,1,mg,ROOM_TEMPERATURE,是,是,否,,否,,,IVGTT,BID,否,是,ACTIVE
MED-2026-W067,七氟烷吸入溶液剂,Sevoflurane,WESTERN,AEROSOL,100ml、120ml、250ml,瓶,100,ml,ROOM_TEMPERATURE,是,是,否,,否,,,NEB,BID,否,是,ACTIVE
MED-2026-W068,罗库溴铵注射液,Rocuronium Bromide,WESTERN,INJECTION,2.5ml ∶25mg 、5ml ∶50mg,支,2.5,ml,ROOM_TEMPERATURE,是,是,否,,否,,,IM,BID,否,是,ACTIVE
MED-2026-W069,氯化琥珀胆碱注射液,Suxamethonium Chloride,WESTERN,INJECTION,1ml ∶50mg 、2ml ∶100mg,支,1,ml,ROOM_TEMPERATURE,是,是,否,,否,,,IM,BID,否,是,ACTIVE
MED-2026-W070,维库溴铵注射用无菌粉末,Vecuronium Bromide,WESTERN,INJECTION,4mg,支,4,mg,ROOM_TEMPERATURE,是,是,否,,否,,,IVGTT,BID,否,是,ACTIVE
MED-2026-W071,芬太尼注射液,Fentanyl,WESTERN,INJECTION,2ml ∶0. 1mg贴剂,支,2,ml,ROOM_TEMPERATURE,是,是,否,,否,,,IM,BID,否,是,ACTIVE
MED-2026-W072,哌替啶注射液,Pethidine,WESTERN,INJECTION,1ml ∶50mg 、2ml ∶100mg,支,1,ml,ROOM_TEMPERATURE,是,是,否,,否,,,IM,BID,否,是,ACTIVE
MED-2026-W073,吗啡片剂,Morphine,WESTERN,TABLET,片剂、缓释片、口服溶液剂、注射液,片,,,ROOM_TEMPERATURE,是,是,否,,否,,,ORAL,BID,否,是,ACTIVE
MED-2026-W074-01,羟考酮（缓释片）,Oxycodone,WESTERN,TABLET,5mg 、10mg 、40mg,片,5,mg,ROOM_TEMPERATURE,是,是,否,,否,,,ORAL,BID,否,是,ACTIVE
MED-2026-W074-02,羟考酮（注射液）,Oxycodone,WESTERN,INJECTION,1ml ∶10mg,支,1,ml,ROOM_TEMPERATURE,是,是,否,,否,,,IM,BID,否,是,ACTIVE
MED-2026-W075-01,普瑞巴林（胶囊）,Pregabalin,WESTERN,CAPSULE,75mg 、150mg,粒,75,mg,ROOM_TEMPERATURE,是,是,否,,否,,,ORAL,BID,否,是,ACTIVE
MED-2026-W075-02,普瑞巴林（口服溶液剂）,Pregabalin,WESTERN,ORAL_LIQUID,100ml ∶2g,瓶,100,ml,ROOM_TEMPERATURE,是,是,否,,否,,,ORAL,BID,否,是,ACTIVE
MED-2026-W076-01,对乙酰氨基酚（片剂）,Paracetamol,WESTERN,TABLET,0.3g 、0.5g,片,0.3,g,ROOM_TEMPERATURE,是,是,否,,否,,,ORAL,PRN,否,是,ACTIVE
MED-2026-W076-02,对乙酰氨基酚（口服溶液剂）,Paracetamol,WESTERN,ORAL_LIQUID,100ml ∶2.4g颗粒剂、混悬液、干混悬剂、栓剂,瓶,100,ml,ROOM_TEMPERATURE,是,是,否,,否,,,ORAL,PRN,否,是,ACTIVE
MED-2026-W077-01,阿司匹林（片剂）,Aspirin,WESTERN,TABLET,0.3g 、0.5g,片,0.3,g,ROOM_TEMPERATURE,是,是,否,,否,,,ORAL,QD,是,是,ACTIVE
MED-2026-W077-02,阿司匹林（肠溶片）,Aspirin,WESTERN,TABLET,0.3g,片,0.3,g,ROOM_TEMPERATURE,是,是,否,,否,,,ORAL,QD,是,是,ACTIVE
MED-2026-W078-01,布洛芬（片剂）,Ibuprofen,WESTERN,TABLET,片剂、颗粒剂：0. 1g 、0.2g,片,1,g,ROOM_TEMPERATURE,是,是,否,,否,,,ORAL,PRN,否,是,ACTIVE
MED-2026-W078-02,布洛芬（胶囊）,Ibuprofen,WESTERN,CAPSULE,0.2g,粒,0.2,g,ROOM_TEMPERATURE,是,是,否,,否,,,ORAL,PRN,否,是,ACTIVE
MED-2026-W078-03,布洛芬（片剂）,Ibuprofen,WESTERN,TABLET,缓释（片剂、胶囊）：0.3g,片,0.3,g,ROOM_TEMPERATURE,是,是,否,,否,,,ORAL,PRN,否,是,ACTIVE
MED-2026-W078-04,布洛芬（混悬液）,Ibuprofen,WESTERN,ORAL_LIQUID,60ml ∶1.2g 、100ml ∶2g,瓶,60,ml,ROOM_TEMPERATURE,是,是,否,,否,,,ORAL,PRN,否,是,ACTIVE
MED-2026-W079-01,双氯芬酸钠（肠溶片）,Diclofenac Sodium,WESTERN,TABLET,25mg,片,25,mg,ROOM_TEMPERATURE,是,是,否,,否,,,ORAL,BID,否,是,ACTIVE
MED-2026-W079-02,双氯芬酸钠（缓释片剂）,Diclofenac Sodium,WESTERN,TABLET,50mg 、75mg 、100mg,片,50,mg,ROOM_TEMPERATURE,是,是,否,,否,,,ORAL,BID,否,是,ACTIVE
MED-2026-W079-03,双氯芬酸钠（缓释胶囊）,Diclofenac Sodium,WESTERN,CAPSULE,50mg 、100mg,粒,50,mg,ROOM_TEMPERATURE,是,是,否,,否,,,ORAL,BID,否,是,ACTIVE
MED-2026-W080,洛索洛芬钠片剂,Loxoprofen Sodium,WESTERN,TABLET,60mg,片,60,mg,ROOM_TEMPERATURE,是,是,否,,否,,,ORAL,BID,否,是,ACTIVE
MED-2026-W081,氟比洛芬酯注射液,Flurbinprofen Axetil,WESTERN,INJECTION,5ml ∶50mg,支,5,ml,ROOM_TEMPERATURE,是,是,否,,否,,,IM,BID,否,是,ACTIVE
MED-2026-W082,吲哚美辛栓剂,Indometacin,WESTERN,SUPPOSITORY,25mg 、50mg 、100mg,枚,25,mg,ROOM_TEMPERATURE,是,是,否,,否,,,RECTAL,BID,否,是,ACTIVE
MED-2026-W083,来氟米特片剂,Leflunomide,WESTERN,TABLET,5mg 、10mg 、20mg,片,5,mg,ROOM_TEMPERATURE,是,是,否,,否,,,ORAL,BID,否,是,ACTIVE
MED-2026-W084-01,美沙拉秦（美沙拉嗪）（肠溶片）,Mesalazine,WESTERN,TABLET,0.25g 、0.5g,片,0.25,g,ROOM_TEMPERATURE,是,是,否,,否,,,ORAL,BID,否,是,ACTIVE
MED-2026-W084-02,美沙拉秦（美沙拉嗪）（缓释片）,Mesalazine,WESTERN,TABLET,0.5g,片,0.5,g,ROOM_TEMPERATURE,是,是,否,,否,,,ORAL,BID,否,是,ACTIVE
MED-2026-W084-03,美沙拉秦（美沙拉嗪）（栓剂）,Mesalazine,WESTERN,SUPPOSITORY,0.5g 、1g,枚,0.5,g,ROOM_TEMPERATURE,是,是,否,,否,,,RECTAL,BID,否,是,ACTIVE
MED-2026-W084-04,美沙拉秦（美沙拉嗪）（缓释颗粒）,Mesalazine,WESTERN,GRANULE,0.5g,袋,0.5,g,ROOM_TEMPERATURE,是,是,否,,否,,,ORAL,BID,否,是,ACTIVE
MED-2026-W084-05,美沙拉秦（美沙拉嗪）（灌肠剂）,Mesalazine,WESTERN,OTHER,60g∶4g,盒,60,g,ROOM_TEMPERATURE,是,是,否,,否,,,ORAL,BID,否,是,ACTIVE
MED-2026-W085,青霉胺片剂,Penicillamine,WESTERN,TABLET,0. 125g,片,125,g,ROOM_TEMPERATURE,是,是,否,,否,,,ORAL,BID,否,是,ACTIVE
MED-2026-W086,别嘌醇片剂,Allopurinol,WESTERN,TABLET,0. 1g,片,1,g,ROOM_TEMPERATURE,是,是,否,,否,,,ORAL,BID,否,是,ACTIVE
MED-2026-W087,非布司他片剂,Febuxostat,WESTERN,TABLET,20mg 、40mg 、80mg,片,20,mg,ROOM_TEMPERATURE,是,是,否,,否,,,ORAL,BID,否,是,ACTIVE
MED-2026-W088,秋水仙碱片剂,Colchicine,WESTERN,TABLET,0.5mg,片,0.5,mg,ROOM_TEMPERATURE,是,是,否,,否,,,ORAL,BID,否,是,ACTIVE
MED-2026-W089,苯溴马隆片剂,Benzbromarone,WESTERN,TABLET,片剂、胶囊：50mg,片,50,mg,ROOM_TEMPERATURE,是,是,否,,否,,,ORAL,BID,否,是,ACTIVE
MED-2026-W090,金刚烷胺片剂,Amantadine,WESTERN,TABLET,0. 1g,片,1,g,ROOM_TEMPERATURE,是,是,否,,否,,,ORAL,QD,是,是,ACTIVE
MED-2026-W091,苯海索片剂,Trihexyphenidyl,WESTERN,TABLET,2mg,片,2,mg,ROOM_TEMPERATURE,是,是,否,,否,,,ORAL,QD,是,是,ACTIVE
MED-2026-W092,多巴丝肼片剂,Levodopa and Benserazide Hydrochloride,WESTERN,TABLET,片剂、胶囊：0.125g（0.1g∶0.025g）、 0.25g（0.2g∶0.05g）（左旋多巴∶苄丝肼）,片,0.125,g,ROOM_TEMPERATURE,是,是,否,,否,,,ORAL,QD,是,是,ACTIVE
MED-2026-W093-01,普拉克索（片剂）,Pramipexole,WESTERN,TABLET,0. 125mg 、0.25mg 、1.0mg,片,125,mg,ROOM_TEMPERATURE,是,是,否,,否,,,ORAL,QD,是,是,ACTIVE
MED-2026-W093-02,普拉克索（缓释片）,Pramipexole,WESTERN,TABLET,0.375mg、0.75mg、1.5mg、 3.0mg 、4.5mg,片,0.375,mg,ROOM_TEMPERATURE,是,是,否,,否,,,ORAL,QD,是,是,ACTIVE
MED-2026-W094,恩他卡朋片剂,Entacapone,WESTERN,TABLET,0.2g,片,0.2,g,ROOM_TEMPERATURE,是,是,否,,否,,,ORAL,QD,是,是,ACTIVE
MED-2026-W095,溴隐亭片剂,Bromocriptine,WESTERN,TABLET,2.5mg,片,2.5,mg,ROOM_TEMPERATURE,是,是,否,,否,,,ORAL,QD,是,是,ACTIVE
MED-2026-W096,新斯的明注射液,Neostigmine,WESTERN,INJECTION,1ml ∶0.5mg 、2ml ∶1mg、 4ml ∶2mg,支,1,ml,ROOM_TEMPERATURE,是,是,否,,否,,,IM,QD,是,是,ACTIVE
MED-2026-W097,溴吡斯的明片剂,Pyridostigmine Bromide,WESTERN,TABLET,60mg,片,60,mg,ROOM_TEMPERATURE,是,是,否,,否,,,ORAL,QD,是,是,ACTIVE
MED-2026-W098-01,卡马西平（片剂）,Carbamazepine,WESTERN,TABLET,0. 1g 、0.2g,片,1,g,ROOM_TEMPERATURE,是,是,否,,否,,,ORAL,QD,是,是,ACTIVE
MED-2026-W098-02,卡马西平（缓释片）,Carbamazepine,WESTERN,TABLET,0. 1g 、0.2g 、0.4g,片,1,g,ROOM_TEMPERATURE,是,是,否,,否,,,ORAL,QD,是,是,ACTIVE
MED-2026-W099-01,奥卡西平（片剂）,Oxcarbazepine,WESTERN,TABLET,0. 15g 、0.3g,片,15,g,ROOM_TEMPERATURE,是,是,否,,否,,,ORAL,QD,是,是,ACTIVE
MED-2026-W099-02,奥卡西平（混悬液）,Oxcarbazepine,WESTERN,ORAL_LIQUID,60mg/ml,瓶,60,mg,ROOM_TEMPERATURE,是,是,否,,否,,,ORAL,QD,是,是,ACTIVE
MED-2026-W100-01,丙戊酸钠（片剂）,Sodium Valproate,WESTERN,TABLET,0. 1g 、0.2g,片,1,g,ROOM_TEMPERATURE,是,是,否,,否,,,ORAL,QD,是,是,ACTIVE
MED-2026-W100-02,丙戊酸钠（缓释片）,Sodium Valproate,WESTERN,TABLET,0.5g,片,0.5,g,ROOM_TEMPERATURE,是,是,否,,否,,,ORAL,QD,是,是,ACTIVE
MED-2026-W100-03,丙戊酸钠（口服溶液剂）,Sodium Valproate,WESTERN,ORAL_LIQUID,300ml ∶12g,瓶,300,ml,ROOM_TEMPERATURE,是,是,否,,否,,,ORAL,QD,是,是,ACTIVE
MED-2026-W100-04,丙戊酸钠（注射用浓溶液）,Sodium Valproate,WESTERN,INJECTION,3ml ∶0.3g、 4ml ∶0.4g 、5ml ∶0.5g,支,3,ml,ROOM_TEMPERATURE,是,是,否,,否,,,IVGTT,QD,是,是,ACTIVE
MED-2026-W101,苯妥英钠片剂,Phenytoin Sodium,WESTERN,TABLET,50mg 、100mg,片,50,mg,ROOM_TEMPERATURE,是,是,否,,否,,,ORAL,QD,是,是,ACTIVE
MED-2026-W102-01,苯巴比妥（片剂）,Phenobarbital,WESTERN,TABLET,15mg 、30mg 、100mg,片,15,mg,ROOM_TEMPERATURE,是,是,否,,否,,,ORAL,QD,是,是,ACTIVE
MED-2026-W102-02,苯巴比妥（注射液）,Phenobarbital,WESTERN,INJECTION,1ml ∶0. 1g 、2ml ∶0.2g,支,1,ml,ROOM_TEMPERATURE,是,是,否,,否,,,IM,QD,是,是,ACTIVE
MED-2026-W102-03,苯巴比妥（注射用无菌粉末）,Phenobarbital,WESTERN,INJECTION,0. 1g,支,1,g,ROOM_TEMPERATURE,是,是,否,,否,,,IVGTT,QD,是,是,ACTIVE
MED-2026-W103-01,拉莫三嗪（片剂）,Lamotrigine,WESTERN,TABLET,25mg 、50mg 、100mg,片,25,mg,ROOM_TEMPERATURE,是,是,否,,否,,,ORAL,QD,是,是,ACTIVE
MED-2026-W103-02,拉莫三嗪（分散片）,Lamotrigine,WESTERN,TABLET,25mg 、50mg,片,25,mg,ROOM_TEMPERATURE,是,是,否,,否,,,ORAL,QD,是,是,ACTIVE
MED-2026-W104-01,左乙拉西坦（片剂）,Levetiracetam,WESTERN,TABLET,0.25g 、0.5g,片,0.25,g,ROOM_TEMPERATURE,是,是,否,,否,,,ORAL,QD,是,是,ACTIVE
MED-2026-W104-02,左乙拉西坦（缓释片）,Levetiracetam,WESTERN,TABLET,0.5g 、0.75g,片,0.5,g,ROOM_TEMPERATURE,是,是,否,,否,,,ORAL,QD,是,是,ACTIVE
MED-2026-W104-03,左乙拉西坦（口服溶液剂）,Levetiracetam,WESTERN,ORAL_LIQUID,100ml ∶10g、 150ml ∶15g 、300ml ∶30g 注射用浓溶液：5ml ∶0.5g,瓶,100,ml,ROOM_TEMPERATURE,是,是,否,,否,,,ORAL,QD,是,是,ACTIVE
MED-2026-W105-01,尼莫地平（片剂）,Nimodipine,WESTERN,TABLET,片剂、胶囊：20mg 、30mg,片,20,mg,ROOM_TEMPERATURE,是,是,否,,否,,,ORAL,QD,是,是,ACTIVE
MED-2026-W105-02,尼莫地平（注射液）,Nimodipine,WESTERN,INJECTION,50ml ∶10mg,支,50,ml,ROOM_TEMPERATURE,是,是,否,,否,,,IM,QD,是,是,ACTIVE
MED-2026-W106-01,甘露醇（注射液）,Mannitol,WESTERN,INJECTION,50ml ∶10g 、 100ml ∶20g、 250ml ∶50g,支,50,ml,ROOM_TEMPERATURE,是,是,否,,否,,,IM,QD,是,是,ACTIVE
MED-2026-W106-02,甘露醇（注射液）,Mannitol,WESTERN,INJECTION,3000ml ∶150g（冲洗用）,支,3000,ml,ROOM_TEMPERATURE,是,是,否,,否,,,IM,QD,是,是,ACTIVE
MED-2026-W107-01,倍他司汀（片剂）,Betahistine,WESTERN,TABLET,（盐酸盐）片剂：4mg,片,4,mg,ROOM_TEMPERATURE,是,是,否,,否,,,ORAL,QD,是,是,ACTIVE
MED-2026-W107-02,倍他司汀（片剂）,Betahistine,WESTERN,TABLET,（甲磺酸盐）片剂：6mg,片,6,mg,ROOM_TEMPERATURE,是,是,否,,否,,,ORAL,QD,是,是,ACTIVE
MED-2026-W108,氟桂利嗪片剂,Flunarizine,WESTERN,TABLET,片剂、胶囊：5mg,片,5,mg,ROOM_TEMPERATURE,是,是,否,,否,,,ORAL,QD,是,是,ACTIVE
MED-2026-W109-01,丁苯酞（软胶囊）,Butylphthalide,WESTERN,CAPSULE,0. 1g,粒,1,g,ROOM_TEMPERATURE,是,是,否,,否,,,ORAL,QD,是,是,ACTIVE
MED-2026-W109-02,丁苯酞（氯化钠注射液）,Butylphthalide,WESTERN,INJECTION,100ml ∶25mg,支,100,ml,ROOM_TEMPERATURE,是,是,否,,否,,,IM,QD,是,是,ACTIVE
MED-2026-W110,依达拉奉右莰醇注射用浓溶液,Edaravone and Dexborneol,WESTERN,INJECTION,5ml：依达拉奉10mg 与右莰醇 2.5mg,支,5,ml,ROOM_TEMPERATURE,是,是,否,,否,,,IVGTT,QD,是,是,ACTIVE
MED-2026-W111,胞磷胆碱钠注射液,Citicoline Sodium,WESTERN,INJECTION,2ml ∶0.25g 、4ml ∶0.5g,支,2,ml,ROOM_TEMPERATURE,是,是,否,,否,,,IM,QD,是,是,ACTIVE
MED-2026-W112,尼可刹米注射液,Nikethamide,WESTERN,INJECTION,1.5ml ∶0.375g 、2ml ∶0.5g,支,1.5,ml,ROOM_TEMPERATURE,是,是,否,,否,,,IM,QD,是,是,ACTIVE
MED-2026-W113,洛贝林注射液,Lobeline,WESTERN,INJECTION,1ml ∶3mg 、1ml ∶10mg,支,1,ml,ROOM_TEMPERATURE,是,是,否,,否,,,IM,QD,是,是,ACTIVE
MED-2026-W114,石杉碱甲片剂,HuperzineA,WESTERN,TABLET,片剂、胶囊：50μg,片,50,μg,ROOM_TEMPERATURE,是,是,否,,否,,,ORAL,QD,是,是,ACTIVE
MED-2026-W115-01,多奈哌齐（片剂）,Donepezil,WESTERN,TABLET,5mg 、10mg,片,5,mg,ROOM_TEMPERATURE,是,是,否,,否,,,ORAL,QD,是,是,ACTIVE
MED-2026-W115-02,多奈哌齐（分散片）,Donepezil,WESTERN,TABLET,5mg,片,5,mg,ROOM_TEMPERATURE,是,是,否,,否,,,ORAL,QD,是,是,ACTIVE
MED-2026-W115-03,多奈哌齐（口崩片）,Donepezil,WESTERN,TABLET,5mg,片,5,mg,ROOM_TEMPERATURE,是,是,否,,否,,,ORAL,QD,是,是,ACTIVE
MED-2026-W116-01,奋乃静（片剂）,Perphenazine,WESTERN,TABLET,2mg 、4mg,片,2,mg,ROOM_TEMPERATURE,是,是,否,,否,,,ORAL,QD,是,是,ACTIVE
MED-2026-W116-02,奋乃静（注射液）,Perphenazine,WESTERN,INJECTION,1ml ∶5mg,支,1,ml,ROOM_TEMPERATURE,是,是,否,,否,,,IM,QD,是,是,ACTIVE
MED-2026-W117-01,氯丙嗪（片剂）,Chlorpromazine,WESTERN,TABLET,12.5mg 、25mg 、50mg,片,12.5,mg,ROOM_TEMPERATURE,是,是,否,,否,,,ORAL,QD,是,是,ACTIVE
MED-2026-W117-02,氯丙嗪（注射液）,Chlorpromazine,WESTERN,INJECTION,1ml ∶10mg 、1ml ∶25mg、 2ml ∶50mg,支,1,ml,ROOM_TEMPERATURE,是,是,否,,否,,,IM,QD,是,是,ACTIVE
MED-2026-W118-01,氟哌啶醇（片剂）,Haloperidol,WESTERN,TABLET,2mg 、4mg,片,2,mg,ROOM_TEMPERATURE,是,是,否,,否,,,ORAL,QD,是,是,ACTIVE
MED-2026-W118-02,氟哌啶醇（注射液）,Haloperidol,WESTERN,INJECTION,1ml ∶5mg,支,1,ml,ROOM_TEMPERATURE,是,是,否,,否,,,IM,QD,是,是,ACTIVE
MED-2026-W119,舒必利片剂,Sulpiride,WESTERN,TABLET,10mg 、50mg 、100mg,片,10,mg,ROOM_TEMPERATURE,是,是,否,,否,,,ORAL,QD,是,是,ACTIVE
MED-2026-W120,氨磺必利片剂,Amisulpride,WESTERN,TABLET,50mg 、200mg,片,50,mg,ROOM_TEMPERATURE,是,是,否,,否,,,ORAL,QD,是,是,ACTIVE
MED-2026-W121,癸氟奋乃静注射液,Fluphenazine Decanoate,WESTERN,INJECTION,1ml ∶25mg,支,1,ml,ROOM_TEMPERATURE,是,是,否,,否,,,IM,QD,是,是,ACTIVE
MED-2026-W122-01,氯氮平（片剂）,Clozapine,WESTERN,TABLET,25mg 、50mg,片,25,mg,ROOM_TEMPERATURE,是,是,否,,否,,,ORAL,QD,是,是,ACTIVE
MED-2026-W122-02,氯氮平（口崩片）,Clozapine,WESTERN,TABLET,25mg 、100mg,片,25,mg,ROOM_TEMPERATURE,是,是,否,,否,,,ORAL,QD,是,是,ACTIVE
MED-2026-W123-01,奥氮平（片剂）,Olanzapine,WESTERN,TABLET,5mg 、10mg,片,5,mg,ROOM_TEMPERATURE,是,是,否,,否,,,ORAL,QD,是,是,ACTIVE
MED-2026-W123-02,奥氮平（口崩片）,Olanzapine,WESTERN,TABLET,5mg,片,5,mg,ROOM_TEMPERATURE,是,是,否,,否,,,ORAL,QD,是,是,ACTIVE
MED-2026-W124-01,利培酮（片剂）,Risperidone,WESTERN,TABLET,1mg 、2mg,片,1,mg,ROOM_TEMPERATURE,是,是,否,,否,,,ORAL,QD,是,是,ACTIVE
MED-2026-W124-02,利培酮（口崩片）,Risperidone,WESTERN,TABLET,1mg,片,1,mg,ROOM_TEMPERATURE,是,是,否,,否,,,ORAL,QD,是,是,ACTIVE
MED-2026-W124-03,利培酮（口服溶液剂）,Risperidone,WESTERN,ORAL_LIQUID,0.1%,瓶,,,ROOM_TEMPERATURE,是,是,否,,否,,,ORAL,QD,是,是,ACTIVE
MED-2026-W125-01,帕利哌酮（缓释片）,Paliperidone,WESTERN,TABLET,3mg 、6mg 、9mg,片,3,mg,ROOM_TEMPERATURE,是,是,否,,否,,,ORAL,QD,是,是,ACTIVE
MED-2026-W125-02,帕利哌酮（注射液）,Paliperidone,WESTERN,INJECTION,（棕榈酸酯）注射液：0.75ml ∶75mg、 1.0ml ∶100mg 、1.5ml ∶150mg,支,0.75,ml,ROOM_TEMPERATURE,是,是,否,,否,,,IM,QD,是,是,ACTIVE
MED-2026-W126,喹硫平片剂,Quetiapine,WESTERN,TABLET,25mg 、100mg,片,25,mg,ROOM_TEMPERATURE,是,是,否,,否,,,ORAL,QD,是,是,ACTIVE
MED-2026-W127,阿立哌唑片剂,Aripiprazole,WESTERN,TABLET,片剂、口崩片：5mg 、10mg,片,5,mg,ROOM_TEMPERATURE,是,是,否,,否,,,ORAL,QD,是,是,ACTIVE
MED-2026-W128,五氟利多片剂,Penfluridol,WESTERN,TABLET,20mg,片,20,mg,ROOM_TEMPERATURE,是,是,否,,否,,,ORAL,QD,是,是,ACTIVE
MED-2026-W129,鲁拉西酮片剂,Lurasidone,WESTERN,TABLET,20mg 、40mg 、80mg,片,20,mg,ROOM_TEMPERATURE,是,是,否,,否,,,ORAL,QD,是,是,ACTIVE
MED-2026-W130-01,帕罗西汀（片剂）,Paroxetine,WESTERN,TABLET,20mg,片,20,mg,ROOM_TEMPERATURE,是,是,否,,否,,,ORAL,QD,是,是,ACTIVE
MED-2026-W130-02,帕罗西汀（肠溶缓释片）,Paroxetine,WESTERN,TABLET,12.5mg、25mg、37.5mg,片,12.5,mg,ROOM_TEMPERATURE,是,是,否,,否,,,ORAL,QD,是,是,ACTIVE
MED-2026-W131-01,氟西汀（片剂）,Fluoxetine,WESTERN,TABLET,10mg,片,10,mg,ROOM_TEMPERATURE,是,是,否,,否,,,ORAL,QD,是,是,ACTIVE
MED-2026-W131-02,氟西汀（胶囊）,Fluoxetine,WESTERN,CAPSULE,20mg,粒,20,mg,ROOM_TEMPERATURE,是,是,否,,否,,,ORAL,QD,是,是,ACTIVE
MED-2026-W131-03,氟西汀（分散片）,Fluoxetine,WESTERN,TABLET,20mg,片,20,mg,ROOM_TEMPERATURE,是,是,否,,否,,,ORAL,QD,是,是,ACTIVE
MED-2026-W132,阿米替林片剂,Amitriptyline,WESTERN,TABLET,25mg,片,25,mg,ROOM_TEMPERATURE,是,是,否,,否,,,ORAL,QD,是,是,ACTIVE
MED-2026-W133,多塞平片剂,Doxepin,WESTERN,TABLET,25mg,片,25,mg,ROOM_TEMPERATURE,是,是,否,,否,,,ORAL,QD,是,是,ACTIVE
MED-2026-W134,米氮平片剂,Mirtazapine,WESTERN,TABLET,15mg 、30mg,片,15,mg,ROOM_TEMPERATURE,是,是,否,,否,,,ORAL,QD,是,是,ACTIVE
MED-2026-W135-01,氯米帕明（片剂）,Clomipramine,WESTERN,TABLET,10mg 、25mg,片,10,mg,ROOM_TEMPERATURE,是,是,否,,否,,,ORAL,QD,是,是,ACTIVE
MED-2026-W135-02,氯米帕明（注射液）,Clomipramine,WESTERN,INJECTION,2ml ∶25mg,支,2,ml,ROOM_TEMPERATURE,是,是,否,,否,,,IM,QD,是,是,ACTIVE
MED-2026-W136,艾司西酞普兰片剂,Escitalopram,WESTERN,TABLET,5mg 、10mg 、20mg,片,5,mg,ROOM_TEMPERATURE,是,是,否,,否,,,ORAL,QD,是,是,ACTIVE
MED-2026-W137-01,文拉法辛（片剂）,Venlafaxine,WESTERN,TABLET,片剂、胶囊：25mg 、50mg,片,25,mg,ROOM_TEMPERATURE,是,是,否,,否,,,ORAL,QD,是,是,ACTIVE
MED-2026-W137-02,文拉法辛（缓释片）,Venlafaxine,WESTERN,TABLET,75mg,片,75,mg,ROOM_TEMPERATURE,是,是,否,,否,,,ORAL,QD,是,是,ACTIVE
MED-2026-W137-03,文拉法辛（缓释胶囊）,Venlafaxine,WESTERN,CAPSULE,75mg 、150mg,粒,75,mg,ROOM_TEMPERATURE,是,是,否,,否,,,ORAL,QD,是,是,ACTIVE
MED-2026-W138-01,舍曲林（片剂）,Sertraline,WESTERN,TABLET,25mg 、50mg 、100mg,片,25,mg,ROOM_TEMPERATURE,是,是,否,,否,,,ORAL,QD,是,是,ACTIVE
MED-2026-W138-02,舍曲林（胶囊）,Sertraline,WESTERN,CAPSULE,50mg,粒,50,mg,ROOM_TEMPERATURE,是,是,否,,否,,,ORAL,QD,是,是,ACTIVE
MED-2026-W139-01,地西泮（片剂）,Diazepam,WESTERN,TABLET,2.5mg 、5mg,片,2.5,mg,ROOM_TEMPERATURE,是,是,否,,否,,,ORAL,QD,是,是,ACTIVE
MED-2026-W139-02,地西泮（注射液）,Diazepam,WESTERN,INJECTION,2ml ∶10mg,支,2,ml,ROOM_TEMPERATURE,是,是,否,,否,,,IM,QD,是,是,ACTIVE
MED-2026-W140,氯硝西泮片剂,Clonazepam,WESTERN,TABLET,0.5mg 、2mg,片,0.5,mg,ROOM_TEMPERATURE,是,是,否,,否,,,ORAL,QD,是,是,ACTIVE
MED-2026-W141,劳拉西泮片剂,Lorazepam,WESTERN,TABLET,0.5mg 、1mg,片,0.5,mg,ROOM_TEMPERATURE,是,是,否,,否,,,ORAL,QD,是,是,ACTIVE
MED-2026-W142,艾司唑仑片剂,Estazolam,WESTERN,TABLET,1mg 、2mg,片,1,mg,ROOM_TEMPERATURE,是,是,否,,否,,,ORAL,QD,是,是,ACTIVE
MED-2026-W143,阿普唑仑片剂,Alprazolam,WESTERN,TABLET,0.4mg,片,0.4,mg,ROOM_TEMPERATURE,是,是,否,,否,,,ORAL,QD,是,是,ACTIVE
MED-2026-W144,坦度螺酮片剂,Tandospirone,WESTERN,TABLET,片剂、胶囊：5mg 、10mg,片,5,mg,ROOM_TEMPERATURE,是,是,否,,否,,,ORAL,QD,是,是,ACTIVE
MED-2026-W145,丁螺环酮片剂,Buspirone,WESTERN,TABLET,5mg,片,5,mg,ROOM_TEMPERATURE,是,是,否,,否,,,ORAL,QD,是,是,ACTIVE
MED-2026-W146-01,碳酸锂（片剂）,Lithium Carbonate,WESTERN,TABLET,0.25g,片,0.25,g,ROOM_TEMPERATURE,是,是,否,,否,,,ORAL,QD,是,是,ACTIVE
MED-2026-W146-02,碳酸锂（缓释片）,Lithium Carbonate,WESTERN,TABLET,0.3g,片,0.3,g,ROOM_TEMPERATURE,是,是,否,,否,,,ORAL,QD,是,是,ACTIVE
MED-2026-W147,佐匹克隆片剂,Zopiclone,WESTERN,TABLET,3.75mg 、7.5mg,片,3.75,mg,ROOM_TEMPERATURE,是,是,否,,否,,,ORAL,QD,是,是,ACTIVE
MED-2026-W148,右佐匹克隆片剂,Dexzopiclone,WESTERN,TABLET,1mg 、2mg 、3mg,片,1,mg,ROOM_TEMPERATURE,是,是,否,,否,,,ORAL,QD,是,是,ACTIVE
MED-2026-W149-01,咪达唑仑（片剂）,Midazolam,WESTERN,TABLET,15mg,片,15,mg,ROOM_TEMPERATURE,是,是,否,,否,,,ORAL,QD,是,是,ACTIVE
MED-2026-W149-02,咪达唑仑（口服溶液剂）,Midazolam,WESTERN,ORAL_LIQUID,0.2%,瓶,,,ROOM_TEMPERATURE,是,是,否,,否,,,ORAL,QD,是,是,ACTIVE
MED-2026-W149-03,咪达唑仑（注射液）,Midazolam,WESTERN,INJECTION,1ml ∶5mg 、2ml ∶10mg,支,1,ml,ROOM_TEMPERATURE,是,是,否,,否,,,IM,QD,是,是,ACTIVE
MED-2026-W150,唑吡坦片剂,Zolpidem,WESTERN,TABLET,5mg 、10mg,片,5,mg,ROOM_TEMPERATURE,是,是,否,,否,,,ORAL,QD,是,是,ACTIVE
MED-2026-W151-01,硝酸甘油（片剂）,Nitroglycerin,WESTERN,TABLET,0.5mg,片,0.5,mg,ROOM_TEMPERATURE,是,是,否,,否,,,ORAL,QD,是,是,ACTIVE
MED-2026-W151-02,硝酸甘油（舌下片）,Nitroglycerin,WESTERN,TABLET,0.6mg,片,0.6,mg,ROOM_TEMPERATURE,是,是,否,,否,,,ORAL,QD,是,是,ACTIVE
MED-2026-W151-03,硝酸甘油（注射液）,Nitroglycerin,WESTERN,INJECTION,1ml ∶5mg,支,1,ml,ROOM_TEMPERATURE,是,是,否,,否,,,IM,QD,是,是,ACTIVE
MED-2026-W152-01,硝酸异山梨酯（片剂）,Isosorbide Dinitrate,WESTERN,TABLET,5mg,片,5,mg,ROOM_TEMPERATURE,是,是,否,,否,,,ORAL,QD,是,是,ACTIVE
MED-2026-W152-02,硝酸异山梨酯（注射液）,Isosorbide Dinitrate,WESTERN,INJECTION,10ml ∶10mg,支,10,ml,ROOM_TEMPERATURE,是,是,否,,否,,,IM,QD,是,是,ACTIVE
MED-2026-W152-03,硝酸异山梨酯（注射液）,Isosorbide Dinitrate,WESTERN,INJECTION,氯化钠注射液、葡萄糖注射液： 100ml ∶10mg,支,100,ml,ROOM_TEMPERATURE,是,是,否,,否,,,IM,QD,是,是,ACTIVE
MED-2026-W153-01,单硝酸异山梨酯（片剂）,Isosorbide Mononitrate,WESTERN,TABLET,10mg 、20mg,片,10,mg,ROOM_TEMPERATURE,是,是,否,,否,,,ORAL,QD,是,是,ACTIVE
MED-2026-W153-02,单硝酸异山梨酯（缓释片）,Isosorbide Mononitrate,WESTERN,TABLET,30mg、40mg、50mg、60mg,片,30,mg,ROOM_TEMPERATURE,是,是,否,,否,,,ORAL,QD,是,是,ACTIVE
MED-2026-W153-03,单硝酸异山梨酯（缓释胶囊）,Isosorbide Mononitrate,WESTERN,CAPSULE,40mg 、50mg,粒,40,mg,ROOM_TEMPERATURE,是,是,否,,否,,,ORAL,QD,是,是,ACTIVE
MED-2026-W153-04,单硝酸异山梨酯（注射液）,Isosorbide Mononitrate,WESTERN,INJECTION,1ml ∶10mg 、5ml ∶20mg,支,1,ml,ROOM_TEMPERATURE,是,是,否,,否,,,IM,QD,是,是,ACTIVE
MED-2026-W154,硝苯地平片剂,Nifedipine,WESTERN,TABLET,5mg 、10mg,片,5,mg,ROOM_TEMPERATURE,是,是,否,,否,,,ORAL,QD,是,是,ACTIVE
MED-2026-W155-01,地尔硫䓬（片剂）,Diltiazem,WESTERN,TABLET,30mg,片,30,mg,ROOM_TEMPERATURE,是,是,否,,否,,,ORAL,QD,是,是,ACTIVE
MED-2026-W155-02,地尔硫䓬（缓释胶囊）,Diltiazem,WESTERN,CAPSULE,90mg,粒,90,mg,ROOM_TEMPERATURE,是,是,否,,否,,,ORAL,QD,是,是,ACTIVE
MED-2026-W156,尼可地尔片剂,Nicorandil,WESTERN,TABLET,5mg,片,5,mg,ROOM_TEMPERATURE,是,是,否,,否,,,ORAL,QD,是,是,ACTIVE
MED-2026-W157-01,曲美他嗪（片剂）,Trimetazidine,WESTERN,TABLET,20mg,片,20,mg,ROOM_TEMPERATURE,是,是,否,,否,,,ORAL,QD,是,是,ACTIVE
MED-2026-W157-02,曲美他嗪（缓释片）,Trimetazidine,WESTERN,TABLET,35mg,片,35,mg,ROOM_TEMPERATURE,是,是,否,,否,,,ORAL,QD,是,是,ACTIVE
MED-2026-W158,美西律片剂,Mexiletine,WESTERN,TABLET,50mg 、100mg,片,50,mg,ROOM_TEMPERATURE,是,是,否,,否,,,ORAL,QD,是,是,ACTIVE
MED-2026-W159-01,普罗帕酮（片剂）,Propafenone,WESTERN,TABLET,50mg 、100mg 、150mg,片,50,mg,ROOM_TEMPERATURE,是,是,否,,否,,,ORAL,QD,是,是,ACTIVE
MED-2026-W159-02,普罗帕酮（注射液）,Propafenone,WESTERN,INJECTION,10ml ∶35mg 、20ml ∶70mg,支,10,ml,ROOM_TEMPERATURE,是,是,否,,否,,,IM,QD,是,是,ACTIVE
MED-2026-W160,普萘洛尔片剂,Propranolol,WESTERN,TABLET,10mg,片,10,mg,ROOM_TEMPERATURE,是,是,否,,否,,,ORAL,QD,是,是,ACTIVE
MED-2026-W161,阿替洛尔片剂,Atenolol,WESTERN,TABLET,12.5mg 、25mg 、50mg,片,12.5,mg,ROOM_TEMPERATURE,是,是,否,,否,,,ORAL,QD,是,是,ACTIVE
MED-2026-W162-01,美托洛尔（片剂）,Metoprolol,WESTERN,TABLET,（酒石酸盐）片剂：25mg 、50mg （琥珀酸盐）缓释（片、胶囊）：47.5mg,片,25,mg,ROOM_TEMPERATURE,是,是,否,,否,,,ORAL,QD,是,是,ACTIVE
MED-2026-W162-02,美托洛尔（注射液）,Metoprolol,WESTERN,INJECTION,（酒石酸盐）注射液：5ml ∶5mg,支,5,ml,ROOM_TEMPERATURE,是,是,否,,否,,,IM,QD,是,是,ACTIVE
MED-2026-W163,艾司洛尔注射液,Esmolol,WESTERN,INJECTION,1ml ∶0. 1g 、2ml ∶0.2g、 10ml ∶0.1g,支,1,ml,ROOM_TEMPERATURE,是,是,否,,否,,,IM,QD,是,是,ACTIVE
MED-2026-W164,索他洛尔片剂,Sotalol,WESTERN,TABLET,80mg,片,80,mg,ROOM_TEMPERATURE,是,是,否,,否,,,ORAL,QD,是,是,ACTIVE
MED-2026-W165-01,胺碘酮（片剂）,Amiodarone,WESTERN,TABLET,0.2g,片,0.2,g,ROOM_TEMPERATURE,是,是,否,,否,,,ORAL,QD,是,是,ACTIVE
MED-2026-W165-02,胺碘酮（注射液）,Amiodarone,WESTERN,INJECTION,2ml ∶0. 15g 、3ml ∶0. 15g,支,2,ml,ROOM_TEMPERATURE,是,是,否,,否,,,IM,QD,是,是,ACTIVE
MED-2026-W166-01,维拉帕米（片剂）,Verapamil,WESTERN,TABLET,40mg,片,40,mg,ROOM_TEMPERATURE,是,是,否,,否,,,ORAL,QD,是,是,ACTIVE
MED-2026-W166-02,维拉帕米（注射液）,Verapamil,WESTERN,INJECTION,2ml ∶5mg,支,2,ml,ROOM_TEMPERATURE,是,是,否,,否,,,IM,QD,是,是,ACTIVE
MED-2026-W167,伊布利特注射液,Ibutilide,WESTERN,INJECTION,10ml ∶1mg,支,10,ml,ROOM_TEMPERATURE,是,是,否,,否,,,IM,QD,是,是,ACTIVE
MED-2026-W168,莫雷西嗪片剂,Moracizine,WESTERN,TABLET,50mg,片,50,mg,ROOM_TEMPERATURE,是,是,否,,否,,,ORAL,QD,是,是,ACTIVE
MED-2026-W169-01,地高辛（片剂）,Digoxin,WESTERN,TABLET,0.25mg,片,0.25,mg,ROOM_TEMPERATURE,是,是,否,,否,,,ORAL,QD,是,是,ACTIVE
MED-2026-W169-02,地高辛（口服溶液剂）,Digoxin,WESTERN,ORAL_LIQUID,10ml ∶0.5mg、 30ml ∶1.5mg 、50ml ∶2.5mg、 100ml ∶5mg,瓶,10,ml,ROOM_TEMPERATURE,是,是,否,,否,,,ORAL,QD,是,是,ACTIVE
MED-2026-W169-03,地高辛（注射液）,Digoxin,WESTERN,INJECTION,2ml ∶0.5mg,支,2,ml,ROOM_TEMPERATURE,是,是,否,,否,,,IM,QD,是,是,ACTIVE
MED-2026-W170,去乙酰毛花苷注射液,Deslanoside,WESTERN,INJECTION,2ml ∶0.4mg,支,2,ml,ROOM_TEMPERATURE,是,是,否,,否,,,IM,QD,是,是,ACTIVE
MED-2026-W171,伊伐布雷定片剂,Ivabradine,WESTERN,TABLET,5mg 、7.5mg,片,5,mg,ROOM_TEMPERATURE,是,是,否,,否,,,ORAL,QD,是,是,ACTIVE
MED-2026-W172,米力农注射液,Milrinone,WESTERN,INJECTION,5ml ∶5mg 、10ml ∶10mg,支,5,ml,ROOM_TEMPERATURE,是,是,否,,否,,,IM,QD,是,是,ACTIVE
MED-2026-W173,卡托普利片剂,Captopril,WESTERN,TABLET,12.5mg 、25mg,片,12.5,mg,ROOM_TEMPERATURE,是,是,否,,否,,,ORAL,QD,是,是,ACTIVE
MED-2026-W174,依那普利片剂,Enalapril,WESTERN,TABLET,2.5mg 、5mg 、10mg,片,2.5,mg,ROOM_TEMPERATURE,是,是,否,,否,,,ORAL,QD,是,是,ACTIVE
MED-2026-W175,赖诺普利片剂,Lisinopril,WESTERN,TABLET,片剂、胶囊：5mg 、10mg,片,5,mg,ROOM_TEMPERATURE,是,是,否,,否,,,ORAL,QD,是,是,ACTIVE
MED-2026-W176,培哚普利叔丁胺片剂,Perindopril tert-Butylamine,WESTERN,TABLET,2mg 、4mg 、8mg,片,2,mg,ROOM_TEMPERATURE,是,是,否,,否,,,ORAL,QD,是,是,ACTIVE
MED-2026-W177,缬沙坦片剂,Valsartan,WESTERN,TABLET,片剂、胶囊：80mg,片,80,mg,ROOM_TEMPERATURE,是,是,否,,否,,,ORAL,QD,是,是,ACTIVE
MED-2026-W178-01,替米沙坦（片剂）,Telmisartan,WESTERN,TABLET,20mg 、40mg 、80mg,片,20,mg,ROOM_TEMPERATURE,是,是,否,,否,,,ORAL,QD,是,是,ACTIVE
MED-2026-W178-02,替米沙坦（胶囊）,Telmisartan,WESTERN,CAPSULE,40mg,粒,40,mg,ROOM_TEMPERATURE,是,是,否,,否,,,ORAL,QD,是,是,ACTIVE
MED-2026-W179-01,厄贝沙坦（片剂）,Irbesartan,WESTERN,TABLET,0.075g 、0. 15g,片,0.075,g,ROOM_TEMPERATURE,是,是,否,,否,,,ORAL,QD,是,是,ACTIVE
MED-2026-W179-02,厄贝沙坦（分散片）,Irbesartan,WESTERN,TABLET,0. 15g,片,15,g,ROOM_TEMPERATURE,是,是,否,,否,,,ORAL,QD,是,是,ACTIVE
MED-2026-W180-01,缬沙坦氨氯地平（片剂）,Valsartan and Amlodipine,WESTERN,TABLET,片剂(Ⅰ)：每片含缬沙坦 80mg、氨氯地平 5mg,片,80,mg,ROOM_TEMPERATURE,是,是,否,,否,,,ORAL,QD,是,是,ACTIVE
MED-2026-W180-02,缬沙坦氨氯地平（片剂）,Valsartan and Amlodipine,WESTERN,TABLET,片剂(Ⅱ)：每片含缬沙坦 160mg、氨氯地平 5mg,片,160,mg,ROOM_TEMPERATURE,是,是,否,,否,,,ORAL,QD,是,是,ACTIVE
MED-2026-W181,硝普钠注射用无菌粉末,Sodium Nitroprusside,WESTERN,INJECTION,50mg,支,50,mg,ROOM_TEMPERATURE,是,是,否,,否,,,IVGTT,QD,是,是,ACTIVE
MED-2026-W182,硫酸镁注射液,Magnesium Sulfate,WESTERN,INJECTION,2ml ∶1g 、10ml ∶1g、 10ml ∶2.5g 、10ml ∶5g 、20ml ∶10g,支,2,ml,ROOM_TEMPERATURE,是,是,否,,否,,,IM,QD,是,是,ACTIVE
MED-2026-W183,尼群地平片剂,Nitrendipine,WESTERN,TABLET,10mg,片,10,mg,ROOM_TEMPERATURE,是,是,否,,否,,,ORAL,QD,是,是,ACTIVE
MED-2026-W184,非洛地平片剂,Felodipine,WESTERN,TABLET,片剂、缓释片：2.5mg 、5mg,片,2.5,mg,ROOM_TEMPERATURE,是,是,否,,否,,,ORAL,QD,是,是,ACTIVE
MED-2026-W185,氨氯地平片剂,Amlodipine,WESTERN,TABLET,（苯磺酸盐、马来酸盐）片剂： 5mg,片,5,mg,ROOM_TEMPERATURE,是,是,否,,否,,,ORAL,QD,是,是,ACTIVE
MED-2026-W186-01,左氨氯地平（片剂）,Levamlodipine,WESTERN,TABLET,（苯磺酸盐）片剂：2.5mg 、5mg,片,2.5,mg,ROOM_TEMPERATURE,是,是,否,,否,,,ORAL,QD,是,是,ACTIVE
MED-2026-W186-02,左氨氯地平（片剂）,Levamlodipine,WESTERN,TABLET,（马来酸盐）片剂：2.5mg,片,2.5,mg,ROOM_TEMPERATURE,是,是,否,,否,,,ORAL,QD,是,是,ACTIVE
MED-2026-W187,比索洛尔片剂,Bisoprolol,WESTERN,TABLET,2.5mg 、5mg,片,2.5,mg,ROOM_TEMPERATURE,是,是,否,,否,,,ORAL,QD,是,是,ACTIVE
MED-2026-W188,拉贝洛尔片剂,Labetalol,WESTERN,TABLET,50mg 、100mg,片,50,mg,ROOM_TEMPERATURE,是,是,否,,否,,,ORAL,QD,是,是,ACTIVE
MED-2026-W189-01,乌拉地尔（片剂）,Urapidil,WESTERN,TABLET,缓释（片剂、胶囊）：30mg,片,30,mg,ROOM_TEMPERATURE,是,是,否,,否,,,ORAL,QD,是,是,ACTIVE
MED-2026-W189-02,乌拉地尔（注射液）,Urapidil,WESTERN,INJECTION,5ml ∶25mg 、10ml ∶50mg,支,5,ml,ROOM_TEMPERATURE,是,是,否,,否,,,IM,QD,是,是,ACTIVE
MED-2026-W190-01,吲达帕胺（片剂）,Indapamide,WESTERN,TABLET,2.5mg,片,2.5,mg,ROOM_TEMPERATURE,是,是,否,,否,,,ORAL,QD,是,是,ACTIVE
MED-2026-W190-02,吲达帕胺（缓释片）,Indapamide,WESTERN,TABLET,1.5mg,片,1.5,mg,ROOM_TEMPERATURE,是,是,否,,否,,,ORAL,QD,是,是,ACTIVE
MED-2026-W191-01,酚妥拉明（注射液）,Phentolamine,WESTERN,INJECTION,1ml ∶10mg,支,1,ml,ROOM_TEMPERATURE,是,是,否,,否,,,IM,QD,是,是,ACTIVE
MED-2026-W191-02,酚妥拉明（注射用无菌粉末）,Phentolamine,WESTERN,INJECTION,10mg,支,10,mg,ROOM_TEMPERATURE,是,是,否,,否,,,IVGTT,QD,是,是,ACTIVE
MED-2026-W192,哌唑嗪片剂,Prazosin,WESTERN,TABLET,1mg 、2mg,片,1,mg,ROOM_TEMPERATURE,是,是,否,,否,,,ORAL,QD,是,是,ACTIVE
MED-2026-W193-01,波生坦（片剂）,Bosentan,WESTERN,TABLET,125mg,片,125,mg,ROOM_TEMPERATURE,是,是,否,,否,,,ORAL,QD,是,是,ACTIVE
MED-2026-W193-02,波生坦（分散片）,Bosentan,WESTERN,TABLET,32mg,片,32,mg,ROOM_TEMPERATURE,是,是,否,,否,,,ORAL,QD,是,是,ACTIVE
MED-2026-W194,肾上腺素注射液,Epinephrine,WESTERN,INJECTION,1ml ∶1mg,支,1,ml,ROOM_TEMPERATURE,是,是,否,,否,,,IM,QD,是,是,ACTIVE
MED-2026-W195,去甲肾上腺素注射液,Norepinephrine,WESTERN,INJECTION,1ml ∶2mg 、2ml ∶10mg、 4ml ∶8mg,支,1,ml,ROOM_TEMPERATURE,是,是,否,,否,,,IM,QD,是,是,ACTIVE
MED-2026-W196,异丙肾上腺素注射液,Isoprenaline,WESTERN,INJECTION,2ml ∶1mg,支,2,ml,ROOM_TEMPERATURE,是,是,否,,否,,,IM,QD,是,是,ACTIVE
MED-2026-W197,间羟胺注射液,Metaraminol,WESTERN,INJECTION,1ml ∶10mg 、5ml ∶50mg,支,1,ml,ROOM_TEMPERATURE,是,是,否,,否,,,IM,QD,是,是,ACTIVE
MED-2026-W198,多巴胺注射液,Dopamine,WESTERN,INJECTION,2ml ∶20mg 、2.5ml ∶50mg、 5ml ∶100mg 、5ml ∶200mg,支,2,ml,ROOM_TEMPERATURE,是,是,否,,否,,,IM,QD,是,是,ACTIVE
MED-2026-W199,多巴酚丁胺注射液,Dobutamine,WESTERN,INJECTION,2ml ∶20mg 、5ml ∶100mg,支,2,ml,ROOM_TEMPERATURE,是,是,否,,否,,,IM,QD,是,是,ACTIVE
MED-2026-W200,辛伐他汀片剂,Simvastatin,WESTERN,TABLET,10mg 、20mg,片,10,mg,ROOM_TEMPERATURE,是,是,否,,否,,,ORAL,QD,是,是,ACTIVE
MED-2026-W201,阿托伐他汀片剂,Atorvastatin,WESTERN,TABLET,10mg 、20mg,片,10,mg,ROOM_TEMPERATURE,是,是,否,,否,,,ORAL,QD,是,是,ACTIVE
MED-2026-W202,瑞舒伐他汀片剂,Rosuvastatin,WESTERN,TABLET,片剂、胶囊：5mg 、10mg 、20mg,片,5,mg,ROOM_TEMPERATURE,是,是,否,,否,,,ORAL,QD,是,是,ACTIVE
MED-2026-W203-01,非诺贝特（片剂）,Fenofibrate,WESTERN,TABLET,片剂、分散片：0. 1g,片,1,g,ROOM_TEMPERATURE,是,是,否,,否,,,ORAL,QD,是,是,ACTIVE
MED-2026-W203-02,非诺贝特（胶囊）,Fenofibrate,WESTERN,CAPSULE,0. 1g 、0.2g,粒,1,g,ROOM_TEMPERATURE,是,是,否,,否,,,ORAL,QD,是,是,ACTIVE
MED-2026-W204,依折麦布片剂,Ezetimibe,WESTERN,TABLET,10mg,片,10,mg,ROOM_TEMPERATURE,是,是,否,,否,,,ORAL,QD,是,是,ACTIVE
MED-2026-W205-01,溴己新（片剂）,Bromhexine,WESTERN,TABLET,8mg,片,8,mg,ROOM_TEMPERATURE,是,是,否,,否,,,ORAL,BID,否,是,ACTIVE
MED-2026-W205-02,溴己新（口服溶液剂）,Bromhexine,WESTERN,ORAL_LIQUID,40ml ∶80mg,瓶,40,ml,ROOM_TEMPERATURE,是,是,否,,否,,,ORAL,BID,否,是,ACTIVE
MED-2026-W205-03,溴己新（注射液）,Bromhexine,WESTERN,INJECTION,2ml ∶4mg,支,2,ml,ROOM_TEMPERATURE,是,是,否,,否,,,IM,BID,否,是,ACTIVE
MED-2026-W206-01,氨溴索（片剂）,Ambroxol,WESTERN,TABLET,片剂、分散片、胶囊：30mg,片,30,mg,ROOM_TEMPERATURE,是,是,否,,否,,,ORAL,BID,否,是,ACTIVE
MED-2026-W206-02,氨溴索（口服溶液剂）,Ambroxol,WESTERN,ORAL_LIQUID,0.3% 、0.6%,瓶,,,ROOM_TEMPERATURE,是,是,否,,否,,,ORAL,BID,否,是,ACTIVE
MED-2026-W206-03,氨溴索（吸入用溶液）,Ambroxol,WESTERN,AEROSOL,2ml ∶15mg,瓶,2,ml,ROOM_TEMPERATURE,是,是,否,,否,,,NEB,BID,否,是,ACTIVE
MED-2026-W206-04,氨溴索（注射液）,Ambroxol,WESTERN,INJECTION,2ml ∶15mg,支,2,ml,ROOM_TEMPERATURE,是,是,否,,否,,,IM,BID,否,是,ACTIVE
MED-2026-W207,桉柠蒎肠溶胶囊,"Eucalyptol, Limonene and Pinene",WESTERN,CAPSULE,0. 12g 、0.3g,粒,12,g,ROOM_TEMPERATURE,是,是,否,,否,,,ORAL,BID,否,是,ACTIVE
MED-2026-W208-01,羧甲司坦（片剂）,Carbocysteine,WESTERN,TABLET,0. 1g 、0.25g,片,1,g,ROOM_TEMPERATURE,是,是,否,,否,,,ORAL,BID,否,是,ACTIVE
MED-2026-W208-02,羧甲司坦（口服溶液剂）,Carbocysteine,WESTERN,ORAL_LIQUID,10ml ∶0.2g、10ml ∶0.5g,瓶,10,ml,ROOM_TEMPERATURE,是,是,否,,否,,,ORAL,BID,否,是,ACTIVE
MED-2026-W209-01,乙酰半胱氨酸（颗粒剂）,Acetylcysteine,WESTERN,GRANULE,0. 1g 、0.2g,袋,1,g,ROOM_TEMPERATURE,是,是,否,,否,,,ORAL,BID,否,是,ACTIVE
MED-2026-W209-02,乙酰半胱氨酸（泡腾片）,Acetylcysteine,WESTERN,TABLET,0.6g,片,0.6,g,ROOM_TEMPERATURE,是,是,否,,否,,,ORAL,BID,否,是,ACTIVE
MED-2026-W209-03,乙酰半胱氨酸（吸入用溶液）,Acetylcysteine,WESTERN,AEROSOL,3ml ∶0.3g,瓶,3,ml,ROOM_TEMPERATURE,是,是,否,,否,,,NEB,BID,否,是,ACTIVE
MED-2026-W210,复方甘草片剂,Compound Liquorice,WESTERN,TABLET,片剂、口服溶液剂,片,,,ROOM_TEMPERATURE,是,是,否,,否,,,ORAL,BID,否,是,ACTIVE
MED-2026-W211,喷托维林片剂,Pentoxyverine,WESTERN,TABLET,25mg,片,25,mg,ROOM_TEMPERATURE,是,是,否,,否,,,ORAL,BID,否,是,ACTIVE
MED-2026-W212,可待因片剂,Codeine,WESTERN,TABLET,15mg 、30mg,片,15,mg,ROOM_TEMPERATURE,是,是,否,,否,,,ORAL,BID,否,是,ACTIVE
MED-2026-W213-01,右美沙芬（片剂）,Dextromethorphan,WESTERN,TABLET,15mg,片,15,mg,ROOM_TEMPERATURE,是,是,否,,否,,,ORAL,BID,否,是,ACTIVE
MED-2026-W213-02,右美沙芬（颗粒剂）,Dextromethorphan,WESTERN,GRANULE,15mg,袋,15,mg,ROOM_TEMPERATURE,是,是,否,,否,,,ORAL,BID,否,是,ACTIVE
MED-2026-W213-03,右美沙芬（口服溶液剂）,Dextromethorphan,WESTERN,ORAL_LIQUID,10ml ∶15mg,瓶,10,ml,ROOM_TEMPERATURE,是,是,否,,否,,,ORAL,BID,否,是,ACTIVE
MED-2026-W214,复方甲氧那明胶囊,"Compound
Methoxyphenamine Hydrochloride",WESTERN,CAPSULE,每粒含盐酸甲氧那明12.5mg、那可丁 7mg、氨茶碱 25mg、马来酸氯苯那敏 2mg,粒,12.5,mg,ROOM_TEMPERATURE,是,是,否,,否,,,ORAL,BID,否,是,ACTIVE
MED-2026-W215-01,氨茶碱（片剂）,Aminophylline,WESTERN,TABLET,0. 1g 、0.2g,片,1,g,ROOM_TEMPERATURE,是,是,否,,否,,,ORAL,PRN,否,是,ACTIVE
MED-2026-W215-02,氨茶碱（缓释片）,Aminophylline,WESTERN,TABLET,0. 1g,片,1,g,ROOM_TEMPERATURE,是,是,否,,否,,,ORAL,PRN,否,是,ACTIVE
MED-2026-W215-03,氨茶碱（注射液）,Aminophylline,WESTERN,INJECTION,2ml ∶0.25g 、2ml ∶0.5g、 10ml ∶0.25g,支,2,ml,ROOM_TEMPERATURE,是,是,否,,否,,,IM,PRN,否,是,ACTIVE
MED-2026-W216,茶碱缓释片,Theophylline,WESTERN,TABLET,0. 1g,片,1,g,ROOM_TEMPERATURE,是,是,否,,否,,,ORAL,BID,否,是,ACTIVE
MED-2026-W217-01,沙丁胺醇（吸入气雾剂）,Salbutamol,WESTERN,AEROSOL,200 揿：每揿 100μg、,瓶,100,μg,ROOM_TEMPERATURE,是,是,否,,否,,,INHALATION,BID,否,是,ACTIVE
MED-2026-W217-02,沙丁胺醇（200 揿）,Salbutamol,WESTERN,OTHER,每揿 140μg,盒,140,μg,ROOM_TEMPERATURE,是,是,否,,否,,,ORAL,BID,否,是,ACTIVE
MED-2026-W217-03,沙丁胺醇（吸入用溶液）,Salbutamol,WESTERN,AEROSOL,2.5ml ∶5mg,瓶,2.5,ml,ROOM_TEMPERATURE,是,是,否,,否,,,NEB,BID,否,是,ACTIVE
MED-2026-W218-01,异丙托溴铵（气雾剂）,Ipratropium Bromide,WESTERN,AEROSOL,14g∶8.4mg,瓶,14,g,ROOM_TEMPERATURE,是,是,否,,否,,,INHALATION,BID,否,是,ACTIVE
MED-2026-W218-02,异丙托溴铵（吸入用溶液）,Ipratropium Bromide,WESTERN,AEROSOL,2ml ∶0.5mg,瓶,2,ml,ROOM_TEMPERATURE,是,是,否,,否,,,NEB,BID,否,是,ACTIVE
MED-2026-W219,噻托溴铵吸入粉雾剂,Tiotropium Bromide,WESTERN,POWDER,18μg,袋,18,μg,ROOM_TEMPERATURE,是,是,否,,否,,,ORAL,BID,否,是,ACTIVE
MED-2026-W220-01,孟鲁司特（片剂）,Montelukast,WESTERN,TABLET,10mg,片,10,mg,ROOM_TEMPERATURE,是,是,否,,否,,,ORAL,BID,否,是,ACTIVE
MED-2026-W220-02,孟鲁司特（咀嚼片）,Montelukast,WESTERN,TABLET,4mg 、5mg,片,4,mg,ROOM_TEMPERATURE,是,是,否,,否,,,ORAL,BID,否,是,ACTIVE
MED-2026-W220-03,孟鲁司特（颗粒剂）,Montelukast,WESTERN,GRANULE,4mg,袋,4,mg,ROOM_TEMPERATURE,是,是,否,,否,,,ORAL,BID,否,是,ACTIVE
MED-2026-W220-04,孟鲁司特（口溶膜）,Montelukast,WESTERN,OTHER,4mg 、5mg,盒,4,mg,ROOM_TEMPERATURE,是,是,否,,否,,,ORAL,BID,否,是,ACTIVE
MED-2026-W221-01,丙酸氟替卡松（吸入气雾剂）,Fluticasone Propionate,WESTERN,AEROSOL,50μg/ 揿、 125μg/ 揿,瓶,50,μg,ROOM_TEMPERATURE,是,是,否,,否,,,INHALATION,BID,否,是,ACTIVE
MED-2026-W221-02,丙酸氟替卡松（雾化吸入用混悬液）,Fluticasone Propionate,WESTERN,ORAL_LIQUID,2ml ∶0.5mg,瓶,2,ml,ROOM_TEMPERATURE,是,是,否,,否,,,ORAL,BID,否,是,ACTIVE
MED-2026-W222-01,布地奈德（吸入气雾剂）,Budesonide,WESTERN,AEROSOL,每瓶 100 揿，每揿含布地奈德 200μg；每瓶 200 揿，每揿含布地奈德 100μg,瓶,200,μg,ROOM_TEMPERATURE,是,是,否,,否,,,INHALATION,BID,否,是,ACTIVE
MED-2026-W222-02,布地奈德（吸入粉雾剂）,Budesonide,WESTERN,POWDER,0. 1mg/ 吸；0.2mg； 200μg/ 吸，200 吸/ 支,袋,1,mg,ROOM_TEMPERATURE,是,是,否,,否,,,ORAL,BID,否,是,ACTIVE
MED-2026-W222-03,布地奈德（雾化吸入用混悬液）,Budesonide,WESTERN,ORAL_LIQUID,2ml ∶1mg,瓶,2,ml,ROOM_TEMPERATURE,是,是,否,,否,,,ORAL,BID,否,是,ACTIVE
MED-2026-W223,布地奈德福莫特罗吸入粉雾剂,"Budesonide and
Formoterol",WESTERN,POWDER,80μg/4.5μg/吸、 160μg/4.5μg/ 吸、320μg/9μg/ 吸,袋,80,μg,ROOM_TEMPERATURE,是,是,否,,否,,,ORAL,BID,否,是,ACTIVE
MED-2026-W224,茚达特罗格隆溴铵吸入粉雾剂,"Indacaterol and
Glycopyrronium",WESTERN,POWDER,110μg/50μg/ 粒,袋,110,μg,ROOM_TEMPERATURE,是,是,否,,否,,,ORAL,BID,否,是,ACTIVE
MED-2026-W225,布地格福吸入气雾剂,"Budesonide, Glycopyrronium and Formoterol",WESTERN,AEROSOL,每瓶 120 揿，每揿含布地奈德 160μg、格隆铵 7.2μg 和富马酸福莫特罗 4.8μg,瓶,160,μg,ROOM_TEMPERATURE,是,是,否,,否,,,INHALATION,BID,否,是,ACTIVE
MED-2026-W226-01,汉防己甲素（片剂）,Tetrandrine,WESTERN,TABLET,20mg,片,20,mg,ROOM_TEMPERATURE,是,是,否,,否,,,ORAL,BID,否,是,ACTIVE
MED-2026-W226-02,汉防己甲素（注射液）,Tetrandrine,WESTERN,INJECTION,2ml ∶30mg,支,2,ml,ROOM_TEMPERATURE,是,是,否,,否,,,IM,BID,否,是,ACTIVE
MED-2026-W227,尼达尼布软胶囊,Nintedanib,WESTERN,CAPSULE,100mg 、150mg,粒,100,mg,ROOM_TEMPERATURE,是,是,否,,否,,,ORAL,BID,否,是,ACTIVE
MED-2026-W228,复方氢氧化铝片剂,Compound Aluminium Hydroxide,WESTERN,TABLET,片剂,片,,,ROOM_TEMPERATURE,是,是,否,,否,,,ORAL,BID,否,是,ACTIVE
MED-2026-W229-01,雷尼替丁（片剂）,Ranitidine,WESTERN,TABLET,片剂、胶囊：0. 15g,片,15,g,ROOM_TEMPERATURE,是,是,否,,否,,,ORAL,BID,否,是,ACTIVE
MED-2026-W229-02,雷尼替丁（注射液）,Ranitidine,WESTERN,INJECTION,2ml ∶50mg,支,2,ml,ROOM_TEMPERATURE,是,是,否,,否,,,IM,BID,否,是,ACTIVE
MED-2026-W230-01,法莫替丁（片剂）,Famotidine,WESTERN,TABLET,片剂、胶囊：20mg,片,20,mg,ROOM_TEMPERATURE,是,是,否,,否,,,ORAL,BID,否,是,ACTIVE
MED-2026-W230-02,法莫替丁（注射液）,Famotidine,WESTERN,INJECTION,2ml ∶20mg,支,2,ml,ROOM_TEMPERATURE,是,是,否,,否,,,IM,BID,否,是,ACTIVE
MED-2026-W230-03,法莫替丁（注射用无菌粉末）,Famotidine,WESTERN,INJECTION,20mg,支,20,mg,ROOM_TEMPERATURE,是,是,否,,否,,,IVGTT,BID,否,是,ACTIVE
MED-2026-W231-01,奥美拉唑（片剂）,Omeprazole,WESTERN,TABLET,肠溶（片剂、胶囊）：10mg、20mg,片,10,mg,ROOM_TEMPERATURE,是,是,否,,否,,,ORAL,BID,否,是,ACTIVE
MED-2026-W231-02,奥美拉唑（注射用无菌粉末）,Omeprazole,WESTERN,INJECTION,40mg,支,40,mg,ROOM_TEMPERATURE,是,是,否,,否,,,IVGTT,BID,否,是,ACTIVE
MED-2026-W232-01,艾司奥美拉唑（片剂）,Esomeprazole,WESTERN,TABLET,肠溶（片剂、胶囊）：20mg,片,20,mg,ROOM_TEMPERATURE,是,是,否,,否,,,ORAL,BID,否,是,ACTIVE
MED-2026-W232-02,艾司奥美拉唑（肠溶干混悬剂）,Esomeprazole,WESTERN,ORAL_LIQUID,10mg 、20mg、 40mg,瓶,10,mg,ROOM_TEMPERATURE,是,是,否,,否,,,ORAL,BID,否,是,ACTIVE
MED-2026-W232-03,艾司奥美拉唑（注射用无菌粉末）,Esomeprazole,WESTERN,INJECTION,40mg,支,40,mg,ROOM_TEMPERATURE,是,是,否,,否,,,IVGTT,BID,否,是,ACTIVE
MED-2026-W233,雷贝拉唑肠溶片,Rabeprazole,WESTERN,TABLET,10mg 、20mg,片,10,mg,ROOM_TEMPERATURE,是,是,否,,否,,,ORAL,BID,否,是,ACTIVE
MED-2026-W234-01,枸橼酸铋钾（片剂）,Bismuth Potassium Citrate,WESTERN,TABLET,片剂、胶囊：0.3g（含 0. 11g 铋）,片,0.3,g,ROOM_TEMPERATURE,是,是,否,,否,,,ORAL,BID,否,是,ACTIVE
MED-2026-W234-02,枸橼酸铋钾（颗粒剂）,Bismuth Potassium Citrate,WESTERN,GRANULE,每袋含 0.11g 铋,袋,0.11,g,ROOM_TEMPERATURE,是,是,否,,否,,,ORAL,BID,否,是,ACTIVE
MED-2026-W235-01,胶体果胶铋（胶囊）,Colloidal Bismuth Pectin,WESTERN,CAPSULE,50mg 、100mg（以铋计）,粒,50,mg,ROOM_TEMPERATURE,是,是,否,,否,,,ORAL,BID,否,是,ACTIVE
MED-2026-W235-02,胶体果胶铋（颗粒剂）,Colloidal Bismuth Pectin,WESTERN,GRANULE,150mg（以铋计）,袋,150,mg,ROOM_TEMPERATURE,是,是,否,,否,,,ORAL,BID,否,是,ACTIVE
MED-2026-W236,铝碳酸镁咀嚼片,Hydrotalcite,WESTERN,TABLET,0.5g,片,0.5,g,ROOM_TEMPERATURE,是,是,否,,否,,,ORAL,BID,否,是,ACTIVE
MED-2026-W237,乳酶生片剂,Lactasin,WESTERN,TABLET,0. 15g 、0.3g,片,15,g,ROOM_TEMPERATURE,是,是,否,,否,,,ORAL,BID,否,是,ACTIVE
MED-2026-W238-01,胰酶（肠溶片）,Pancreatin,WESTERN,TABLET,300mg,片,300,mg,ROOM_TEMPERATURE,是,是,否,,否,,,ORAL,BID,否,是,ACTIVE
MED-2026-W238-02,胰酶（肠溶胶囊）,Pancreatin,WESTERN,CAPSULE,150mg,粒,150,mg,ROOM_TEMPERATURE,是,是,否,,否,,,ORAL,BID,否,是,ACTIVE
MED-2026-W239-01,山莨菪碱（片剂）,Anisodamine,WESTERN,TABLET,片剂（含消旋）：5mg 、10mg,片,5,mg,ROOM_TEMPERATURE,是,是,否,,否,,,ORAL,BID,否,是,ACTIVE
MED-2026-W239-02,山莨菪碱（注射液）,Anisodamine,WESTERN,INJECTION,注射液（含消旋）： 1ml ∶2mg、 1ml ∶10mg,支,1,ml,ROOM_TEMPERATURE,是,是,否,,否,,,IM,BID,否,是,ACTIVE
MED-2026-W240-01,阿托品（片剂）,Atropine,WESTERN,TABLET,0.3mg,片,0.3,mg,ROOM_TEMPERATURE,是,是,否,,否,,,ORAL,BID,否,是,ACTIVE
MED-2026-W240-02,阿托品（注射液）,Atropine,WESTERN,INJECTION,1ml ∶0.5mg 、1ml ∶1mg、 1ml ∶5mg 、2ml ∶1mg,支,1,ml,ROOM_TEMPERATURE,是,是,否,,否,,,IM,BID,否,是,ACTIVE
MED-2026-W241,多潘立酮片剂,Domperidone,WESTERN,TABLET,10mg,片,10,mg,ROOM_TEMPERATURE,是,是,否,,否,,,ORAL,BID,否,是,ACTIVE
MED-2026-W242-01,甲氧氯普胺（片剂）,Metoclopramide,WESTERN,TABLET,5mg,片,5,mg,ROOM_TEMPERATURE,是,是,否,,否,,,ORAL,BID,否,是,ACTIVE
MED-2026-W242-02,甲氧氯普胺（注射液）,Metoclopramide,WESTERN,INJECTION,1ml ∶10mg 、2ml ∶10mg,支,1,ml,ROOM_TEMPERATURE,是,是,否,,否,,,IM,BID,否,是,ACTIVE
MED-2026-W243,莫沙必利片剂,Mosapride,WESTERN,TABLET,5mg,片,5,mg,ROOM_TEMPERATURE,是,是,否,,否,,,ORAL,BID,否,是,ACTIVE
MED-2026-W244,匹维溴铵片剂,Pinaverium Bromide,WESTERN,TABLET,50mg,片,50,mg,ROOM_TEMPERATURE,是,是,否,,否,,,ORAL,BID,否,是,ACTIVE
MED-2026-W245-01,昂丹司琼（片剂）,Ondansetron,WESTERN,TABLET,4mg 、8mg,片,4,mg,ROOM_TEMPERATURE,是,是,否,,否,,,ORAL,BID,否,是,ACTIVE
MED-2026-W245-02,昂丹司琼（注射液）,Ondansetron,WESTERN,INJECTION,2ml ∶4mg 、4ml ∶8mg,支,2,ml,ROOM_TEMPERATURE,是,是,否,,否,,,IM,BID,否,是,ACTIVE
MED-2026-W246,开塞露灌肠剂（含甘油、山梨醇）,Enema,WESTERN,OTHER,灌肠剂（含甘油、山梨醇）,盒,,,ROOM_TEMPERATURE,是,是,否,,否,,,ORAL,BID,否,是,ACTIVE
MED-2026-W247,乳果糖口服溶液剂,Lactulose,WESTERN,ORAL_LIQUID,15ml ∶10g、 100ml ∶66.7g 、200ml ∶133.4g,瓶,15,ml,ROOM_TEMPERATURE,是,是,否,,否,,,ORAL,BID,否,是,ACTIVE
MED-2026-W248,洛哌丁胺胶囊,Loperamide,WESTERN,CAPSULE,2mg,粒,2,mg,ROOM_TEMPERATURE,是,是,否,,否,,,ORAL,BID,否,是,ACTIVE
MED-2026-W249,蒙脱石散剂,Montmorillonite,WESTERN,POWDER,3g,袋,3,g,ROOM_TEMPERATURE,是,是,否,,否,,,ORAL,BID,否,是,ACTIVE
MED-2026-W250,聚乙二醇散剂,Macrogol,WESTERN,POWDER,散剂,袋,,,ROOM_TEMPERATURE,是,是,否,,否,,,ORAL,BID,否,是,ACTIVE
MED-2026-W251,精氨酸注射液,Arginine,WESTERN,INJECTION,20ml ∶5g,支,20,ml,ROOM_TEMPERATURE,是,是,否,,否,,,IM,BID,否,是,ACTIVE
MED-2026-W252-01,联苯双酯（片剂）,Bifendate,WESTERN,TABLET,25mg,片,25,mg,ROOM_TEMPERATURE,是,是,否,,否,,,ORAL,BID,否,是,ACTIVE
MED-2026-W252-02,联苯双酯（滴丸剂）,Bifendate,WESTERN,DROPS,1.5mg,瓶,1.5,mg,ROOM_TEMPERATURE,是,是,否,,否,,,ORAL,BID,否,是,ACTIVE
MED-2026-W253,甘草酸二铵胶囊,"Diammonium
Glycyrrhizinate",WESTERN,CAPSULE,50mg,粒,50,mg,ROOM_TEMPERATURE,是,是,否,,否,,,ORAL,BID,否,是,ACTIVE
MED-2026-W254-01,水飞蓟素（片剂）,Silymarin,WESTERN,TABLET,70mg,片,70,mg,ROOM_TEMPERATURE,是,是,否,,否,,,ORAL,BID,否,是,ACTIVE
MED-2026-W254-02,水飞蓟素（胶囊）,Silymarin,WESTERN,CAPSULE,140mg,粒,140,mg,ROOM_TEMPERATURE,是,是,否,,否,,,ORAL,BID,否,是,ACTIVE
MED-2026-W255-01,多烯磷脂酰胆碱（胶囊）,"Polyene
Phosphatidylcholine",WESTERN,CAPSULE,228mg,粒,228,mg,ROOM_TEMPERATURE,是,是,否,,否,,,ORAL,BID,否,是,ACTIVE
MED-2026-W255-02,多烯磷脂酰胆碱（注射液）,"Polyene
Phosphatidylcholine",WESTERN,INJECTION,5ml ∶232.5mg,支,5,ml,ROOM_TEMPERATURE,是,是,否,,否,,,IM,BID,否,是,ACTIVE
MED-2026-W256-01,地衣芽孢杆菌活菌（胶囊）,"Bacillus Licheniformis, Live",WESTERN,CAPSULE,0.25g,粒,0.25,g,REFRIGERATED,是,是,否,,否,,,ORAL,BID,否,是,ACTIVE
MED-2026-W256-02,地衣芽孢杆菌活菌（颗粒剂）,"Bacillus Licheniformis, Live",WESTERN,GRANULE,0.5g,袋,0.5,g,REFRIGERATED,是,是,否,,否,,,ORAL,BID,否,是,ACTIVE
MED-2026-W257,枯草杆菌二联活菌肠溶胶囊,Live Combined Bacillus Subtilis and Enterociccus Faecium,WESTERN,CAPSULE,250mg,粒,250,mg,REFRIGERATED,是,是,否,,否,,,ORAL,BID,否,是,ACTIVE
MED-2026-W258,双歧杆菌三联活菌胶囊,Bifid Triple Viable,WESTERN,CAPSULE,胶囊、肠溶胶囊：0.21g,粒,0.21,g,REFRIGERATED,是,是,否,,否,,,ORAL,BID,否,是,ACTIVE
MED-2026-W259,双歧杆菌四联活菌片剂,"Combined Bifidobacterium, Lactobacillus, Enterococcus and Bacillus Cereus, Live",WESTERN,TABLET,0.5g,片,0.5,g,REFRIGERATED,是,是,否,,否,,,ORAL,BID,否,是,ACTIVE
MED-2026-W260-01,熊去氧胆酸（片剂）,UrsodeoxycholicAcid,WESTERN,TABLET,50mg 、250mg,片,50,mg,ROOM_TEMPERATURE,是,是,否,,否,,,ORAL,BID,否,是,ACTIVE
MED-2026-W260-02,熊去氧胆酸（胶囊）,UrsodeoxycholicAcid,WESTERN,CAPSULE,250mg,粒,250,mg,ROOM_TEMPERATURE,是,是,否,,否,,,ORAL,BID,否,是,ACTIVE
MED-2026-W260-03,熊去氧胆酸（混悬液）,UrsodeoxycholicAcid,WESTERN,ORAL_LIQUID,250ml ∶12.5g,瓶,250,ml,ROOM_TEMPERATURE,是,是,否,,否,,,ORAL,BID,否,是,ACTIVE
MED-2026-W261-01,柳氮磺吡啶（肠溶片）,Sulfasalazine,WESTERN,TABLET,0.25g,片,0.25,g,ROOM_TEMPERATURE,是,是,否,,否,,,ORAL,BID,否,是,ACTIVE
MED-2026-W261-02,柳氮磺吡啶（栓剂）,Sulfasalazine,WESTERN,SUPPOSITORY,0.5g,枚,0.5,g,ROOM_TEMPERATURE,是,是,否,,否,,,RECTAL,BID,否,是,ACTIVE
MED-2026-W262-01,呋塞米（片剂）,Furosemide,WESTERN,TABLET,20mg,片,20,mg,ROOM_TEMPERATURE,是,是,否,,否,,,ORAL,BID,否,是,ACTIVE
MED-2026-W262-02,呋塞米（注射液）,Furosemide,WESTERN,INJECTION,2ml ∶20mg,支,2,ml,ROOM_TEMPERATURE,是,是,否,,否,,,IM,BID,否,是,ACTIVE
MED-2026-W263-01,托拉塞米（片剂）,Torasemide,WESTERN,TABLET,5mg 、10mg 、20mg,片,5,mg,ROOM_TEMPERATURE,是,是,否,,否,,,ORAL,BID,否,是,ACTIVE
MED-2026-W263-02,托拉塞米（注射液）,Torasemide,WESTERN,INJECTION,2ml ∶10mg 、4ml ∶20mg,支,2,ml,ROOM_TEMPERATURE,是,是,否,,否,,,IM,BID,否,是,ACTIVE
MED-2026-W264,氢氯噻嗪片剂,Hydrochlorothiazide,WESTERN,TABLET,6.25mg 、10mg 、25mg,片,6.25,mg,ROOM_TEMPERATURE,是,是,否,,否,,,ORAL,BID,否,是,ACTIVE
MED-2026-W265,螺内酯片剂,Spironolactone,WESTERN,TABLET,12mg 、20mg,片,12,mg,ROOM_TEMPERATURE,是,是,否,,否,,,ORAL,BID,否,是,ACTIVE
MED-2026-W266,氨苯蝶啶片剂,Triamterene,WESTERN,TABLET,50mg,片,50,mg,ROOM_TEMPERATURE,是,是,否,,否,,,ORAL,BID,否,是,ACTIVE
MED-2026-W267,非奈利酮片剂,Finerenone,WESTERN,TABLET,10mg,片,10,mg,ROOM_TEMPERATURE,是,是,否,,否,,,ORAL,BID,否,是,ACTIVE
MED-2026-W268,甘油果糖氯化钠注射液,Glycerol Fructose,WESTERN,INJECTION,250ml 、500ml,支,250,ml,ROOM_TEMPERATURE,是,是,否,,否,,,IM,BID,否,是,ACTIVE
MED-2026-W269,坦洛新（坦索罗辛）缓释胶囊,Tamsulosin,WESTERN,CAPSULE,0.2mg,粒,0.2,mg,ROOM_TEMPERATURE,是,是,否,,否,,,ORAL,BID,否,是,ACTIVE
MED-2026-W270,特拉唑嗪片剂,Terazosin,WESTERN,TABLET,片剂、胶囊：2mg,片,2,mg,ROOM_TEMPERATURE,是,是,否,,否,,,ORAL,BID,否,是,ACTIVE
MED-2026-W271,非那雄胺片剂,Finasteride,WESTERN,TABLET,片剂、胶囊：5mg,片,5,mg,ROOM_TEMPERATURE,是,是,否,,否,,,ORAL,BID,否,是,ACTIVE
MED-2026-W272,腹膜透析液注射液,Peritoneal Dialysis Solution,WESTERN,INJECTION,注射液（腹腔用药）,支,,,ROOM_TEMPERATURE,是,是,否,,否,,,IM,BID,否,是,ACTIVE
MED-2026-W273-01,硫酸亚铁（片剂）,Ferrous Sulfate,WESTERN,TABLET,0.3g,片,0.3,g,ROOM_TEMPERATURE,是,是,否,,否,,,ORAL,QD,是,是,ACTIVE
MED-2026-W273-02,硫酸亚铁（缓释片）,Ferrous Sulfate,WESTERN,TABLET,0.45g,片,0.45,g,ROOM_TEMPERATURE,是,是,否,,否,,,ORAL,QD,是,是,ACTIVE
MED-2026-W274-01,右旋糖酐铁（口服溶液剂）,Iron Dextran,WESTERN,ORAL_LIQUID,5ml ∶25mg（Fe ）、 10ml ∶50mg（Fe）,瓶,5,ml,ROOM_TEMPERATURE,是,是,否,,否,,,ORAL,QD,是,是,ACTIVE
MED-2026-W274-02,右旋糖酐铁（注射液）,Iron Dextran,WESTERN,INJECTION,2ml ∶50mg（Fe ）、 2ml ∶100mg（Fe）,支,2,ml,ROOM_TEMPERATURE,是,是,否,,否,,,IM,QD,是,是,ACTIVE
MED-2026-W275,琥珀酸亚铁片剂,Ferrous Succinate,WESTERN,TABLET,0. 1g,片,1,g,ROOM_TEMPERATURE,是,是,否,,否,,,ORAL,QD,是,是,ACTIVE
MED-2026-W276,维生素注射液,B12 Vitamin B12,WESTERN,INJECTION,1ml ∶0.25mg 、1ml ∶0.5mg,支,1,ml,ROOM_TEMPERATURE,是,是,否,,否,,,IM,QD,是,是,ACTIVE
MED-2026-W277,叶酸片剂,Folic Acid,WESTERN,TABLET,0.4mg 、5mg,片,0.4,mg,ROOM_TEMPERATURE,是,是,否,,否,,,ORAL,QD,是,是,ACTIVE
MED-2026-W278-01,腺苷钴胺（片剂）,Cobamamide,WESTERN,TABLET,0.25mg,片,0.25,mg,ROOM_TEMPERATURE,是,是,否,,否,,,ORAL,QD,是,是,ACTIVE
MED-2026-W278-02,腺苷钴胺（胶囊）,Cobamamide,WESTERN,CAPSULE,0.5mg,粒,0.5,mg,ROOM_TEMPERATURE,是,是,否,,否,,,ORAL,QD,是,是,ACTIVE
MED-2026-W279-01,甲钴胺（片剂）,Mecobalamin,WESTERN,TABLET,片剂、胶囊：0.5mg,片,0.5,mg,ROOM_TEMPERATURE,是,是,否,,否,,,ORAL,QD,是,是,ACTIVE
MED-2026-W279-02,甲钴胺（注射液）,Mecobalamin,WESTERN,INJECTION,1ml ∶0.5mg,支,1,ml,ROOM_TEMPERATURE,是,是,否,,否,,,IM,QD,是,是,ACTIVE
MED-2026-W280,人促红素注射液,Human Erythropoietin,WESTERN,INJECTION,2000IU、3000IU、10000IU,支,2000,IU,ROOM_TEMPERATURE,是,是,否,,否,,,IM,QD,是,是,ACTIVE
MED-2026-W281,罗沙司他胶囊,Roxadustat,WESTERN,CAPSULE,20mg 、50mg,粒,20,mg,ROOM_TEMPERATURE,是,是,否,,否,,,ORAL,QD,是,是,ACTIVE
MED-2026-W282,氯吡格雷片剂,Clopidogrel,WESTERN,TABLET,25mg 、75mg,片,25,mg,ROOM_TEMPERATURE,是,是,否,,否,,,ORAL,QD,是,是,ACTIVE
MED-2026-W283,吲哚布芬片剂,Indobufen,WESTERN,TABLET,0. 1g 、0.2g,片,1,g,ROOM_TEMPERATURE,是,是,否,,否,,,ORAL,QD,是,是,ACTIVE
MED-2026-W284,替格瑞洛片剂,Ticagrelor,WESTERN,TABLET,60mg 、90mg,片,60,mg,ROOM_TEMPERATURE,是,是,否,,否,,,ORAL,QD,是,是,ACTIVE
MED-2026-W285,西洛他唑片剂,Cilostazol,WESTERN,TABLET,50mg 、100mg,片,50,mg,ROOM_TEMPERATURE,是,是,否,,否,,,ORAL,QD,是,是,ACTIVE
MED-2026-W286,凝血酶散剂,Thrombin,WESTERN,POWDER,200 单位、500 单位、2000单位,袋,,,ROOM_TEMPERATURE,是,是,否,,否,,,ORAL,QD,是,是,ACTIVE
MED-2026-W287,维生素注射液,K1 Vitamin K1,WESTERN,INJECTION,1ml ∶10mg,支,1,ml,ROOM_TEMPERATURE,是,是,否,,否,,,IM,QD,是,是,ACTIVE
MED-2026-W288,甲萘氢醌片剂,Menadiol,WESTERN,TABLET,2mg 、4mg,片,2,mg,ROOM_TEMPERATURE,是,是,否,,否,,,ORAL,QD,是,是,ACTIVE
MED-2026-W289,氨甲苯酸注射液,Aminomethylbenzoic Acid,WESTERN,INJECTION,10ml ∶0. 1g 、5ml ∶50mg,支,10,ml,ROOM_TEMPERATURE,是,是,否,,否,,,IM,QD,是,是,ACTIVE
MED-2026-W290,氨甲环酸注射液,Tranexamic Acid,WESTERN,INJECTION,2.5ml ∶0.25g 、5ml ∶0.25g、 5ml ∶0.5g,支,2.5,ml,ROOM_TEMPERATURE,是,是,否,,否,,,IM,QD,是,是,ACTIVE
MED-2026-W291,鱼精蛋白注射液,Protamine,WESTERN,INJECTION,5ml ∶50mg 、10ml ∶0. 1g,支,5,ml,ROOM_TEMPERATURE,是,是,否,,否,,,IM,QD,是,是,ACTIVE
MED-2026-W292,血友病用药注射用无菌粉末,XYBYY,WESTERN,INJECTION,注射用无菌粉末,支,,,ROOM_TEMPERATURE,是,是,否,,否,,,IVGTT,QD,是,是,ACTIVE
MED-2026-W293-01,肝素（注射液）,Heparin,WESTERN,INJECTION,（钙）注射液： 1ml ∶5000 单位、 1ml ∶10000 单位,支,1,ml,ROOM_TEMPERATURE,是,是,否,,否,,,IM,QD,是,是,ACTIVE
MED-2026-W293-02,肝素（注射液）,Heparin,WESTERN,INJECTION,（钠）注射液：2ml ∶5000 单位、 2ml ∶12500 单位,支,2,ml,ROOM_TEMPERATURE,是,是,否,,否,,,IM,QD,是,是,ACTIVE
MED-2026-W294,低分子量肝素注射液,Low Molecular Weight Heparin,WESTERN,INJECTION,注射液,支,,,ROOM_TEMPERATURE,是,是,否,,否,,,IM,QD,是,是,ACTIVE
MED-2026-W295,华法林片剂,Warfarin,WESTERN,TABLET,1mg 、2.5mg 、3mg 、5mg,片,1,mg,ROOM_TEMPERATURE,是,是,否,,否,,,ORAL,QD,是,是,ACTIVE
MED-2026-W296,尿激酶注射用无菌粉末,Urokinase,WESTERN,INJECTION,10 万单位、25万单位,支,10,万单位,ROOM_TEMPERATURE,是,是,否,,否,,,IVGTT,QD,是,是,ACTIVE
MED-2026-W297,达比加群酯胶囊,Dabigatran Etexilate,WESTERN,CAPSULE,110mg 、150mg,粒,110,mg,ROOM_TEMPERATURE,是,是,否,,否,,,ORAL,QD,是,是,ACTIVE
MED-2026-W298,利伐沙班片剂,Rivaroxaban,WESTERN,TABLET,10mg 、15mg 、20mg,片,10,mg,ROOM_TEMPERATURE,是,是,否,,否,,,ORAL,QD,是,是,ACTIVE
MED-2026-W299,重组人组织型纤溶酶原激酶衍生物注射用无菌粉末,"Recombinant Human
Tissue-type Plasminogen Activator Derivative",WESTERN,INJECTION,18mg,支,18,mg,ROOM_TEMPERATURE,是,是,否,,否,,,IVGTT,QD,是,是,ACTIVE
MED-2026-W300,羟乙基淀粉 130/0.4氯化钠注射液,Hydroxyethyl Starch 130/0.4,WESTERN,INJECTION,250ml ∶15g、 500ml ∶30g,支,250,ml,ROOM_TEMPERATURE,是,是,否,,否,,,IM,QD,是,是,ACTIVE
MED-2026-W301,艾曲泊帕乙醇胺片剂,Eltrombopag Olamine,WESTERN,TABLET,25mg,片,25,mg,ROOM_TEMPERATURE,是,是,否,,否,,,ORAL,QD,是,是,ACTIVE
MED-2026-W302,人粒细胞刺激因子注射液,"Human Granulocyte
Colony-Stimulating Factor",WESTERN,INJECTION,75μg 、100μg 、150μg、 200μg 、300μg,支,75,μg,ROOM_TEMPERATURE,是,是,否,,否,,,IM,QD,是,是,ACTIVE
MED-2026-W303,绒促性素注射用无菌粉末,Chorionic Gonadotrophin,WESTERN,INJECTION,500 单位、 1000单位、2000 单位、5000 单位,支,,,ROOM_TEMPERATURE,是,是,否,,否,,,IVGTT,QD,是,是,ACTIVE
MED-2026-W304-01,去氨加压素（片剂）,Desmopressin,WESTERN,TABLET,0.089mg 、0. 178mg,片,0.089,mg,ROOM_TEMPERATURE,是,是,否,,否,,,ORAL,QD,是,是,ACTIVE
MED-2026-W304-02,去氨加压素（口服溶液剂）,Desmopressin,WESTERN,ORAL_LIQUID,15ml ∶5.4mg,瓶,15,ml,ROOM_TEMPERATURE,是,是,否,,否,,,ORAL,QD,是,是,ACTIVE
MED-2026-W304-03,去氨加压素（注射液）,Desmopressin,WESTERN,INJECTION,1ml ∶3.56μg、1ml ∶13.35μg,支,1,ml,ROOM_TEMPERATURE,是,是,否,,否,,,IM,QD,是,是,ACTIVE
MED-2026-W305,人生长激素注射用无菌粉末,Human Growth Hormone,WESTERN,INJECTION,0.85mg、1.0mg、 1.2mg 、1.33mg 、1.6mg 、2.0mg 、 3.7mg 、4.0mg,支,0.85,mg,REFRIGERATED,是,是,否,,否,,,IVGTT,QD,是,是,ACTIVE
MED-2026-W306,生长抑素注射用无菌粉末,Somatostatin,WESTERN,INJECTION,3mg,支,3,mg,ROOM_TEMPERATURE,是,是,否,,否,,,IVGTT,QD,是,是,ACTIVE
MED-2026-W307-01,氢化可的松（片剂）,Hydrocortisone,WESTERN,TABLET,10mg 、20mg,片,10,mg,ROOM_TEMPERATURE,是,是,否,,否,,,ORAL,QD,是,是,ACTIVE
MED-2026-W307-02,氢化可的松（注射液）,Hydrocortisone,WESTERN,INJECTION,2ml ∶10mg 、5ml ∶25mg、 20ml ∶100mg,支,2,ml,ROOM_TEMPERATURE,是,是,否,,否,,,IM,QD,是,是,ACTIVE
MED-2026-W307-03,氢化可的松（注射用无菌粉末）,Hydrocortisone,WESTERN,INJECTION,（琥珀酸钠）注射用无菌粉末： 50mg 、100mg,支,50,mg,ROOM_TEMPERATURE,是,是,否,,否,,,IVGTT,QD,是,是,ACTIVE
MED-2026-W308,泼尼松片剂,Prednisone,WESTERN,TABLET,5mg,片,5,mg,ROOM_TEMPERATURE,是,是,否,,否,,,ORAL,QD,是,是,ACTIVE
MED-2026-W309-01,甲泼尼龙（片剂）,Methylprednisolone,WESTERN,TABLET,4mg,片,4,mg,ROOM_TEMPERATURE,是,是,否,,否,,,ORAL,QD,是,是,ACTIVE
MED-2026-W309-02,甲泼尼龙（注射用无菌粉末）,Methylprednisolone,WESTERN,INJECTION,（琥珀酸钠）注射用无菌粉末： 40mg 、125mg 、500mg,支,40,mg,ROOM_TEMPERATURE,是,是,否,,否,,,IVGTT,QD,是,是,ACTIVE
MED-2026-W310-01,地塞米松（片剂）,Dexamethasone,WESTERN,TABLET,0.75mg,片,0.75,mg,ROOM_TEMPERATURE,是,是,否,,否,,,ORAL,QD,是,是,ACTIVE
MED-2026-W310-02,地塞米松（注射液）,Dexamethasone,WESTERN,INJECTION,1ml ∶2mg 、1ml ∶5mg,支,1,ml,ROOM_TEMPERATURE,是,是,否,,否,,,IM,QD,是,是,ACTIVE
MED-2026-W311,胰岛素注射液,Insulin,WESTERN,INJECTION,人胰岛素注射液（短效、中效和预混 30R ）：300 单位、400 单位,支,,,REFRIGERATED,是,是,否,,否,,,IM,QD,是,是,ACTIVE
MED-2026-W312,甘精胰岛素注射液,Insulin Glargine,WESTERN,INJECTION,3ml ∶300 单位,支,3,ml,REFRIGERATED,是,是,否,,否,,,IM,QD,是,是,ACTIVE
MED-2026-W313,门冬胰岛素注射液,Insulin Aspart,WESTERN,INJECTION,3ml ∶300 单位,支,3,ml,REFRIGERATED,是,是,否,,否,,,IM,QD,是,是,ACTIVE
MED-2026-W314,德谷胰岛素注射液,Insulin Degludec,WESTERN,INJECTION,3ml ∶300 单位,支,3,ml,REFRIGERATED,是,是,否,,否,,,IM,QD,是,是,ACTIVE
MED-2026-W315-01,二甲双胍（片剂）,Metformin,WESTERN,TABLET,片剂、肠溶（片剂、胶囊）、缓释片：0.25g 、0.5g,片,0.25,g,ROOM_TEMPERATURE,是,是,否,,否,,,ORAL,QD,是,是,ACTIVE
MED-2026-W315-02,二甲双胍（胶囊）,Metformin,WESTERN,CAPSULE,胶囊、缓释胶囊：0.25g,粒,0.25,g,ROOM_TEMPERATURE,是,是,否,,否,,,ORAL,QD,是,是,ACTIVE
MED-2026-W316,格列本脲片剂,Glibenclamide,WESTERN,TABLET,2.5mg,片,2.5,mg,ROOM_TEMPERATURE,是,是,否,,否,,,ORAL,QD,是,是,ACTIVE
MED-2026-W317,格列吡嗪片剂,Glipizide,WESTERN,TABLET,片剂、缓释片、胶囊：5mg,片,5,mg,ROOM_TEMPERATURE,是,是,否,,否,,,ORAL,QD,是,是,ACTIVE
MED-2026-W318,格列美脲片剂,Glimepiride,WESTERN,TABLET,1mg 、2mg,片,1,mg,ROOM_TEMPERATURE,是,是,否,,否,,,ORAL,QD,是,是,ACTIVE
MED-2026-W319,格列喹酮片剂,Gliquidone,WESTERN,TABLET,30mg,片,30,mg,ROOM_TEMPERATURE,是,是,否,,否,,,ORAL,QD,是,是,ACTIVE
MED-2026-W320-01,格列齐特（片剂）,Gliclazide,WESTERN,TABLET,80mg,片,80,mg,ROOM_TEMPERATURE,是,是,否,,否,,,ORAL,QD,是,是,ACTIVE
MED-2026-W320-02,格列齐特（缓释片）,Gliclazide,WESTERN,TABLET,30mg 、60mg,片,30,mg,ROOM_TEMPERATURE,是,是,否,,否,,,ORAL,QD,是,是,ACTIVE
MED-2026-W321,阿卡波糖片剂,Acarbose,WESTERN,TABLET,片剂、胶囊：50mg,片,50,mg,ROOM_TEMPERATURE,是,是,否,,否,,,ORAL,QD,是,是,ACTIVE
MED-2026-W322,达格列净片剂,Dapagliflozin,WESTERN,TABLET,5mg 、10mg,片,5,mg,ROOM_TEMPERATURE,是,是,否,,否,,,ORAL,QD,是,是,ACTIVE
MED-2026-W323,恩格列净片剂,Empagliflozin,WESTERN,TABLET,10mg 、25mg,片,10,mg,ROOM_TEMPERATURE,是,是,否,,否,,,ORAL,QD,是,是,ACTIVE
MED-2026-W324,利拉鲁肽注射液,Liraglutide,WESTERN,INJECTION,3ml ∶18mg,支,3,ml,ROOM_TEMPERATURE,是,是,否,,否,,,IM,QD,是,是,ACTIVE
MED-2026-W325,司美格鲁肽注射液,Semaglutide,WESTERN,INJECTION,1.34mg/ml ，1.5ml（预填充注射笔）； 1.34mg/ml ，3ml（预填充注射笔）,支,1.34,mg,ROOM_TEMPERATURE,是,是,否,,否,,,IM,QD,是,是,ACTIVE
MED-2026-W326,瑞格列奈片剂,Repaglinide,WESTERN,TABLET,0.5mg 、1mg 、2mg,片,0.5,mg,ROOM_TEMPERATURE,是,是,否,,否,,,ORAL,QD,是,是,ACTIVE
MED-2026-W327,吡格列酮片剂,Pioglitazone,WESTERN,TABLET,片剂、胶囊： 15mg 、30mg,片,15,mg,ROOM_TEMPERATURE,是,是,否,,否,,,ORAL,QD,是,是,ACTIVE
MED-2026-W328,西格列汀片剂,Sitagliptin,WESTERN,TABLET,25mg 、50mg 、100mg,片,25,mg,ROOM_TEMPERATURE,是,是,否,,否,,,ORAL,QD,是,是,ACTIVE
MED-2026-W329,利格列汀片剂,Linagliptin,WESTERN,TABLET,5mg,片,5,mg,ROOM_TEMPERATURE,是,是,否,,否,,,ORAL,QD,是,是,ACTIVE
MED-2026-W330,甲状腺片片剂,Thyroid Tablets,WESTERN,TABLET,40mg,片,40,mg,ROOM_TEMPERATURE,是,是,否,,否,,,ORAL,QD,是,是,ACTIVE
MED-2026-W331,左甲状腺素钠片剂,Levothyroxine Sodium,WESTERN,TABLET,25μg 、50μg 、100μg,片,25,μg,ROOM_TEMPERATURE,是,是,否,,否,,,ORAL,QD,是,是,ACTIVE
MED-2026-W332,甲巯咪唑片剂,Thiamazole,WESTERN,TABLET,5mg 、10mg,片,5,mg,ROOM_TEMPERATURE,是,是,否,,否,,,ORAL,QD,是,是,ACTIVE
MED-2026-W333,丙硫氧嘧啶片剂,Propylthiouracil,WESTERN,TABLET,50mg 、100mg,片,50,mg,ROOM_TEMPERATURE,是,是,否,,否,,,ORAL,QD,是,是,ACTIVE
MED-2026-W334,西那卡塞片剂,Cinacalcet,WESTERN,TABLET,25mg 、75mg,片,25,mg,ROOM_TEMPERATURE,是,是,否,,否,,,ORAL,QD,是,是,ACTIVE
MED-2026-W335,丙酸睾酮注射液,Testosterone Propionate,WESTERN,INJECTION,1ml ∶25mg,支,1,ml,ROOM_TEMPERATURE,是,是,否,,否,,,IM,QD,是,是,ACTIVE
MED-2026-W336-01,十一酸睾酮（软胶囊）,Testosterone Undecanoate,WESTERN,CAPSULE,40mg,粒,40,mg,ROOM_TEMPERATURE,是,是,否,,否,,,ORAL,QD,是,是,ACTIVE
MED-2026-W336-02,十一酸睾酮（注射液）,Testosterone Undecanoate,WESTERN,INJECTION,2ml ∶0.25g,支,2,ml,ROOM_TEMPERATURE,是,是,否,,否,,,IM,QD,是,是,ACTIVE
MED-2026-W337,尼尔雌醇片剂,Nilestriol,WESTERN,TABLET,1mg 、2mg 、5mg,片,1,mg,ROOM_TEMPERATURE,是,是,否,,否,,,ORAL,QD,是,是,ACTIVE
MED-2026-W338,雌二醇凝胶剂,Estradiol,WESTERN,CREAM,0.06%,支,,,ROOM_TEMPERATURE,是,是,否,,否,,,TOPICAL,QD,是,是,ACTIVE
MED-2026-W339-01,黄体酮（胶囊）,Progesterone,WESTERN,CAPSULE,50mg,粒,50,mg,ROOM_TEMPERATURE,是,是,否,,否,,,ORAL,QD,是,是,ACTIVE
MED-2026-W339-02,黄体酮（软胶囊）,Progesterone,WESTERN,CAPSULE,100mg 、200mg,粒,100,mg,ROOM_TEMPERATURE,是,是,否,,否,,,ORAL,QD,是,是,ACTIVE
MED-2026-W339-03,黄体酮（注射液）,Progesterone,WESTERN,INJECTION,1ml ∶10mg 、1ml ∶20mg,支,1,ml,ROOM_TEMPERATURE,是,是,否,,否,,,IM,QD,是,是,ACTIVE
MED-2026-W340-01,甲羟孕酮（片剂）,Medroxyprogesterone,WESTERN,TABLET,2mg、4mg、100mg、250mg,片,2,mg,ROOM_TEMPERATURE,是,是,否,,否,,,ORAL,QD,是,是,ACTIVE
MED-2026-W340-02,甲羟孕酮（胶囊）,Medroxyprogesterone,WESTERN,CAPSULE,100mg,粒,100,mg,ROOM_TEMPERATURE,是,是,否,,否,,,ORAL,QD,是,是,ACTIVE
MED-2026-W341,地屈孕酮片剂,Dydrogesterone,WESTERN,TABLET,10mg,片,10,mg,ROOM_TEMPERATURE,是,是,否,,否,,,ORAL,QD,是,是,ACTIVE
MED-2026-W342,地诺孕素片剂,Dienogest,WESTERN,TABLET,2mg,片,2,mg,ROOM_TEMPERATURE,是,是,否,,否,,,ORAL,QD,是,是,ACTIVE
MED-2026-W343-01,阿法骨化醇（片剂）,Alfacalcidol,WESTERN,TABLET,片剂、胶囊、软胶囊：0.25μg、 0.5μg,片,0.25,μg,ROOM_TEMPERATURE,是,是,否,,否,,,ORAL,QD,是,是,ACTIVE
MED-2026-W343-02,阿法骨化醇（滴剂）,Alfacalcidol,WESTERN,DROPS,20ml ∶40μg,瓶,20,ml,ROOM_TEMPERATURE,是,是,否,,否,,,ORAL,QD,是,是,ACTIVE
MED-2026-W344-01,维生素（软胶囊）,D2 Vitamin D2,WESTERN,CAPSULE,0. 125mg（5000 单位）、 0.25mg（ 1 万单位）,粒,125,mg,ROOM_TEMPERATURE,是,是,否,,否,,,ORAL,QD,是,是,ACTIVE
MED-2026-W344-02,维生素（注射液）,D2 Vitamin D2,WESTERN,INJECTION,1ml ∶5mg（20 万单位）、 1ml ∶10mg（40 万单位）,支,1,ml,ROOM_TEMPERATURE,是,是,否,,否,,,IM,QD,是,是,ACTIVE
MED-2026-W345-01,碳酸钙（片剂）,"D3
Calcium Carbonate and
Vitamin D3",WESTERN,TABLET,每片含碳酸钙 1.5g（相当于钙 600mg） 与维生素 D3 125 国际单位,片,1.5,g,ROOM_TEMPERATURE,是,是,否,,否,,,ORAL,QD,是,是,ACTIVE
MED-2026-W345-02,碳酸钙（颗粒剂）,"D3
Calcium Carbonate and
Vitamin D3",WESTERN,GRANULE,每袋含碳酸钙1.25g（相当于钙 500mg）与维生素 D3 200国际单位（5μg）,袋,1.25,g,ROOM_TEMPERATURE,是,是,否,,否,,,ORAL,QD,是,是,ACTIVE
MED-2026-W346,阿仑膦酸钠片剂,Alendronate Sodium,WESTERN,TABLET,10mg 、70mg,片,10,mg,ROOM_TEMPERATURE,是,是,否,,否,,,ORAL,QD,是,是,ACTIVE
MED-2026-W347,氯苯那敏片剂,Chlorphenamine,WESTERN,TABLET,1mg 、4mg,片,1,mg,ROOM_TEMPERATURE,是,是,否,,否,,,ORAL,BID,否,是,ACTIVE
MED-2026-W348-01,苯海拉明（片剂）,Diphenhydramine,WESTERN,TABLET,25mg,片,25,mg,ROOM_TEMPERATURE,是,是,否,,否,,,ORAL,BID,否,是,ACTIVE
MED-2026-W348-02,苯海拉明（注射液）,Diphenhydramine,WESTERN,INJECTION,1ml ∶20mg,支,1,ml,ROOM_TEMPERATURE,是,是,否,,否,,,IM,BID,否,是,ACTIVE
MED-2026-W349,赛庚啶片剂,Cyproheptadine,WESTERN,TABLET,2mg,片,2,mg,ROOM_TEMPERATURE,是,是,否,,否,,,ORAL,BID,否,是,ACTIVE
MED-2026-W350-01,异丙嗪（片剂）,Promethazine,WESTERN,TABLET,12.5mg 、25mg,片,12.5,mg,ROOM_TEMPERATURE,是,是,否,,否,,,ORAL,BID,否,是,ACTIVE
MED-2026-W350-02,异丙嗪（注射液）,Promethazine,WESTERN,INJECTION,1ml ∶25mg 、2ml ∶50mg,支,1,ml,ROOM_TEMPERATURE,是,是,否,,否,,,IM,BID,否,是,ACTIVE
MED-2026-W351-01,氯雷他定（片剂）,Loratadine,WESTERN,TABLET,10mg,片,10,mg,ROOM_TEMPERATURE,是,是,否,,否,,,ORAL,BID,否,是,ACTIVE
MED-2026-W351-02,氯雷他定（胶囊）,Loratadine,WESTERN,CAPSULE,5mg 、10mg,粒,5,mg,ROOM_TEMPERATURE,是,是,否,,否,,,ORAL,BID,否,是,ACTIVE
MED-2026-W351-03,氯雷他定（糖浆剂）,Loratadine,WESTERN,ORAL_LIQUID,1mg/ml,瓶,1,mg,ROOM_TEMPERATURE,是,是,否,,否,,,ORAL,BID,否,是,ACTIVE
MED-2026-W352-01,西替利嗪（片剂）,Cetirizine,WESTERN,TABLET,10mg,片,10,mg,ROOM_TEMPERATURE,是,是,否,,否,,,ORAL,BID,否,是,ACTIVE
MED-2026-W352-02,西替利嗪（口服溶液剂）,Cetirizine,WESTERN,ORAL_LIQUID,1mg/ml,瓶,1,mg,ROOM_TEMPERATURE,是,是,否,,否,,,ORAL,BID,否,是,ACTIVE
MED-2026-W352-03,西替利嗪（滴剂）,Cetirizine,WESTERN,DROPS,10mg/ml,瓶,10,mg,ROOM_TEMPERATURE,是,是,否,,否,,,ORAL,BID,否,是,ACTIVE
MED-2026-W353,硫唑嘌呤片剂,Azathioprine,WESTERN,TABLET,50mg 、100mg,片,50,mg,ROOM_TEMPERATURE,是,是,否,,否,,,ORAL,BID,否,是,ACTIVE
MED-2026-W354,环孢素胶囊,Ciclosporin,WESTERN,CAPSULE,胶囊、软胶囊、口服溶液剂,粒,,,ROOM_TEMPERATURE,是,是,否,,否,,,ORAL,BID,否,是,ACTIVE
MED-2026-W355-01,他克莫司（胶囊）,Tacrolimus,WESTERN,CAPSULE,胶囊、缓释胶囊：0.5mg 、1mg,粒,0.5,mg,ROOM_TEMPERATURE,是,是,否,,否,,,ORAL,BID,否,是,ACTIVE
MED-2026-W355-02,他克莫司（颗粒剂）,Tacrolimus,WESTERN,GRANULE,1mg,袋,1,mg,ROOM_TEMPERATURE,是,是,否,,否,,,ORAL,BID,否,是,ACTIVE
MED-2026-W356-01,吗替麦考酚酯（片剂）,Mycophenolate Mofetil,WESTERN,TABLET,片剂、分散片：0.25g 、0.5g,片,0.25,g,ROOM_TEMPERATURE,是,是,否,,否,,,ORAL,BID,否,是,ACTIVE
MED-2026-W356-02,吗替麦考酚酯（胶囊）,Mycophenolate Mofetil,WESTERN,CAPSULE,0.25g,粒,0.25,g,ROOM_TEMPERATURE,是,是,否,,否,,,ORAL,BID,否,是,ACTIVE
MED-2026-W357,泰它西普注射用无菌粉末,Telitacicept,WESTERN,INJECTION,80mg,支,80,mg,ROOM_TEMPERATURE,是,是,否,,否,,,IVGTT,BID,否,是,ACTIVE
MED-2026-W358,阿达木单抗注射液,Adalimumab,WESTERN,INJECTION,0.8ml ∶40mg,支,0.8,ml,ROOM_TEMPERATURE,是,是,否,,否,,,IM,BID,否,是,ACTIVE
MED-2026-W359-01,托法替布（片剂）,Tofacitinib,WESTERN,TABLET,5mg,片,5,mg,ROOM_TEMPERATURE,是,是,否,,否,,,ORAL,BID,否,是,ACTIVE
MED-2026-W359-02,托法替布（缓释片）,Tofacitinib,WESTERN,TABLET,11mg,片,11,mg,ROOM_TEMPERATURE,是,是,否,,否,,,ORAL,BID,否,是,ACTIVE
MED-2026-W360,司莫司汀胶囊,Semustine,WESTERN,CAPSULE,10mg 、50mg,粒,10,mg,ROOM_TEMPERATURE,是,是,否,,否,,,ORAL,BID,否,是,ACTIVE
MED-2026-W361-01,环磷酰胺（片剂）,Cyclophosphamide,WESTERN,TABLET,50mg,片,50,mg,ROOM_TEMPERATURE,是,是,否,,否,,,ORAL,BID,否,是,ACTIVE
MED-2026-W361-02,环磷酰胺（注射用无菌粉末）,Cyclophosphamide,WESTERN,INJECTION,100mg、200mg、 500mg,支,100,mg,ROOM_TEMPERATURE,是,是,否,,否,,,IVGTT,BID,否,是,ACTIVE
MED-2026-W362,异环磷酰胺注射用无菌粉末,Ifosfamide,WESTERN,INJECTION,0.5g 、1.0g,支,0.5,g,ROOM_TEMPERATURE,是,是,否,,否,,,IVGTT,BID,否,是,ACTIVE
MED-2026-W363-01,白消安（片剂）,Busulfan,WESTERN,TABLET,0.5mg 、2mg,片,0.5,mg,ROOM_TEMPERATURE,是,是,否,,否,,,ORAL,BID,否,是,ACTIVE
MED-2026-W363-02,白消安（注射液）,Busulfan,WESTERN,INJECTION,10ml ∶60mg,支,10,ml,ROOM_TEMPERATURE,是,是,否,,否,,,IM,BID,否,是,ACTIVE
MED-2026-W364-01,替莫唑胺（胶囊）,Temozolomide,WESTERN,CAPSULE,20mg 、100mg,粒,20,mg,ROOM_TEMPERATURE,是,是,否,,否,,,ORAL,BID,否,是,ACTIVE
MED-2026-W364-02,替莫唑胺（注射用无菌粉末）,Temozolomide,WESTERN,INJECTION,100mg,支,100,mg,ROOM_TEMPERATURE,是,是,否,,否,,,IVGTT,BID,否,是,ACTIVE
MED-2026-W365-01,甲氨蝶呤（片剂）,Methotrexate,WESTERN,TABLET,2.5mg,片,2.5,mg,ROOM_TEMPERATURE,是,是,否,,否,,,ORAL,BID,否,是,ACTIVE
MED-2026-W365-02,甲氨蝶呤（注射液）,Methotrexate,WESTERN,INJECTION,2ml ∶50mg 、10ml ∶1g,支,2,ml,ROOM_TEMPERATURE,是,是,否,,否,,,IM,BID,否,是,ACTIVE
MED-2026-W365-03,甲氨蝶呤（注射用无菌粉末）,Methotrexate,WESTERN,INJECTION,5mg 、100mg,支,5,mg,ROOM_TEMPERATURE,是,是,否,,否,,,IVGTT,BID,否,是,ACTIVE
MED-2026-W366,培美曲塞注射用无菌粉末,Pemetrexed,WESTERN,INJECTION,0. 1g、0.2g、0.5g,支,1,g,ROOM_TEMPERATURE,是,是,否,,否,,,IVGTT,BID,否,是,ACTIVE
MED-2026-W367,巯嘌呤片剂,Mercaptopurine,WESTERN,TABLET,25mg 、50mg,片,25,mg,ROOM_TEMPERATURE,是,是,否,,否,,,ORAL,BID,否,是,ACTIVE
MED-2026-W368,阿糖胞苷注射用无菌粉末,Cytarabine,WESTERN,INJECTION,50mg 、100mg、 500mg,支,50,mg,ROOM_TEMPERATURE,是,是,否,,否,,,IVGTT,BID,否,是,ACTIVE
MED-2026-W369,羟基脲片剂,Hydroxycarbamide,WESTERN,TABLET,0.5g,片,0.5,g,ROOM_TEMPERATURE,是,是,否,,否,,,ORAL,BID,否,是,ACTIVE
MED-2026-W370,氟尿嘧啶注射液,Fluorouracil,WESTERN,INJECTION,10ml ∶0.25g 、10ml ∶0.5g,支,10,ml,ROOM_TEMPERATURE,是,是,否,,否,,,IM,BID,否,是,ACTIVE
MED-2026-W371,吉西他滨注射用无菌粉末,Gemcitabine,WESTERN,INJECTION,0.2g 、1.0g,支,0.2,g,ROOM_TEMPERATURE,是,是,否,,否,,,IVGTT,BID,否,是,ACTIVE
MED-2026-W372,依托泊苷注射液,Etoposide,WESTERN,INJECTION,2ml ∶40mg 、5ml ∶100mg,支,2,ml,ROOM_TEMPERATURE,是,是,是,NON_RESTRICTED,否,,,IM,QD,否,是,ACTIVE
MED-2026-W373,多柔比星注射用无菌粉末,Doxorubicin,WESTERN,INJECTION,10mg,支,10,mg,ROOM_TEMPERATURE,是,是,是,NON_RESTRICTED,否,,,IVGTT,QD,否,是,ACTIVE
MED-2026-W374,柔红霉素注射用无菌粉末,Daunorubicin,WESTERN,INJECTION,20mg,支,20,mg,ROOM_TEMPERATURE,是,是,是,NON_RESTRICTED,否,,,IVGTT,QD,否,是,ACTIVE
MED-2026-W375,平阳霉素注射用无菌粉末,BleomycinA5,WESTERN,INJECTION,4mg 、8mg,支,4,mg,ROOM_TEMPERATURE,是,是,是,NON_RESTRICTED,否,,,IVGTT,QD,否,是,ACTIVE
MED-2026-W376-01,长春新碱（注射液）,Vincristine,WESTERN,INJECTION,1ml ∶1mg,支,1,ml,ROOM_TEMPERATURE,是,是,否,,否,,,IM,BID,否,是,ACTIVE
MED-2026-W376-02,长春新碱（注射用无菌粉末）,Vincristine,WESTERN,INJECTION,1mg,支,1,mg,ROOM_TEMPERATURE,是,是,否,,否,,,IVGTT,BID,否,是,ACTIVE
MED-2026-W377-01,紫杉醇（注射液）,Paclitaxel,WESTERN,INJECTION,5ml ∶30mg 、10ml ∶60mg,支,5,ml,ROOM_TEMPERATURE,是,是,否,,否,,,IM,BID,否,是,ACTIVE
MED-2026-W377-02,紫杉醇（注射用无菌粉末）,Paclitaxel,WESTERN,INJECTION,（白蛋白结合型）注射用无菌粉末： 100mg,支,100,mg,ROOM_TEMPERATURE,是,是,否,,否,,,IVGTT,BID,否,是,ACTIVE
MED-2026-W378,高三尖杉酯碱注射液,Homoharringtonine,WESTERN,INJECTION,1ml ∶1mg 、2ml ∶2mg,支,1,ml,ROOM_TEMPERATURE,是,是,否,,否,,,IM,BID,否,是,ACTIVE
MED-2026-W379,他莫昔芬片剂,Tamoxifen,WESTERN,TABLET,10mg,片,10,mg,ROOM_TEMPERATURE,是,是,否,,否,,,ORAL,BID,否,是,ACTIVE
MED-2026-W380,来曲唑片剂,Letrozole,WESTERN,TABLET,2.5mg,片,2.5,mg,ROOM_TEMPERATURE,是,是,否,,否,,,ORAL,BID,否,是,ACTIVE
MED-2026-W381-01,顺铂（注射液）,Cisplatin,WESTERN,INJECTION,1mg/ml 、5mg/ml,支,1,mg,ROOM_TEMPERATURE,是,是,否,,否,,,IM,BID,否,是,ACTIVE
MED-2026-W381-02,顺铂（注射用无菌粉末）,Cisplatin,WESTERN,INJECTION,10mg 、20mg、 30mg,支,10,mg,ROOM_TEMPERATURE,是,是,否,,否,,,IVGTT,BID,否,是,ACTIVE
MED-2026-W382-01,奥沙利铂（注射液）,Oxaliplatin,WESTERN,INJECTION,10ml ∶50mg,支,10,ml,ROOM_TEMPERATURE,是,是,否,,否,,,IM,BID,否,是,ACTIVE
MED-2026-W382-02,奥沙利铂（注射用无菌粉末）,Oxaliplatin,WESTERN,INJECTION,50mg 、100mg,支,50,mg,ROOM_TEMPERATURE,是,是,否,,否,,,IVGTT,BID,否,是,ACTIVE
MED-2026-W383-01,卡铂（注射液）,Carboplatin,WESTERN,INJECTION,10ml ∶100mg,支,10,ml,ROOM_TEMPERATURE,是,是,否,,否,,,IM,BID,否,是,ACTIVE
MED-2026-W383-02,卡铂（注射用无菌粉末）,Carboplatin,WESTERN,INJECTION,50mg 、100mg,支,50,mg,ROOM_TEMPERATURE,是,是,否,,否,,,IVGTT,BID,否,是,ACTIVE
MED-2026-W384-01,三氧化二砷（亚砷酸）（注射液）,Arsenic Trioxide (Arsenious Acid),WESTERN,INJECTION,5ml ∶5mg 、10ml ∶10mg,支,5,ml,ROOM_TEMPERATURE,是,是,否,,否,,,IM,BID,否,是,ACTIVE
MED-2026-W384-02,三氧化二砷（亚砷酸）（注射用无菌粉末）,Arsenic Trioxide (Arsenious Acid),WESTERN,INJECTION,5mg 、10mg,支,5,mg,ROOM_TEMPERATURE,是,是,否,,否,,,IVGTT,BID,否,是,ACTIVE
MED-2026-W385,门冬酰胺酶注射用无菌粉末,Asparaginase,WESTERN,INJECTION,5000 单位、 10000 单位,支,,,ROOM_TEMPERATURE,是,是,否,,否,,,IVGTT,BID,否,是,ACTIVE
MED-2026-W386-01,亚叶酸钙（注射液）,Calcium Folinate,WESTERN,INJECTION,10ml ∶100mg,支,10,ml,ROOM_TEMPERATURE,是,是,否,,否,,,IM,BID,否,是,ACTIVE
MED-2026-W386-02,亚叶酸钙（注射用无菌粉末）,Calcium Folinate,WESTERN,INJECTION,3mg 、25mg、 50mg 、100mg,支,3,mg,ROOM_TEMPERATURE,是,是,否,,否,,,IVGTT,BID,否,是,ACTIVE
MED-2026-W387,维A酸片剂,Tretinoin,WESTERN,TABLET,10mg,片,10,mg,ROOM_TEMPERATURE,是,是,否,,否,,,ORAL,BID,否,是,ACTIVE
MED-2026-W388,卡培他滨片剂,Capecitabine,WESTERN,TABLET,0. 15g 、0.5g,片,15,g,ROOM_TEMPERATURE,是,是,否,,否,,,ORAL,BID,否,是,ACTIVE
MED-2026-W389,硼替佐米注射用无菌粉末,Bortezomib,WESTERN,INJECTION,1mg 、2.5mg、 3.5mg,支,1,mg,ROOM_TEMPERATURE,是,是,否,,否,,,IVGTT,BID,否,是,ACTIVE
MED-2026-W390,美司钠注射液,Mesna,WESTERN,INJECTION,2ml ∶0.2g 、4ml ∶0.4g,支,2,ml,ROOM_TEMPERATURE,是,是,否,,否,,,IM,BID,否,是,ACTIVE
MED-2026-W391,吉非替尼片剂,Gefitinib,WESTERN,TABLET,0.25g,片,0.25,g,ROOM_TEMPERATURE,是,是,否,,否,,,ORAL,BID,否,是,ACTIVE
MED-2026-W392-01,伊马替尼（片剂）,Imatinib,WESTERN,TABLET,0. 1g 、0.4g,片,1,g,ROOM_TEMPERATURE,是,是,否,,否,,,ORAL,BID,否,是,ACTIVE
MED-2026-W392-02,伊马替尼（胶囊）,Imatinib,WESTERN,CAPSULE,0.05g 、0. 1g,粒,0.05,g,ROOM_TEMPERATURE,是,是,否,,否,,,ORAL,BID,否,是,ACTIVE
MED-2026-W393,埃克替尼片剂,Icotinib,WESTERN,TABLET,125mg,片,125,mg,ROOM_TEMPERATURE,是,是,否,,否,,,ORAL,BID,否,是,ACTIVE
MED-2026-W394,奥希替尼片剂,Osimertinib,WESTERN,TABLET,40mg 、80mg,片,40,mg,ROOM_TEMPERATURE,是,是,否,,否,,,ORAL,BID,否,是,ACTIVE
MED-2026-W395,利妥昔单抗注射液,Rituximab,WESTERN,INJECTION,100mg/10ml、500mg/50ml,支,100,mg,ROOM_TEMPERATURE,是,是,否,,否,,,IM,BID,否,是,ACTIVE
MED-2026-W396,曲妥珠单抗注射用无菌粉末,Trastuzumab,WESTERN,INJECTION,60mg 、150mg、 440mg,支,60,mg,ROOM_TEMPERATURE,是,是,否,,否,,,IVGTT,BID,否,是,ACTIVE
MED-2026-W397,贝伐珠单抗注射液,Bevacizumab,WESTERN,INJECTION,4ml ∶100mg、16ml ∶400mg,支,4,ml,ROOM_TEMPERATURE,是,是,否,,否,,,IM,BID,否,是,ACTIVE
MED-2026-W398,奥拉帕利片剂,Olaparib,WESTERN,TABLET,100mg 、150mg,片,100,mg,ROOM_TEMPERATURE,是,是,否,,否,,,ORAL,BID,否,是,ACTIVE
MED-2026-W399,维生素注射液,B1 Vitamin B1,WESTERN,INJECTION,2ml ∶50mg 、2ml ∶100mg,支,2,ml,ROOM_TEMPERATURE,是,是,否,,否,,,IM,BID,否,是,ACTIVE
MED-2026-W400,维生素片剂,B2 Vitamin B2,WESTERN,TABLET,5mg 、10mg,片,5,mg,ROOM_TEMPERATURE,是,是,否,,否,,,ORAL,BID,否,是,ACTIVE
MED-2026-W401-01,维生素（片剂）,B6 Vitamin B6,WESTERN,TABLET,10mg,片,10,mg,ROOM_TEMPERATURE,是,是,否,,否,,,ORAL,BID,否,是,ACTIVE
MED-2026-W401-02,维生素（注射液）,B6 Vitamin B6,WESTERN,INJECTION,1ml ∶50mg 、2ml ∶0. 1g,支,1,ml,ROOM_TEMPERATURE,是,是,否,,否,,,IM,BID,否,是,ACTIVE
MED-2026-W402,维生素注射液,C Vitamin C,WESTERN,INJECTION,2ml ∶0.5g 、5ml ∶1g,支,2,ml,ROOM_TEMPERATURE,是,是,否,,否,,,IM,BID,否,是,ACTIVE
MED-2026-W403,多种维生素（12）注射用无菌粉末,Multivitamin (12),WESTERN,INJECTION,注射用无菌粉末,支,,,ROOM_TEMPERATURE,是,是,否,,否,,,IVGTT,BID,否,是,ACTIVE
MED-2026-W404-01,葡萄糖酸钙（片剂）,Calcium Gluconate,WESTERN,TABLET,0.5g,片,0.5,g,ROOM_TEMPERATURE,是,是,否,,否,,,ORAL,BID,否,是,ACTIVE
MED-2026-W404-02,葡萄糖酸钙（注射液）,Calcium Gluconate,WESTERN,INJECTION,10ml ∶1g,支,10,ml,ROOM_TEMPERATURE,是,是,否,,否,,,IVGTT,BID,否,是,ACTIVE
MED-2026-W405,复合磷酸氢钾注射液,Composite Potassium Hydrogen Phosphate,WESTERN,INJECTION,2ml（磷酸二氢钾 0.4354g与磷酸氢二钾 0.639g）,支,2,ml,ROOM_TEMPERATURE,是,是,否,,否,,,IM,BID,否,是,ACTIVE
MED-2026-W406-01,复方氨基酸 18AA（注射液）,Compound Amino Acid 18AA,WESTERN,INJECTION,200ml ∶12.25g（总氨基酸）、200ml ∶20.65g（总氨基酸）、 250ml ∶12.5g（总氨基酸）,支,200,ml,ROOM_TEMPERATURE,是,是,否,,否,,,IM,BID,否,是,ACTIVE
MED-2026-W406-02,复方氨基酸 18AA（注射液）,Compound Amino Acid 18AA,WESTERN,INJECTION,小儿复方氨基酸注射液（ 18AA- Ⅰ)：20ml ∶1.348g（总氨基酸）小儿复方氨基酸注射液（ 18AA- Ⅱ)： 50ml ∶3.0g（总氨基酸）,支,20,ml,ROOM_TEMPERATURE,是,是,否,,否,,,IM,BID,否,是,ACTIVE
MED-2026-W407,脂肪乳氨基酸葡萄糖注射液,"Fat Emulsion, Amino Acids and Glucose",WESTERN,INJECTION,1440ml（20% 脂肪乳注射液 255ml；复方氨基酸注射液（ 17）300ml； 11% 葡萄糖注射液 885ml ）、1920ml（20% 脂肪乳注射液 340ml；复方氨基酸注射液（ 17）400ml； 11% 葡萄糖注射液 1180ml）,支,1440,ml,ROOM_TEMPERATURE,是,是,否,,否,,,IVGTT,BID,否,是,ACTIVE
MED-2026-W408,中/ 长链脂肪乳注射液,"Medium and Long Chain
Fat Emulsion",WESTERN,INJECTION,250ml（大豆油 12.5g；中链甘油三酸酯 12.5g）、250ml（大豆油 25g；中链甘油三酸酯 25g；卵磷脂 3g）,支,250,ml,ROOM_TEMPERATURE,是,是,否,,否,,,IM,BID,否,是,ACTIVE
MED-2026-W409,整蛋白型肠内营养剂（粉剂）,Intact Protein Enteral Nutrition Powder,WESTERN,POWDER,320g/ 听,袋,320,g,ROOM_TEMPERATURE,是,是,否,,否,,,ORAL,BID,否,是,ACTIVE
MED-2026-W410,口服补液盐散剂,Oral Rehydration Salts,WESTERN,POWDER,散剂(Ⅰ、Ⅱ、Ⅲ),袋,,,ROOM_TEMPERATURE,是,是,否,,否,,,ORAL,BID,否,是,ACTIVE
MED-2026-W411,氯化钠注射液,Sodium Chloride,WESTERN,INJECTION,0.9%（ 10ml、50ml、100ml、 250ml、500ml、1000ml ）、10%（10ml、100ml）,支,10,ml,ROOM_TEMPERATURE,是,是,否,,否,,,IVGTT,BID,否,是,ACTIVE
MED-2026-W412,葡萄糖注射液,Glucose,WESTERN,INJECTION,5%（ 100ml、200ml、250ml、 500ml 、1000ml ）、10%（ 100ml 、 200ml 、250ml 、500ml 、1000ml ）、 25%（ 20ml 、100ml 、250ml、 500ml ）、50%（ 20ml 、100ml、 250ml）,支,100,ml,ROOM_TEMPERATURE,是,是,否,,否,,,IVGTT,BID,否,是,ACTIVE
MED-2026-W413,葡萄糖氯化钠注射液,Glucose and Sodium Chloride,WESTERN,INJECTION,50ml 、100ml 、250ml、 500ml,支,50,ml,ROOM_TEMPERATURE,是,是,否,,否,,,IVGTT,BID,否,是,ACTIVE
MED-2026-W414,复方氯化钠注射液,Compound Sodium Chloride,WESTERN,INJECTION,250ml 、500ml,支,250,ml,ROOM_TEMPERATURE,是,是,否,,否,,,IVGTT,BID,否,是,ACTIVE
MED-2026-W415-01,氯化钾（缓释片）,Potassium Chloride,WESTERN,TABLET,0.5g,片,0.5,g,ROOM_TEMPERATURE,是,是,否,,否,,,ORAL,BID,否,是,ACTIVE
MED-2026-W415-02,氯化钾（注射液）,Potassium Chloride,WESTERN,INJECTION,10ml ∶1g 、10ml ∶1.5g颗粒剂,支,10,ml,ROOM_TEMPERATURE,是,是,否,,否,,,IM,BID,否,是,ACTIVE
MED-2026-W416,乳酸钠林格注射液,Sodium Lactate Ringer's,WESTERN,INJECTION,500ml,支,500,ml,ROOM_TEMPERATURE,是,是,否,,否,,,IM,BID,否,是,ACTIVE
MED-2026-W417-01,碳酸氢钠（片剂）,Sodium Bicarbonate,WESTERN,TABLET,0.3g 、0.5g,片,0.3,g,ROOM_TEMPERATURE,是,是,否,,否,,,ORAL,BID,否,是,ACTIVE
MED-2026-W417-02,碳酸氢钠（注射液）,Sodium Bicarbonate,WESTERN,INJECTION,10ml ∶0.5g 、50ml ∶4.2g、 100ml ∶1.4g 、250ml ∶12.5g,支,10,ml,ROOM_TEMPERATURE,是,是,否,,否,,,IM,BID,否,是,ACTIVE
MED-2026-W418,司维拉姆片剂,Sevelamer,WESTERN,TABLET,0.8g,片,0.8,g,ROOM_TEMPERATURE,是,是,否,,否,,,ORAL,BID,否,是,ACTIVE
MED-2026-W419-01,硫代硫酸钠（注射液）,Sodium Thiosulfate,WESTERN,INJECTION,10ml ∶0.5g 、20ml ∶1.0g、 20ml ∶10g,支,10,ml,ROOM_TEMPERATURE,是,是,否,,否,,,IM,BID,否,是,ACTIVE
MED-2026-W419-02,硫代硫酸钠（注射用无菌粉末）,Sodium Thiosulfate,WESTERN,INJECTION,0.32g 、0.64g,支,0.32,g,ROOM_TEMPERATURE,是,是,否,,否,,,IVGTT,BID,否,是,ACTIVE
MED-2026-W420,氯解磷定注射液,Pralidoxime Chloride,WESTERN,INJECTION,2ml ∶0.25g 、2ml ∶0.5g,支,2,ml,ROOM_TEMPERATURE,是,是,否,,否,,,IM,BID,否,是,ACTIVE
MED-2026-W421,碘解磷定注射液,Pralidoxime Iodide,WESTERN,INJECTION,20ml ∶0.5g,支,20,ml,ROOM_TEMPERATURE,是,是,否,,否,,,IM,BID,否,是,ACTIVE
MED-2026-W422,戊乙奎醚注射液,Penehyclidine,WESTERN,INJECTION,1ml ∶0.5mg 、1ml ∶1mg、 2ml ∶2mg,支,1,ml,ROOM_TEMPERATURE,是,是,否,,否,,,IM,BID,否,是,ACTIVE
MED-2026-W423,亚甲蓝注射液,"Methylthioninium
Chloride",WESTERN,INJECTION,2ml ∶20mg 、5ml ∶50mg、 10ml ∶100mg,支,2,ml,ROOM_TEMPERATURE,是,是,否,,否,,,IM,BID,否,是,ACTIVE
MED-2026-W424-01,纳洛酮（注射液）,Naloxone,WESTERN,INJECTION,1ml ∶0.4mg 、1ml ∶1mg、 2ml ∶2mg,支,1,ml,ROOM_TEMPERATURE,是,是,否,,否,,,IM,BID,否,是,ACTIVE
MED-2026-W424-02,纳洛酮（注射用无菌粉末）,Naloxone,WESTERN,INJECTION,0.4mg 、1.0mg、 2.0mg,支,0.4,mg,ROOM_TEMPERATURE,是,是,否,,否,,,IVGTT,BID,否,是,ACTIVE
MED-2026-W425,乙酰胺注射液,Acetamide,WESTERN,INJECTION,2ml ∶1.0g 、5ml ∶2.5g、 10ml ∶5.0g,支,2,ml,ROOM_TEMPERATURE,是,是,否,,否,,,IM,BID,否,是,ACTIVE
MED-2026-W426,氟马西尼注射液,Flumazenil,WESTERN,INJECTION,2ml ∶0.2mg 、5ml ∶0.5mg、 10ml ∶1.0mg,支,2,ml,ROOM_TEMPERATURE,是,是,否,,否,,,IM,BID,否,是,ACTIVE
MED-2026-W427,破伤风抗毒素注射液,Tetanus Antitoxin,WESTERN,INJECTION,1500IU 、10000IU,支,1500,IU,REFRIGERATED,是,是,否,,是,,,IM,BID,否,是,ACTIVE
MED-2026-W428,抗狂犬病血清注射液,Rabies Antiserum,WESTERN,INJECTION,400IU 、700IU,支,400,IU,ROOM_TEMPERATURE,是,是,否,,否,,,IM,BID,否,是,ACTIVE
MED-2026-W429,抗蛇毒血清注射液,KSDXQ,WESTERN,INJECTION,注射液,支,,,ROOM_TEMPERATURE,是,是,否,,是,,,IM,BID,否,是,ACTIVE
MED-2026-W430,破伤风人免疫球蛋白注射液,"Human Tetanus
Immunoglobulin",WESTERN,INJECTION,250IU（2.5ml ）、500IU （5ml）,支,250,IU,REFRIGERATED,是,是,否,,否,,,IM,BID,否,是,ACTIVE
MED-2026-W431,国家免疫规划用疫苗,GJMYGHYYM,WESTERN,TABLET,以说明书为准,片,,,REFRIGERATED,是,是,否,,否,,,ORAL,BID,否,是,ACTIVE
MED-2026-W432,硫酸钡干混悬剂(Ⅰ型、Ⅱ型）,Barium Sulfate,WESTERN,ORAL_LIQUID,干混悬剂(Ⅰ型、Ⅱ型）,瓶,,,ROOM_TEMPERATURE,是,是,否,,否,,,ORAL,BID,否,是,ACTIVE
MED-2026-W433,碘化油注射液,Iodinated Oil,WESTERN,INJECTION,10ml,支,10,ml,ROOM_TEMPERATURE,是,是,否,,否,,,IM,BID,否,是,ACTIVE
MED-2026-W434,碘海醇注射液,Iohexol,WESTERN,INJECTION,20ml ∶6g（I ）、50ml ∶15g （I ）、100ml ∶30g（I ）、100ml ∶35g（I）,支,20,ml,ROOM_TEMPERATURE,是,是,否,,否,,,IM,BID,否,是,ACTIVE
MED-2026-W435,碘佛醇注射液,Ioversol,WESTERN,INJECTION,20ml ∶6.4g（I ）、50ml ∶16g （I ）、100ml ∶32g（I ）、100ml ∶35g（I）,支,20,ml,ROOM_TEMPERATURE,是,是,否,,否,,,IM,BID,否,是,ACTIVE
MED-2026-W436,钆布醇注射液,Gadobutrol,WESTERN,INJECTION,7.5ml ∶4.5354g、 10ml ∶6.0472g 、15ml ∶9.0708g,支,7.5,ml,ROOM_TEMPERATURE,是,是,否,,否,,,IM,BID,否,是,ACTIVE
MED-2026-W437,结核菌素纯蛋白衍生物注射液,Purified Protein Derivative of Tuberculin,WESTERN,INJECTION,注射液,支,,,ROOM_TEMPERATURE,是,是,否,,否,,,IM,BID,否,是,ACTIVE
MED-2026-W438,磺胺嘧啶银乳膏剂,Sulfadiazine Silver,WESTERN,CREAM,1%,支,,,ROOM_TEMPERATURE,是,是,否,,否,,,TOPICAL,BID,否,是,ACTIVE
MED-2026-W439,咪康唑乳膏剂,Miconazole,WESTERN,CREAM,2%,支,,,ROOM_TEMPERATURE,是,是,否,,否,,,TOPICAL,BID,否,是,ACTIVE
MED-2026-W440-01,特比萘芬（片剂）,Terbinafine,WESTERN,TABLET,0. 125g 、0.25g,片,125,g,ROOM_TEMPERATURE,是,是,否,,否,,,ORAL,BID,否,是,ACTIVE
MED-2026-W440-02,特比萘芬（乳膏剂）,Terbinafine,WESTERN,CREAM,1%,支,,,ROOM_TEMPERATURE,是,是,否,,否,,,TOPICAL,BID,否,是,ACTIVE
MED-2026-W441,曲安奈德益康唑乳膏剂,Triamcinolone Acetonide and Econazole,WESTERN,CREAM,1g（曲安奈德 1mg 与硝酸益康唑 10mg）、10g （硝酸益康唑0.10g 与曲安奈德 10mg）、15g（硝酸益康唑 0.15g 与曲安奈德 15mg、醋酸曲安奈德 16.5mg 与硝酸益康唑 150mg）,支,1,g,ROOM_TEMPERATURE,是,是,否,,否,,,TOPICAL,BID,否,是,ACTIVE
MED-2026-W442,莫匹罗星软膏剂,Mupirocin,WESTERN,OINTMENT,2%,支,,,ROOM_TEMPERATURE,是,是,否,,否,,,TOPICAL,BID,否,是,ACTIVE
MED-2026-W443,尿素软膏剂,Urea,WESTERN,OINTMENT,软膏剂、乳膏剂： 10% 、20%,支,,,ROOM_TEMPERATURE,是,是,否,,否,,,TOPICAL,BID,否,是,ACTIVE
MED-2026-W444,鱼石脂软膏剂,Ichthammol,WESTERN,OINTMENT,10%,支,,,ROOM_TEMPERATURE,是,是,否,,否,,,TOPICAL,BID,否,是,ACTIVE
MED-2026-W445,水杨酸软膏剂,Salicylic Acid,WESTERN,OINTMENT,2% 、5%,支,,,ROOM_TEMPERATURE,是,是,否,,否,,,TOPICAL,BID,否,是,ACTIVE
MED-2026-W446,糠酸莫米松乳膏剂,Mometasone Furoate,WESTERN,CREAM,0.1%,支,,,ROOM_TEMPERATURE,是,是,否,,否,,,TOPICAL,BID,否,是,ACTIVE
MED-2026-W447,炉甘石洗剂,Calamine,WESTERN,OTHER,洗剂,盒,,,ROOM_TEMPERATURE,否,是,否,,否,,,ORAL,BID,否,是,ACTIVE
MED-2026-W448,依沙吖啶外用溶液剂,Ethacridine,WESTERN,OTHER,0.1%,盒,,,ROOM_TEMPERATURE,是,是,否,,否,,,ORAL,BID,否,是,ACTIVE
MED-2026-W449,司普奇拜单抗注射液,Stapokibart,WESTERN,INJECTION,2ml ∶300mg,支,2,ml,ROOM_TEMPERATURE,是,是,否,,否,,,IM,BID,否,是,ACTIVE
MED-2026-W450,氯霉素滴眼剂,Chloramphenicol,WESTERN,DROPS,8ml ∶20mg,瓶,8,ml,ROOM_TEMPERATURE,是,是,否,,否,,,OPHTHALMIC,BID,否,是,ACTIVE
MED-2026-W451,加替沙星滴眼剂、眼用凝胶：0.3%,Gatifloxacin,WESTERN,CREAM,滴眼剂、眼用凝胶：0.3%,支,,,ROOM_TEMPERATURE,是,是,否,,否,,,TOPICAL,BID,否,是,ACTIVE
MED-2026-W452,利福平滴眼剂,Rifampicin,WESTERN,DROPS,10ml ∶5mg 、10ml ∶10mg,瓶,10,ml,ROOM_TEMPERATURE,是,是,否,,否,,,OPHTHALMIC,BID,否,是,ACTIVE
MED-2026-W453,毛果芸香碱注射液,Pilocarpine,WESTERN,INJECTION,1ml ∶2mg滴眼剂,支,1,ml,ROOM_TEMPERATURE,是,是,否,,否,,,IM,BID,否,是,ACTIVE
MED-2026-W454,他氟前列素滴眼剂,Tafluprost,WESTERN,DROPS,0.0015%,瓶,,,ROOM_TEMPERATURE,是,是,否,,否,,,OPHTHALMIC,BID,否,是,ACTIVE
MED-2026-W455,噻吗洛尔滴眼剂,Timolol,WESTERN,DROPS,5ml ∶12.5mg 、5ml ∶25mg,瓶,5,ml,ROOM_TEMPERATURE,是,是,否,,否,,,OPHTHALMIC,BID,否,是,ACTIVE
MED-2026-W456,乙酰唑胺片剂,Acetazolamide,WESTERN,TABLET,0.25g,片,0.25,g,ROOM_TEMPERATURE,是,是,否,,否,,,ORAL,BID,否,是,ACTIVE
MED-2026-W457-01,可的松（眼膏剂）,Cortisone,WESTERN,OINTMENT,0.25% 、0.5% 、1%,支,,,ROOM_TEMPERATURE,是,是,否,,否,,,TOPICAL,BID,否,是,ACTIVE
MED-2026-W457-02,可的松（滴眼剂）,Cortisone,WESTERN,DROPS,3ml ∶15mg,瓶,3,ml,ROOM_TEMPERATURE,是,是,否,,否,,,OPHTHALMIC,BID,否,是,ACTIVE
MED-2026-W458,复方托吡卡胺滴眼剂,Compound Tropicamide,WESTERN,DROPS,1ml（托吡卡胺 5mg，盐酸去氧肾上腺素 5mg）、5ml（托吡卡胺 25mg，盐酸去氧肾上腺素25mg）,瓶,1,ml,ROOM_TEMPERATURE,是,是,否,,否,,,OPHTHALMIC,BID,否,是,ACTIVE
MED-2026-W459,康柏西普眼用注射液,Conbercept,WESTERN,INJECTION,10mg/ml ，0.2ml/ 支； 10mg/ml ，0.05ml/ 支（预充式）,支,10,mg,ROOM_TEMPERATURE,是,是,否,,否,,,IM,BID,否,是,ACTIVE
MED-2026-W460,麻黄碱滴鼻剂,Ephedrine,WESTERN,DROPS,1%,瓶,,,ROOM_TEMPERATURE,是,是,否,,否,,,NASAL,BID,否,是,ACTIVE
MED-2026-W461,氧氟沙星滴耳剂,Ofloxacin,WESTERN,DROPS,5ml ∶15mg,瓶,5,ml,ROOM_TEMPERATURE,是,是,否,,否,,,OTIC,BID,否,是,ACTIVE
MED-2026-W462,地芬尼多片剂,Difenidol,WESTERN,TABLET,25mg,片,25,mg,ROOM_TEMPERATURE,是,是,否,,否,,,ORAL,BID,否,是,ACTIVE
MED-2026-W463-01,羟甲唑啉（滴鼻剂）,Oxymetazoline,WESTERN,DROPS,3ml ∶1.5mg 、5ml ∶2.5mg、 10ml ∶5mg,瓶,3,ml,ROOM_TEMPERATURE,是,是,否,,否,,,NASAL,BID,否,是,ACTIVE
MED-2026-W463-02,羟甲唑啉（喷雾剂）,Oxymetazoline,WESTERN,AEROSOL,5ml ∶1.25mg 、10ml ∶5mg,瓶,5,ml,ROOM_TEMPERATURE,是,是,否,,否,,,INHALATION,BID,否,是,ACTIVE
MED-2026-W464,缩宫素注射液,Oxytocin,WESTERN,INJECTION,1ml ∶5 单位、 1ml ∶10 单位,支,1,ml,ROOM_TEMPERATURE,是,是,否,,否,,,IM,BID,否,是,ACTIVE
MED-2026-W465,麦角新碱注射液,Ergometrine,WESTERN,INJECTION,1ml ∶0.2mg 、1ml ∶0.5mg,支,1,ml,ROOM_TEMPERATURE,是,是,否,,否,,,IM,BID,否,是,ACTIVE
MED-2026-W466,垂体后叶注射液,Posterior Pituitary Injection,WESTERN,INJECTION,0.5ml ∶3 单位、1ml ∶6 单位,支,0.5,ml,ROOM_TEMPERATURE,是,是,否,,否,,,IM,BID,否,是,ACTIVE
MED-2026-W467,米非司酮片剂,Mifepristone,WESTERN,TABLET,10mg 、25mg 、200mg,片,10,mg,ROOM_TEMPERATURE,是,是,否,,否,,,ORAL,BID,否,是,ACTIVE
MED-2026-W468,米索前列醇片剂,Misoprostol,WESTERN,TABLET,200μg,片,200,μg,ROOM_TEMPERATURE,是,是,否,,否,,,ORAL,BID,否,是,ACTIVE
MED-2026-W469,卡前列甲酯栓剂,Carboprost Methylate,WESTERN,SUPPOSITORY,0.5mg 、1mg,枚,0.5,mg,ROOM_TEMPERATURE,是,是,否,,否,,,RECTAL,BID,否,是,ACTIVE
MED-2026-W470-01,克霉唑（栓剂）,Clotrimazole,WESTERN,SUPPOSITORY,0. 15g,枚,15,g,ROOM_TEMPERATURE,是,是,否,,否,,,RECTAL,BID,否,是,ACTIVE
MED-2026-W470-02,克霉唑（阴道片）,Clotrimazole,WESTERN,TABLET,0.5g,片,0.5,g,ROOM_TEMPERATURE,是,是,否,,否,,,ORAL,BID,否,是,ACTIVE
MED-2026-W471,避孕药,BYY,WESTERN,TABLET,以说明书为准,片,,,ROOM_TEMPERATURE,是,是,否,,否,,,ORAL,BID,否,是,ACTIVE
MED-2026-W472,咖啡因注射液,Caffeine,WESTERN,INJECTION,（枸橼酸盐）注射液： 1ml ∶20mg,支,1,ml,ROOM_TEMPERATURE,是,是,否,,否,,,IM,BID,否,是,ACTIVE
MED-2026-W473,牛肺表面活性剂注射用无菌粉末,Calf Pulmonary Surfactant,WESTERN,INJECTION,70mg,支,70,mg,ROOM_TEMPERATURE,是,是,否,,否,,,IVGTT,BID,否,是,ACTIVE
MED-2026-W474,培门冬酶注射液,Pegaspargase,WESTERN,INJECTION,2ml ∶1500IU、5ml ∶3750IU,支,2,ml,ROOM_TEMPERATURE,是,是,否,,否,,,IM,BID,否,是,ACTIVE
MED-2026-W475-01,水合氯醛（糖浆剂）,Chloral Hydrate,WESTERN,ORAL_LIQUID,10ml ∶1g,瓶,10,ml,ROOM_TEMPERATURE,是,是,否,,否,,,ORAL,BID,否,是,ACTIVE
MED-2026-W475-02,水合氯醛（糖浆组合包装）,Chloral Hydrate,WESTERN,ORAL_LIQUID,水合氯醛浓缩液 1.342g∶1g/ 糖浆（稀释液）9ml， 水合氯醛浓缩液 0.671g∶0.5g/ 糖浆（稀释液）4.5ml,瓶,1.342,g,ROOM_TEMPERATURE,是,是,否,,否,,,ORAL,BID,否,是,ACTIVE
MED-2026-W475-03,水合氯醛（灌肠剂）,Chloral Hydrate,WESTERN,OTHER,1.34g∶0.5g,盒,1.34,g,ROOM_TEMPERATURE,是,是,否,,否,,,ORAL,BID,否,是,ACTIVE
MED-2026-W476-01,哌甲酯（片剂）,Methylphenidate,WESTERN,TABLET,10mg 、100mg,片,10,mg,ROOM_TEMPERATURE,是,是,否,,否,,,ORAL,BID,否,是,ACTIVE
MED-2026-W476-02,哌甲酯（缓释片）,Methylphenidate,WESTERN,TABLET,18mg 、27mg 、36mg,片,18,mg,ROOM_TEMPERATURE,是,是,否,,否,,,ORAL,BID,否,是,ACTIVE
MED-2026-W476-03,哌甲酯（缓释胶囊）,Methylphenidate,WESTERN,CAPSULE,5mg 、10mg 、20mg、 30mg 、40mg,粒,5,mg,ROOM_TEMPERATURE,是,是,否,,否,,,ORAL,BID,否,是,ACTIVE
MED-2026-T001-01,九味羌活丸（颗粒）（丸剂）,JWQHWKL,CHINESE_PATENT,OTHER,每丸重 9g，每 10 丸重 1.8g，每袋装 6g 、9g,丸,9,g,ROOM_TEMPERATURE,是,是,否,,否,,,ORAL,TID,否,是,ACTIVE
MED-2026-T001-02,九味羌活丸（颗粒）（颗粒剂）,JWQHWKL,CHINESE_PATENT,GRANULE,每袋装 5g 、15g,袋,5,g,ROOM_TEMPERATURE,是,是,否,,否,,,ORAL,TID,否,是,ACTIVE
MED-2026-T002-01,感冒清热颗粒（胶囊）（颗粒剂）,GMQRKLJN,CHINESE_PATENT,GRANULE,每袋装 3g、6g（相当于饮片 8.85g）、12g（相当于饮片 8.85g）,袋,3,g,ROOM_TEMPERATURE,是,是,否,,否,,,ORAL,TID,否,是,ACTIVE
MED-2026-T002-02,感冒清热颗粒（胶囊）,GMQRKLJN,CHINESE_PATENT,CAPSULE,每粒装 0.45g,粒,0.45,g,ROOM_TEMPERATURE,是,是,否,,否,,,ORAL,TID,否,是,ACTIVE
MED-2026-T003,正柴胡饮颗粒颗粒剂,ZCHYKL,CHINESE_PATENT,GRANULE,每袋装 3g 、10g,袋,3,g,ROOM_TEMPERATURE,是,是,否,,否,,,ORAL,TID,否,是,ACTIVE
MED-2026-T004-01,荆防颗粒（合剂）（颗粒剂）,JFKLHJ,CHINESE_PATENT,GRANULE,每袋装 15g,袋,15,g,ROOM_TEMPERATURE,是,是,否,,否,,,ORAL,TID,否,是,ACTIVE
MED-2026-T004-02,荆防颗粒（合剂）,JFKLHJ,CHINESE_PATENT,ORAL_LIQUID,每瓶（支）装 10ml （每 1ml 相当于饮片 1g）,瓶,10,ml,ROOM_TEMPERATURE,是,是,否,,否,,,ORAL,TID,否,是,ACTIVE
MED-2026-T005,柴胡注射液,CHZSY,CHINESE_PATENT,INJECTION,每支装 2ml,支,2,ml,ROOM_TEMPERATURE,是,是,否,,否,,,IM,TID,否,是,ACTIVE
MED-2026-T006,金花清感颗粒颗粒剂,JHQGKL,CHINESE_PATENT,GRANULE,每袋装 5g（相当于饮片 17.3g）,袋,5,g,ROOM_TEMPERATURE,是,是,否,,否,,,ORAL,TID,否,是,ACTIVE
MED-2026-T007-01,银翘解毒丸（颗粒、胶囊、软胶囊、片）（丸剂）,YQJDWKLJNRJNP,CHINESE_PATENT,OTHER,每丸重 3g 、9g，每10 丸重 1.5g（每 1g 相当于饮片 0.61g）,丸,3,g,ROOM_TEMPERATURE,是,是,否,,否,,,ORAL,TID,否,是,ACTIVE
MED-2026-T007-02,银翘解毒丸（颗粒、胶囊、软胶囊、片）（颗粒剂）,YQJDWKLJNRJNP,CHINESE_PATENT,GRANULE,每袋装 15g（相当于原药材 15g）,袋,15,g,ROOM_TEMPERATURE,是,是,否,,否,,,ORAL,TID,否,是,ACTIVE
MED-2026-T007-03,银翘解毒丸（颗粒、胶囊、软胶囊、片）,YQJDWKLJNRJNP,CHINESE_PATENT,CAPSULE,每粒装 0.4g,粒,0.4,g,ROOM_TEMPERATURE,是,是,否,,否,,,ORAL,TID,否,是,ACTIVE
MED-2026-T007-04,银翘解毒丸（颗粒、胶囊、软胶囊、片）,YQJDWKLJNRJNP,CHINESE_PATENT,CAPSULE,每粒装 0.45g（相当于饮片 2.24g）,粒,0.45,g,ROOM_TEMPERATURE,是,是,否,,否,,,ORAL,TID,否,是,ACTIVE
MED-2026-T007-05,银翘解毒丸（颗粒、胶囊、软胶囊、片）（片剂）,YQJDWKLJNRJNP,CHINESE_PATENT,TABLET,每片重 0.3g 、0.5g、 0.52g,片,0.3,g,ROOM_TEMPERATURE,是,是,否,,否,,,ORAL,TID,否,是,ACTIVE
MED-2026-T008-01,芎菊上清丸（颗粒、片）（丸剂）,QJSQWKLP,CHINESE_PATENT,OTHER,每丸重 9g，每 100丸重 6g，每袋装 6g,丸,9,g,ROOM_TEMPERATURE,是,是,否,,否,,,ORAL,TID,否,是,ACTIVE
MED-2026-T008-02,芎菊上清丸（颗粒、片）（颗粒剂）,QJSQWKLP,CHINESE_PATENT,GRANULE,每袋装 10g,袋,10,g,ROOM_TEMPERATURE,是,是,否,,否,,,ORAL,TID,否,是,ACTIVE
MED-2026-T008-03,芎菊上清丸（颗粒、片）（片剂）,QJSQWKLP,CHINESE_PATENT,TABLET,每片重 0.25g 、0.3g,片,0.25,g,ROOM_TEMPERATURE,是,是,否,,否,,,ORAL,TID,否,是,ACTIVE
MED-2026-T009,牛黄清感胶囊,NHQGJN,CHINESE_PATENT,CAPSULE,每粒装 0.3g,粒,0.3,g,ROOM_TEMPERATURE,是,是,否,,否,,,ORAL,TID,否,是,ACTIVE
MED-2026-T010,祖卡木颗粒颗粒剂,ZKMKL,CHINESE_PATENT,GRANULE,每袋装 6g 、12g,袋,6,g,ROOM_TEMPERATURE,是,是,否,,否,,,ORAL,TID,否,是,ACTIVE
MED-2026-T011,复方银花解毒颗粒颗粒剂,FFYHJDKL,CHINESE_PATENT,GRANULE,每袋装 15g,袋,15,g,ROOM_TEMPERATURE,是,是,否,,否,,,ORAL,TID,否,是,ACTIVE
MED-2026-T012-01,柴银颗粒（口服液）（颗粒剂）,CYKLKFY,CHINESE_PATENT,GRANULE,每袋装 8g,袋,8,g,ROOM_TEMPERATURE,是,是,否,,否,,,ORAL,TID,否,是,ACTIVE
MED-2026-T012-02,柴银颗粒（口服液）（合剂）,CYKLKFY,CHINESE_PATENT,ORAL_LIQUID,每瓶装 20ml,瓶,20,ml,ROOM_TEMPERATURE,是,是,否,,否,,,ORAL,TID,否,是,ACTIVE
MED-2026-T013-01,防风通圣丸（颗粒）（丸剂）,FFTSWKL,CHINESE_PATENT,OTHER,每丸重 9g，每 8 丸相当于原药材 3g 、6g，每20 丸重 1g,丸,9,g,ROOM_TEMPERATURE,是,是,否,,否,,,ORAL,TID,否,是,ACTIVE
MED-2026-T013-02,防风通圣丸（颗粒）（颗粒剂）,FFTSWKL,CHINESE_PATENT,GRANULE,每袋装 3g,袋,3,g,ROOM_TEMPERATURE,是,是,否,,否,,,ORAL,TID,否,是,ACTIVE
MED-2026-T014-01,小柴胡颗粒（片）（颗粒剂）,XCHKLP,CHINESE_PATENT,GRANULE,每袋装 10g（每袋相当于饮片 4.86g）、4g （每袋相当于饮片 4.86g）、 3g 、2.5g,袋,10,g,ROOM_TEMPERATURE,是,是,否,,否,,,ORAL,TID,否,是,ACTIVE
MED-2026-T014-02,小柴胡颗粒（片）（片剂）,XCHKLP,CHINESE_PATENT,TABLET,每片重 0.4g,片,0.4,g,ROOM_TEMPERATURE,是,是,否,,否,,,ORAL,TID,否,是,ACTIVE
MED-2026-T015,玉屏风颗粒颗粒剂,YPFKL,CHINESE_PATENT,GRANULE,每袋装 5g（相当于饮片 10g）,袋,5,g,ROOM_TEMPERATURE,是,是,否,,否,,,ORAL,TID,否,是,ACTIVE
MED-2026-T016-01,麻仁润肠丸（软胶囊）（丸剂）,MRRCWRJN,CHINESE_PATENT,OTHER,每丸重 6g，每 10 粒重 1.6g，每袋装 6g（每 30丸重 6g）,丸,6,g,ROOM_TEMPERATURE,是,是,否,,否,,,ORAL,TID,否,是,ACTIVE
MED-2026-T016-02,麻仁润肠丸（软胶囊）,MRRCWRJN,CHINESE_PATENT,CAPSULE,每粒装 0.5g,粒,0.5,g,ROOM_TEMPERATURE,是,是,否,,否,,,ORAL,TID,否,是,ACTIVE
MED-2026-T017-01,黄连上清丸（颗粒、胶囊、片）（丸剂）,HLSQWKLJNP,CHINESE_PATENT,OTHER,每丸重 6g，每 10 丸重 0.3g，每 40 丸重 3g，每袋装 6g,丸,6,g,ROOM_TEMPERATURE,是,是,否,,否,,,ORAL,TID,否,是,ACTIVE
MED-2026-T017-02,黄连上清丸（颗粒、胶囊、片）（颗粒剂）,HLSQWKLJNP,CHINESE_PATENT,GRANULE,每袋装 2g,袋,2,g,ROOM_TEMPERATURE,是,是,否,,否,,,ORAL,TID,否,是,ACTIVE
MED-2026-T017-03,黄连上清丸（颗粒、胶囊、片）,HLSQWKLJNP,CHINESE_PATENT,CAPSULE,每粒装 0.4g,粒,0.4,g,ROOM_TEMPERATURE,是,是,否,,否,,,ORAL,TID,否,是,ACTIVE
MED-2026-T017-04,黄连上清丸（颗粒、胶囊、片）（片剂）,HLSQWKLJNP,CHINESE_PATENT,TABLET,每片重 0.25g、0.3g、 0.31g,片,0.25,g,ROOM_TEMPERATURE,是,是,否,,否,,,ORAL,TID,否,是,ACTIVE
MED-2026-T018-01,牛黄解毒丸（胶囊、软胶囊、片）（丸剂）,NHJDWJNRJNP,CHINESE_PATENT,OTHER,每丸重 3g，每 100丸重 5g，每袋装 4g,丸,3,g,ROOM_TEMPERATURE,否,是,否,,否,,,ORAL,TID,否,是,ACTIVE
MED-2026-T018-02,牛黄解毒丸（胶囊、软胶囊、片）,NHJDWJNRJNP,CHINESE_PATENT,CAPSULE,每粒装 0.3g,粒,0.3,g,ROOM_TEMPERATURE,否,是,否,,否,,,ORAL,TID,否,是,ACTIVE
MED-2026-T018-03,牛黄解毒丸（胶囊、软胶囊、片）,NHJDWJNRJNP,CHINESE_PATENT,CAPSULE,每粒装 0.4g,粒,0.4,g,ROOM_TEMPERATURE,否,是,否,,否,,,ORAL,TID,否,是,ACTIVE
MED-2026-T018-04,牛黄解毒丸（胶囊、软胶囊、片）（片剂）,NHJDWJNRJNP,CHINESE_PATENT,TABLET,每片重 0.25g、0.27g、 0.3g,片,0.25,g,ROOM_TEMPERATURE,否,是,否,,否,,,ORAL,TID,否,是,ACTIVE
MED-2026-T019-01,牛黄上清丸（胶囊、片）（丸剂）,NHSQWJNP,CHINESE_PATENT,OTHER,每丸重 6g，每 16 粒重 3g，每 100 粒重 10g,丸,6,g,ROOM_TEMPERATURE,是,是,否,,否,,,ORAL,TID,否,是,ACTIVE
MED-2026-T019-02,牛黄上清丸（胶囊、片）,NHSQWJNP,CHINESE_PATENT,CAPSULE,每粒装 0.3g,粒,0.3,g,ROOM_TEMPERATURE,是,是,否,,否,,,ORAL,TID,否,是,ACTIVE
MED-2026-T019-03,牛黄上清丸（胶囊、片）（片剂）,NHSQWJNP,CHINESE_PATENT,TABLET,每片重 0.25g（相当于饮片 0.622g）、0.265g（相当于饮片 0.62g）、0.3g,片,0.25,g,ROOM_TEMPERATURE,是,是,否,,否,,,ORAL,TID,否,是,ACTIVE
MED-2026-T020-01,一清颗粒（胶囊）（颗粒剂）,YQKLJN,CHINESE_PATENT,GRANULE,每袋装 5g 、7.5g，每 1g 相当于饮片 0.98g,袋,5,g,ROOM_TEMPERATURE,是,是,否,,否,,,ORAL,TID,否,是,ACTIVE
MED-2026-T020-02,一清颗粒（胶囊）,YQKLJN,CHINESE_PATENT,CAPSULE,每粒装 0.5g,粒,0.5,g,ROOM_TEMPERATURE,是,是,否,,否,,,ORAL,TID,否,是,ACTIVE
MED-2026-T021,板蓝根颗粒颗粒剂,BLGKL,CHINESE_PATENT,GRANULE,每袋装 3g（相当于饮片 7g）、5g（相当于饮片 7g）、10g （相当于饮片14g）,袋,3,g,ROOM_TEMPERATURE,否,是,否,,否,,,ORAL,TID,否,是,ACTIVE
MED-2026-T022,金叶败毒颗粒颗粒剂,JYBDKL,CHINESE_PATENT,GRANULE,每袋装 10g,袋,10,g,ROOM_TEMPERATURE,是,是,否,,否,,,ORAL,TID,否,是,ACTIVE
MED-2026-T023,疏风解毒胶囊,SFJDJN,CHINESE_PATENT,CAPSULE,每粒装 0.52g（相当于饮片 2.7g）,粒,0.52,g,ROOM_TEMPERATURE,是,是,否,,否,,,ORAL,TID,否,是,ACTIVE
MED-2026-T024-01,清热解毒颗粒（口服液）（颗粒剂）,QRJDKLKFY,CHINESE_PATENT,GRANULE,每袋装 5g 、9g、 18g,袋,5,g,ROOM_TEMPERATURE,是,是,否,,否,,,ORAL,TID,否,是,ACTIVE
MED-2026-T024-02,清热解毒颗粒（口服液）（合剂）,QRJDKLKFY,CHINESE_PATENT,ORAL_LIQUID,每支装 10ml,瓶,10,ml,ROOM_TEMPERATURE,是,是,否,,否,,,ORAL,TID,否,是,ACTIVE
MED-2026-T025,复方黄黛片片剂,FFHDP,CHINESE_PATENT,TABLET,每片重 0.27g,片,0.27,g,ROOM_TEMPERATURE,是,是,否,,否,,,ORAL,TID,否,是,ACTIVE
MED-2026-T026,唐草片片剂,TCP,CHINESE_PATENT,TABLET,每片重 0.4g,片,0.4,g,ROOM_TEMPERATURE,是,是,否,,否,,,ORAL,TID,否,是,ACTIVE
MED-2026-T027-01,清热八味胶囊（散、丸）,QRBWJNSW,CHINESE_PATENT,CAPSULE,每粒装 0.3g（相当于饮片 1.134g）,粒,0.3,g,ROOM_TEMPERATURE,是,是,否,,否,,,ORAL,TID,否,是,ACTIVE
MED-2026-T027-02,清热八味胶囊（散、丸）（散剂）,QRBWJNSW,CHINESE_PATENT,POWDER,每袋装 15g,袋,15,g,ROOM_TEMPERATURE,是,是,否,,否,,,ORAL,TID,否,是,ACTIVE
MED-2026-T027-03,清热八味胶囊（散、丸）（丸剂）,QRBWJNSW,CHINESE_PATENT,OTHER,每 10 粒重 2g,丸,2,g,ROOM_TEMPERATURE,是,是,否,,否,,,ORAL,TID,否,是,ACTIVE
MED-2026-T028,热炎宁合剂,RYNHJ,CHINESE_PATENT,ORAL_LIQUID,每 1ml 相当于饮片1.30g,瓶,1,ml,ROOM_TEMPERATURE,是,是,否,,否,,,ORAL,TID,否,是,ACTIVE
MED-2026-T029-01,保济丸（口服液）（丸剂）,BJWKFY,CHINESE_PATENT,OTHER,每瓶装 1.85g 、3.7g,丸,1.85,g,ROOM_TEMPERATURE,否,是,否,,否,,,ORAL,TID,否,是,ACTIVE
MED-2026-T029-02,保济丸（口服液）（合剂）,BJWKFY,CHINESE_PATENT,ORAL_LIQUID,每 1ml 相当于饮片0.187g,瓶,1,ml,ROOM_TEMPERATURE,否,是,否,,否,,,ORAL,TID,否,是,ACTIVE
MED-2026-T030-01,藿香正气水（口服液、软胶囊）（酊剂）,HXZQSKFYRJN,CHINESE_PATENT,OTHER,每支装 10ml；每,盒,10,ml,ROOM_TEMPERATURE,否,是,否,,否,,,ORAL,TID,否,是,ACTIVE
MED-2026-T030-02,藿香正气水（口服液、软胶囊）（合剂）,HXZQSKFYRJN,CHINESE_PATENT,ORAL_LIQUID,1ml 相当于饮片 0.66g，含甘草浸膏 9.76mg、广藿香油 0.78μl、紫苏叶油 0.39μl合剂：每支装10ml；每 1ml相当于饮片 0.66g，含甘草浸膏 10mg、含广藿香油0.8μl、含紫苏叶油 0.4μl,瓶,1,ml,ROOM_TEMPERATURE,否,是,否,,否,,,ORAL,TID,否,是,ACTIVE
MED-2026-T030-03,藿香正气水（口服液、软胶囊）,HXZQSKFYRJN,CHINESE_PATENT,CAPSULE,每粒装 0.45g,粒,0.45,g,ROOM_TEMPERATURE,否,是,否,,否,,,ORAL,TID,否,是,ACTIVE
MED-2026-T031,十滴水酊剂,SDS,CHINESE_PATENT,OTHER,每瓶（支）装 5ml、 10ml 、100ml 、500ml ；每1ml 相当于饮片 0.07g，含樟脑 25mg、桉油 12.5μl,盒,5,ml,ROOM_TEMPERATURE,是,是,否,,否,,,ORAL,TID,否,是,ACTIVE
MED-2026-T032,四妙丸丸剂,SMW,CHINESE_PATENT,OTHER,每 15 粒重 1g,丸,1,g,ROOM_TEMPERATURE,是,是,否,,否,,,ORAL,TID,否,是,ACTIVE
MED-2026-T033-01,双黄连合剂（口服液、颗粒、胶囊、片）,SHLHJKFYKLJNP,CHINESE_PATENT,ORAL_LIQUID,每瓶装100ml；每支装 10ml（相当于饮片 7.5g）、 20ml； 每 1ml 相当于饮片1.5g 、3.0g,瓶,100,ml,ROOM_TEMPERATURE,否,是,否,,否,,,ORAL,TID,否,是,ACTIVE
MED-2026-T033-02,双黄连合剂（口服液、颗粒、胶囊、片）（颗粒剂）,SHLHJKFYKLJNP,CHINESE_PATENT,GRANULE,每袋装 5g（相当于净饮片 15g），每袋装 5g （相当于净饮片 30g）,袋,5,g,ROOM_TEMPERATURE,否,是,否,,否,,,ORAL,TID,否,是,ACTIVE
MED-2026-T033-03,双黄连合剂（口服液、颗粒、胶囊、片）,SHLHJKFYKLJNP,CHINESE_PATENT,CAPSULE,每粒装 0.4g,粒,0.4,g,ROOM_TEMPERATURE,否,是,否,,否,,,ORAL,TID,否,是,ACTIVE
MED-2026-T033-04,双黄连合剂（口服液、颗粒、胶囊、片）（片剂）,SHLHJKFYKLJNP,CHINESE_PATENT,TABLET,每片重 0.53g,片,0.53,g,ROOM_TEMPERATURE,否,是,否,,否,,,ORAL,TID,否,是,ACTIVE
MED-2026-T034-01,银黄口服液（颗粒、胶囊、片）（合剂）,YHKFYKLJNP,CHINESE_PATENT,ORAL_LIQUID,每支装 10ml；每 1ml 含金银花提取物（以绿原酸计）2.4mg，含黄芩提取物（以黄芩苷计） 24mg,瓶,10,ml,ROOM_TEMPERATURE,是,是,否,,否,,,ORAL,TID,否,是,ACTIVE
MED-2026-T034-02,银黄口服液（颗粒、胶囊、片）（颗粒剂）,YHKFYKLJNP,CHINESE_PATENT,GRANULE,每袋装 2g、4g（含金银花提取物 0.4g，黄芩提取物 0.16g）,袋,2,g,ROOM_TEMPERATURE,是,是,否,,否,,,ORAL,TID,否,是,ACTIVE
MED-2026-T034-03,银黄口服液（颗粒、胶囊、片）,YHKFYKLJNP,CHINESE_PATENT,CAPSULE,每粒装 0.3g（含提取物 0.14g）,粒,0.3,g,ROOM_TEMPERATURE,是,是,否,,否,,,ORAL,TID,否,是,ACTIVE
MED-2026-T034-04,银黄口服液（颗粒、胶囊、片）（片剂）,YHKFYKLJNP,CHINESE_PATENT,TABLET,每片重 0.25g,片,0.25,g,ROOM_TEMPERATURE,是,是,否,,否,,,ORAL,TID,否,是,ACTIVE
MED-2026-T035-01,茵栀黄口服液（颗粒）（合剂）,YZHKFYKL,CHINESE_PATENT,ORAL_LIQUID,每支装 10ml（含黄芩苷 0.4g）,瓶,10,ml,ROOM_TEMPERATURE,是,是,否,,否,,,ORAL,TID,否,是,ACTIVE
MED-2026-T035-02,茵栀黄口服液（颗粒）（颗粒剂）,YZHKFYKL,CHINESE_PATENT,GRANULE,每袋装 3g,袋,3,g,ROOM_TEMPERATURE,是,是,否,,否,,,ORAL,TID,否,是,ACTIVE
MED-2026-T036,复方黄连素片片剂,FFHLSP,CHINESE_PATENT,TABLET,每片含盐酸小檗碱30mg,片,30,mg,ROOM_TEMPERATURE,是,是,否,,否,,,ORAL,TID,否,是,ACTIVE
MED-2026-T037-01,连花清瘟胶囊（颗粒）,LHQWJNKL,CHINESE_PATENT,CAPSULE,每粒装 0.35g,粒,0.35,g,ROOM_TEMPERATURE,是,是,否,,否,,,ORAL,TID,否,是,ACTIVE
MED-2026-T037-02,连花清瘟胶囊（颗粒）（颗粒剂）,LHQWJNKL,CHINESE_PATENT,GRANULE,每袋装 6g,袋,6,g,ROOM_TEMPERATURE,是,是,否,,否,,,ORAL,TID,否,是,ACTIVE
MED-2026-T038,香连丸丸剂,XLW,CHINESE_PATENT,OTHER,每 6 丸相当于原生药 3g，每 10 丸重 1.5g，每12 丸重约 1g，每 20 丸重1g，每 100 粒重 3g （相当于饮片 3g）,丸,3,g,ROOM_TEMPERATURE,是,是,否,,否,,,ORAL,TID,否,是,ACTIVE
MED-2026-T039-01,金芪降糖片（胶囊、颗粒）（片剂）,JQJTPJNKL,CHINESE_PATENT,TABLET,每片重 0.56g,片,0.56,g,ROOM_TEMPERATURE,是,是,否,,否,,,ORAL,TID,否,是,ACTIVE
MED-2026-T039-02,金芪降糖片（胶囊、颗粒）,JQJTPJNKL,CHINESE_PATENT,CAPSULE,每粒装 0.4g,粒,0.4,g,ROOM_TEMPERATURE,是,是,否,,否,,,ORAL,TID,否,是,ACTIVE
MED-2026-T039-03,金芪降糖片（胶囊、颗粒）（颗粒剂）,JQJTPJNKL,CHINESE_PATENT,GRANULE,每袋装 5g,袋,5,g,ROOM_TEMPERATURE,是,是,否,,否,,,ORAL,TID,否,是,ACTIVE
MED-2026-T040-01,附子理中丸（片）（丸剂）,FZLZWP,CHINESE_PATENT,OTHER,每丸重 9g，每 8 丸相当于原生药 3g，每袋装6g,丸,9,g,ROOM_TEMPERATURE,是,是,否,,否,,,ORAL,TID,否,是,ACTIVE
MED-2026-T040-02,附子理中丸（片）（片剂）,FZLZWP,CHINESE_PATENT,TABLET,每片重 0.25g（相当于饮片 0.43g）,片,0.25,g,ROOM_TEMPERATURE,是,是,否,,否,,,ORAL,TID,否,是,ACTIVE
MED-2026-T041-01,香砂养胃丸（颗粒、片）（丸剂）,XSYWWKLP,CHINESE_PATENT,OTHER,每 8 丸相当于原药材（原生药、饮片）3g，每袋装 9g,丸,3,g,ROOM_TEMPERATURE,是,是,否,,否,,,ORAL,TID,否,是,ACTIVE
MED-2026-T041-02,香砂养胃丸（颗粒、片）（颗粒剂）,XSYWWKLP,CHINESE_PATENT,GRANULE,每袋装 5g,袋,5,g,ROOM_TEMPERATURE,是,是,否,,否,,,ORAL,TID,否,是,ACTIVE
MED-2026-T041-03,香砂养胃丸（颗粒、片）（片剂）,XSYWWKLP,CHINESE_PATENT,TABLET,每片重 0.6g,片,0.6,g,ROOM_TEMPERATURE,是,是,否,,否,,,ORAL,TID,否,是,ACTIVE
MED-2026-T042-01,香砂平胃丸（颗粒）（丸剂）,XSPWWKL,CHINESE_PATENT,OTHER,每袋（瓶）装 6g,丸,6,g,ROOM_TEMPERATURE,是,是,否,,否,,,ORAL,TID,否,是,ACTIVE
MED-2026-T042-02,香砂平胃丸（颗粒）（颗粒剂）,XSPWWKL,CHINESE_PATENT,GRANULE,每袋装 5g 、10g,袋,5,g,ROOM_TEMPERATURE,是,是,否,,否,,,ORAL,TID,否,是,ACTIVE
MED-2026-T043,理中丸丸剂,LZW,CHINESE_PATENT,OTHER,每丸重 9g，每 8 丸相当于原药材 3g,丸,9,g,ROOM_TEMPERATURE,是,是,否,,否,,,ORAL,TID,否,是,ACTIVE
MED-2026-T044,参麦注射液,CMZSY,CHINESE_PATENT,INJECTION,每支装 10ml、 20ml，每瓶装 50ml、100ml,支,10,ml,ROOM_TEMPERATURE,是,是,否,,否,,,IM,TID,否,是,ACTIVE
MED-2026-T045-01,生脉饮（颗粒、胶囊、注射液）（合剂）,SMYKLJNZSY,CHINESE_PATENT,ORAL_LIQUID,每支装 10ml,瓶,10,ml,ROOM_TEMPERATURE,是,是,否,,否,,,ORAL,TID,否,是,ACTIVE
MED-2026-T045-02,生脉饮（颗粒、胶囊、注射液）（颗粒剂）,SMYKLJNZSY,CHINESE_PATENT,GRANULE,每袋装 2g 、10g,袋,2,g,ROOM_TEMPERATURE,是,是,否,,否,,,ORAL,TID,否,是,ACTIVE
MED-2026-T045-03,生脉饮（颗粒、胶囊、注射液）,SMYKLJNZSY,CHINESE_PATENT,CAPSULE,每粒装 0.3g 、0.35g,粒,0.3,g,ROOM_TEMPERATURE,是,是,否,,否,,,ORAL,TID,否,是,ACTIVE
MED-2026-T045-04,生脉饮（颗粒、胶囊、注射液）,SMYKLJNZSY,CHINESE_PATENT,INJECTION,每支装 10ml、 20ml,支,10,ml,ROOM_TEMPERATURE,是,是,否,,否,,,IM,TID,否,是,ACTIVE
MED-2026-T046,稳心颗粒颗粒剂,WXKL,CHINESE_PATENT,GRANULE,每袋装 5g（每 1g相当于饮片 1.8g）、9g（每1g 相当于饮片 1.0g）,袋,5,g,ROOM_TEMPERATURE,是,是,否,,否,,,ORAL,TID,否,是,ACTIVE
MED-2026-T047-01,通宣理肺丸（颗粒、胶囊、片）（丸剂）,TXLFWKLJNP,CHINESE_PATENT,OTHER,每丸重 6g，每 8 丸相当于原药材 3g，每 100丸重 10g,丸,6,g,ROOM_TEMPERATURE,是,是,否,,否,,,ORAL,TID,否,是,ACTIVE
MED-2026-T047-02,通宣理肺丸（颗粒、胶囊、片）（颗粒剂）,TXLFWKLJNP,CHINESE_PATENT,GRANULE,每袋装 3g（相当于饮片 9.3g）、9g,袋,3,g,ROOM_TEMPERATURE,是,是,否,,否,,,ORAL,TID,否,是,ACTIVE
MED-2026-T047-03,通宣理肺丸（颗粒、胶囊、片）,TXLFWKLJNP,CHINESE_PATENT,CAPSULE,每粒装 0.36g,粒,0.36,g,ROOM_TEMPERATURE,是,是,否,,否,,,ORAL,TID,否,是,ACTIVE
MED-2026-T047-04,通宣理肺丸（颗粒、胶囊、片）（片剂）,TXLFWKLJNP,CHINESE_PATENT,TABLET,每片重 0.3g,片,0.3,g,ROOM_TEMPERATURE,是,是,否,,否,,,ORAL,TID,否,是,ACTIVE
MED-2026-T048,寒喘祖帕颗粒颗粒剂,HCZPKL,CHINESE_PATENT,GRANULE,每袋装 6g（每 1g相当于饮片 1.53g）、10g（每1g 相当于饮片 0.918g）、 12g（每 1g 相当于饮片0.765g）,袋,6,g,ROOM_TEMPERATURE,是,是,否,,否,,,ORAL,TID,否,是,ACTIVE
MED-2026-T049,蛇胆川贝液合剂,SDCBY,CHINESE_PATENT,ORAL_LIQUID,糖浆剂、合剂：每支装 10ml，每 1ml 相当于饮片0.085g,瓶,10,ml,ROOM_TEMPERATURE,是,是,否,,否,,,ORAL,TID,否,是,ACTIVE
MED-2026-T050-01,橘红丸（颗粒、胶囊、片）（丸剂）,JHWKLJNP,CHINESE_PATENT,OTHER,每丸重 6g，每 100丸重 10g,丸,6,g,ROOM_TEMPERATURE,是,是,否,,否,,,ORAL,TID,否,是,ACTIVE
MED-2026-T050-02,橘红丸（颗粒、胶囊、片）（颗粒剂）,JHWKLJNP,CHINESE_PATENT,GRANULE,每袋装 11g（相当于原生药 7g）,袋,11,g,ROOM_TEMPERATURE,是,是,否,,否,,,ORAL,TID,否,是,ACTIVE
MED-2026-T050-03,橘红丸（颗粒、胶囊、片）,JHWKLJNP,CHINESE_PATENT,CAPSULE,每粒装 0.5g,粒,0.5,g,ROOM_TEMPERATURE,是,是,否,,否,,,ORAL,TID,否,是,ACTIVE
MED-2026-T050-04,橘红丸（颗粒、胶囊、片）（片剂）,JHWKLJNP,CHINESE_PATENT,TABLET,每片重 0.6g,片,0.6,g,ROOM_TEMPERATURE,是,是,否,,否,,,ORAL,TID,否,是,ACTIVE
MED-2026-T051-01,急支糖浆（颗粒）（糖浆剂）,JZTJKL,CHINESE_PATENT,ORAL_LIQUID,每 1ml 相当于饮片 0.66g,瓶,1,ml,COOL,是,是,否,,否,,,ORAL,TID,否,是,ACTIVE
MED-2026-T051-02,急支糖浆（颗粒）（颗粒剂）,JZTJKL,CHINESE_PATENT,GRANULE,每 1g 相当于饮片3.96g,袋,1,g,COOL,是,是,否,,否,,,ORAL,TID,否,是,ACTIVE
MED-2026-T052-01,肺力咳合剂（胶囊）,FLKHJJN,CHINESE_PATENT,ORAL_LIQUID,每 1ml 相当于饮片0.187g,瓶,1,ml,ROOM_TEMPERATURE,是,是,否,,否,,,ORAL,TID,否,是,ACTIVE
MED-2026-T052-02,肺力咳合剂（胶囊）,FLKHJJN,CHINESE_PATENT,CAPSULE,每粒装 0.3g,粒,0.3,g,ROOM_TEMPERATURE,是,是,否,,否,,,ORAL,TID,否,是,ACTIVE
MED-2026-T053-01,养阴清肺丸（膏、颗粒）（丸剂）,YYQFWGKL,CHINESE_PATENT,OTHER,每丸重 9g，每 100粒重 10g,丸,9,g,ROOM_TEMPERATURE,是,是,否,,否,,,ORAL,TID,否,是,ACTIVE
MED-2026-T053-02,养阴清肺丸（膏、颗粒）（煎膏剂）,YYQFWGKL,CHINESE_PATENT,ORAL_LIQUID,每瓶装50g、150g，每瓶装 80ml、100ml,瓶,50,g,ROOM_TEMPERATURE,是,是,否,,否,,,ORAL,TID,否,是,ACTIVE
MED-2026-T053-03,养阴清肺丸（膏、颗粒）（颗粒剂）,YYQFWGKL,CHINESE_PATENT,GRANULE,每袋装 15g,袋,15,g,ROOM_TEMPERATURE,是,是,否,,否,,,ORAL,TID,否,是,ACTIVE
MED-2026-T054-01,二母宁嗽丸（颗粒、片）（丸剂）,EMNSWKLP,CHINESE_PATENT,OTHER,每丸重 9g（相当于饮片 4g），每 100 丸重 10g颗粒剂：每袋装 3g 、10g,丸,9,g,ROOM_TEMPERATURE,是,是,否,,否,,,ORAL,TID,否,是,ACTIVE
MED-2026-T054-02,二母宁嗽丸（颗粒、片）（片剂）,EMNSWKLP,CHINESE_PATENT,TABLET,每片重 0.55g,片,0.55,g,ROOM_TEMPERATURE,是,是,否,,否,,,ORAL,TID,否,是,ACTIVE
MED-2026-T055,润肺膏煎膏剂,RFG,CHINESE_PATENT,ORAL_LIQUID,每 1g 相当于饮片 20mg，含莱阳梨清膏485mg,瓶,1,g,ROOM_TEMPERATURE,是,是,否,,否,,,ORAL,TID,否,是,ACTIVE
MED-2026-T056-01,"强力枇杷膏（蜜炼）、
强力枇杷露（煎膏剂（膏滋）：每瓶装180g 、240）",QLPPGMLQLPPL,CHINESE_PATENT,ORAL_LIQUID,煎膏剂（膏滋）：每瓶装180g 、240g 、300g,瓶,180,g,ROOM_TEMPERATURE,是,是,否,,否,,,ORAL,TID,否,是,ACTIVE
MED-2026-T056-02,"强力枇杷膏（蜜炼）、
强力枇杷露（糖浆剂）",QLPPGMLQLPPL,CHINESE_PATENT,ORAL_LIQUID,每瓶装 100ml、 150ml 、250ml 、330ml；每 1ml 相当于饮片 0. 155g，含薄荷脑 0.15mg,瓶,100,ml,ROOM_TEMPERATURE,是,是,否,,否,,,ORAL,TID,否,是,ACTIVE
MED-2026-T057,杏贝止咳颗粒颗粒剂,XBZKKL,CHINESE_PATENT,GRANULE,每 1g 相当于饮片4.416g,袋,1,g,ROOM_TEMPERATURE,是,是,否,,否,,,ORAL,TID,否,是,ACTIVE
MED-2026-T058,苏黄止咳胶囊,SHZKJN,CHINESE_PATENT,CAPSULE,每粒装 0.45g,粒,0.45,g,ROOM_TEMPERATURE,是,是,否,,否,,,ORAL,TID,否,是,ACTIVE
MED-2026-T059-01,蛤蚧定喘丸（胶囊）（丸剂）,GJDCWJN,CHINESE_PATENT,OTHER,每丸重 9g，每 60丸重 9g,丸,9,g,ROOM_TEMPERATURE,是,是,否,,否,,,ORAL,TID,否,是,ACTIVE
MED-2026-T059-02,蛤蚧定喘丸（胶囊）,GJDCWJN,CHINESE_PATENT,CAPSULE,每粒装 0.5g（相当于饮片 1.57g）,粒,0.5,g,ROOM_TEMPERATURE,是,是,否,,否,,,ORAL,TID,否,是,ACTIVE
MED-2026-T060-01,桂龙咳喘宁胶囊（片）,GLKCNJNP,CHINESE_PATENT,CAPSULE,每粒装 0.5g（相当于饮片 1.67g）,粒,0.5,g,ROOM_TEMPERATURE,是,是,否,,否,,,ORAL,TID,否,是,ACTIVE
MED-2026-T060-02,桂龙咳喘宁胶囊（片）（片剂）,GLKCNJNP,CHINESE_PATENT,TABLET,每片重 0.33g（相当于原药材 1g）、0.34g（相当于原药材 1g）、0.41g 、 0.54g,片,0.33,g,ROOM_TEMPERATURE,是,是,否,,否,,,ORAL,TID,否,是,ACTIVE
MED-2026-T061-01,固本咳喘片（颗粒、胶囊）（片剂）,GBKCPKLJN,CHINESE_PATENT,TABLET,每片重 0.4g,片,0.4,g,ROOM_TEMPERATURE,是,是,否,,否,,,ORAL,TID,否,是,ACTIVE
MED-2026-T061-02,固本咳喘片（颗粒、胶囊）（颗粒剂）,GBKCPKLJN,CHINESE_PATENT,GRANULE,每袋装 2g,袋,2,g,ROOM_TEMPERATURE,是,是,否,,否,,,ORAL,TID,否,是,ACTIVE
MED-2026-T061-03,固本咳喘片（颗粒、胶囊）,GBKCPKLJN,CHINESE_PATENT,CAPSULE,每粒装 0.4g（相当于饮片 0.854g）,粒,0.4,g,ROOM_TEMPERATURE,是,是,否,,否,,,ORAL,TID,否,是,ACTIVE
MED-2026-T062,安宫牛黄丸丸剂,AGNHW,CHINESE_PATENT,OTHER,每丸重 3g,丸,3,g,ROOM_TEMPERATURE,是,是,否,,否,,,ORAL,TID,否,是,ACTIVE
MED-2026-T063-01,"清开灵颗粒（胶囊、
软胶囊、片、注射液）（颗粒剂）",QKLKLJNRJNPZSY,CHINESE_PATENT,GRANULE,每袋装 3g（含黄芩苷 20mg）,袋,3,g,ROOM_TEMPERATURE,是,是,否,,否,,,ORAL,TID,否,是,ACTIVE
MED-2026-T063-02,"清开灵颗粒（胶囊、
软胶囊、片、注射液）",QKLKLJNRJNPZSY,CHINESE_PATENT,CAPSULE,每粒装 0.25g（含黄芩苷 10mg）,粒,0.25,g,ROOM_TEMPERATURE,是,是,否,,否,,,ORAL,TID,否,是,ACTIVE
MED-2026-T063-03,"清开灵颗粒（胶囊、
软胶囊、片、注射液）",QKLKLJNRJNPZSY,CHINESE_PATENT,CAPSULE,每粒装 0.2g（含黄芩苷 10mg）、0.4g（含黄芩苷 20mg）,粒,0.2,g,ROOM_TEMPERATURE,是,是,否,,否,,,ORAL,TID,否,是,ACTIVE
MED-2026-T063-04,"清开灵颗粒（胶囊、
软胶囊、片、注射液）（片剂）",QKLKLJNRJNPZSY,CHINESE_PATENT,TABLET,每片重 0.5g（含黄芩苷 20mg）,片,0.5,g,ROOM_TEMPERATURE,是,是,否,,否,,,ORAL,TID,否,是,ACTIVE
MED-2026-T063-05,"清开灵颗粒（胶囊、
软胶囊、片、注射液）",QKLKLJNRJNPZSY,CHINESE_PATENT,INJECTION,每支装2ml、10ml,支,2,ml,ROOM_TEMPERATURE,是,是,否,,否,,,IM,TID,否,是,ACTIVE
MED-2026-T064,安脑丸丸剂,ANW,CHINESE_PATENT,OTHER,每丸重 3g，每 11 丸重 3g,丸,3,g,ROOM_TEMPERATURE,是,是,否,,否,,,ORAL,TID,否,是,ACTIVE
MED-2026-T065,珍黄安宫片片剂,ZHAGP,CHINESE_PATENT,TABLET,每片重 0.24g、0.245g,片,0.24,g,ROOM_TEMPERATURE,是,是,否,,否,,,ORAL,TID,否,是,ACTIVE
MED-2026-T066,七十味珍珠丸丸剂,QSWZZW,CHINESE_PATENT,OTHER,每丸重 1g，每 30 丸重 1g,丸,1,g,ROOM_TEMPERATURE,是,是,否,,否,,,ORAL,TID,否,是,ACTIVE
MED-2026-T067,苏合香丸丸剂,SHXW,CHINESE_PATENT,OTHER,每丸重 2.4g、3g（相当于饮片 1.54g）,丸,2.4,g,ROOM_TEMPERATURE,是,是,否,,否,,,ORAL,TID,否,是,ACTIVE
MED-2026-T068,礞石滚痰丸丸剂,MSGTW,CHINESE_PATENT,OTHER,每袋（瓶）装 6g,丸,6,g,ROOM_TEMPERATURE,是,是,否,,否,,,ORAL,TID,否,是,ACTIVE
MED-2026-T069-01,补中益气丸（颗粒）（丸剂）,BZYQWKL,CHINESE_PATENT,OTHER,每丸重 9g，每 8 丸相当于原生药 3g，每袋装6g,丸,9,g,ROOM_TEMPERATURE,是,是,否,,否,,,ORAL,TID,否,是,ACTIVE
MED-2026-T069-02,补中益气丸（颗粒）（颗粒剂）,BZYQWKL,CHINESE_PATENT,GRANULE,每袋装 3g,袋,3,g,ROOM_TEMPERATURE,是,是,否,,否,,,ORAL,TID,否,是,ACTIVE
MED-2026-T070-01,参苓白术散（丸、颗粒）（散剂）,CLBZSWKL,CHINESE_PATENT,POWDER,每袋装 3g 、6g，每1g 相当于饮片 1g,袋,3,g,ROOM_TEMPERATURE,是,是,否,,否,,,ORAL,TID,否,是,ACTIVE
MED-2026-T070-02,参苓白术散（丸、颗粒）（丸剂）,CLBZSWKL,CHINESE_PATENT,OTHER,每 100 粒重 6g,丸,6,g,ROOM_TEMPERATURE,是,是,否,,否,,,ORAL,TID,否,是,ACTIVE
MED-2026-T070-03,参苓白术散（丸、颗粒）（颗粒剂）,CLBZSWKL,CHINESE_PATENT,GRANULE,每袋装 3g 、6g,袋,3,g,ROOM_TEMPERATURE,是,是,否,,否,,,ORAL,TID,否,是,ACTIVE
MED-2026-T071-01,肾衰宁胶囊（片、颗粒）,SSNJNPKL,CHINESE_PATENT,CAPSULE,每粒装 0.35g,粒,0.35,g,ROOM_TEMPERATURE,是,是,否,,否,,,ORAL,TID,否,是,ACTIVE
MED-2026-T071-02,肾衰宁胶囊（片、颗粒）（片剂）,SSNJNPKL,CHINESE_PATENT,TABLET,每片重 0.36g、0.43g （相当于饮片 2.4g）,片,0.36,g,ROOM_TEMPERATURE,是,是,否,,否,,,ORAL,TID,否,是,ACTIVE
MED-2026-T071-03,肾衰宁胶囊（片、颗粒）（颗粒剂）,SSNJNPKL,CHINESE_PATENT,GRANULE,每袋装 5g,袋,5,g,ROOM_TEMPERATURE,是,是,否,,否,,,ORAL,TID,否,是,ACTIVE
MED-2026-T072,香砂六君丸丸剂,XSLJW,CHINESE_PATENT,OTHER,每 8 丸相当于原生药 3g，每 100 粒重 6g，每袋装 6g,丸,3,g,ROOM_TEMPERATURE,是,是,否,,否,,,ORAL,TID,否,是,ACTIVE
MED-2026-T073,安胃疡胶囊,AWYJN,CHINESE_PATENT,CAPSULE,每粒含黄酮类化合物 0.2g,粒,0.2,g,ROOM_TEMPERATURE,是,是,否,,否,,,ORAL,TID,否,是,ACTIVE
MED-2026-T074,益气和胃胶囊,YQHWJN,CHINESE_PATENT,CAPSULE,每粒装 0.5g,粒,0.5,g,ROOM_TEMPERATURE,是,是,否,,否,,,ORAL,TID,否,是,ACTIVE
MED-2026-T075,摩罗丹丸剂,MLD,CHINESE_PATENT,OTHER,每丸重 9g，每 16 丸重 1.84g（相当于生药材 4.5g），每 55 粒重约 9g,丸,9,g,ROOM_TEMPERATURE,是,是,否,,否,,,ORAL,TID,否,是,ACTIVE
MED-2026-T076-01,胃复春片（胶囊）（片剂）,WFCPJN,CHINESE_PATENT,TABLET,每片重 0.36g,片,0.36,g,ROOM_TEMPERATURE,是,是,否,,否,,,ORAL,TID,否,是,ACTIVE
MED-2026-T076-02,胃复春片（胶囊）,WFCPJN,CHINESE_PATENT,CAPSULE,每粒装 0.35g,粒,0.35,g,ROOM_TEMPERATURE,是,是,否,,否,,,ORAL,TID,否,是,ACTIVE
MED-2026-T077-01,归脾丸（合剂）（丸剂）,GPWHJ,CHINESE_PATENT,OTHER,每丸重 9g，每 8 丸相当于原生药 3g，每袋装6g 、9g,丸,9,g,ROOM_TEMPERATURE,是,是,否,,否,,,ORAL,TID,否,是,ACTIVE
MED-2026-T077-02,归脾丸（合剂）,GPWHJ,CHINESE_PATENT,ORAL_LIQUID,每支装 10ml，每瓶装 100ml,瓶,10,ml,ROOM_TEMPERATURE,是,是,否,,否,,,ORAL,TID,否,是,ACTIVE
MED-2026-T078-01,健脾生血颗粒（片）（颗粒剂）,JPSXKLP,CHINESE_PATENT,GRANULE,每 1g 相当于饮片 0.36g，含硫酸亚铁（FeSO4 ·7H2O）20mg（相当于铁 4mg）,袋,1,g,ROOM_TEMPERATURE,是,是,否,,否,,,ORAL,TID,否,是,ACTIVE
MED-2026-T078-02,健脾生血颗粒（片）（片剂）,JPSXKLP,CHINESE_PATENT,TABLET,每片重 0.6g［含硫酸亚铁（FeSO4 ·7H2O） 100mg（相当于铁 20mg）］,片,0.6,g,ROOM_TEMPERATURE,是,是,否,,否,,,ORAL,TID,否,是,ACTIVE
MED-2026-T079-01,六味地黄丸（胶囊）（丸剂）,LWDHWJN,CHINESE_PATENT,OTHER,每丸重 9g，每 8 丸重 1.44g（每 8 丸相当于饮片、原药材 3g），每袋装 6g 、9g，每瓶装 60g 、 120g,丸,9,g,ROOM_TEMPERATURE,是,是,否,,否,,,ORAL,TID,否,是,ACTIVE
MED-2026-T079-02,六味地黄丸（胶囊）,LWDHWJN,CHINESE_PATENT,CAPSULE,每粒装 0.3g 、0.5g,粒,0.3,g,ROOM_TEMPERATURE,是,是,否,,否,,,ORAL,TID,否,是,ACTIVE
MED-2026-T080,知柏地黄丸丸剂,ZBDHW,CHINESE_PATENT,OTHER,每丸重 0.2g 、9g ，每 10 丸重 1.7g 、2g，每 100 粒重 20g，每袋装 6g，每瓶装 60g，每 8 丸相当于原生药 3g,丸,0.2,g,ROOM_TEMPERATURE,是,是,否,,否,,,ORAL,TID,否,是,ACTIVE
MED-2026-T081-01,杞菊地黄丸（胶囊、片）（丸剂）,QJDHWJNP,CHINESE_PATENT,OTHER,每丸重 9g，每 8 丸相当于原药材（原生药） 3g，每 100 丸重 10g，每袋装 6g，每瓶装 60g,丸,9,g,ROOM_TEMPERATURE,是,是,否,,否,,,ORAL,TID,否,是,ACTIVE
MED-2026-T081-02,杞菊地黄丸（胶囊、片）,QJDHWJNP,CHINESE_PATENT,CAPSULE,每粒装 0.3g,粒,0.3,g,ROOM_TEMPERATURE,是,是,否,,否,,,ORAL,TID,否,是,ACTIVE
MED-2026-T081-03,杞菊地黄丸（胶囊、片）（片剂）,QJDHWJNP,CHINESE_PATENT,TABLET,每片重 0.3g,片,0.3,g,ROOM_TEMPERATURE,是,是,否,,否,,,ORAL,TID,否,是,ACTIVE
MED-2026-T082-01,生血宝合剂（颗粒）,SXBHJKL,CHINESE_PATENT,ORAL_LIQUID,每 1ml 相当于饮片2.67g,瓶,1,ml,ROOM_TEMPERATURE,是,是,否,,否,,,ORAL,TID,否,是,ACTIVE
MED-2026-T082-02,生血宝合剂（颗粒）（颗粒剂）,SXBHJKL,CHINESE_PATENT,GRANULE,每袋装 4g 、8g,袋,4,g,ROOM_TEMPERATURE,是,是,否,,否,,,ORAL,TID,否,是,ACTIVE
MED-2026-T083,复方苁蓉益智胶囊,FFCRYZJN,CHINESE_PATENT,CAPSULE,每粒装 0.3g,粒,0.3,g,ROOM_TEMPERATURE,是,是,否,,否,,,ORAL,TID,否,是,ACTIVE
MED-2026-T084-01,百令胶囊（片）,BLJNP,CHINESE_PATENT,CAPSULE,每粒装0.2g（相当于发酵冬虫夏草菌粉 0.2g）、 0.5g（相当于发酵冬虫夏草菌粉 0.5g）,粒,0.2,g,ROOM_TEMPERATURE,是,是,否,,否,,,ORAL,TID,否,是,ACTIVE
MED-2026-T084-02,百令胶囊（片）（片剂）,BLJNP,CHINESE_PATENT,TABLET,每片重 0.44g（含发酵冬虫夏草菌粉 0.333g）、 0.45g（相当于发酵冬虫夏草菌粉 0.2g）,片,0.44,g,ROOM_TEMPERATURE,是,是,否,,否,,,ORAL,TID,否,是,ACTIVE
MED-2026-T085-01,金水宝胶囊（片）,JSBJNP,CHINESE_PATENT,CAPSULE,每粒装 0.33g,粒,0.33,g,ROOM_TEMPERATURE,是,是,否,,否,,,ORAL,TID,否,是,ACTIVE
MED-2026-T085-02,金水宝胶囊（片）（片剂）,JSBJNP,CHINESE_PATENT,TABLET,每片重 0.42g（含发酵虫草菌粉 0.25g）,片,0.42,g,ROOM_TEMPERATURE,是,是,否,,否,,,ORAL,TID,否,是,ACTIVE
MED-2026-T086-01,金匮肾气丸（片）（丸剂）,JKSQWP,CHINESE_PATENT,OTHER,每丸重 6g（相当于饮片 2.7g），每 10 丸重 2g，每 25 粒重 5g（每 1g 相当于饮片 0.7g），每 100 丸 重 20g（每 1g 相当于饮片 0.7g）,丸,6,g,ROOM_TEMPERATURE,是,是,否,,否,,,ORAL,TID,否,是,ACTIVE
MED-2026-T086-02,金匮肾气丸（片）（片剂）,JKSQWP,CHINESE_PATENT,TABLET,每片重 0.27g,片,0.27,g,ROOM_TEMPERATURE,是,是,否,,否,,,ORAL,TID,否,是,ACTIVE
MED-2026-T087-01,四神丸（片）（丸剂）,SSWP,CHINESE_PATENT,OTHER,每袋装 9g,丸,9,g,ROOM_TEMPERATURE,是,是,否,,否,,,ORAL,TID,否,是,ACTIVE
MED-2026-T087-02,四神丸（片）（片剂）,SSWP,CHINESE_PATENT,TABLET,每片重 0.3g 、0.6g,片,0.3,g,ROOM_TEMPERATURE,是,是,否,,否,,,ORAL,TID,否,是,ACTIVE
MED-2026-T088,济生肾气丸丸剂,JSSQW,CHINESE_PATENT,OTHER,每丸重 9g，每 10丸重 2g，每袋装 6g,丸,9,g,ROOM_TEMPERATURE,是,是,否,,否,,,ORAL,TID,否,是,ACTIVE
MED-2026-T089-01,八珍丸（颗粒、胶囊）（丸剂）,BZWKLJN,CHINESE_PATENT,OTHER,每丸重 9g，每 8 丸相当于原生药 3g,丸,9,g,ROOM_TEMPERATURE,是,是,否,,否,,,ORAL,TID,否,是,ACTIVE
MED-2026-T089-02,八珍丸（颗粒、胶囊）（颗粒剂）,BZWKLJN,CHINESE_PATENT,GRANULE,每袋装 3.5g 、8g,袋,3.5,g,ROOM_TEMPERATURE,是,是,否,,否,,,ORAL,TID,否,是,ACTIVE
MED-2026-T089-03,八珍丸（颗粒、胶囊）,BZWKLJN,CHINESE_PATENT,CAPSULE,每粒装 0.4g,粒,0.4,g,ROOM_TEMPERATURE,是,是,否,,否,,,ORAL,TID,否,是,ACTIVE
MED-2026-T090,消渴丸丸剂,XKW,CHINESE_PATENT,OTHER,每 10 丸重 2.5g（含格列本脲 2.5mg）,丸,2.5,g,ROOM_TEMPERATURE,是,是,否,,否,,,ORAL,TID,否,是,ACTIVE
MED-2026-T091-01,贞芪扶正颗粒（胶囊）（颗粒剂）,ZQFZKLJN,CHINESE_PATENT,GRANULE,每袋装 5g 、15g,袋,5,g,ROOM_TEMPERATURE,是,是,否,,否,,,ORAL,TID,否,是,ACTIVE
MED-2026-T091-02,贞芪扶正颗粒（胶囊）,ZQFZKLJN,CHINESE_PATENT,CAPSULE,每粒装 0.35g（相当于原药材 3.125g），每 6 粒相当于原生药 12.5g,粒,0.35,g,ROOM_TEMPERATURE,是,是,否,,否,,,ORAL,TID,否,是,ACTIVE
MED-2026-T092-01,参芪降糖颗粒（胶囊、片）（颗粒剂）,CQJTKLJNP,CHINESE_PATENT,GRANULE,每 1g 相当于饮片2.39g，含人参茎叶总皂苷17.14mg,袋,1,g,ROOM_TEMPERATURE,是,是,否,,否,,,ORAL,TID,否,是,ACTIVE
MED-2026-T092-02,参芪降糖颗粒（胶囊、片）,CQJTKLJNP,CHINESE_PATENT,CAPSULE,每粒装 0.35g,粒,0.35,g,ROOM_TEMPERATURE,是,是,否,,否,,,ORAL,TID,否,是,ACTIVE
MED-2026-T092-03,参芪降糖颗粒（胶囊、片）（片剂）,CQJTKLJNP,CHINESE_PATENT,TABLET,每片重 0.35g,片,0.35,g,ROOM_TEMPERATURE,是,是,否,,否,,,ORAL,TID,否,是,ACTIVE
MED-2026-T093,天芪降糖胶囊,TQJTJN,CHINESE_PATENT,CAPSULE,每粒装 0.32g,粒,0.32,g,ROOM_TEMPERATURE,是,是,否,,否,,,ORAL,TID,否,是,ACTIVE
MED-2026-T094,津力达颗粒颗粒剂,JLDKL,CHINESE_PATENT,GRANULE,每袋装 9g,袋,9,g,ROOM_TEMPERATURE,是,是,否,,否,,,ORAL,TID,否,是,ACTIVE
MED-2026-T095-01,益气维血胶囊（片、颗粒）,YQWXJNPKL,CHINESE_PATENT,CAPSULE,每粒装 0.45g,粒,0.45,g,ROOM_TEMPERATURE,是,是,否,,否,,,ORAL,TID,否,是,ACTIVE
MED-2026-T095-02,益气维血胶囊（片、颗粒）（片剂）,YQWXJNPKL,CHINESE_PATENT,TABLET,每片重 0.57g,片,0.57,g,ROOM_TEMPERATURE,是,是,否,,否,,,ORAL,TID,否,是,ACTIVE
MED-2026-T095-03,益气维血胶囊（片、颗粒）（颗粒剂）,YQWXJNPKL,CHINESE_PATENT,GRANULE,每袋装 10g,袋,10,g,ROOM_TEMPERATURE,是,是,否,,否,,,ORAL,TID,否,是,ACTIVE
MED-2026-T096-01,玉泉胶囊（颗粒）,YQJNKL,CHINESE_PATENT,CAPSULE,每粒装 0.5g 、0.6g,粒,0.5,g,ROOM_TEMPERATURE,是,是,否,,否,,,ORAL,TID,否,是,ACTIVE
MED-2026-T096-02,玉泉胶囊（颗粒）（颗粒剂）,YQJNKL,CHINESE_PATENT,GRANULE,每袋装 5g,袋,5,g,ROOM_TEMPERATURE,是,是,否,,否,,,ORAL,TID,否,是,ACTIVE
MED-2026-T097,芪苈强心胶囊,QLQXJN,CHINESE_PATENT,CAPSULE,每粒装 0.3g（相当于饮片 1.90g）,粒,0.3,g,ROOM_TEMPERATURE,是,是,否,,否,,,ORAL,TID,否,是,ACTIVE
MED-2026-T098-01,养心定悸胶囊（颗粒）,YXDJJNKL,CHINESE_PATENT,CAPSULE,每粒装 0.5g,粒,0.5,g,ROOM_TEMPERATURE,是,是,否,,否,,,ORAL,TID,否,是,ACTIVE
MED-2026-T098-02,养心定悸胶囊（颗粒）（颗粒剂）,YXDJJNKL,CHINESE_PATENT,GRANULE,每袋装 12g,袋,12,g,ROOM_TEMPERATURE,是,是,否,,否,,,ORAL,TID,否,是,ACTIVE
MED-2026-T099-01,天王补心丸（片）（丸剂）,TWBXWP,CHINESE_PATENT,OTHER,每丸重 9g，每 8 丸 相当于原生药（饮片）3g，每袋装 6g,丸,9,g,ROOM_TEMPERATURE,是,是,否,,否,,,ORAL,TID,否,是,ACTIVE
MED-2026-T099-02,天王补心丸（片）（片剂）,TWBXWP,CHINESE_PATENT,TABLET,每片重 0.5g,片,0.5,g,ROOM_TEMPERATURE,是,是,否,,否,,,ORAL,TID,否,是,ACTIVE
MED-2026-T100-01,柏子养心丸（片）（丸剂）,BZYXWP,CHINESE_PATENT,OTHER,每丸重 9g，每 5 丸重 1g，每袋装 6g 、9g，每瓶装 60g,丸,9,g,ROOM_TEMPERATURE,是,是,否,,否,,,ORAL,TID,否,是,ACTIVE
MED-2026-T100-02,柏子养心丸（片）（片剂）,BZYXWP,CHINESE_PATENT,TABLET,每片重 0.3g,片,0.3,g,ROOM_TEMPERATURE,是,是,否,,否,,,ORAL,TID,否,是,ACTIVE
MED-2026-T101-01,枣仁安神颗粒（胶囊、液）（颗粒剂）,ZRASKLJNY,CHINESE_PATENT,GRANULE,每袋装 5g（相当于饮片 9.98g）,袋,5,g,ROOM_TEMPERATURE,是,是,否,,否,,,ORAL,TID,否,是,ACTIVE
MED-2026-T101-02,枣仁安神颗粒（胶囊、液）,ZRASKLJNY,CHINESE_PATENT,CAPSULE,每粒装 0.45g,粒,0.45,g,ROOM_TEMPERATURE,是,是,否,,否,,,ORAL,TID,否,是,ACTIVE
MED-2026-T101-03,枣仁安神颗粒（胶囊、液）（合剂）,ZRASKLJNY,CHINESE_PATENT,ORAL_LIQUID,每支装 10ml,瓶,10,ml,ROOM_TEMPERATURE,是,是,否,,否,,,ORAL,TID,否,是,ACTIVE
MED-2026-T102,乌灵胶囊,WLJN,CHINESE_PATENT,CAPSULE,每粒装 0.33g,粒,0.33,g,ROOM_TEMPERATURE,是,是,否,,否,,,ORAL,TID,否,是,ACTIVE
MED-2026-T103-01,甜梦胶囊（口服液）,TMJNKFY,CHINESE_PATENT,CAPSULE,每粒装 0.4g（相当于饮片 2.18g）,粒,0.4,g,ROOM_TEMPERATURE,是,是,否,,否,,,ORAL,TID,否,是,ACTIVE
MED-2026-T103-02,甜梦胶囊（口服液）（合剂）,TMJNKFY,CHINESE_PATENT,ORAL_LIQUID,每 1ml 相当于饮片0.65g,瓶,1,ml,ROOM_TEMPERATURE,是,是,否,,否,,,ORAL,TID,否,是,ACTIVE
MED-2026-T104,安神补心六味丸丸剂,ASBXLWW,CHINESE_PATENT,OTHER,每 10 粒重 2g,丸,2,g,ROOM_TEMPERATURE,是,是,否,,否,,,ORAL,TID,否,是,ACTIVE
MED-2026-T105,槐角丸丸剂,HJW,CHINESE_PATENT,OTHER,每丸重 9g，每袋装6g，每瓶装 36g,丸,9,g,ROOM_TEMPERATURE,是,是,否,,否,,,ORAL,TID,否,是,ACTIVE
MED-2026-T106,升血小板胶囊,SXXBJN,CHINESE_PATENT,CAPSULE,每粒装 0.45g,粒,0.45,g,ROOM_TEMPERATURE,是,是,否,,否,,,ORAL,TID,否,是,ACTIVE
MED-2026-T107-01,地榆升白片（胶囊）（片剂）,DYSBPJN,CHINESE_PATENT,TABLET,每片重 0. 1g（相当于饮片 5mg）,片,1,g,ROOM_TEMPERATURE,是,是,否,,否,,,ORAL,TID,否,是,ACTIVE
MED-2026-T107-02,地榆升白片（胶囊）,DYSBPJN,CHINESE_PATENT,CAPSULE,每粒装 0. 1g（相当于饮片 5mg），0.2g（相当于饮片 10mg）,粒,1,g,ROOM_TEMPERATURE,是,是,否,,否,,,ORAL,TID,否,是,ACTIVE
MED-2026-T108-01,血栓通胶囊（注射液）、注射用血栓通（冻干）,XSTJNZSYZSYXSTDG,CHINESE_PATENT,CAPSULE,每粒装 0. 18g（含三七总皂苷 100mg）,粒,18,g,ROOM_TEMPERATURE,是,是,否,,否,,,ORAL,TID,否,是,ACTIVE
MED-2026-T108-02,血栓通胶囊（注射液）、注射用血栓通（冻干）,XSTJNZSYZSYXSTDG,CHINESE_PATENT,INJECTION,每支装2ml∶70mg （三七总皂苷），每支装,支,2,ml,ROOM_TEMPERATURE,是,是,否,,否,,,IM,TID,否,是,ACTIVE
MED-2026-T108-03,血栓通胶囊（注射液）、注射用血栓通（冻干）（注射用无菌粉末）,XSTJNZSYZSYXSTDG,CHINESE_PATENT,INJECTION,5ml ∶175mg（三七总皂苷）注射用无菌粉末：每瓶（支）装 100mg 、150mg、 250mg,支,5,ml,ROOM_TEMPERATURE,是,是,否,,否,,,IVGTT,TID,否,是,ACTIVE
MED-2026-T109-01,血塞通胶囊（软胶囊、滴丸、注射液）、注射用血塞通（冻干）,XSTJNRJNDWZSYZSYXSTDG,CHINESE_PATENT,CAPSULE,50mg 、100mg,粒,50,mg,ROOM_TEMPERATURE,是,是,否,,否,,,ORAL,TID,否,是,ACTIVE
MED-2026-T109-02,血塞通胶囊（软胶囊、滴丸、注射液）、注射用血塞通（冻干）,XSTJNRJNDWZSYZSYXSTDG,CHINESE_PATENT,CAPSULE,每粒装 0.33g（含三七总皂苷60mg）、0.33g（含三七总皂苷120mg）、0.55g （含三七总皂苷100mg）,粒,0.33,g,ROOM_TEMPERATURE,是,是,否,,否,,,ORAL,TID,否,是,ACTIVE
MED-2026-T109-03,血塞通胶囊（软胶囊、滴丸、注射液）、注射用血塞通（冻干）（滴丸剂）,XSTJNRJNDWZSYZSYXSTDG,CHINESE_PATENT,DROPS,每丸含三七总皂苷 5mg，每丸重 28mg（含三七总皂苷 10mg）、45mg （含三七总皂苷 10mg）,瓶,5,mg,ROOM_TEMPERATURE,是,是,否,,否,,,ORAL,TID,否,是,ACTIVE
MED-2026-T109-04,血塞通胶囊（软胶囊、滴丸、注射液）、注射用血塞通（冻干）,XSTJNRJNDWZSYZSYXSTDG,CHINESE_PATENT,INJECTION,每支装 2ml∶100mg，每支装 5ml∶250mg，每支 装 10ml ∶250mg,支,2,ml,ROOM_TEMPERATURE,是,是,否,,否,,,IM,TID,否,是,ACTIVE
MED-2026-T109-05,血塞通胶囊（软胶囊、滴丸、注射液）、注射用血塞通（冻干）（注射用无菌粉末）,XSTJNRJNDWZSYZSYXSTDG,CHINESE_PATENT,INJECTION,每支装100mg 、200mg 、400mg,支,100,mg,ROOM_TEMPERATURE,是,是,否,,否,,,IVGTT,TID,否,是,ACTIVE
MED-2026-T110,丹参注射液,DSZSY,CHINESE_PATENT,INJECTION,每支装2ml、10ml,支,2,ml,ROOM_TEMPERATURE,是,是,否,,否,,,IM,TID,否,是,ACTIVE
MED-2026-T111-01,银杏叶胶囊（片、滴丸）,YXYJNPDW,CHINESE_PATENT,CAPSULE,每粒含总黄酮醇苷 9.6mg、萜类内酯 2.4mg ，每粒含总黄酮醇苷19.2mg、萜类内酯 4.8mg,粒,9.6,mg,ROOM_TEMPERATURE,是,是,否,,否,,,ORAL,TID,否,是,ACTIVE
MED-2026-T111-02,银杏叶胶囊（片、滴丸）（片剂）,YXYJNPDW,CHINESE_PATENT,TABLET,每片含总黄酮醇苷 9.6mg、萜类内酯 2.4mg ，每片含总黄酮醇苷19.2mg、萜类内酯 4.8mg,片,9.6,mg,ROOM_TEMPERATURE,是,是,否,,否,,,ORAL,TID,否,是,ACTIVE
MED-2026-T111-03,银杏叶胶囊（片、滴丸）（滴丸剂）,YXYJNPDW,CHINESE_PATENT,DROPS,每丸重 60mg（相当于银杏叶提取物 16mg），每丸重 63mg（相当于银 杏叶提取物 16mg）（薄膜衣丸）,瓶,60,mg,ROOM_TEMPERATURE,是,是,否,,否,,,ORAL,TID,否,是,ACTIVE
MED-2026-T112,银丹心脑通软胶囊,YDXNTRJN,CHINESE_PATENT,CAPSULE,每粒装 0.4g,粒,0.4,g,ROOM_TEMPERATURE,是,是,否,,否,,,ORAL,TID,否,是,ACTIVE
MED-2026-T113-01,瘀血痹胶囊（颗粒、片剂）,YXBJNKLPJ,CHINESE_PATENT,CAPSULE,每粒装 0.4g,粒,0.4,g,ROOM_TEMPERATURE,是,是,否,,否,,,ORAL,TID,否,是,ACTIVE
MED-2026-T113-02,瘀血痹胶囊（颗粒、片剂）（颗粒剂）,YXBJNKLPJ,CHINESE_PATENT,GRANULE,每袋装 10g,袋,10,g,ROOM_TEMPERATURE,是,是,否,,否,,,ORAL,TID,否,是,ACTIVE
MED-2026-T113-03,瘀血痹胶囊（颗粒、片剂）,YXBJNKLPJ,CHINESE_PATENT,TABLET,每片重 0.5g,片,0.5,g,ROOM_TEMPERATURE,是,是,否,,否,,,ORAL,TID,否,是,ACTIVE
MED-2026-T114,麝香保心丸丸剂,SXBXW,CHINESE_PATENT,OTHER,每丸重 22.5mg,丸,22.5,mg,ROOM_TEMPERATURE,是,是,否,,否,,,ORAL,TID,否,是,ACTIVE
MED-2026-T115-01,脑心通丸（胶囊）（丸剂）,NXTWJN,CHINESE_PATENT,OTHER,每袋装 0.8g,丸,0.8,g,ROOM_TEMPERATURE,是,是,否,,否,,,ORAL,TID,否,是,ACTIVE
MED-2026-T115-02,脑心通丸（胶囊）,NXTWJN,CHINESE_PATENT,CAPSULE,每粒装 0.4g,粒,0.4,g,ROOM_TEMPERATURE,是,是,否,,否,,,ORAL,TID,否,是,ACTIVE
MED-2026-T116-01,诺迪康胶囊（颗粒）,NDKJNKL,CHINESE_PATENT,CAPSULE,每粒装 0.28g,粒,0.28,g,ROOM_TEMPERATURE,是,是,否,,否,,,ORAL,TID,否,是,ACTIVE
MED-2026-T116-02,诺迪康胶囊（颗粒）（颗粒剂）,NDKJNKL,CHINESE_PATENT,GRANULE,每袋装 5g,袋,5,g,ROOM_TEMPERATURE,是,是,否,,否,,,ORAL,TID,否,是,ACTIVE
MED-2026-T117,血栓心脉宁胶囊,XSXMNJN,CHINESE_PATENT,CAPSULE,每粒装 0.5g,粒,0.5,g,ROOM_TEMPERATURE,是,是,否,,否,,,ORAL,TID,否,是,ACTIVE
MED-2026-T118,参松养心胶囊,CSYXJN,CHINESE_PATENT,CAPSULE,每粒装 0.4g,粒,0.4,g,ROOM_TEMPERATURE,是,是,否,,否,,,ORAL,TID,否,是,ACTIVE
MED-2026-T119-01,益心舒颗粒（胶囊、片）（颗粒剂）,YXSKLJNP,CHINESE_PATENT,GRANULE,每袋装 4g，每袋相当于饮片 4g,袋,4,g,ROOM_TEMPERATURE,是,是,否,,否,,,ORAL,TID,否,是,ACTIVE
MED-2026-T119-02,益心舒颗粒（胶囊、片）,YXSKLJNP,CHINESE_PATENT,CAPSULE,每粒装 0.4g,粒,0.4,g,ROOM_TEMPERATURE,是,是,否,,否,,,ORAL,TID,否,是,ACTIVE
MED-2026-T119-03,益心舒颗粒（胶囊、片）（片剂）,YXSKLJNP,CHINESE_PATENT,TABLET,每片重 0.4g（相当于饮片 1g）、0.6g,片,0.4,g,ROOM_TEMPERATURE,是,是,否,,否,,,ORAL,TID,否,是,ACTIVE
MED-2026-T120,补肺活血胶囊,BFHXJN,CHINESE_PATENT,CAPSULE,每粒装 0.35g,粒,0.35,g,ROOM_TEMPERATURE,是,是,否,,否,,,ORAL,TID,否,是,ACTIVE
MED-2026-T121,灯盏生脉胶囊,DZSMJN,CHINESE_PATENT,CAPSULE,每粒装 0.18g,粒,0.18,g,ROOM_TEMPERATURE,是,是,否,,否,,,ORAL,TID,否,是,ACTIVE
MED-2026-T122,活心丸丸剂,HXW,CHINESE_PATENT,OTHER,每素丸重 20mg,丸,20,mg,ROOM_TEMPERATURE,是,是,否,,否,,,ORAL,TID,否,是,ACTIVE
MED-2026-T123,芪参益气滴丸滴丸剂,QCYQDW,CHINESE_PATENT,DROPS,每袋装 0.5g（每 40 丸重 1g），每袋装 0.52g （每 38 丸重 1g）,瓶,0.5,g,ROOM_TEMPERATURE,是,是,否,,否,,,ORAL,TID,否,是,ACTIVE
MED-2026-T124,养心氏片片剂,YXSP,CHINESE_PATENT,TABLET,每片重 0.3g 、0.6g,片,0.3,g,ROOM_TEMPERATURE,是,是,否,,否,,,ORAL,TID,否,是,ACTIVE
MED-2026-T125,救心丸丸剂,JXW,CHINESE_PATENT,OTHER,每 10 粒重 0.25g,丸,0.25,g,ROOM_TEMPERATURE,是,是,否,,否,,,ORAL,TID,否,是,ACTIVE
MED-2026-T126-01,扶正化瘀片（胶囊）（片剂）,FZHYPJN,CHINESE_PATENT,TABLET,每片重 0.4g 、0.8g,片,0.4,g,ROOM_TEMPERATURE,是,是,否,,否,,,ORAL,TID,否,是,ACTIVE
MED-2026-T126-02,扶正化瘀片（胶囊）,FZHYPJN,CHINESE_PATENT,CAPSULE,每粒装 0.3g 、0.5g,粒,0.3,g,ROOM_TEMPERATURE,是,是,否,,否,,,ORAL,TID,否,是,ACTIVE
MED-2026-T127,鳖甲煎丸丸剂,BJJW,CHINESE_PATENT,OTHER,丸剂,丸,,,ROOM_TEMPERATURE,是,是,否,,否,,,ORAL,TID,否,是,ACTIVE
MED-2026-T128-01,冠心苏合丸（胶囊、软胶囊）（丸剂）,GXSHWJNRJN,CHINESE_PATENT,OTHER,每丸重 1g,丸,1,g,ROOM_TEMPERATURE,是,是,否,,否,,,ORAL,TID,否,是,ACTIVE
MED-2026-T128-02,冠心苏合丸（胶囊、软胶囊）,GXSHWJNRJN,CHINESE_PATENT,CAPSULE,每粒装 0.35g,粒,0.35,g,ROOM_TEMPERATURE,是,是,否,,否,,,ORAL,TID,否,是,ACTIVE
MED-2026-T128-03,冠心苏合丸（胶囊、软胶囊）,GXSHWJNRJN,CHINESE_PATENT,CAPSULE,每粒装 0.31g、 0.5g,粒,0.31,g,ROOM_TEMPERATURE,是,是,否,,否,,,ORAL,TID,否,是,ACTIVE
MED-2026-T129-01,地奥心血康胶囊（软胶囊）,DAXXKJNRJN,CHINESE_PATENT,CAPSULE,每粒含地奥心血康100mg,粒,100,mg,ROOM_TEMPERATURE,是,是,否,,否,,,ORAL,TID,否,是,ACTIVE
MED-2026-T129-02,地奥心血康胶囊（软胶囊）,DAXXKJNRJN,CHINESE_PATENT,CAPSULE,每粒装 0.35g（含甾体总皂苷 100mg）,粒,0.35,g,ROOM_TEMPERATURE,是,是,否,,否,,,ORAL,TID,否,是,ACTIVE
MED-2026-T130,通心络胶囊,TXLJN,CHINESE_PATENT,CAPSULE,每粒装 0.26g,粒,0.26,g,ROOM_TEMPERATURE,是,是,否,,否,,,ORAL,TID,否,是,ACTIVE
MED-2026-T131,灯盏花素片片剂,DZHSP,CHINESE_PATENT,TABLET,每片含灯盏花素20mg 、40mg,片,20,mg,ROOM_TEMPERATURE,是,是,否,,否,,,ORAL,TID,否,是,ACTIVE
MED-2026-T132-01,脑安颗粒（胶囊、片、滴丸）（颗粒剂）,NAKLJNPDW,CHINESE_PATENT,GRANULE,每袋装 1.2g,袋,1.2,g,ROOM_TEMPERATURE,是,是,否,,否,,,ORAL,TID,否,是,ACTIVE
MED-2026-T132-02,脑安颗粒（胶囊、片、滴丸）,NAKLJNPDW,CHINESE_PATENT,CAPSULE,每粒装 0.4g,粒,0.4,g,ROOM_TEMPERATURE,是,是,否,,否,,,ORAL,TID,否,是,ACTIVE
MED-2026-T132-03,脑安颗粒（胶囊、片、滴丸）（片剂）,NAKLJNPDW,CHINESE_PATENT,TABLET,每片重 0.53g,片,0.53,g,ROOM_TEMPERATURE,是,是,否,,否,,,ORAL,TID,否,是,ACTIVE
MED-2026-T132-04,脑安颗粒（胶囊、片、滴丸）（滴丸剂）,NAKLJNPDW,CHINESE_PATENT,DROPS,每丸重 50mg,瓶,50,mg,ROOM_TEMPERATURE,是,是,否,,否,,,ORAL,TID,否,是,ACTIVE
MED-2026-T133,脉血康胶囊,MXKJN,CHINESE_PATENT,CAPSULE,每粒装 0.25g,粒,0.25,g,ROOM_TEMPERATURE,是,是,否,,否,,,ORAL,TID,否,是,ACTIVE
MED-2026-T134-01,大黄䗪虫丸（片、胶囊）（丸剂）,DHCWPJN,CHINESE_PATENT,OTHER,每丸重 3g,丸,3,g,ROOM_TEMPERATURE,是,是,否,,否,,,ORAL,TID,否,是,ACTIVE
MED-2026-T134-02,大黄䗪虫丸（片、胶囊）（片剂）,DHCWPJN,CHINESE_PATENT,TABLET,每片重 0.52g,片,0.52,g,ROOM_TEMPERATURE,是,是,否,,否,,,ORAL,TID,否,是,ACTIVE
MED-2026-T134-03,大黄䗪虫丸（片、胶囊）,DHCWPJN,CHINESE_PATENT,CAPSULE,每粒装 0.4g,粒,0.4,g,ROOM_TEMPERATURE,是,是,否,,否,,,ORAL,TID,否,是,ACTIVE
MED-2026-T135-01,血府逐瘀丸（片、口服液、胶囊）（丸剂）,XFZYWPKFYJN,CHINESE_PATENT,OTHER,每丸重 9g，每 10 丸重 2g，每 60 粒重 6g,丸,9,g,ROOM_TEMPERATURE,是,是,否,,否,,,ORAL,TID,否,是,ACTIVE
MED-2026-T135-02,血府逐瘀丸（片、口服液、胶囊）（片剂）,XFZYWPKFYJN,CHINESE_PATENT,TABLET,每片重 0.4g 、0.42g （相当于饮片 0.74g）、0.45g合剂：每支装 10ml,片,0.4,g,ROOM_TEMPERATURE,是,是,否,,否,,,ORAL,TID,否,是,ACTIVE
MED-2026-T135-03,血府逐瘀丸（片、口服液、胶囊）,XFZYWPKFYJN,CHINESE_PATENT,CAPSULE,每粒装 0.4g,粒,0.4,g,ROOM_TEMPERATURE,是,是,否,,否,,,ORAL,TID,否,是,ACTIVE
MED-2026-T136-01,复方丹参片（颗粒、胶囊、滴丸）（片剂）,FFDSPKLJNDW,CHINESE_PATENT,TABLET,每片重 0.3g 、0.32g （相当于饮片 0.6g）、0.8g（相当于饮片 1.8g）颗粒剂：每袋装 1g,片,0.3,g,ROOM_TEMPERATURE,是,是,否,,否,,,ORAL,TID,否,是,ACTIVE
MED-2026-T136-02,复方丹参片（颗粒、胶囊、滴丸）,FFDSPKLJNDW,CHINESE_PATENT,CAPSULE,每粒装 0.3g,粒,0.3,g,ROOM_TEMPERATURE,是,是,否,,否,,,ORAL,TID,否,是,ACTIVE
MED-2026-T136-03,复方丹参片（颗粒、胶囊、滴丸）（滴丸剂）,FFDSPKLJNDW,CHINESE_PATENT,DROPS,薄膜衣滴丸每丸重 27mg,瓶,27,mg,ROOM_TEMPERATURE,是,是,否,,否,,,ORAL,TID,否,是,ACTIVE
MED-2026-T137,速效救心丸滴丸剂,SXJXW,CHINESE_PATENT,DROPS,每丸重 40mg,瓶,40,mg,ROOM_TEMPERATURE,是,是,否,,否,,,ORAL,TID,否,是,ACTIVE
MED-2026-T138-01,心可舒胶囊（片）,XKSJNP,CHINESE_PATENT,CAPSULE,每粒装 0.3g（相当于饮片 1.175g）,粒,0.3,g,ROOM_TEMPERATURE,是,是,否,,否,,,ORAL,TID,否,是,ACTIVE
MED-2026-T138-02,心可舒胶囊（片）（片剂）,XKSJNP,CHINESE_PATENT,TABLET,每片重 0.31g、0.62g,片,0.31,g,ROOM_TEMPERATURE,是,是,否,,否,,,ORAL,TID,否,是,ACTIVE
MED-2026-T139,脉络宁注射液,MLNZSY,CHINESE_PATENT,INJECTION,每支装 10ml,支,10,ml,ROOM_TEMPERATURE,是,是,否,,否,,,IM,TID,否,是,ACTIVE
MED-2026-T140-01,平消胶囊（片）,PXJNP,CHINESE_PATENT,CAPSULE,每粒装 0.23g,粒,0.23,g,ROOM_TEMPERATURE,是,是,否,,否,,,ORAL,TID,否,是,ACTIVE
MED-2026-T140-02,平消胶囊（片）（片剂）,PXJNP,CHINESE_PATENT,TABLET,每片重 0.23g、0.24g （相当于饮片 0.405g）,片,0.23,g,ROOM_TEMPERATURE,是,是,否,,否,,,ORAL,TID,否,是,ACTIVE
MED-2026-T141-01,华蟾素片（胶囊）（片剂）,HCSPJN,CHINESE_PATENT,TABLET,每片重 0.3g,片,0.3,g,ROOM_TEMPERATURE,是,是,否,,否,,,ORAL,TID,否,是,ACTIVE
MED-2026-T141-02,华蟾素片（胶囊）,HCSPJN,CHINESE_PATENT,CAPSULE,每粒装 0.25g（相当于饮片 3.5g）、0.3g,粒,0.25,g,ROOM_TEMPERATURE,是,是,否,,否,,,ORAL,TID,否,是,ACTIVE
MED-2026-T142,复方斑蝥胶囊,FFBMJN,CHINESE_PATENT,CAPSULE,每粒装 0.25g,粒,0.25,g,ROOM_TEMPERATURE,是,是,否,,否,,,ORAL,TID,否,是,ACTIVE
MED-2026-T143-01,通关藤（消癌平）片（胶囊、口服液）（片剂）,TGTXAPPJNKFY,CHINESE_PATENT,TABLET,每片重 0.3g 、0.32g,片,0.3,g,ROOM_TEMPERATURE,是,是,否,,否,,,ORAL,TID,否,是,ACTIVE
MED-2026-T143-02,通关藤（消癌平）片（胶囊、口服液）,TGTXAPPJNKFY,CHINESE_PATENT,CAPSULE,每粒装 0.2g,粒,0.2,g,ROOM_TEMPERATURE,是,是,否,,否,,,ORAL,TID,否,是,ACTIVE
MED-2026-T143-03,通关藤（消癌平）片（胶囊、口服液）（合剂）,TGTXAPPJNKFY,CHINESE_PATENT,ORAL_LIQUID,每支装 10ml，每1ml 相当于饮片 1g,瓶,10,ml,ROOM_TEMPERATURE,是,是,否,,否,,,ORAL,TID,否,是,ACTIVE
MED-2026-T144-01,红金消结胶囊（片）,HJXJJNP,CHINESE_PATENT,CAPSULE,每粒装 0.4g,粒,0.4,g,ROOM_TEMPERATURE,是,是,否,,否,,,ORAL,TID,否,是,ACTIVE
MED-2026-T144-02,红金消结胶囊（片）（片剂）,HJXJJNP,CHINESE_PATENT,TABLET,每片重 0.42g、0.5g 、 0.55g（相当于饮片 3.055g）,片,0.42,g,ROOM_TEMPERATURE,是,是,否,,否,,,ORAL,TID,否,是,ACTIVE
MED-2026-T145,逍遥丸（颗粒）丸剂,XYWKL,CHINESE_PATENT,OTHER,每丸重 9g，每 8 丸相当于原生药（原药材、饮片）3g，每袋装 6g 、9g颗粒剂：每袋装 5g（相当于饮片 10.0g）、6g 、15g,丸,9,g,ROOM_TEMPERATURE,是,是,否,,否,,,ORAL,TID,否,是,ACTIVE
MED-2026-T146,丹栀逍遥丸丸剂,DZXYW,CHINESE_PATENT,OTHER,每袋装 6g,丸,6,g,ROOM_TEMPERATURE,是,是,否,,否,,,ORAL,TID,否,是,ACTIVE
MED-2026-T147,舒肝解郁胶囊,SGJYJN,CHINESE_PATENT,CAPSULE,每粒装 0.36g,粒,0.36,g,ROOM_TEMPERATURE,是,是,否,,否,,,ORAL,TID,否,是,ACTIVE
MED-2026-T148,解郁除烦胶囊,JYCFJN,CHINESE_PATENT,CAPSULE,每粒装 0.4g（相当于饮片 1.55g）,粒,0.4,g,ROOM_TEMPERATURE,是,是,否,,否,,,ORAL,TID,否,是,ACTIVE
MED-2026-T149-01,护肝片（颗粒、胶囊）（片剂）,HGPKLJN,CHINESE_PATENT,TABLET,每片重 0.35g（相当于饮片 1.255g）、0.36g（相当于饮片 1.255g）、0.38g颗粒剂：每袋装 2g,片,0.35,g,ROOM_TEMPERATURE,是,是,否,,否,,,ORAL,TID,否,是,ACTIVE
MED-2026-T149-02,护肝片（颗粒、胶囊）,HGPKLJN,CHINESE_PATENT,CAPSULE,每粒装 0.35g,粒,0.35,g,ROOM_TEMPERATURE,是,是,否,,否,,,ORAL,TID,否,是,ACTIVE
MED-2026-T150-01,气滞胃痛颗粒（片）（颗粒剂）,QZWTKLP,CHINESE_PATENT,GRANULE,每袋装 2.5g 、5g,袋,2.5,g,ROOM_TEMPERATURE,是,是,否,,否,,,ORAL,TID,否,是,ACTIVE
MED-2026-T150-02,气滞胃痛颗粒（片）（片剂）,QZWTKLP,CHINESE_PATENT,TABLET,每片重 0.5g,片,0.5,g,ROOM_TEMPERATURE,是,是,否,,否,,,ORAL,TID,否,是,ACTIVE
MED-2026-T151,胃苏颗粒颗粒剂,WSKL,CHINESE_PATENT,GRANULE,每袋相当于饮片16g,袋,16,g,ROOM_TEMPERATURE,是,是,否,,否,,,ORAL,TID,否,是,ACTIVE
MED-2026-T152-01,元胡止痛片（颗粒、胶囊、滴丸）（片剂）,YHZTPKLJNDW,CHINESE_PATENT,TABLET,每片重 0.25g（相当于饮片 0.67g）、0.26g,片,0.25,g,ROOM_TEMPERATURE,是,是,否,,否,,,ORAL,TID,否,是,ACTIVE
MED-2026-T152-02,元胡止痛片（颗粒、胶囊、滴丸）（颗粒剂）,YHZTPKLJNDW,CHINESE_PATENT,GRANULE,每袋装 5g,袋,5,g,ROOM_TEMPERATURE,是,是,否,,否,,,ORAL,TID,否,是,ACTIVE
MED-2026-T152-03,元胡止痛片（颗粒、胶囊、滴丸）,YHZTPKLJNDW,CHINESE_PATENT,CAPSULE,每粒装 0.25g、0.45g,粒,0.25,g,ROOM_TEMPERATURE,是,是,否,,否,,,ORAL,TID,否,是,ACTIVE
MED-2026-T152-04,元胡止痛片（颗粒、胶囊、滴丸）（滴丸剂）,YHZTPKLJNDW,CHINESE_PATENT,DROPS,每 10 丸重 0.5g,瓶,0.5,g,ROOM_TEMPERATURE,是,是,否,,否,,,ORAL,TID,否,是,ACTIVE
MED-2026-T153-01,三九胃泰颗粒（胶囊）（颗粒剂）,SJWTKLJN,CHINESE_PATENT,GRANULE,每袋装2.5g、10g、 20g,袋,2.5,g,ROOM_TEMPERATURE,是,是,否,,否,,,ORAL,TID,否,是,ACTIVE
MED-2026-T153-02,三九胃泰颗粒（胶囊）,SJWTKLJN,CHINESE_PATENT,CAPSULE,每粒装 0.5g,粒,0.5,g,ROOM_TEMPERATURE,是,是,否,,否,,,ORAL,TID,否,是,ACTIVE
MED-2026-T154,加味左金丸丸剂,JWZJW,CHINESE_PATENT,OTHER,每 100 丸重 6g,丸,6,g,ROOM_TEMPERATURE,是,是,否,,否,,,ORAL,TID,否,是,ACTIVE
MED-2026-T155,荜铃胃痛颗粒颗粒剂,BLWTKL,CHINESE_PATENT,GRANULE,每袋相当于饮片20g,袋,20,g,ROOM_TEMPERATURE,是,是,否,,否,,,ORAL,TID,否,是,ACTIVE
MED-2026-T156,荆花胃康胶丸胶囊,JHWKJW,CHINESE_PATENT,CAPSULE,每粒装 80mg,粒,80,mg,ROOM_TEMPERATURE,是,是,否,,否,,,ORAL,TID,否,是,ACTIVE
MED-2026-T157,颠茄片片剂,DJP,CHINESE_PATENT,TABLET,每片含颠茄浸膏10mg,片,10,mg,ROOM_TEMPERATURE,是,是,否,,否,,,ORAL,TID,否,是,ACTIVE
MED-2026-T158,五灵胶囊,WLJN,CHINESE_PATENT,CAPSULE,每粒装 0.35g,粒,0.35,g,ROOM_TEMPERATURE,是,是,否,,否,,,ORAL,TID,否,是,ACTIVE
MED-2026-T159,枳术宽中胶囊,ZSKZJN,CHINESE_PATENT,CAPSULE,每粒装 0.43g,粒,0.43,g,ROOM_TEMPERATURE,是,是,否,,否,,,ORAL,TID,否,是,ACTIVE
MED-2026-T160,宽胸气雾剂,KXQWJ,CHINESE_PATENT,AEROSOL,每瓶含内容物5.8g，其中药液 2.7ml（含挥发油 0.6ml），每瓶 60揿，每揿重 69mg；每瓶 内容物重 13.8g，内含药 液 4.8g（含挥发油 1.5ml ），每瓶 185 揿，每揿 63mg,瓶,5.8,g,ROOM_TEMPERATURE,是,是,否,,否,,,INHALATION,TID,否,是,ACTIVE
MED-2026-T161-01,保和丸（颗粒、片）（丸剂）,BHWKLP,CHINESE_PATENT,OTHER,每丸重 9g，每 8 丸相当于原生药 3g，每袋装6g 、9g,丸,9,g,ROOM_TEMPERATURE,是,是,否,,否,,,ORAL,TID,否,是,ACTIVE
MED-2026-T161-02,保和丸（颗粒、片）（颗粒剂）,BHWKLP,CHINESE_PATENT,GRANULE,每袋装 4.5g,袋,4.5,g,ROOM_TEMPERATURE,是,是,否,,否,,,ORAL,TID,否,是,ACTIVE
MED-2026-T161-03,保和丸（颗粒、片）（片剂）,BHWKLP,CHINESE_PATENT,TABLET,每片重 0.4g,片,0.4,g,ROOM_TEMPERATURE,是,是,否,,否,,,ORAL,TID,否,是,ACTIVE
MED-2026-T162-01,六味安消散（胶囊）（散剂）,LWAXSJN,CHINESE_PATENT,POWDER,每袋装 18g，每 1g相当于饮片 1g,袋,18,g,ROOM_TEMPERATURE,是,是,否,,否,,,ORAL,TID,否,是,ACTIVE
MED-2026-T162-02,六味安消散（胶囊）,LWAXSJN,CHINESE_PATENT,CAPSULE,每粒装 0.5g,粒,0.5,g,ROOM_TEMPERATURE,是,是,否,,否,,,ORAL,TID,否,是,ACTIVE
MED-2026-T163,四磨汤口服液合剂,SMTKFY,CHINESE_PATENT,ORAL_LIQUID,每 1ml 相当于饮片0.15g,瓶,1,ml,ROOM_TEMPERATURE,是,是,否,,否,,,ORAL,TID,否,是,ACTIVE
MED-2026-T164-01,川芎茶调丸（散、颗粒、片）（丸剂）,CQCDWSKLP,CHINESE_PATENT,OTHER,每 8 丸相当于原药材 3g，每袋装 6g,丸,3,g,ROOM_TEMPERATURE,是,是,否,,否,,,ORAL,TID,否,是,ACTIVE
MED-2026-T164-02,川芎茶调丸（散、颗粒、片）（散剂）,CQCDWSKLP,CHINESE_PATENT,POWDER,每袋装 3g 、6g,袋,3,g,ROOM_TEMPERATURE,是,是,否,,否,,,ORAL,TID,否,是,ACTIVE
MED-2026-T164-03,川芎茶调丸（散、颗粒、片）（颗粒剂）,CQCDWSKLP,CHINESE_PATENT,GRANULE,每袋装 4g（相当于饮片 7.35g）、7.8g,袋,4,g,ROOM_TEMPERATURE,是,是,否,,否,,,ORAL,TID,否,是,ACTIVE
MED-2026-T164-04,川芎茶调丸（散、颗粒、片）（片剂）,CQCDWSKLP,CHINESE_PATENT,TABLET,每片重 0.48g,片,0.48,g,ROOM_TEMPERATURE,是,是,否,,否,,,ORAL,TID,否,是,ACTIVE
MED-2026-T165,通天口服液合剂,TTKFY,CHINESE_PATENT,ORAL_LIQUID,每 1ml 相当于饮片0.53g,瓶,1,ml,ROOM_TEMPERATURE,是,是,否,,否,,,ORAL,TID,否,是,ACTIVE
MED-2026-T166-01,都梁滴丸（软胶囊）（滴丸剂）,DLDWRJN,CHINESE_PATENT,DROPS,每丸重 30mg,瓶,30,mg,ROOM_TEMPERATURE,是,是,否,,否,,,ORAL,TID,否,是,ACTIVE
MED-2026-T166-02,都梁滴丸（软胶囊）,DLDWRJN,CHINESE_PATENT,CAPSULE,每粒装 0.54g,粒,0.54,g,ROOM_TEMPERATURE,是,是,否,,否,,,ORAL,TID,否,是,ACTIVE
MED-2026-T167,松龄血脉康胶囊,SLXMKJN,CHINESE_PATENT,CAPSULE,每粒装 0.5g,粒,0.5,g,ROOM_TEMPERATURE,是,是,否,,否,,,ORAL,TID,否,是,ACTIVE
MED-2026-T168,丹珍头痛胶囊,DZTTJN,CHINESE_PATENT,CAPSULE,每粒装 0.5g,粒,0.5,g,ROOM_TEMPERATURE,是,是,否,,否,,,ORAL,TID,否,是,ACTIVE
MED-2026-T169-01,强力定眩片（胶囊）（片剂）,QLDXPJN,CHINESE_PATENT,TABLET,每片重 0.35g（相当于饮片 2.39g）,片,0.35,g,ROOM_TEMPERATURE,是,是,否,,否,,,ORAL,TID,否,是,ACTIVE
MED-2026-T169-02,强力定眩片（胶囊）,QLDXPJN,CHINESE_PATENT,CAPSULE,每粒装 0.4g,粒,0.4,g,ROOM_TEMPERATURE,是,是,否,,否,,,ORAL,TID,否,是,ACTIVE
MED-2026-T170-01,正天丸（胶囊）（丸剂）,ZTWJN,CHINESE_PATENT,OTHER,每袋装 6g,丸,6,g,ROOM_TEMPERATURE,是,是,否,,否,,,ORAL,TID,否,是,ACTIVE
MED-2026-T170-02,正天丸（胶囊）,ZTWJN,CHINESE_PATENT,CAPSULE,每粒装 0.45g,粒,0.45,g,ROOM_TEMPERATURE,是,是,否,,否,,,ORAL,TID,否,是,ACTIVE
MED-2026-T171-01,养血清脑丸（颗粒）（丸剂）,YXQNWKL,CHINESE_PATENT,OTHER,每袋装 2.5g,丸,2.5,g,ROOM_TEMPERATURE,是,是,否,,否,,,ORAL,TID,否,是,ACTIVE
MED-2026-T171-02,养血清脑丸（颗粒）（颗粒剂）,YXQNWKL,CHINESE_PATENT,GRANULE,每袋装 4g,袋,4,g,ROOM_TEMPERATURE,是,是,否,,否,,,ORAL,TID,否,是,ACTIVE
MED-2026-T172-01,消银颗粒（片）（颗粒剂）,XYKLP,CHINESE_PATENT,GRANULE,3.5g/ 袋,袋,3.5,g,ROOM_TEMPERATURE,是,是,否,,否,,,ORAL,TID,否,是,ACTIVE
MED-2026-T172-02,消银颗粒（片）（片剂）,XYKLP,CHINESE_PATENT,TABLET,每片重 0.3g 、0.32g,片,0.3,g,ROOM_TEMPERATURE,是,是,否,,否,,,ORAL,TID,否,是,ACTIVE
MED-2026-T173,润燥止痒胶囊,RZZYJN,CHINESE_PATENT,CAPSULE,每粒装 0.5g,粒,0.5,g,ROOM_TEMPERATURE,是,是,否,,否,,,ORAL,TID,否,是,ACTIVE
MED-2026-T174,华佗再造丸丸剂,HTZZW,CHINESE_PATENT,OTHER,丸剂,丸,,,ROOM_TEMPERATURE,是,是,否,,否,,,ORAL,TID,否,是,ACTIVE
MED-2026-T175,小活络丸丸剂,XHLW,CHINESE_PATENT,OTHER,每丸重 3g，每 6 丸相当于原生药（原药材） 2.3g,丸,3,g,ROOM_TEMPERATURE,是,是,否,,否,,,ORAL,TID,否,是,ACTIVE
MED-2026-T176-01,复方风湿宁胶囊（片）,FFFSNJNP,CHINESE_PATENT,CAPSULE,每粒装 0.3g,粒,0.3,g,ROOM_TEMPERATURE,是,是,否,,否,,,ORAL,TID,否,是,ACTIVE
MED-2026-T176-02,复方风湿宁胶囊（片）（片剂）,FFFSNJNP,CHINESE_PATENT,TABLET,每片重 0.2g、0.21g、 0.48g,片,0.2,g,ROOM_TEMPERATURE,是,是,否,,否,,,ORAL,TID,否,是,ACTIVE
MED-2026-T177-01,风湿骨痛胶囊（片）,FSGTJNP,CHINESE_PATENT,CAPSULE,每粒装 0.3g,粒,0.3,g,ROOM_TEMPERATURE,是,是,否,,否,,,ORAL,TID,否,是,ACTIVE
MED-2026-T177-02,风湿骨痛胶囊（片）（片剂）,FSGTJNP,CHINESE_PATENT,TABLET,每片重 0.36g、0.37g,片,0.36,g,ROOM_TEMPERATURE,是,是,否,,否,,,ORAL,TID,否,是,ACTIVE
MED-2026-T178,追风透骨丸丸剂,ZFTGW,CHINESE_PATENT,OTHER,每 10 丸重 1g,丸,1,g,ROOM_TEMPERATURE,是,是,否,,否,,,ORAL,TID,否,是,ACTIVE
MED-2026-T179-01,正清风痛宁缓释片（片、肠溶片）,ZQFTNHSPPCRP,CHINESE_PATENT,TABLET,每片含盐酸青藤碱 60mg,片,60,mg,ROOM_TEMPERATURE,是,是,否,,否,,,ORAL,TID,否,是,ACTIVE
MED-2026-T179-02,正清风痛宁缓释片（片、肠溶片）（片剂）,ZQFTNHSPPCRP,CHINESE_PATENT,TABLET,每片含盐酸青藤碱20mg,片,20,mg,ROOM_TEMPERATURE,是,是,否,,否,,,ORAL,TID,否,是,ACTIVE
MED-2026-T179-03,正清风痛宁缓释片（片、肠溶片）,ZQFTNHSPPCRP,CHINESE_PATENT,TABLET,每片含盐酸青藤碱 20mg,片,20,mg,ROOM_TEMPERATURE,是,是,否,,否,,,ORAL,TID,否,是,ACTIVE
MED-2026-T180,雷公藤多苷片片剂,LGTDGP,CHINESE_PATENT,TABLET,10mg,片,10,mg,ROOM_TEMPERATURE,是,是,否,,否,,,ORAL,TID,否,是,ACTIVE
MED-2026-T181-01,五苓散（胶囊、片）（散剂）,WLSJNP,CHINESE_PATENT,POWDER,每袋装 6g 、9g,袋,6,g,ROOM_TEMPERATURE,是,是,否,,否,,,ORAL,TID,否,是,ACTIVE
MED-2026-T181-02,五苓散（胶囊、片）,WLSJNP,CHINESE_PATENT,CAPSULE,每粒装 0.45g,粒,0.45,g,ROOM_TEMPERATURE,是,是,否,,否,,,ORAL,TID,否,是,ACTIVE
MED-2026-T181-03,五苓散（胶囊、片）（片剂）,WLSJNP,CHINESE_PATENT,TABLET,每片重 0.35g,片,0.35,g,ROOM_TEMPERATURE,是,是,否,,否,,,ORAL,TID,否,是,ACTIVE
MED-2026-T182,肾炎康复片片剂,SYKFP,CHINESE_PATENT,TABLET,每片重 0.3g 、0.48g,片,0.3,g,ROOM_TEMPERATURE,是,是,否,,否,,,ORAL,TID,否,是,ACTIVE
MED-2026-T183,尿毒清颗粒颗粒剂,NDQKL,CHINESE_PATENT,GRANULE,每袋装 5g,袋,5,g,ROOM_TEMPERATURE,是,是,否,,否,,,ORAL,TID,否,是,ACTIVE
MED-2026-T184,黄葵胶囊,HKJN,CHINESE_PATENT,CAPSULE,每粒装 0.43g（相当于饮片 2g）,粒,0.43,g,ROOM_TEMPERATURE,是,是,否,,否,,,ORAL,TID,否,是,ACTIVE
MED-2026-T185-01,癃清片（胶囊）（片剂）,LQPJN,CHINESE_PATENT,TABLET,每片重 0.6g,片,0.6,g,ROOM_TEMPERATURE,是,是,否,,否,,,ORAL,TID,否,是,ACTIVE
MED-2026-T185-02,癃清片（胶囊）,LQPJN,CHINESE_PATENT,CAPSULE,每粒装 0.4g 、0.5g,粒,0.4,g,ROOM_TEMPERATURE,是,是,否,,否,,,ORAL,TID,否,是,ACTIVE
MED-2026-T186,三金片片剂,SJP,CHINESE_PATENT,TABLET,每片重 0.17g（相当于饮片2.1g）、0.18g（相当于饮片2.1g）、0.28g（相当于饮片 3.5g）、0.32g（相当于饮片 3.5g）,片,0.17,g,ROOM_TEMPERATURE,是,是,否,,否,,,ORAL,TID,否,是,ACTIVE
MED-2026-T187,银花泌炎灵片片剂,YHMYLP,CHINESE_PATENT,TABLET,每片重 0.25g 、0.5g,片,0.25,g,ROOM_TEMPERATURE,是,是,否,,否,,,ORAL,TID,否,是,ACTIVE
MED-2026-T188-01,癃闭舒胶囊（片）,LBSJNP,CHINESE_PATENT,CAPSULE,每粒装 0.3g 、0.45g,粒,0.3,g,ROOM_TEMPERATURE,是,是,否,,否,,,ORAL,TID,否,是,ACTIVE
MED-2026-T188-02,癃闭舒胶囊（片）（片剂）,LBSJNP,CHINESE_PATENT,TABLET,每片重 0.3g 、0.31g,片,0.3,g,ROOM_TEMPERATURE,是,是,否,,否,,,ORAL,TID,否,是,ACTIVE
MED-2026-T189,海昆肾喜胶囊,HKSXJN,CHINESE_PATENT,CAPSULE,每粒装 0.22g（含褐藻多糖硫酸酯 100mg）,粒,0.22,g,ROOM_TEMPERATURE,是,是,否,,否,,,ORAL,TID,否,是,ACTIVE
MED-2026-T190,尿通卡克乃其片片剂,NTKKNQP,CHINESE_PATENT,TABLET,每片重 0.5g,片,0.5,g,ROOM_TEMPERATURE,是,是,否,,否,,,ORAL,TID,否,是,ACTIVE
MED-2026-T191-01,尪痹颗粒（胶囊、片）（颗粒剂）,WBKLJNP,CHINESE_PATENT,GRANULE,每袋装 3g 、6g,袋,3,g,ROOM_TEMPERATURE,是,是,否,,否,,,ORAL,TID,否,是,ACTIVE
MED-2026-T191-02,尪痹颗粒（胶囊、片）,WBKLJNP,CHINESE_PATENT,CAPSULE,每粒 0.55g,粒,0.55,g,ROOM_TEMPERATURE,是,是,否,,否,,,ORAL,TID,否,是,ACTIVE
MED-2026-T191-03,尪痹颗粒（胶囊、片）（片剂）,WBKLJNP,CHINESE_PATENT,TABLET,每片重 0.25g 、0.5g,片,0.25,g,ROOM_TEMPERATURE,是,是,否,,否,,,ORAL,TID,否,是,ACTIVE
MED-2026-T192,风湿液酒剂,FSY,CHINESE_PATENT,ORAL_LIQUID,每瓶装10ml、100ml、 250ml,瓶,10,ml,ROOM_TEMPERATURE,是,是,否,,否,,,ORAL,TID,否,是,ACTIVE
MED-2026-T193-01,普乐安胶囊（片）,PLAJNP,CHINESE_PATENT,CAPSULE,每粒装 0.375g,粒,0.375,g,ROOM_TEMPERATURE,是,是,否,,否,,,ORAL,TID,否,是,ACTIVE
MED-2026-T193-02,普乐安胶囊（片）（片剂）,PLAJNP,CHINESE_PATENT,TABLET,每片重 0.57g（含油菜花粉 0.5g）、0.64g（含油菜花粉 0.5g）,片,0.57,g,ROOM_TEMPERATURE,是,是,否,,否,,,ORAL,TID,否,是,ACTIVE
MED-2026-T194,克痢痧胶囊,KLSJN,CHINESE_PATENT,CAPSULE,每粒装 0.28g,粒,0.28,g,ROOM_TEMPERATURE,是,是,否,,否,,,ORAL,TID,否,是,ACTIVE
MED-2026-T195,血脂康胶囊,XZKJN,CHINESE_PATENT,CAPSULE,每粒装 0.3g,粒,0.3,g,ROOM_TEMPERATURE,是,是,否,,否,,,ORAL,TID,否,是,ACTIVE
MED-2026-T196-01,荷丹片（胶囊）（片剂）,HDPJN,CHINESE_PATENT,TABLET,每片重 0.73g（相当于饮片 14.125g）,片,0.73,g,ROOM_TEMPERATURE,是,是,否,,否,,,ORAL,TID,否,是,ACTIVE
MED-2026-T196-02,荷丹片（胶囊）,HDPJN,CHINESE_PATENT,CAPSULE,每粒装 0.33g（相当于饮片 7.06g）,粒,0.33,g,ROOM_TEMPERATURE,是,是,否,,否,,,ORAL,TID,否,是,ACTIVE
MED-2026-T197-01,缩泉丸（胶囊）（丸剂）,SQWJN,CHINESE_PATENT,OTHER,每 20 粒重 1g,丸,1,g,ROOM_TEMPERATURE,是,是,否,,否,,,ORAL,TID,否,是,ACTIVE
MED-2026-T197-02,缩泉丸（胶囊）,SQWJN,CHINESE_PATENT,CAPSULE,每粒装 0.3g,粒,0.3,g,ROOM_TEMPERATURE,是,是,否,,否,,,ORAL,TID,否,是,ACTIVE
MED-2026-T198-01,消炎利胆片（颗粒、胶囊）（片剂）,XYLDPKLJN,CHINESE_PATENT,TABLET,每片重 0.24g、0.25g （相当于饮片 2.6g）、0.26g（相当于饮片 2.6g）颗粒剂：每袋装 2.5g,片,0.24,g,ROOM_TEMPERATURE,是,是,否,,否,,,ORAL,TID,否,是,ACTIVE
MED-2026-T198-02,消炎利胆片（颗粒、胶囊）,XYLDPKLJN,CHINESE_PATENT,CAPSULE,每粒装 0.45g,粒,0.45,g,ROOM_TEMPERATURE,是,是,否,,否,,,ORAL,TID,否,是,ACTIVE
MED-2026-T199,金钱胆通颗粒颗粒剂,JQDTKL,CHINESE_PATENT,GRANULE,每 1g 相当于饮片3.56g,袋,1,g,ROOM_TEMPERATURE,是,是,否,,否,,,ORAL,TID,否,是,ACTIVE
MED-2026-T200-01,银屑胶囊（颗粒）,YXJNKL,CHINESE_PATENT,CAPSULE,每粒装 0.45g（相当于饮片 6.75g）,粒,0.45,g,ROOM_TEMPERATURE,是,是,否,,否,,,ORAL,TID,否,是,ACTIVE
MED-2026-T200-02,银屑胶囊（颗粒）（颗粒剂）,YXJNKL,CHINESE_PATENT,GRANULE,每袋装 6g（相当于饮片27g）、15g（相当于原药材 27g）,袋,6,g,ROOM_TEMPERATURE,是,是,否,,否,,,ORAL,TID,否,是,ACTIVE
MED-2026-T201,除湿止痒软膏软膏剂,CSZYRG,CHINESE_PATENT,OINTMENT,每支装 10g 、20g,支,10,g,COOL,是,是,否,,否,,,TOPICAL,TID,否,是,ACTIVE
MED-2026-T202,金蝉止痒胶囊,JCZYJN,CHINESE_PATENT,CAPSULE,每粒装 0.5g,粒,0.5,g,ROOM_TEMPERATURE,是,是,否,,否,,,ORAL,TID,否,是,ACTIVE
MED-2026-T203,季德胜蛇药片片剂,JDSSYP,CHINESE_PATENT,TABLET,每片重 0.4g,片,0.4,g,ROOM_TEMPERATURE,是,是,否,,否,,,ORAL,TID,否,是,ACTIVE
MED-2026-T204,肛泰栓（软膏）栓剂,GTSRG,CHINESE_PATENT,SUPPOSITORY,每粒相当于饮片0.086g，含盐酸小檗碱 36mg、盐酸罂粟碱 7mg软膏剂：每 1g 相当于饮片 86mg，含盐酸小檗碱36mg、盐酸罂粟碱 7mg,枚,0.086,g,COOL,是,是,否,,否,,,RECTAL,TID,否,是,ACTIVE
MED-2026-T205,"复方黄柏液涂剂（复
方黄柏液）",FFHBYTJFFHBY,CHINESE_PATENT,OTHER,每 1ml 相当于饮片0.2g,盒,1,ml,ROOM_TEMPERATURE,是,是,否,,否,,,ORAL,TID,否,是,ACTIVE
MED-2026-T206-01,连翘败毒丸（膏、片）（丸剂）,LQBDWGP,CHINESE_PATENT,OTHER,每袋装 9g，每 100粒重 6g,丸,9,g,ROOM_TEMPERATURE,是,是,否,,否,,,ORAL,TID,否,是,ACTIVE
MED-2026-T206-02,连翘败毒丸（膏、片）（煎膏剂）,LQBDWGP,CHINESE_PATENT,ORAL_LIQUID,每袋装 15g，每瓶装 60g 、120g,瓶,15,g,ROOM_TEMPERATURE,是,是,否,,否,,,ORAL,TID,否,是,ACTIVE
MED-2026-T206-03,连翘败毒丸（膏、片）（片剂）,LQBDWGP,CHINESE_PATENT,TABLET,每片重 0.6g,片,0.6,g,ROOM_TEMPERATURE,是,是,否,,否,,,ORAL,TID,否,是,ACTIVE
MED-2026-T207,如意金黄散散剂,RYJHS,CHINESE_PATENT,POWDER,每袋（瓶）装 6g、 9g 、12g,袋,6,g,ROOM_TEMPERATURE,是,是,否,,否,,,ORAL,TID,否,是,ACTIVE
MED-2026-T208,地榆槐角丸丸剂,DYHJW,CHINESE_PATENT,OTHER,每丸重 9g，每 100丸重 10g,丸,9,g,ROOM_TEMPERATURE,是,是,否,,否,,,ORAL,TID,否,是,ACTIVE
MED-2026-T209,湿润烧伤膏软膏剂,SRSSG,CHINESE_PATENT,OINTMENT,每 1g 相当于饮片0.21g,支,1,g,ROOM_TEMPERATURE,是,是,否,,否,,,TOPICAL,TID,否,是,ACTIVE
MED-2026-T210-01,康复新液（合剂）,KFXY,CHINESE_PATENT,ORAL_LIQUID,每瓶装 10ml、50ml、 100ml，每1ml含美洲大蠊干燥虫体的乙醇提取物（含总氨基酸以丙氨酸计） 1mg,瓶,10,ml,ROOM_TEMPERATURE,是,是,否,,否,,,ORAL,TID,否,是,ACTIVE
MED-2026-T210-02,康复新液（溶液剂）,KFXY,CHINESE_PATENT,OTHER,每瓶装 10ml、 50ml 、100ml,盒,10,ml,ROOM_TEMPERATURE,是,是,否,,否,,,ORAL,TID,否,是,ACTIVE
MED-2026-T211,肤痔清软膏软膏剂,FZQRG,CHINESE_PATENT,OINTMENT,每 1g 相当于饮片0.436g，含薄荷脑 3mg,支,1,g,COOL,是,是,否,,否,,,TOPICAL,TID,否,是,ACTIVE
MED-2026-T212,排石颗粒颗粒剂,PSKL,CHINESE_PATENT,GRANULE,每袋装 5g 、20g,袋,5,g,ROOM_TEMPERATURE,是,是,否,,否,,,ORAL,TID,否,是,ACTIVE
MED-2026-T213,双石通淋胶囊,SSTLJN,CHINESE_PATENT,CAPSULE,每粒装 0.5g,粒,0.5,g,ROOM_TEMPERATURE,是,是,否,,否,,,ORAL,TID,否,是,ACTIVE
MED-2026-T214,马应龙麝香痔疮膏软膏剂,MYLSXZCG,CHINESE_PATENT,OINTMENT,软膏剂,支,,,ROOM_TEMPERATURE,是,是,否,,否,,,TOPICAL,TID,否,是,ACTIVE
MED-2026-T215,内消瘰疬丸丸剂,NXLLW,CHINESE_PATENT,OTHER,每 10 丸重 1.85g， 每 100 粒重 6g，每瓶装 9g,丸,1.85,g,ROOM_TEMPERATURE,是,是,否,,否,,,ORAL,TID,否,是,ACTIVE
MED-2026-T216-01,小金丸（胶囊、片）（丸剂）,XJWJNP,CHINESE_PATENT,OTHER,每 10 丸重 6g，每100 丸重 3g 、6g,丸,6,g,ROOM_TEMPERATURE,是,是,否,,否,,,ORAL,TID,否,是,ACTIVE
MED-2026-T216-02,小金丸（胶囊、片）,XJWJNP,CHINESE_PATENT,CAPSULE,每粒装 0.3g 、0.35g,粒,0.3,g,ROOM_TEMPERATURE,是,是,否,,否,,,ORAL,TID,否,是,ACTIVE
MED-2026-T216-03,小金丸（胶囊、片）（片剂）,XJWJNP,CHINESE_PATENT,TABLET,每片重 0.36g,片,0.36,g,ROOM_TEMPERATURE,是,是,否,,否,,,ORAL,TID,否,是,ACTIVE
MED-2026-T217-01,西黄丸（胶囊）（丸剂）,XHWJN,CHINESE_PATENT,OTHER,每 20 丸重 1g,丸,1,g,ROOM_TEMPERATURE,是,是,否,,否,,,ORAL,TID,否,是,ACTIVE
MED-2026-T217-02,西黄丸（胶囊）,XHWJN,CHINESE_PATENT,CAPSULE,每粒装 0.25g,粒,0.25,g,ROOM_TEMPERATURE,是,是,否,,否,,,ORAL,TID,否,是,ACTIVE
MED-2026-T218-01,脉管复康片（胶囊）（片剂）,MGFKPJN,CHINESE_PATENT,TABLET,每片重 0.3g 、0.6g,片,0.3,g,ROOM_TEMPERATURE,是,是,否,,否,,,ORAL,TID,否,是,ACTIVE
MED-2026-T218-02,脉管复康片（胶囊）,MGFKPJN,CHINESE_PATENT,CAPSULE,每粒装 0.45g,粒,0.45,g,ROOM_TEMPERATURE,是,是,否,,否,,,ORAL,TID,否,是,ACTIVE
MED-2026-T219,木丹颗粒颗粒剂,MDKL,CHINESE_PATENT,GRANULE,每袋装 7g,袋,7,g,ROOM_TEMPERATURE,是,是,否,,否,,,ORAL,TID,否,是,ACTIVE
MED-2026-T220,京万红软膏软膏剂,JWHRG,CHINESE_PATENT,OINTMENT,每 1g 相当于饮片 0. 161g，每支装 10g 、20g、 50g,支,1,g,COOL,是,是,否,,否,,,TOPICAL,TID,否,是,ACTIVE
MED-2026-T221,灵泽片片剂,LZP,CHINESE_PATENT,TABLET,每片重 0.58g,片,0.58,g,ROOM_TEMPERATURE,是,是,否,,否,,,ORAL,TID,否,是,ACTIVE
MED-2026-T222-01,白灵片（胶囊）（片剂）,BLPJN,CHINESE_PATENT,TABLET,每片重 0.34g（相当于饮片 1.64g）,片,0.34,g,ROOM_TEMPERATURE,是,是,否,,否,,,ORAL,TID,否,是,ACTIVE
MED-2026-T222-02,白灵片（胶囊）,BLPJN,CHINESE_PATENT,CAPSULE,每粒装 0.33g,粒,0.33,g,ROOM_TEMPERATURE,是,是,否,,否,,,ORAL,TID,否,是,ACTIVE
MED-2026-T223-01,益母草膏（颗粒、胶囊、片）（煎膏剂）,YMCGKLJNP,CHINESE_PATENT,ORAL_LIQUID,每瓶装 125g、 250g,瓶,125,g,ROOM_TEMPERATURE,是,是,否,,否,,,ORAL,TID,否,是,ACTIVE
MED-2026-T223-02,益母草膏（颗粒、胶囊、片）（颗粒剂）,YMCGKLJNP,CHINESE_PATENT,GRANULE,每袋装 15g,袋,15,g,ROOM_TEMPERATURE,是,是,否,,否,,,ORAL,TID,否,是,ACTIVE
MED-2026-T223-03,益母草膏（颗粒、胶囊、片）,YMCGKLJNP,CHINESE_PATENT,CAPSULE,每粒装 0.36g,粒,0.36,g,ROOM_TEMPERATURE,是,是,否,,否,,,ORAL,TID,否,是,ACTIVE
MED-2026-T223-04,益母草膏（颗粒、胶囊、片）（片剂）,YMCGKLJNP,CHINESE_PATENT,TABLET,每片重0.25g、0.28g、 0.6g,片,0.25,g,ROOM_TEMPERATURE,是,是,否,,否,,,ORAL,TID,否,是,ACTIVE
MED-2026-T224-01,少腹逐瘀丸（颗粒、胶囊）（丸剂）,SFZYWKLJN,CHINESE_PATENT,OTHER,每丸重 9g,丸,9,g,ROOM_TEMPERATURE,是,是,否,,否,,,ORAL,TID,否,是,ACTIVE
MED-2026-T224-02,少腹逐瘀丸（颗粒、胶囊）（颗粒剂）,SFZYWKLJN,CHINESE_PATENT,GRANULE,每袋装 1.6g 、5g,袋,1.6,g,ROOM_TEMPERATURE,是,是,否,,否,,,ORAL,TID,否,是,ACTIVE
MED-2026-T224-03,少腹逐瘀丸（颗粒、胶囊）,SFZYWKLJN,CHINESE_PATENT,CAPSULE,每粒装 0.45g,粒,0.45,g,ROOM_TEMPERATURE,是,是,否,,否,,,ORAL,TID,否,是,ACTIVE
MED-2026-T225,茜芷胶囊,QZJN,CHINESE_PATENT,CAPSULE,每粒装 0.4g,粒,0.4,g,ROOM_TEMPERATURE,是,是,否,,否,,,ORAL,TID,否,是,ACTIVE
MED-2026-T226-01,坤宁颗粒（口服液）（颗粒剂）,KNKLKFY,CHINESE_PATENT,GRANULE,每袋装 8g（相当于饮片 25g）、15g,袋,8,g,ROOM_TEMPERATURE,是,是,否,,否,,,ORAL,TID,否,是,ACTIVE
MED-2026-T226-02,坤宁颗粒（口服液）（合剂）,KNKLKFY,CHINESE_PATENT,ORAL_LIQUID,每 1ml 相当于饮片1.25g,瓶,1,ml,ROOM_TEMPERATURE,是,是,否,,否,,,ORAL,TID,否,是,ACTIVE
MED-2026-T227,安宫止血颗粒颗粒剂,AGZXKL,CHINESE_PATENT,GRANULE,每袋装 5g,袋,5,g,ROOM_TEMPERATURE,是,是,否,,否,,,ORAL,TID,否,是,ACTIVE
MED-2026-T228,葆宫止血颗粒颗粒剂,BGZXKL,CHINESE_PATENT,GRANULE,每袋装 15g（每1g 相当于饮片 3.433g）,袋,15,g,ROOM_TEMPERATURE,是,是,否,,否,,,ORAL,TID,否,是,ACTIVE
MED-2026-T229,妇科十味片片剂,FKSWP,CHINESE_PATENT,TABLET,每片重 0.3g（相当于饮片 0.32g，含碳酸钙21.67mg）,片,0.3,g,ROOM_TEMPERATURE,是,是,否,,否,,,ORAL,TID,否,是,ACTIVE
MED-2026-T230-01,妇科千金片（胶囊）（片剂）,FKQJPJN,CHINESE_PATENT,TABLET,片剂,片,,,ROOM_TEMPERATURE,是,是,否,,否,,,ORAL,TID,否,是,ACTIVE
MED-2026-T230-02,妇科千金片（胶囊）,FKQJPJN,CHINESE_PATENT,CAPSULE,每粒装 0.4g,粒,0.4,g,ROOM_TEMPERATURE,是,是,否,,否,,,ORAL,TID,否,是,ACTIVE
MED-2026-T231-01,花红片（颗粒、胶囊）（片剂）,HHPKLJN,CHINESE_PATENT,TABLET,每片重 0.28g、0.29g,片,0.28,g,ROOM_TEMPERATURE,是,是,否,,否,,,ORAL,TID,否,是,ACTIVE
MED-2026-T231-02,花红片（颗粒、胶囊）（颗粒剂）,HHPKLJN,CHINESE_PATENT,GRANULE,每袋装 2.5g 、10g,袋,2.5,g,ROOM_TEMPERATURE,是,是,否,,否,,,ORAL,TID,否,是,ACTIVE
MED-2026-T231-03,花红片（颗粒、胶囊）,HHPKLJN,CHINESE_PATENT,CAPSULE,每粒装 0.25g（相当于饮片 9.334g）,粒,0.25,g,ROOM_TEMPERATURE,是,是,否,,否,,,ORAL,TID,否,是,ACTIVE
MED-2026-T232-01,宫炎平片（胶囊）（片剂）,GYPPJN,CHINESE_PATENT,TABLET,每片重 0.25g、0.26g,片,0.25,g,ROOM_TEMPERATURE,是,是,否,,否,,,ORAL,TID,否,是,ACTIVE
MED-2026-T232-02,宫炎平片（胶囊）,GYPPJN,CHINESE_PATENT,CAPSULE,每粒装 0.2g 、0.25g （相当于饮片 1g）、0.35g,粒,0.2,g,ROOM_TEMPERATURE,是,是,否,,否,,,ORAL,TID,否,是,ACTIVE
MED-2026-T233,妇炎消胶囊,FYXJN,CHINESE_PATENT,CAPSULE,每粒装 0.45g,粒,0.45,g,ROOM_TEMPERATURE,是,是,否,,否,,,ORAL,TID,否,是,ACTIVE
MED-2026-T234,金刚藤糖浆糖浆剂,JGTTJ,CHINESE_PATENT,ORAL_LIQUID,每瓶装 150ml,瓶,150,ml,COOL,是,是,否,,否,,,ORAL,TID,否,是,ACTIVE
MED-2026-T235,康妇消炎栓栓剂,KFXYS,CHINESE_PATENT,SUPPOSITORY,每粒重 2.0g,枚,2.0,g,ROOM_TEMPERATURE,是,是,否,,否,,,RECTAL,TID,否,是,ACTIVE
MED-2026-T236,康妇炎胶囊,KFYJN,CHINESE_PATENT,CAPSULE,每粒装 0.4g（相当于饮片 3.144g）,粒,0.4,g,ROOM_TEMPERATURE,是,是,否,,否,,,ORAL,TID,否,是,ACTIVE
MED-2026-T237,保妇康栓栓剂,BFKS,CHINESE_PATENT,SUPPOSITORY,每粒重 1.74g（含莪术油 82mg，冰片 75mg）,枚,1.74,g,ROOM_TEMPERATURE,是,是,否,,否,,,RECTAL,TID,否,是,ACTIVE
MED-2026-T238,艾附暖宫丸丸剂,AFNGW,CHINESE_PATENT,OTHER,每丸重 9g，每 45丸重 9g，每 100 丸重 4g、 10g，每袋装 9g，每瓶装45g,丸,9,g,ROOM_TEMPERATURE,是,是,否,,否,,,ORAL,TID,否,是,ACTIVE
MED-2026-T239-01,乌鸡白凤丸（胶囊、片）（丸剂）,WJBFWJNP,CHINESE_PATENT,OTHER,每丸重 9g，每 10 丸重 1g，每袋装 6g 、9g,丸,9,g,ROOM_TEMPERATURE,是,是,否,,否,,,ORAL,TID,否,是,ACTIVE
MED-2026-T239-02,乌鸡白凤丸（胶囊、片）,WJBFWJNP,CHINESE_PATENT,CAPSULE,每粒装 0.3g,粒,0.3,g,ROOM_TEMPERATURE,是,是,否,,否,,,ORAL,TID,否,是,ACTIVE
MED-2026-T239-03,乌鸡白凤丸（胶囊、片）（片剂）,WJBFWJNP,CHINESE_PATENT,TABLET,每片重 0.5g,片,0.5,g,ROOM_TEMPERATURE,是,是,否,,否,,,ORAL,TID,否,是,ACTIVE
MED-2026-T240-01,八珍益母丸（胶囊）（丸剂）,BZYMWJN,CHINESE_PATENT,OTHER,每丸重 9g，每袋装6g 、9g,丸,9,g,ROOM_TEMPERATURE,是,是,否,,否,,,ORAL,TID,否,是,ACTIVE
MED-2026-T240-02,八珍益母丸（胶囊）,BZYMWJN,CHINESE_PATENT,CAPSULE,每粒装 0.35g（相当于饮片 0.921g）,粒,0.35,g,ROOM_TEMPERATURE,是,是,否,,否,,,ORAL,TID,否,是,ACTIVE
MED-2026-T241-01,补血益母丸（颗粒）（丸剂）,BXYMWKL,CHINESE_PATENT,OTHER,每袋装 12g（每 200丸重 12g）,丸,12,g,ROOM_TEMPERATURE,是,是,否,,否,,,ORAL,TID,否,是,ACTIVE
MED-2026-T241-02,补血益母丸（颗粒）（颗粒剂）,BXYMWKL,CHINESE_PATENT,GRANULE,每 1g 相当于饮片1.5959g,袋,1,g,ROOM_TEMPERATURE,是,是,否,,否,,,ORAL,TID,否,是,ACTIVE
MED-2026-T242,定坤丹丸剂,DKD,CHINESE_PATENT,OTHER,每丸重 10.8g（相当于饮片4.78g，含复方滇鸡血藤膏 0.25g），每瓶装 7g （相当于饮片 5.4g）,丸,10.8,g,ROOM_TEMPERATURE,是,是,否,,否,,,ORAL,TID,否,是,ACTIVE
MED-2026-T243-01,更年安片（胶囊）（片剂）,GNAPJN,CHINESE_PATENT,TABLET,每片重 0.3g 、0.31g,片,0.3,g,ROOM_TEMPERATURE,是,是,否,,否,,,ORAL,TID,否,是,ACTIVE
MED-2026-T243-02,更年安片（胶囊）,GNAPJN,CHINESE_PATENT,CAPSULE,每粒装 0.3g,粒,0.3,g,ROOM_TEMPERATURE,是,是,否,,否,,,ORAL,TID,否,是,ACTIVE
MED-2026-T244,坤泰胶囊,KTJN,CHINESE_PATENT,CAPSULE,每粒装 0.5g,粒,0.5,g,ROOM_TEMPERATURE,是,是,否,,否,,,ORAL,TID,否,是,ACTIVE
MED-2026-T245,滋肾育胎丸丸剂,ZSYTW,CHINESE_PATENT,OTHER,丸剂,丸,,,ROOM_TEMPERATURE,是,是,否,,否,,,ORAL,TID,否,是,ACTIVE
MED-2026-T246-01,乳癖消颗粒（胶囊、片）（颗粒剂）,RPXKLJNP,CHINESE_PATENT,GRANULE,每袋装 8g（相当于原药材 6g）,袋,8,g,ROOM_TEMPERATURE,是,是,否,,否,,,ORAL,TID,否,是,ACTIVE
MED-2026-T246-02,乳癖消颗粒（胶囊、片）,RPXKLJNP,CHINESE_PATENT,CAPSULE,每粒装 0.32g,粒,0.32,g,ROOM_TEMPERATURE,是,是,否,,否,,,ORAL,TID,否,是,ACTIVE
MED-2026-T246-03,乳癖消颗粒（胶囊、片）（片剂）,RPXKLJNP,CHINESE_PATENT,TABLET,每片重 0.32g、0.34g、 0.67g,片,0.32,g,ROOM_TEMPERATURE,是,是,否,,否,,,ORAL,TID,否,是,ACTIVE
MED-2026-T247-01,桂枝茯苓丸（胶囊）（丸剂）,GZFLWJN,CHINESE_PATENT,OTHER,每丸重 6g，素丸每10 丸重 1.5g 、2.2g，每 100丸重 10g,丸,6,g,ROOM_TEMPERATURE,是,是,否,,否,,,ORAL,TID,否,是,ACTIVE
MED-2026-T247-02,桂枝茯苓丸（胶囊）,GZFLWJN,CHINESE_PATENT,CAPSULE,每粒装 0.31g,粒,0.31,g,ROOM_TEMPERATURE,是,是,否,,否,,,ORAL,TID,否,是,ACTIVE
MED-2026-T248-01,乳块消颗粒（胶囊、片）（颗粒剂）,RKXKLJNP,CHINESE_PATENT,GRANULE,每袋装 5g 、10g,袋,5,g,ROOM_TEMPERATURE,是,是,否,,否,,,ORAL,TID,否,是,ACTIVE
MED-2026-T248-02,乳块消颗粒（胶囊、片）,RKXKLJNP,CHINESE_PATENT,CAPSULE,每粒装 0.3g,粒,0.3,g,ROOM_TEMPERATURE,是,是,否,,否,,,ORAL,TID,否,是,ACTIVE
MED-2026-T248-03,乳块消颗粒（胶囊、片）（片剂）,RKXKLJNP,CHINESE_PATENT,TABLET,每片重 0.32g、0.36g （相当于饮片 3.85g）,片,0.32,g,ROOM_TEMPERATURE,是,是,否,,否,,,ORAL,TID,否,是,ACTIVE
MED-2026-T249-01,宫瘤清胶囊（颗粒）,GLQJNKL,CHINESE_PATENT,CAPSULE,每粒装 0.37g,粒,0.37,g,ROOM_TEMPERATURE,是,是,否,,否,,,ORAL,TID,否,是,ACTIVE
MED-2026-T249-02,宫瘤清胶囊（颗粒）（颗粒剂）,GLQJNKL,CHINESE_PATENT,GRANULE,每袋装 4g,袋,4,g,ROOM_TEMPERATURE,是,是,否,,否,,,ORAL,TID,否,是,ACTIVE
MED-2026-T250,散结镇痛胶囊,SJZTJN,CHINESE_PATENT,CAPSULE,每粒装 0.4g,粒,0.4,g,ROOM_TEMPERATURE,是,是,否,,否,,,ORAL,TID,否,是,ACTIVE
MED-2026-T251-01,明目上清丸（片）（丸剂）,MMSQWP,CHINESE_PATENT,OTHER,每袋（瓶）装 9g,丸,9,g,ROOM_TEMPERATURE,是,是,否,,否,,,ORAL,TID,否,是,ACTIVE
MED-2026-T251-02,明目上清丸（片）（片剂）,MMSQWP,CHINESE_PATENT,TABLET,每片重 0.6g 、0.63g,片,0.6,g,ROOM_TEMPERATURE,是,是,否,,否,,,ORAL,TID,否,是,ACTIVE
MED-2026-T252,马应龙八宝眼膏眼膏剂,MYLBBYG,CHINESE_PATENT,OINTMENT,每 1g 相当于饮片0.05g,支,1,g,ROOM_TEMPERATURE,是,是,否,,否,,,TOPICAL,TID,否,是,ACTIVE
MED-2026-T253,黄连羊肝丸丸剂,HLYGW,CHINESE_PATENT,OTHER,每丸重 9g，每 20 丸重 1g，每 100 丸重 20g,丸,9,g,ROOM_TEMPERATURE,是,是,否,,否,,,ORAL,TID,否,是,ACTIVE
MED-2026-T254,珍珠明目滴眼液滴眼剂,ZZMMDYY,CHINESE_PATENT,DROPS,每 1ml 相当于饮片 1mg，含珍珠液 0.02ml；每瓶（支）装 8ml 、10ml、 12ml 、15ml,瓶,1,ml,ROOM_TEMPERATURE,是,是,否,,否,,,OPHTHALMIC,TID,否,是,ACTIVE
MED-2026-T255,明目地黄丸丸剂,MMDHW,CHINESE_PATENT,OTHER,每丸重 9g，每 8 丸相当于原生药 3g，每袋装6g 、9g,丸,9,g,ROOM_TEMPERATURE,是,是,否,,否,,,ORAL,TID,否,是,ACTIVE
MED-2026-T256-01,障眼明片（胶囊）（片剂）,ZYMPJN,CHINESE_PATENT,TABLET,每片重 0.21g、0.42g,片,0.21,g,ROOM_TEMPERATURE,是,是,否,,否,,,ORAL,TID,否,是,ACTIVE
MED-2026-T256-02,障眼明片（胶囊）,ZYMPJN,CHINESE_PATENT,CAPSULE,每粒装 0.25g 、0.4g,粒,0.25,g,ROOM_TEMPERATURE,是,是,否,,否,,,ORAL,TID,否,是,ACTIVE
MED-2026-T257,石斛夜光丸丸剂,SHYGW,CHINESE_PATENT,OTHER,每丸重 5.5g 、9g，每 100 粒重 10g，每袋装6g 、7.3g,丸,5.5,g,ROOM_TEMPERATURE,是,是,否,,否,,,ORAL,TID,否,是,ACTIVE
MED-2026-T258,和血明目片片剂,HXMMP,CHINESE_PATENT,TABLET,每片重 0.3g 、0.31g,片,0.3,g,ROOM_TEMPERATURE,是,是,否,,否,,,ORAL,TID,否,是,ACTIVE
MED-2026-T259,止血祛瘀明目片片剂,ZXQYMMP,CHINESE_PATENT,TABLET,每片重 0.3g,片,0.3,g,ROOM_TEMPERATURE,是,是,否,,否,,,ORAL,TID,否,是,ACTIVE
MED-2026-T260-01,复方血栓通胶囊（片）,FFXSTJNP,CHINESE_PATENT,CAPSULE,每粒装 0.5g,粒,0.5,g,ROOM_TEMPERATURE,是,是,否,,否,,,ORAL,TID,否,是,ACTIVE
MED-2026-T260-02,复方血栓通胶囊（片）（片剂）,FFXSTJNP,CHINESE_PATENT,TABLET,每片重 0.35g 、0.4g,片,0.35,g,ROOM_TEMPERATURE,是,是,否,,否,,,ORAL,TID,否,是,ACTIVE
MED-2026-T261,耳聋左慈丸丸剂,ELZCW,CHINESE_PATENT,OTHER,每丸重 9g，每 8 丸相当于原生药 3g，每 10 丸重 1g,丸,9,g,ROOM_TEMPERATURE,是,是,否,,否,,,ORAL,TID,否,是,ACTIVE
MED-2026-T262,通窍耳聋丸丸剂,TQELW,CHINESE_PATENT,OTHER,每 100 粒重 6g（相当于饮片 4.8g）,丸,6,g,ROOM_TEMPERATURE,是,是,否,,否,,,ORAL,TID,否,是,ACTIVE
MED-2026-T263,鼻炎康片片剂,BYKP,CHINESE_PATENT,TABLET,每片重 0.37g（含马来酸氯苯那敏 1mg）,片,0.37,g,ROOM_TEMPERATURE,是,是,否,,否,,,ORAL,TID,否,是,ACTIVE
MED-2026-T264,鼻渊通窍颗粒颗粒剂,BYTQKL,CHINESE_PATENT,GRANULE,每袋相当于饮片8.4g,袋,8.4,g,ROOM_TEMPERATURE,是,是,否,,否,,,ORAL,TID,否,是,ACTIVE
MED-2026-T265-01,藿胆丸（片、滴丸）（丸剂）,HDWPDW,CHINESE_PATENT,OTHER,每 10 丸重 0.17g（每1g 相当于饮片 1g），每 195粒约重 3g，每瓶装 36g片剂,丸,0.17,g,ROOM_TEMPERATURE,是,是,否,,否,,,ORAL,TID,否,是,ACTIVE
MED-2026-T265-02,藿胆丸（片、滴丸）（滴丸剂）,HDWPDW,CHINESE_PATENT,DROPS,每丸重 50mg（每1g 含猪胆酸 100mg、广藿香油 100mg）,瓶,50,mg,ROOM_TEMPERATURE,是,是,否,,否,,,ORAL,TID,否,是,ACTIVE
MED-2026-T266,辛夷鼻炎丸丸剂,XYBYW,CHINESE_PATENT,OTHER,每 10 丸重 0.75g,丸,0.75,g,ROOM_TEMPERATURE,是,是,否,,否,,,ORAL,TID,否,是,ACTIVE
MED-2026-T267-01,香菊胶囊（片）,XJJNP,CHINESE_PATENT,CAPSULE,每粒装 0.3g（相当于饮片 3.186g）,粒,0.3,g,ROOM_TEMPERATURE,是,是,否,,否,,,ORAL,TID,否,是,ACTIVE
MED-2026-T267-02,香菊胶囊（片）（片剂）,XJJNP,CHINESE_PATENT,TABLET,每片重 0.3g 、0.32g,片,0.3,g,ROOM_TEMPERATURE,是,是,否,,否,,,ORAL,TID,否,是,ACTIVE
MED-2026-T268,鼻窦炎口服液合剂,BDYKFY,CHINESE_PATENT,ORAL_LIQUID,每 1ml 相当于饮片1.97g,瓶,1,ml,ROOM_TEMPERATURE,是,是,否,,否,,,ORAL,TID,否,是,ACTIVE
MED-2026-T269,辛芩颗粒颗粒剂,XQKL,CHINESE_PATENT,GRANULE,每袋装 5g 、20g,袋,5,g,ROOM_TEMPERATURE,是,是,否,,否,,,ORAL,TID,否,是,ACTIVE
MED-2026-T270,黄氏响声丸丸剂,HSXSW,CHINESE_PATENT,OTHER,炭衣丸每丸重 0.1g、 0.133g，糖衣丸每瓶装400 丸,丸,0.1,g,ROOM_TEMPERATURE,是,是,否,,否,,,ORAL,TID,否,是,ACTIVE
MED-2026-T271,清咽滴丸滴丸剂,QYDW,CHINESE_PATENT,DROPS,每丸重 20mg,瓶,20,mg,ROOM_TEMPERATURE,是,是,否,,否,,,ORAL,TID,否,是,ACTIVE
MED-2026-T272-01,金嗓散结胶囊（颗粒、丸）,JSSJJNKLW,CHINESE_PATENT,CAPSULE,每粒装 0.4g,粒,0.4,g,ROOM_TEMPERATURE,是,是,否,,否,,,ORAL,TID,否,是,ACTIVE
MED-2026-T272-02,金嗓散结胶囊（颗粒、丸）（颗粒剂）,JSSJJNKLW,CHINESE_PATENT,GRANULE,每 1g 相当于饮片1.67g,袋,1,g,ROOM_TEMPERATURE,是,是,否,,否,,,ORAL,TID,否,是,ACTIVE
MED-2026-T272-03,金嗓散结胶囊（颗粒、丸）（丸剂）,JSSJJNKLW,CHINESE_PATENT,OTHER,每 10 丸重 1g,丸,1,g,ROOM_TEMPERATURE,是,是,否,,否,,,ORAL,TID,否,是,ACTIVE
MED-2026-T273,口炎清颗粒颗粒剂,KYQKL,CHINESE_PATENT,GRANULE,每袋装 3g 、10g,袋,3,g,ROOM_TEMPERATURE,是,是,否,,否,,,ORAL,TID,否,是,ACTIVE
MED-2026-T274-01,玄麦甘桔颗粒（胶囊）（颗粒剂）,XMGJKLJN,CHINESE_PATENT,GRANULE,每袋装 10g,袋,10,g,ROOM_TEMPERATURE,是,是,否,,否,,,ORAL,TID,否,是,ACTIVE
MED-2026-T274-02,玄麦甘桔颗粒（胶囊）,XMGJKLJN,CHINESE_PATENT,CAPSULE,每粒装 0.35g,粒,0.35,g,ROOM_TEMPERATURE,是,是,否,,否,,,ORAL,TID,否,是,ACTIVE
MED-2026-T275,口腔溃疡散散剂,KQKYS,CHINESE_PATENT,POWDER,每瓶装 3g,袋,3,g,ROOM_TEMPERATURE,是,是,否,,否,,,ORAL,TID,否,是,ACTIVE
MED-2026-T276,西帕依固龈液合剂,XPYGKY,CHINESE_PATENT,ORAL_LIQUID,每 1ml 相当于饮片0.02g,瓶,1,ml,ROOM_TEMPERATURE,是,是,否,,否,,,ORAL,TID,否,是,ACTIVE
MED-2026-T277,冰硼散散剂,BPS,CHINESE_PATENT,POWDER,每瓶（支）装0.6g、 1.5g 、2g 、3g,袋,0.6,g,ROOM_TEMPERATURE,是,是,否,,否,,,ORAL,TID,否,是,ACTIVE
MED-2026-T278-01,六神丸（胶囊、凝胶）（丸剂）,LSWJNNJ,CHINESE_PATENT,OTHER,每 1000 粒重 3.125g,丸,3.125,g,ROOM_TEMPERATURE,是,是,否,,否,,,ORAL,TID,否,是,ACTIVE
MED-2026-T278-02,六神丸（胶囊、凝胶）,LSWJNNJ,CHINESE_PATENT,CAPSULE,每粒装 0.19g,粒,0.19,g,ROOM_TEMPERATURE,是,是,否,,否,,,ORAL,TID,否,是,ACTIVE
MED-2026-T278-03,六神丸（胶囊、凝胶）（凝胶剂）,LSWJNNJ,CHINESE_PATENT,CREAM,每支装 10g,支,10,g,ROOM_TEMPERATURE,是,是,否,,否,,,TOPICAL,TID,否,是,ACTIVE
MED-2026-T279,百蕊颗粒颗粒剂,BRKL,CHINESE_PATENT,GRANULE,每 1g 相当于饮片2.4g,袋,1,g,ROOM_TEMPERATURE,是,是,否,,否,,,ORAL,TID,否,是,ACTIVE
MED-2026-T280,甘桔冰梅片片剂,GJBMP,CHINESE_PATENT,TABLET,每片重 0.2g,片,0.2,g,ROOM_TEMPERATURE,是,是,否,,否,,,ORAL,TID,否,是,ACTIVE
MED-2026-T281-01,接骨七厘散（丸、片）（散剂）,JGQLSWP,CHINESE_PATENT,POWDER,每袋装 1.5g,袋,1.5,g,ROOM_TEMPERATURE,是,是,否,,否,,,ORAL,TID,否,是,ACTIVE
MED-2026-T281-02,接骨七厘散（丸、片）（丸剂）,JGQLSWP,CHINESE_PATENT,OTHER,每袋装 1.5g 、2g,丸,1.5,g,ROOM_TEMPERATURE,是,是,否,,否,,,ORAL,TID,否,是,ACTIVE
MED-2026-T281-03,接骨七厘散（丸、片）（片剂）,JGQLSWP,CHINESE_PATENT,TABLET,每片相当于原生药量 0.3g,片,0.3,g,ROOM_TEMPERATURE,是,是,否,,否,,,ORAL,TID,否,是,ACTIVE
MED-2026-T282,伤科接骨片片剂,SKJGP,CHINESE_PATENT,TABLET,每片重 0.33g,片,0.33,g,ROOM_TEMPERATURE,是,是,否,,否,,,ORAL,TID,否,是,ACTIVE
MED-2026-T283,云南白药（胶囊、膏、酊、气雾剂）,YNBYJNGDQWJ,CHINESE_PATENT,CAPSULE,散剂、胶囊、贴膏剂、酊剂、气雾剂,粒,,,ROOM_TEMPERATURE,是,是,否,,否,,,ORAL,TID,否,是,ACTIVE
MED-2026-T284-01,活血止痛散（胶囊、软胶囊）（散剂）,HXZTSJNRJN,CHINESE_PATENT,POWDER,每袋（瓶）装 1.5g,袋,1.5,g,ROOM_TEMPERATURE,是,是,否,,否,,,ORAL,TID,否,是,ACTIVE
MED-2026-T284-02,活血止痛散（胶囊、软胶囊）,HXZTSJNRJN,CHINESE_PATENT,CAPSULE,每粒装 0.25g 、0.5g,粒,0.25,g,ROOM_TEMPERATURE,是,是,否,,否,,,ORAL,TID,否,是,ACTIVE
MED-2026-T284-03,活血止痛散（胶囊、软胶囊）,HXZTSJNRJN,CHINESE_PATENT,CAPSULE,每粒装 0.65g（相当于饮片 0.5g）,粒,0.65,g,ROOM_TEMPERATURE,是,是,否,,否,,,ORAL,TID,否,是,ACTIVE
MED-2026-T285-01,七厘散（胶囊）（散剂）,QLSJN,CHINESE_PATENT,POWDER,每瓶装 1.5g 、3g,袋,1.5,g,ROOM_TEMPERATURE,是,是,否,,否,,,ORAL,TID,否,是,ACTIVE
MED-2026-T285-02,七厘散（胶囊）,QLSJN,CHINESE_PATENT,CAPSULE,每粒装 0.5g,粒,0.5,g,ROOM_TEMPERATURE,是,是,否,,否,,,ORAL,TID,否,是,ACTIVE
MED-2026-T286,消痛贴膏贴膏剂,XTTG,CHINESE_PATENT,PATCH,每贴装 1.0g、1.2g,贴,1.0,g,ROOM_TEMPERATURE,是,是,否,,否,,,TRANSDERMAL,TID,否,是,ACTIVE
MED-2026-T287-01,独一味胶囊（片）,DYWJNP,CHINESE_PATENT,CAPSULE,每粒装 0.3g（相当于饮片 1.0g）,粒,0.3,g,ROOM_TEMPERATURE,是,是,否,,否,,,ORAL,TID,否,是,ACTIVE
MED-2026-T287-02,独一味胶囊（片）（片剂）,DYWJNP,CHINESE_PATENT,TABLET,每片重 0.26g、0.28g,片,0.26,g,ROOM_TEMPERATURE,是,是,否,,否,,,ORAL,TID,否,是,ACTIVE
MED-2026-T288,盘龙七片片剂,PLQP,CHINESE_PATENT,TABLET,每片重 0.3g,片,0.3,g,ROOM_TEMPERATURE,是,是,否,,否,,,ORAL,TID,否,是,ACTIVE
MED-2026-T289,复方伤痛胶囊,FFSTJN,CHINESE_PATENT,CAPSULE,每粒装 0.3g,粒,0.3,g,ROOM_TEMPERATURE,是,是,否,,否,,,ORAL,TID,否,是,ACTIVE
MED-2026-T290,颈舒颗粒颗粒剂,JSKL,CHINESE_PATENT,GRANULE,每袋装 6g,袋,6,g,ROOM_TEMPERATURE,是,是,否,,否,,,ORAL,TID,否,是,ACTIVE
MED-2026-T291,颈复康颗粒颗粒剂,JFKKL,CHINESE_PATENT,GRANULE,每袋装 5g,袋,5,g,ROOM_TEMPERATURE,是,是,否,,否,,,ORAL,TID,否,是,ACTIVE
MED-2026-T292,腰痹通胶囊,YBTJN,CHINESE_PATENT,CAPSULE,每粒装 0.42g,粒,0.42,g,ROOM_TEMPERATURE,是,是,否,,否,,,ORAL,TID,否,是,ACTIVE
MED-2026-T293-01,滑膜炎颗粒（片）（颗粒剂）,HMYKLP,CHINESE_PATENT,GRANULE,每 1g 相当于饮片3g,袋,1,g,ROOM_TEMPERATURE,是,是,否,,否,,,ORAL,TID,否,是,ACTIVE
MED-2026-T293-02,滑膜炎颗粒（片）（片剂）,HMYKLP,CHINESE_PATENT,TABLET,每片重 0.5g 、0.6g,片,0.5,g,ROOM_TEMPERATURE,是,是,否,,否,,,ORAL,TID,否,是,ACTIVE
MED-2026-T294-01,舒筋活血丸（片）（丸剂）,SJHXWP,CHINESE_PATENT,OTHER,每丸重 6g,丸,6,g,ROOM_TEMPERATURE,是,是,否,,否,,,ORAL,TID,否,是,ACTIVE
MED-2026-T294-02,舒筋活血丸（片）（片剂）,SJHXWP,CHINESE_PATENT,TABLET,每片重 0.3g,片,0.3,g,ROOM_TEMPERATURE,是,是,否,,否,,,ORAL,TID,否,是,ACTIVE
MED-2026-T295,狗皮膏膏药,GPG,CHINESE_PATENT,PATCH,每张净重12g、15g、 24g 、30g,贴,12,g,ROOM_TEMPERATURE,是,是,否,,否,,,TRANSDERMAL,TID,否,是,ACTIVE
MED-2026-T296,骨痛灵酊酊剂,GTLD,CHINESE_PATENT,OTHER,每袋装 10ml，每瓶装 30ml 、60ml 、100ml、 250ml,盒,10,ml,ROOM_TEMPERATURE,是,是,否,,否,,,ORAL,TID,否,是,ACTIVE
MED-2026-T297,通络祛痛膏贴膏剂,TLQTG,CHINESE_PATENT,PATCH,7cm × 10cm,贴,,,ROOM_TEMPERATURE,是,是,否,,否,,,TRANSDERMAL,TID,否,是,ACTIVE
MED-2026-T298,复方南星止痛膏贴膏剂,FFNXZTG,CHINESE_PATENT,PATCH,10cm × 13cm,贴,,,ROOM_TEMPERATURE,是,是,否,,否,,,TRANSDERMAL,TID,否,是,ACTIVE
MED-2026-T299,麝香追风止痛膏贴膏剂,SXZFZTG,CHINESE_PATENT,PATCH,7cm × 10cm,贴,,,ROOM_TEMPERATURE,是,是,否,,否,,,TRANSDERMAL,TID,否,是,ACTIVE
MED-2026-T300-01,仙灵骨葆胶囊（片）,XLGBJNP,CHINESE_PATENT,CAPSULE,每粒装 0.5g,粒,0.5,g,ROOM_TEMPERATURE,是,是,否,,否,,,ORAL,TID,否,是,ACTIVE
MED-2026-T300-02,仙灵骨葆胶囊（片）（片剂）,XLGBJNP,CHINESE_PATENT,TABLET,每片重 0.3g,片,0.3,g,ROOM_TEMPERATURE,是,是,否,,否,,,ORAL,TID,否,是,ACTIVE
MED-2026-T301,恒古骨伤愈合剂,HGGSYHJ,CHINESE_PATENT,ORAL_LIQUID,12.5ml/瓶，25ml/ 瓶,瓶,12.5,ml,ROOM_TEMPERATURE,是,是,否,,否,,,ORAL,TID,否,是,ACTIVE
MED-2026-T302,小儿柴桂退热颗粒（口服液）颗粒剂,XECGTRKLKFY,CHINESE_PATENT,GRANULE,每袋装 2.5g（每 1g 相当于饮片1.0g）、4g （每 1g 相当于饮片1.25g）、 5g（每 1g 相当于饮片 1.0g）合剂：每 1ml 相当于饮片 0.5g,袋,2.5,g,ROOM_TEMPERATURE,是,是,否,,否,,,ORAL,TID,否,是,ACTIVE
MED-2026-T303,小儿青翘颗粒颗粒剂,XEQQKL,CHINESE_PATENT,GRANULE,每袋装 5g 、7.5g,袋,5,g,ROOM_TEMPERATURE,是,是,否,,否,,,ORAL,TID,否,是,ACTIVE
MED-2026-T304,小儿宝泰康颗粒颗粒剂,XEBTKKL,CHINESE_PATENT,GRANULE,每袋装 2.6g 、4g、 8g,袋,2.6,g,ROOM_TEMPERATURE,是,是,否,,否,,,ORAL,TID,否,是,ACTIVE
MED-2026-T305,小儿热速清口服液（颗粒）合剂,XERSQKFYKL,CHINESE_PATENT,ORAL_LIQUID,每支装 10ml（每 1ml 相当于饮片 1.1625g）颗粒剂：每袋装 2g 、6g,瓶,10,ml,ROOM_TEMPERATURE,是,是,否,,否,,,ORAL,TID,否,是,ACTIVE
MED-2026-T306,小儿豉翘清热颗粒颗粒剂,XESQQRKL,CHINESE_PATENT,GRANULE,每袋装 2g 、4g,袋,2,g,ROOM_TEMPERATURE,是,是,否,,否,,,ORAL,TID,否,是,ACTIVE
MED-2026-T307,小儿泻速停颗粒颗粒剂,XEXSTKL,CHINESE_PATENT,GRANULE,每袋装 3g 、5g、 10g,袋,3,g,ROOM_TEMPERATURE,是,是,否,,否,,,ORAL,TID,否,是,ACTIVE
MED-2026-T308-01,小儿肺热咳喘颗粒（口服液）（颗粒剂）,XEFRKCKLKFY,CHINESE_PATENT,GRANULE,每袋装 3g 、4g （相当于饮片 10.6g）,袋,3,g,ROOM_TEMPERATURE,是,是,否,,否,,,ORAL,TID,否,是,ACTIVE
MED-2026-T308-02,小儿肺热咳喘颗粒（口服液）（合剂）,XEFRKCKLKFY,CHINESE_PATENT,ORAL_LIQUID,每支装 10ml（每1ml 相当于饮片 1.77g）,瓶,10,ml,ROOM_TEMPERATURE,是,是,否,,否,,,ORAL,TID,否,是,ACTIVE
MED-2026-T309,金振口服液合剂,JZKFY,CHINESE_PATENT,ORAL_LIQUID,每支装 10ml（每1ml 相当于饮片 0.27g）,瓶,10,ml,ROOM_TEMPERATURE,是,是,否,,否,,,ORAL,TID,否,是,ACTIVE
MED-2026-T310,小儿定喘口服液合剂,XEDCKFY,CHINESE_PATENT,ORAL_LIQUID,每 1ml 相当于饮片1.0g,瓶,1,ml,ROOM_TEMPERATURE,是,是,否,,否,,,ORAL,TID,否,是,ACTIVE
MED-2026-T311,清宣止咳颗粒颗粒剂,QXZKKL,CHINESE_PATENT,GRANULE,每袋装 10g,袋,10,g,ROOM_TEMPERATURE,是,是,否,,否,,,ORAL,TID,否,是,ACTIVE
MED-2026-T312,小儿消积止咳口服液合剂,XEXJZKKFY,CHINESE_PATENT,ORAL_LIQUID,每 1ml 相当于饮片1.0g,瓶,1,ml,ROOM_TEMPERATURE,是,是,否,,否,,,ORAL,TID,否,是,ACTIVE
MED-2026-T313,小儿肺咳颗粒颗粒剂,XEFKKL,CHINESE_PATENT,GRANULE,每袋装 2g 、3g、 6g,袋,2,g,ROOM_TEMPERATURE,是,是,否,,否,,,ORAL,TID,否,是,ACTIVE
MED-2026-T314,健儿消食口服液合剂,JEXSKFY,CHINESE_PATENT,ORAL_LIQUID,每支装 10ml（相当于饮片 3g），每 1ml 相当于饮片 0.3g,瓶,10,ml,ROOM_TEMPERATURE,否,是,否,,否,,,ORAL,TID,否,是,ACTIVE
MED-2026-T315,醒脾养儿颗粒颗粒剂,XPYEKL,CHINESE_PATENT,GRANULE,每袋装 2g,袋,2,g,ROOM_TEMPERATURE,是,是,否,,否,,,ORAL,TID,否,是,ACTIVE
MED-2026-T316,小儿黄龙颗粒颗粒剂,XEHLKL,CHINESE_PATENT,GRANULE,每袋装 5g,袋,5,g,ROOM_TEMPERATURE,是,是,否,,否,,,ORAL,TID,否,是,ACTIVE
MED-2026-T317,芍麻止痉颗粒颗粒剂,SMZJKL,CHINESE_PATENT,GRANULE,每袋装 2.5g（相当于饮片 9.4g）、每袋装 5g（相当于饮片 18.8g）,袋,2.5,g,ROOM_TEMPERATURE,是,是,否,,否,,,ORAL,TID,否,是,ACTIVE
MED-2026-T318-01,小儿化食丸（口服液）（丸剂）,XEHSWKFY,CHINESE_PATENT,OTHER,每丸重 1.5g,丸,1.5,g,ROOM_TEMPERATURE,是,是,否,,否,,,ORAL,TID,否,是,ACTIVE
MED-2026-T318-02,小儿化食丸（口服液）（合剂）,XEHSWKFY,CHINESE_PATENT,ORAL_LIQUID,每支装 10ml,瓶,10,ml,ROOM_TEMPERATURE,是,是,否,,否,,,ORAL,TID,否,是,ACTIVE
