标准品种ID,旧目录编码,名称,英文名称,药品类型,条目类型,原文规格,专科指导,来源位置,来源版本,审核状态
GEN-0338198C863CD64BA0057A39,MED-2026-W001,青霉素,Benzylpenicillin,WESTERN,MEDICATION,"（钾盐）注射用无菌粉末：0.25g
（40 万单位）、0.5g（80 万单位）
（钠盐）注射用无菌粉末：0.24g
（40 万单位）、0.48g（80 万单位）、 0.96g（ 160 万单位）、2.4g（400 万单位）",False,table:1/row:3,93dce79a72c7593ab5ebb1d0996ab24b4be801f56dc1c4e6697df14b55ea39a2,SOURCE_UNVERIFIED
GEN-002F0CDAAF45F439DD267461,MED-2026-W002,苄星青霉素,Benzathine Benzylpenicillin,WESTERN,MEDICATION,注射用无菌粉末：60 万单位、120万单位,False,table:1/row:4,93dce79a72c7593ab5ebb1d0996ab24b4be801f56dc1c4e6697df14b55ea39a2,SOURCE_UNVERIFIED
GEN-6580D9C759B535F22780DCF6,MED-2026-W003,苯唑西林,Oxacillin,WESTERN,MEDICATION,"片剂、胶囊：0.25g
注射用无菌粉末：0.5g、1.0g、2.0g",False,table:1/row:5,93dce79a72c7593ab5ebb1d0996ab24b4be801f56dc1c4e6697df14b55ea39a2,SOURCE_UNVERIFIED
GEN-C02E6E9A82A65CC20D7C30C2,MED-2026-W004,氨苄西林,Ampicillin,WESTERN,MEDICATION,注射用无菌粉末：0.5g、1.0g、2.0g,False,table:1/row:6,93dce79a72c7593ab5ebb1d0996ab24b4be801f56dc1c4e6697df14b55ea39a2,SOURCE_UNVERIFIED
GEN-832B7C4EF820CFB449104271,MED-2026-W005,哌拉西林,Piperacillin,WESTERN,MEDICATION,注射用无菌粉末：0.5g、1.0g、2.0g、 4.0g,False,table:1/row:7,93dce79a72c7593ab5ebb1d0996ab24b4be801f56dc1c4e6697df14b55ea39a2,SOURCE_UNVERIFIED
GEN-33AF7A83AD073B960F8B3B32,MED-2026-W006,阿莫西林,Amoxicillin,WESTERN,MEDICATION,片剂、胶囊、颗粒剂、干混悬剂： 0.125g 、0.25g,False,table:1/row:8,93dce79a72c7593ab5ebb1d0996ab24b4be801f56dc1c4e6697df14b55ea39a2,SOURCE_UNVERIFIED
GEN-511C46465C2B688160D872D0,MED-2026-W007,阿莫西林克拉维酸钾,Amoxicillin and Clavulanate Potassium,WESTERN,MEDICATION,"片剂：阿莫西林∶克拉维酸=2∶1、 4 ∶1 、7 ∶1
颗粒剂： 125mg∶31.25mg（ 4 ∶1 ）、 200mg∶28.5mg（ 7 ∶1 ）（阿莫西林∶克拉维酸）
干混悬剂：250mg∶62.5mg（4∶1 ）、 200mg∶28.5mg（ 7 ∶1 ）（阿莫西林∶克拉维酸）
注射用无菌粉末：250mg∶50mg
（ 5 ∶1 ）、500mg∶100mg（ 5 ∶1 ）、
1000mg∶200mg（ 5 ∶1 ）（阿莫西林∶克拉维酸）",False,table:2/row:2,93dce79a72c7593ab5ebb1d0996ab24b4be801f56dc1c4e6697df14b55ea39a2,SOURCE_UNVERIFIED
GEN-6DA69D6939FA592E68ADB97B,MED-2026-W008,哌拉西林钠他唑巴坦钠,Piperacillin Sodium and Tazobactam Sodium,WESTERN,MEDICATION,注射用无菌粉末：2.25g（哌拉西林 2.0g 与他唑巴坦 0.25g）、4.5g（哌拉西林 4.0g 与他唑巴坦 0.5g）,False,table:2/row:3,93dce79a72c7593ab5ebb1d0996ab24b4be801f56dc1c4e6697df14b55ea39a2,SOURCE_UNVERIFIED
GEN-ADEC5396136C53910A947A12,MED-2026-W009,头孢唑林,Cefazolin,WESTERN,MEDICATION,注射用无菌粉末：0.5g 、1.0g,False,table:2/row:5,93dce79a72c7593ab5ebb1d0996ab24b4be801f56dc1c4e6697df14b55ea39a2,SOURCE_UNVERIFIED
GEN-B50E91897684DEAF7DFD6461,MED-2026-W010,头孢拉定,Cefradine,WESTERN,MEDICATION,胶囊：0.25g 、0.5g,False,table:2/row:6,93dce79a72c7593ab5ebb1d0996ab24b4be801f56dc1c4e6697df14b55ea39a2,SOURCE_UNVERIFIED
GEN-E2F6067422A951C28D369A90,MED-2026-W011,头孢氨苄,Cefalexin,WESTERN,MEDICATION,"片剂、胶囊：0. 125g 、0.25g
颗粒剂：0.05g 、0. 125g",False,table:2/row:7,93dce79a72c7593ab5ebb1d0996ab24b4be801f56dc1c4e6697df14b55ea39a2,SOURCE_UNVERIFIED
GEN-D8B5A2C87BE8E07F3B587A5E,MED-2026-W012,头孢呋辛,Cefuroxime,WESTERN,MEDICATION,"（头孢呋辛酯）片剂、分散片、胶囊、干混悬剂：0. 125g 、0.25g
（钠盐）注射用无菌粉末：0.25g、 0.5g 、0.75g 、1.5g",False,table:3/row:2,93dce79a72c7593ab5ebb1d0996ab24b4be801f56dc1c4e6697df14b55ea39a2,SOURCE_UNVERIFIED
GEN-B00DD549E448C13815734CBC,MED-2026-W013,头孢克肟,Cefixime,WESTERN,MEDICATION,"片剂：50mg 、100mg
分散片： 100mg
胶囊： 100mg
颗粒剂：50mg
干混悬剂：50mg 、100mg",True,table:3/row:3,93dce79a72c7593ab5ebb1d0996ab24b4be801f56dc1c4e6697df14b55ea39a2,SOURCE_UNVERIFIED
GEN-92B1D597DEAC50C6DF45AC4F,MED-2026-W014,头孢曲松,Ceftriaxone,WESTERN,MEDICATION,注射用无菌粉末：0.25g、0.5g、1.0g、 2.0g,False,table:3/row:4,93dce79a72c7593ab5ebb1d0996ab24b4be801f56dc1c4e6697df14b55ea39a2,SOURCE_UNVERIFIED
GEN-A4CBCEAD896997078B85D1DF,MED-2026-W015,头孢他啶,Ceftazidime,WESTERN,MEDICATION,注射用无菌粉末：0.25g、0.5g、1.0g、 2.0g,True,table:3/row:5,93dce79a72c7593ab5ebb1d0996ab24b4be801f56dc1c4e6697df14b55ea39a2,SOURCE_UNVERIFIED
GEN-B6DE5F570214ED37C7695380,MED-2026-W016,阿米卡星,Amikacin,WESTERN,MEDICATION,注射液： 1ml ∶0. 1g（ 10 万单位）、 2ml ∶0.2g（20 万单位）,False,table:3/row:7,93dce79a72c7593ab5ebb1d0996ab24b4be801f56dc1c4e6697df14b55ea39a2,SOURCE_UNVERIFIED
GEN-0FBCC9619B3DF8F429F8D8CE,MED-2026-W017,庆大霉素,Gentamycin,WESTERN,MEDICATION,注射液： 1ml ∶40mg（4 万单位）、 2ml ∶80mg（8 万单位）,False,table:3/row:8,93dce79a72c7593ab5ebb1d0996ab24b4be801f56dc1c4e6697df14b55ea39a2,SOURCE_UNVERIFIED
GEN-D83AB4D2C503E683ECFCC581,MED-2026-W018,多西环素,Doxycycline,WESTERN,MEDICATION,片剂：50mg 、100mg,False,table:4/row:3,93dce79a72c7593ab5ebb1d0996ab24b4be801f56dc1c4e6697df14b55ea39a2,SOURCE_UNVERIFIED
GEN-D28D48F56886BB8322BF1CBE,MED-2026-W019,米诺环素,Minocycline,WESTERN,MEDICATION,"片剂：50mg
胶囊：50mg 、100mg",False,table:4/row:4,93dce79a72c7593ab5ebb1d0996ab24b4be801f56dc1c4e6697df14b55ea39a2,SOURCE_UNVERIFIED
GEN-8DA773C17EBB58130AB5E12D,MED-2026-W020,红霉素,Erythromycin,WESTERN,MEDICATION,"肠溶（片剂、胶囊）、（琥珀酸乙酯）片剂、（琥珀酸乙酯）胶囊： 0. 125g（ 12.5 万单位）、0.25g（ 25
万单位）
注射用无菌粉末：0.25g（25 万单位）、0.3g（30 万单位）、0.5g（ 50
万单位）",False,table:4/row:6;table:78/row:3;table:81/row:3,93dce79a72c7593ab5ebb1d0996ab24b4be801f56dc1c4e6697df14b55ea39a2,SOURCE_UNVERIFIED
GEN-17AB31AA7B1DF8ED62B235E5,MED-2026-W021,阿奇霉素,Azithromycin,WESTERN,MEDICATION,"片剂、胶囊：0.25g（25 万单位）
颗粒剂、干混悬剂：0. 1g（ 10 万单位）
注射用无菌粉末： 0.5g（ 50 万单位）",False,table:4/row:7,93dce79a72c7593ab5ebb1d0996ab24b4be801f56dc1c4e6697df14b55ea39a2,SOURCE_UNVERIFIED
GEN-73C6B829069DEF103FB125D0,MED-2026-W022,克拉霉素,Clarithromycin,WESTERN,MEDICATION,片剂、颗粒剂： 0. 125g（ 12.5 万单位）、0.25g（25 万单位）,False,table:4/row:8,93dce79a72c7593ab5ebb1d0996ab24b4be801f56dc1c4e6697df14b55ea39a2,SOURCE_UNVERIFIED
GEN-1908503B17E507A331753600,MED-2026-W023,克林霉素,Clindamycin,WESTERN,MEDICATION,"（盐酸盐）胶囊：0.075g 、0. 15g
（盐酸盐棕榈酸酯）颗粒剂：75mg
（磷酸酯）注射液： 1ml ∶150mg、 2ml ∶300mg 、4ml ∶600mg、
6ml ∶900mg",False,table:5/row:3,93dce79a72c7593ab5ebb1d0996ab24b4be801f56dc1c4e6697df14b55ea39a2,SOURCE_UNVERIFIED
GEN-BC5D583A37867BA0B0B2E9D8,MED-2026-W024,磷霉素,Fosfomycin,WESTERN,MEDICATION,"（钠盐）注射用无菌粉末： 1.0g
（ 100 万单位）、2.0g（200 万单位）、 4.0g（400 万单位）
（氨丁三醇）散剂：3.0g（300 万单位）",False,table:5/row:4,93dce79a72c7593ab5ebb1d0996ab24b4be801f56dc1c4e6697df14b55ea39a2,SOURCE_UNVERIFIED
GEN-1AECC3E6E1A35D2AF8354071,MED-2026-W025,夫西地酸,Fusidic Acid,WESTERN,MEDICATION,注射用无菌粉末：0. 125g 、0.25g、 0.5g,True,table:5/row:5,93dce79a72c7593ab5ebb1d0996ab24b4be801f56dc1c4e6697df14b55ea39a2,SOURCE_UNVERIFIED
GEN-83CA991C6EFF52CE13613F6B,MED-2026-W026,复方磺胺甲噁(恶)唑,Compound Sulfamethoxazole,WESTERN,MEDICATION,"片剂：400mg∶80mg
注射液：5ml ∶400mg∶80mg
［磺胺甲噁（ 恶 ）唑∶甲氧苄啶］",False,table:5/row:7,93dce79a72c7593ab5ebb1d0996ab24b4be801f56dc1c4e6697df14b55ea39a2,SOURCE_UNVERIFIED
GEN-A803EDA784A6D13C0B29E89E,MED-2026-W027,磺胺嘧啶,Sulfadiazine,WESTERN,MEDICATION,"片剂：0.5g
注射液：2ml ∶0.4g 、5ml ∶1g",False,table:5/row:8,93dce79a72c7593ab5ebb1d0996ab24b4be801f56dc1c4e6697df14b55ea39a2,SOURCE_UNVERIFIED
GEN-44E4C7482EC9B940556AA879,MED-2026-W028,诺氟沙星,Norfloxacin,WESTERN,MEDICATION,片剂、胶囊：0. 1g,False,table:6/row:3,93dce79a72c7593ab5ebb1d0996ab24b4be801f56dc1c4e6697df14b55ea39a2,SOURCE_UNVERIFIED
GEN-82BEC1FAC67947C236E309C4,MED-2026-W029,环丙沙星,Ciprofloxacin,WESTERN,MEDICATION,"（盐酸盐）片剂：0.25g 、0.5g （乳酸盐）氯化钠注射液：
100ml ∶0.2g",False,table:6/row:4,93dce79a72c7593ab5ebb1d0996ab24b4be801f56dc1c4e6697df14b55ea39a2,SOURCE_UNVERIFIED
GEN-85E494EAC0C534B7010B304D,MED-2026-W030,左氧氟沙星,Levofloxacin,WESTERN,MEDICATION,"片剂：0.25g 、0.5g
氯化钠注射液：50ml ∶0.25g、 100ml ∶0.5g",False,table:6/row:5;table:81/row:5,93dce79a72c7593ab5ebb1d0996ab24b4be801f56dc1c4e6697df14b55ea39a2,SOURCE_UNVERIFIED
GEN-69E7B519246E1264AE4BE098,MED-2026-W031,莫西沙星,Moxifloxacin,WESTERN,MEDICATION,"片剂：0.4g
氯化钠注射液：250ml（莫西沙星0.4g 与氯化钠 2.0g）",False,table:6/row:6,93dce79a72c7593ab5ebb1d0996ab24b4be801f56dc1c4e6697df14b55ea39a2,SOURCE_UNVERIFIED
GEN-505FA3B2DC2AD24218FDF3DA,MED-2026-W032,甲硝唑,Metronidazole,WESTERN,MEDICATION,"片剂、胶囊：0.2g
氯化钠注射液： 100ml ∶0.5g",False,table:6/row:8;table:11/row:7;table:87/row:4,93dce79a72c7593ab5ebb1d0996ab24b4be801f56dc1c4e6697df14b55ea39a2,SOURCE_UNVERIFIED
GEN-6F2B344466AE55EBDC55F359,MED-2026-W033,替硝唑,Tinidazole,WESTERN,MEDICATION,片剂：0.5g,False,table:6/row:9,93dce79a72c7593ab5ebb1d0996ab24b4be801f56dc1c4e6697df14b55ea39a2,SOURCE_UNVERIFIED
GEN-EE9920E5DF9DDC544919F427,MED-2026-W034,呋喃妥因,Nitrofurantoin,WESTERN,MEDICATION,肠溶片：50mg,False,table:6/row:11,93dce79a72c7593ab5ebb1d0996ab24b4be801f56dc1c4e6697df14b55ea39a2,SOURCE_UNVERIFIED
GEN-44793F34469B0D9A75527A58,MED-2026-W035,结核病用药,,WESTERN,SCOPE,,True,table:7/row:3,93dce79a72c7593ab5ebb1d0996ab24b4be801f56dc1c4e6697df14b55ea39a2,SOURCE_UNVERIFIED
GEN-01951B6A9029784F0CB803F8,MED-2026-W036,氨苯砜,Dapsone,WESTERN,MEDICATION,片剂：50mg 、100mg,False,table:7/row:5,93dce79a72c7593ab5ebb1d0996ab24b4be801f56dc1c4e6697df14b55ea39a2,SOURCE_UNVERIFIED
GEN-570B7C581B028C3A98F70D7A,MED-2026-W037,氟康唑,Fluconazole,WESTERN,MEDICATION,"片剂、胶囊：50mg、100mg、150mg
氯化钠注射液： 100ml ∶0.2g",False,table:7/row:7,93dce79a72c7593ab5ebb1d0996ab24b4be801f56dc1c4e6697df14b55ea39a2,SOURCE_UNVERIFIED
GEN-4791DDA698A7257968F65FD7,MED-2026-W038,伊曲康唑,Itraconazole,WESTERN,MEDICATION,"分散片：0. 1g
颗粒剂：0. 1g
胶囊：0. 1g
口服溶液剂： 150ml ∶1.5g",False,table:7/row:8,93dce79a72c7593ab5ebb1d0996ab24b4be801f56dc1c4e6697df14b55ea39a2,SOURCE_UNVERIFIED
GEN-EABA70C1521422FE57C234D9,MED-2026-W039,两性霉素B,Amphotericin B,WESTERN,MEDICATION,注射用无菌粉末：5mg（5000 单 位）、25mg（2.5 万单位）、50mg 注射用脂质体：50mg（5 万单位）,False,table:7/row:9,93dce79a72c7593ab5ebb1d0996ab24b4be801f56dc1c4e6697df14b55ea39a2,SOURCE_UNVERIFIED
GEN-43D95A5216C061773F5B8EB8,MED-2026-W040,卡泊芬净,Caspofungin,WESTERN,MEDICATION,注射用无菌粉末：50mg 、70mg,False,table:7/row:10,93dce79a72c7593ab5ebb1d0996ab24b4be801f56dc1c4e6697df14b55ea39a2,SOURCE_UNVERIFIED
GEN-63BFF958726F9AB1D6DDC5CC,MED-2026-W041,小檗碱,Berberine,WESTERN,MEDICATION,片剂：50mg 、100mg,False,table:8/row:3,93dce79a72c7593ab5ebb1d0996ab24b4be801f56dc1c4e6697df14b55ea39a2,SOURCE_UNVERIFIED
GEN-E80D3B82F9F7F39EF949BE9E,MED-2026-W042,阿昔洛韦,Aciclovir,WESTERN,MEDICATION,"片剂：0. 1g 、0.2g
胶囊：0.2g
注射用无菌粉末：0.25g",False,table:8/row:5;table:78/row:4;table:82/row:3,93dce79a72c7593ab5ebb1d0996ab24b4be801f56dc1c4e6697df14b55ea39a2,SOURCE_UNVERIFIED
GEN-1A4172E70A406D4CE9F46808,MED-2026-W043,更昔洛韦,Ganciclovir,WESTERN,MEDICATION,注射用无菌粉末：0.05g 、0. 15g、 0.25g 、0.5g,False,table:8/row:6,93dce79a72c7593ab5ebb1d0996ab24b4be801f56dc1c4e6697df14b55ea39a2,SOURCE_UNVERIFIED
GEN-5C41A93CA7B607146A235D56,MED-2026-W044,奥司他韦,Oseltamivir,WESTERN,MEDICATION,"胶囊：30mg 、45mg 、75mg
颗粒剂： 15mg 、25mg
干混悬剂：0.36g",False,table:8/row:7,93dce79a72c7593ab5ebb1d0996ab24b4be801f56dc1c4e6697df14b55ea39a2,SOURCE_UNVERIFIED
GEN-24F2339A1891F72DD42A9067,MED-2026-W045,恩替卡韦,Entecavir,WESTERN,MEDICATION,"片剂、分散片：0.5mg 、1mg
胶囊：0.5mg
口服溶液剂：210ml ∶10.5mg",True,table:8/row:8,93dce79a72c7593ab5ebb1d0996ab24b4be801f56dc1c4e6697df14b55ea39a2,SOURCE_UNVERIFIED
GEN-F1D0F286EF899239CA3DC553,MED-2026-W046,利巴韦林,Ribavirin,WESTERN,MEDICATION,片剂、胶囊：0. 1g,False,table:8/row:9,93dce79a72c7593ab5ebb1d0996ab24b4be801f56dc1c4e6697df14b55ea39a2,SOURCE_UNVERIFIED
GEN-9E692B4B61C85B33FAE9DFC7,MED-2026-W047,索磷布韦维帕他韦,Sofosbuvir and Velpatasvir,WESTERN,MEDICATION,片剂：每片含 400mg 索磷布韦和100mg 维帕他韦,True,table:8/row:10,93dce79a72c7593ab5ebb1d0996ab24b4be801f56dc1c4e6697df14b55ea39a2,SOURCE_UNVERIFIED
GEN-D3EC4D7AB8F1FB948A5D1356,MED-2026-W048,替诺福韦二吡呋酯,Tenofovir Disoproxil,WESTERN,MEDICATION,片剂、胶囊：0.3g,True,table:9/row:2,93dce79a72c7593ab5ebb1d0996ab24b4be801f56dc1c4e6697df14b55ea39a2,SOURCE_UNVERIFIED
GEN-46F7E31EE9107B802829EB62,MED-2026-W049,丙酚替诺福韦,TenofovirAlafenamide,WESTERN,MEDICATION,片剂：25mg,True,table:9/row:3,93dce79a72c7593ab5ebb1d0996ab24b4be801f56dc1c4e6697df14b55ea39a2,SOURCE_UNVERIFIED
GEN-2EC6E62D81E0EA386CA9535A,MED-2026-W050,人干扰素,Human Interferon,WESTERN,MEDICATION,"人干扰素α1b注射液：10μg∶0.5ml、 30μg∶1ml
注射用人干扰素α1b ∶10μg 、30μg人干扰素α2a 注射液、注射用人干扰素α2a ∶300 万 IU 、500 万 IU
人干扰素α2b 注射液、注射用人干扰素α2b ∶300 万 IU 、500 万 IU",True,table:9/row:4,93dce79a72c7593ab5ebb1d0996ab24b4be801f56dc1c4e6697df14b55ea39a2,SOURCE_UNVERIFIED
GEN-5410DF2DD0722135A889E0D1,MED-2026-W051,艾滋病用药,,WESTERN,SCOPE,,True,table:9/row:5,93dce79a72c7593ab5ebb1d0996ab24b4be801f56dc1c4e6697df14b55ea39a2,SOURCE_UNVERIFIED
GEN-9C92605F5CDDE0E936094B79,MED-2026-W052,氯喹,Chloroquine,WESTERN,MEDICATION,"片剂：250mg
注射液：5ml ∶322mg",False,table:10/row:3,93dce79a72c7593ab5ebb1d0996ab24b4be801f56dc1c4e6697df14b55ea39a2,SOURCE_UNVERIFIED
GEN-D0C4CBE0E5A9D6A798786CF9,MED-2026-W053,羟氯喹,Hydroxychloroquine,WESTERN,MEDICATION,片剂：0. 1g 、0.2g,True,table:11/row:2;table:16/row:5,93dce79a72c7593ab5ebb1d0996ab24b4be801f56dc1c4e6697df14b55ea39a2,SOURCE_UNVERIFIED
GEN-CD4E6F5BE72425745EC486B8,MED-2026-W054,伯氨喹,Primaquine,WESTERN,MEDICATION,片剂： 13.2mg,False,table:11/row:3,93dce79a72c7593ab5ebb1d0996ab24b4be801f56dc1c4e6697df14b55ea39a2,SOURCE_UNVERIFIED
GEN-B8C404C4DD9EDB78671469C6,MED-2026-W055,乙胺嘧啶,Pyrimethamine,WESTERN,MEDICATION,片剂：6.25mg,False,table:11/row:4,93dce79a72c7593ab5ebb1d0996ab24b4be801f56dc1c4e6697df14b55ea39a2,SOURCE_UNVERIFIED
GEN-E7879DB710B4722836883226,MED-2026-W056,青蒿素类药物,,WESTERN,SCOPE,,False,table:11/row:5,93dce79a72c7593ab5ebb1d0996ab24b4be801f56dc1c4e6697df14b55ea39a2,SOURCE_UNVERIFIED
GEN-CA5B0F5BC67B9FF57FCF94EA,MED-2026-W057,葡萄糖酸锑钠,Sodium Stibogluconate,WESTERN,MEDICATION,注射液：6ml（按锑计 0.6g，约相当于葡萄糖酸锑钠 1.9g）,False,table:11/row:9,93dce79a72c7593ab5ebb1d0996ab24b4be801f56dc1c4e6697df14b55ea39a2,SOURCE_UNVERIFIED
GEN-53E05408A6F31037D90F343E,MED-2026-W058,吡喹酮,Praziquantel,WESTERN,MEDICATION,片剂：0.2g,False,table:11/row:11,93dce79a72c7593ab5ebb1d0996ab24b4be801f56dc1c4e6697df14b55ea39a2,SOURCE_UNVERIFIED
GEN-567F1C27FB7BA314BED13078,MED-2026-W059,阿苯达唑,Albendazole,WESTERN,MEDICATION,片剂、胶囊：0. 1g 、0.2g,False,table:11/row:13,93dce79a72c7593ab5ebb1d0996ab24b4be801f56dc1c4e6697df14b55ea39a2,SOURCE_UNVERIFIED
GEN-BB3232F6964F6C215D97E2BA,MED-2026-W060,利多卡因,Lidocaine,WESTERN,MEDICATION,"（碳酸盐）注射液：5ml ∶86.5mg、 10ml ∶0.173g
（盐酸盐）注射液：2ml ∶4mg、 5ml ∶0.1g 、10ml ∶0.2g
凝胶剂：2%
胶浆剂： 10g∶0.2g",False,table:12/row:3,93dce79a72c7593ab5ebb1d0996ab24b4be801f56dc1c4e6697df14b55ea39a2,SOURCE_UNVERIFIED
GEN-9D407B7339D8BE15A4723E0B,MED-2026-W061,布比卡因,Bupivacaine,WESTERN,MEDICATION,注射液：5ml ∶25mg 、5ml ∶37.5mg、 10ml ∶75mg,True,table:12/row:4,93dce79a72c7593ab5ebb1d0996ab24b4be801f56dc1c4e6697df14b55ea39a2,SOURCE_UNVERIFIED
GEN-F0023E766712132A336801E8,MED-2026-W062,罗哌卡因,Ropivacaine,WESTERN,MEDICATION,（盐酸盐）注射液： 10ml ∶75mg、 10ml ∶100mg,True,table:12/row:5,93dce79a72c7593ab5ebb1d0996ab24b4be801f56dc1c4e6697df14b55ea39a2,SOURCE_UNVERIFIED
GEN-21056872E3FB4BD23C52B3A2,MED-2026-W063,丁卡因,Tetracaine,WESTERN,MEDICATION,"注射用无菌粉末： 10mg 、25mg、 50mg
凝胶剂： 1.5g∶70mg",True,table:12/row:6,93dce79a72c7593ab5ebb1d0996ab24b4be801f56dc1c4e6697df14b55ea39a2,SOURCE_UNVERIFIED
GEN-5F51A1CF508C596C8FC9A1CE,MED-2026-W064,氯胺酮,Ketamine,WESTERN,MEDICATION,注射液：2ml ∶0. 1g 、10ml ∶0. 1g,True,table:12/row:8,93dce79a72c7593ab5ebb1d0996ab24b4be801f56dc1c4e6697df14b55ea39a2,SOURCE_UNVERIFIED
GEN-617CD7E887219A95625B15C8,MED-2026-W065,丙泊酚,Propofol,WESTERN,MEDICATION,"乳状注射液： 10ml ∶0. 1g、
20ml ∶0.2g 、50ml ∶0.5g 、50ml ∶1g",True,table:12/row:9,93dce79a72c7593ab5ebb1d0996ab24b4be801f56dc1c4e6697df14b55ea39a2,SOURCE_UNVERIFIED
GEN-AD6DDD2285D51AECBB1D11B7,MED-2026-W066,瑞芬太尼,Remifentanil,WESTERN,MEDICATION,注射用无菌粉末：1mg、2mg、5mg,True,table:13/row:2,93dce79a72c7593ab5ebb1d0996ab24b4be801f56dc1c4e6697df14b55ea39a2,SOURCE_UNVERIFIED
GEN-4E00A41560D0C8D034CFE141,MED-2026-W067,七氟烷,Sevoflurane,WESTERN,MEDICATION,吸入溶液剂：100ml、120ml、250ml,True,table:13/row:3,93dce79a72c7593ab5ebb1d0996ab24b4be801f56dc1c4e6697df14b55ea39a2,SOURCE_UNVERIFIED
GEN-3E7E71C246A97A49F0EDED5C,MED-2026-W068,罗库溴铵,Rocuronium Bromide,WESTERN,MEDICATION,注射液：2.5ml ∶25mg 、5ml ∶50mg,True,table:13/row:5,93dce79a72c7593ab5ebb1d0996ab24b4be801f56dc1c4e6697df14b55ea39a2,SOURCE_UNVERIFIED
GEN-7CAFA2CA73ECCA91FFF319E5,MED-2026-W069,氯化琥珀胆碱,Suxamethonium Chloride,WESTERN,MEDICATION,注射液： 1ml ∶50mg 、2ml ∶100mg,False,table:13/row:6,93dce79a72c7593ab5ebb1d0996ab24b4be801f56dc1c4e6697df14b55ea39a2,SOURCE_UNVERIFIED
GEN-E79ECCDDCEF052D42F9C5F91,MED-2026-W070,维库溴铵,Vecuronium Bromide,WESTERN,MEDICATION,注射用无菌粉末：4mg,False,table:13/row:7,93dce79a72c7593ab5ebb1d0996ab24b4be801f56dc1c4e6697df14b55ea39a2,SOURCE_UNVERIFIED
GEN-4C01ACBB1363854DAD6B5FC7,MED-2026-W071,芬太尼,Fentanyl,WESTERN,MEDICATION,注射液：2ml ∶0. 1mg贴剂,True,table:14/row:3,93dce79a72c7593ab5ebb1d0996ab24b4be801f56dc1c4e6697df14b55ea39a2,SOURCE_UNVERIFIED
GEN-72A12BE50152B4304E6CB994,MED-2026-W072,哌替啶,Pethidine,WESTERN,MEDICATION,注射液： 1ml ∶50mg 、2ml ∶100mg,True,table:14/row:4,93dce79a72c7593ab5ebb1d0996ab24b4be801f56dc1c4e6697df14b55ea39a2,SOURCE_UNVERIFIED
GEN-01855C1C20600E36DC9E2BB9,MED-2026-W073,吗啡,Morphine,WESTERN,MEDICATION,片剂、缓释片、口服溶液剂、注射液,True,table:14/row:5,93dce79a72c7593ab5ebb1d0996ab24b4be801f56dc1c4e6697df14b55ea39a2,SOURCE_UNVERIFIED
GEN-1405421D104722406F2A2A23,MED-2026-W074,羟考酮,Oxycodone,WESTERN,MEDICATION,"缓释片：5mg 、10mg 、40mg
注射液： 1ml ∶10mg",True,table:15/row:2,93dce79a72c7593ab5ebb1d0996ab24b4be801f56dc1c4e6697df14b55ea39a2,SOURCE_UNVERIFIED
GEN-1AA7DED12DD4C0A082496810,MED-2026-W075,普瑞巴林,Pregabalin,WESTERN,MEDICATION,"胶囊：75mg 、150mg
口服溶液剂： 100ml ∶2g",False,table:15/row:3,93dce79a72c7593ab5ebb1d0996ab24b4be801f56dc1c4e6697df14b55ea39a2,SOURCE_UNVERIFIED
GEN-A1DC282DEE68637F05FC2FEC,MED-2026-W076,对乙酰氨基酚,Paracetamol,WESTERN,MEDICATION,"片剂：0.3g 、0.5g
口服溶液剂： 100ml ∶2.4g
颗粒剂、混悬液、干混悬剂、栓剂",False,table:15/row:5,93dce79a72c7593ab5ebb1d0996ab24b4be801f56dc1c4e6697df14b55ea39a2,SOURCE_UNVERIFIED
GEN-AE69131502B77B0220861EBE,MED-2026-W077,阿司匹林,Aspirin,WESTERN,MEDICATION,"片剂：0.3g 、0.5g
肠溶片：0.3g",False,table:15/row:6;table:47/row:9,93dce79a72c7593ab5ebb1d0996ab24b4be801f56dc1c4e6697df14b55ea39a2,SOURCE_UNVERIFIED
GEN-29A97D6E5902B4319126ADF6,MED-2026-W078,布洛芬,Ibuprofen,WESTERN,MEDICATION,"片剂、颗粒剂：0. 1g 、0.2g
胶囊：0.2g
缓释（片剂、胶囊）：0.3g
混悬液：60ml ∶1.2g 、100ml ∶2g",False,table:15/row:7,93dce79a72c7593ab5ebb1d0996ab24b4be801f56dc1c4e6697df14b55ea39a2,SOURCE_UNVERIFIED
GEN-2D8AF7DBCF482564F40CE6E2,MED-2026-W079,双氯芬酸钠,Diclofenac Sodium,WESTERN,MEDICATION,"肠溶片：25mg
缓释片剂：50mg 、75mg 、100mg
缓释胶囊：50mg 、100mg",False,table:15/row:8,93dce79a72c7593ab5ebb1d0996ab24b4be801f56dc1c4e6697df14b55ea39a2,SOURCE_UNVERIFIED
GEN-16661AB903AD751EC32A0F2D,MED-2026-W080,洛索洛芬钠,Loxoprofen Sodium,WESTERN,MEDICATION,片剂：60mg,False,table:16/row:2,93dce79a72c7593ab5ebb1d0996ab24b4be801f56dc1c4e6697df14b55ea39a2,SOURCE_UNVERIFIED
GEN-7C50C6AF54199B0682152180,MED-2026-W081,氟比洛芬酯,Flurbinprofen Axetil,WESTERN,MEDICATION,注射液：5ml ∶50mg,False,table:16/row:3,93dce79a72c7593ab5ebb1d0996ab24b4be801f56dc1c4e6697df14b55ea39a2,SOURCE_UNVERIFIED
GEN-DF79521C7F2BABE2DA7A1901,MED-2026-W082,吲哚美辛,Indometacin,WESTERN,MEDICATION,栓剂：25mg 、50mg 、100mg,False,table:16/row:4,93dce79a72c7593ab5ebb1d0996ab24b4be801f56dc1c4e6697df14b55ea39a2,SOURCE_UNVERIFIED
GEN-DD9208BCD2EA8A49CC032E9F,MED-2026-W083,来氟米特,Leflunomide,WESTERN,MEDICATION,片剂：5mg 、10mg 、20mg,True,table:16/row:6,93dce79a72c7593ab5ebb1d0996ab24b4be801f56dc1c4e6697df14b55ea39a2,SOURCE_UNVERIFIED
GEN-94FAB70912CC9B00973F6D09,MED-2026-W084,美沙拉秦(美沙拉嗪),Mesalazine,WESTERN,MEDICATION,"肠溶片：0.25g 、0.5g
缓释片：0.5g
栓剂：0.5g 、1g
缓释颗粒：0.5g
灌肠剂：60g∶4g",False,table:16/row:7,93dce79a72c7593ab5ebb1d0996ab24b4be801f56dc1c4e6697df14b55ea39a2,SOURCE_UNVERIFIED
GEN-B1F6C5FB38E55836E5BBEB9D,MED-2026-W085,青霉胺,Penicillamine,WESTERN,MEDICATION,片剂：0. 125g,True,table:16/row:8;table:74/row:4,93dce79a72c7593ab5ebb1d0996ab24b4be801f56dc1c4e6697df14b55ea39a2,SOURCE_UNVERIFIED
GEN-918273251C8B295D6EBC9542,MED-2026-W086,别嘌醇,Allopurinol,WESTERN,MEDICATION,片剂：0. 1g,False,table:16/row:10,93dce79a72c7593ab5ebb1d0996ab24b4be801f56dc1c4e6697df14b55ea39a2,SOURCE_UNVERIFIED
GEN-475D7DACE404988D517AAAFF,MED-2026-W087,非布司他,Febuxostat,WESTERN,MEDICATION,片剂：20mg 、40mg 、80mg,False,table:17/row:2,93dce79a72c7593ab5ebb1d0996ab24b4be801f56dc1c4e6697df14b55ea39a2,SOURCE_UNVERIFIED
GEN-37E662053E1345FD0A57F358,MED-2026-W088,秋水仙碱,Colchicine,WESTERN,MEDICATION,片剂：0.5mg,False,table:17/row:3,93dce79a72c7593ab5ebb1d0996ab24b4be801f56dc1c4e6697df14b55ea39a2,SOURCE_UNVERIFIED
GEN-B2BF5C4023005E1AEA4F9F6B,MED-2026-W089,苯溴马隆,Benzbromarone,WESTERN,MEDICATION,片剂、胶囊：50mg,False,table:17/row:4,93dce79a72c7593ab5ebb1d0996ab24b4be801f56dc1c4e6697df14b55ea39a2,SOURCE_UNVERIFIED
GEN-0F9A3CF4E6331A9513D91774,MED-2026-W090,金刚烷胺,Amantadine,WESTERN,MEDICATION,片剂：0. 1g,False,table:18/row:3,93dce79a72c7593ab5ebb1d0996ab24b4be801f56dc1c4e6697df14b55ea39a2,SOURCE_UNVERIFIED
GEN-075CA9F1911A4782B3F3356F,MED-2026-W091,苯海索,Trihexyphenidyl,WESTERN,MEDICATION,片剂：2mg,False,table:18/row:4,93dce79a72c7593ab5ebb1d0996ab24b4be801f56dc1c4e6697df14b55ea39a2,SOURCE_UNVERIFIED
GEN-BCCA7085EF81EA54DE85FE69,MED-2026-W092,多巴丝肼,Levodopa and Benserazide Hydrochloride,WESTERN,MEDICATION,片剂、胶囊：0.125g（0.1g∶0.025g）、 0.25g（0.2g∶0.05g）（左旋多巴∶苄丝肼）,False,table:18/row:5,93dce79a72c7593ab5ebb1d0996ab24b4be801f56dc1c4e6697df14b55ea39a2,SOURCE_UNVERIFIED
GEN-B69F262E88435869DC06D97E,MED-2026-W093,普拉克索,Pramipexole,WESTERN,MEDICATION,"片剂：0. 125mg 、0.25mg 、1.0mg
缓释片：0.375mg、0.75mg、1.5mg、 3.0mg 、4.5mg",True,table:18/row:6,93dce79a72c7593ab5ebb1d0996ab24b4be801f56dc1c4e6697df14b55ea39a2,SOURCE_UNVERIFIED
GEN-A8B6D9AC9840220C5885F2D8,MED-2026-W094,恩他卡朋,Entacapone,WESTERN,MEDICATION,片剂：0.2g,False,table:19/row:2,93dce79a72c7593ab5ebb1d0996ab24b4be801f56dc1c4e6697df14b55ea39a2,SOURCE_UNVERIFIED
GEN-7557AAA681FCA6471E7300C6,MED-2026-W095,溴隐亭,Bromocriptine,WESTERN,MEDICATION,片剂：2.5mg,False,table:19/row:3;table:87/row:6,93dce79a72c7593ab5ebb1d0996ab24b4be801f56dc1c4e6697df14b55ea39a2,SOURCE_UNVERIFIED
GEN-FAC96B338EFAD7C1122FF565,MED-2026-W096,新斯的明,Neostigmine,WESTERN,MEDICATION,注射液： 1ml ∶0.5mg 、2ml ∶1mg、 4ml ∶2mg,False,table:19/row:5,93dce79a72c7593ab5ebb1d0996ab24b4be801f56dc1c4e6697df14b55ea39a2,SOURCE_UNVERIFIED
GEN-3B5D9539B3F703199434040D,MED-2026-W097,溴吡斯的明,Pyridostigmine Bromide,WESTERN,MEDICATION,片剂：60mg,False,table:19/row:6,93dce79a72c7593ab5ebb1d0996ab24b4be801f56dc1c4e6697df14b55ea39a2,SOURCE_UNVERIFIED
GEN-C1248689173155AAF9989807,MED-2026-W098,卡马西平,Carbamazepine,WESTERN,MEDICATION,"片剂：0. 1g 、0.2g
缓释片：0. 1g 、0.2g 、0.4g",False,table:19/row:8,93dce79a72c7593ab5ebb1d0996ab24b4be801f56dc1c4e6697df14b55ea39a2,SOURCE_UNVERIFIED
GEN-477BAB96C89076ACA2A468C2,MED-2026-W099,奥卡西平,Oxcarbazepine,WESTERN,MEDICATION,"片剂：0. 15g 、0.3g
混悬液：60mg/ml",False,table:19/row:9,93dce79a72c7593ab5ebb1d0996ab24b4be801f56dc1c4e6697df14b55ea39a2,SOURCE_UNVERIFIED
GEN-980317A02EE75CE04EC9671E,MED-2026-W100,丙戊酸钠,Sodium Valproate,WESTERN,MEDICATION,"片剂：0. 1g 、0.2g
缓释片：0.5g
口服溶液剂：300ml ∶12g
注射用浓溶液：3ml ∶0.3g、 4ml ∶0.4g 、5ml ∶0.5g",False,table:19/row:10,93dce79a72c7593ab5ebb1d0996ab24b4be801f56dc1c4e6697df14b55ea39a2,SOURCE_UNVERIFIED
GEN-EAACB3FBE0A5F1CCCF386846,MED-2026-W101,苯妥英钠,Phenytoin Sodium,WESTERN,MEDICATION,片剂：50mg 、100mg,False,table:19/row:11,93dce79a72c7593ab5ebb1d0996ab24b4be801f56dc1c4e6697df14b55ea39a2,SOURCE_UNVERIFIED
GEN-9CC410FDB7EB885BC8034982,MED-2026-W102,苯巴比妥,Phenobarbital,WESTERN,MEDICATION,"片剂： 15mg 、30mg 、100mg
注射液： 1ml ∶0. 1g 、2ml ∶0.2g
注射用无菌粉末：0. 1g",False,table:20/row:2,93dce79a72c7593ab5ebb1d0996ab24b4be801f56dc1c4e6697df14b55ea39a2,SOURCE_UNVERIFIED
GEN-C85969E9B46F0349191AFB82,MED-2026-W103,拉莫三嗪,Lamotrigine,WESTERN,MEDICATION,"片剂：25mg 、50mg 、100mg
分散片：25mg 、50mg",False,table:20/row:3,93dce79a72c7593ab5ebb1d0996ab24b4be801f56dc1c4e6697df14b55ea39a2,SOURCE_UNVERIFIED
GEN-103153F5F91EAEB0A6C74424,MED-2026-W104,左乙拉西坦,Levetiracetam,WESTERN,MEDICATION,"片剂：0.25g 、0.5g
缓释片：0.5g 、0.75g
口服溶液剂： 100ml ∶10g、 150ml ∶15g 、300ml ∶30g 注射用浓溶液：5ml ∶0.5g",False,table:20/row:4,93dce79a72c7593ab5ebb1d0996ab24b4be801f56dc1c4e6697df14b55ea39a2,SOURCE_UNVERIFIED
GEN-D2DBBB228BCC4023F612EA89,MED-2026-W105,尼莫地平,Nimodipine,WESTERN,MEDICATION,"片剂、胶囊：20mg 、30mg
注射液：50ml ∶10mg",False,table:20/row:6,93dce79a72c7593ab5ebb1d0996ab24b4be801f56dc1c4e6697df14b55ea39a2,SOURCE_UNVERIFIED
GEN-3CA294946DF1673A55C04BC1,MED-2026-W106,甘露醇,Mannitol,WESTERN,MEDICATION,"注射液：50ml ∶10g 、 100ml ∶20g、 250ml ∶50g
注射液：3000ml ∶150g（冲洗用）",False,table:20/row:7,93dce79a72c7593ab5ebb1d0996ab24b4be801f56dc1c4e6697df14b55ea39a2,SOURCE_UNVERIFIED
GEN-806B2EA45A38623414AA815B,MED-2026-W107,倍他司汀,Betahistine,WESTERN,MEDICATION,"（盐酸盐）片剂：4mg
（甲磺酸盐）片剂：6mg",False,table:20/row:8,93dce79a72c7593ab5ebb1d0996ab24b4be801f56dc1c4e6697df14b55ea39a2,SOURCE_UNVERIFIED
GEN-27DEB5993BF8271F9C31ECAE,MED-2026-W108,氟桂利嗪,Flunarizine,WESTERN,MEDICATION,片剂、胶囊：5mg,False,table:21/row:2,93dce79a72c7593ab5ebb1d0996ab24b4be801f56dc1c4e6697df14b55ea39a2,SOURCE_UNVERIFIED
GEN-E1EF162F102CB1FEBA56D7D3,MED-2026-W109,丁苯酞,Butylphthalide,WESTERN,MEDICATION,"软胶囊：0. 1g
氯化钠注射液： 100ml ∶25mg",True,table:21/row:3,93dce79a72c7593ab5ebb1d0996ab24b4be801f56dc1c4e6697df14b55ea39a2,SOURCE_UNVERIFIED
GEN-10F0C526363C58DDD6E0F057,MED-2026-W110,依达拉奉右莰醇,Edaravone and Dexborneol,WESTERN,MEDICATION,注射用浓溶液：5ml：依达拉奉10mg 与右莰醇 2.5mg,True,table:21/row:4,93dce79a72c7593ab5ebb1d0996ab24b4be801f56dc1c4e6697df14b55ea39a2,SOURCE_UNVERIFIED
GEN-03CED21546B41E7848AEEFFA,MED-2026-W111,胞磷胆碱钠,Citicoline Sodium,WESTERN,MEDICATION,注射液：2ml ∶0.25g 、4ml ∶0.5g,False,table:21/row:6,93dce79a72c7593ab5ebb1d0996ab24b4be801f56dc1c4e6697df14b55ea39a2,SOURCE_UNVERIFIED
GEN-FFCBC8A3E5132A9A638CFC49,MED-2026-W112,尼可刹米,Nikethamide,WESTERN,MEDICATION,注射液： 1.5ml ∶0.375g 、2ml ∶0.5g,False,table:21/row:7,93dce79a72c7593ab5ebb1d0996ab24b4be801f56dc1c4e6697df14b55ea39a2,SOURCE_UNVERIFIED
GEN-7270DDBF097B016FA8C73820,MED-2026-W113,洛贝林,Lobeline,WESTERN,MEDICATION,注射液： 1ml ∶3mg 、1ml ∶10mg,False,table:21/row:8,93dce79a72c7593ab5ebb1d0996ab24b4be801f56dc1c4e6697df14b55ea39a2,SOURCE_UNVERIFIED
GEN-A1D115560163C2BCD1059704,MED-2026-W114,石杉碱甲,HuperzineA,WESTERN,MEDICATION,片剂、胶囊：50μg,False,table:21/row:10,93dce79a72c7593ab5ebb1d0996ab24b4be801f56dc1c4e6697df14b55ea39a2,SOURCE_UNVERIFIED
GEN-E1314BF9488E1E9804C3CA4E,MED-2026-W115,多奈哌齐,Donepezil,WESTERN,MEDICATION,"片剂：5mg 、10mg
分散片：5mg
口崩片：5mg",False,table:21/row:11,93dce79a72c7593ab5ebb1d0996ab24b4be801f56dc1c4e6697df14b55ea39a2,SOURCE_UNVERIFIED
GEN-9C627EF326C903CF7D444EF9,MED-2026-W116,奋乃静,Perphenazine,WESTERN,MEDICATION,"片剂：2mg 、4mg
注射液： 1ml ∶5mg",True,table:22/row:3,93dce79a72c7593ab5ebb1d0996ab24b4be801f56dc1c4e6697df14b55ea39a2,SOURCE_UNVERIFIED
GEN-F0DD223FF45F22F0DF8C4393,MED-2026-W117,氯丙嗪,Chlorpromazine,WESTERN,MEDICATION,"片剂： 12.5mg 、25mg 、50mg
注射液： 1ml ∶10mg 、1ml ∶25mg、 2ml ∶50mg",False,table:22/row:4,93dce79a72c7593ab5ebb1d0996ab24b4be801f56dc1c4e6697df14b55ea39a2,SOURCE_UNVERIFIED
GEN-56FF0D0C7990F6F76F1B4249,MED-2026-W118,氟哌啶醇,Haloperidol,WESTERN,MEDICATION,"片剂：2mg 、4mg
注射液： 1ml ∶5mg",True,table:22/row:5,93dce79a72c7593ab5ebb1d0996ab24b4be801f56dc1c4e6697df14b55ea39a2,SOURCE_UNVERIFIED
GEN-7DBC5F6A04BA821DC5B28842,MED-2026-W119,舒必利,Sulpiride,WESTERN,MEDICATION,片剂： 10mg 、50mg 、100mg,False,table:22/row:6,93dce79a72c7593ab5ebb1d0996ab24b4be801f56dc1c4e6697df14b55ea39a2,SOURCE_UNVERIFIED
GEN-7430CC0AF661FD82B0BE806F,MED-2026-W120,氨磺必利,Amisulpride,WESTERN,MEDICATION,片剂：50mg 、200mg,True,table:22/row:7,93dce79a72c7593ab5ebb1d0996ab24b4be801f56dc1c4e6697df14b55ea39a2,SOURCE_UNVERIFIED
GEN-518D2D5824CAF5441EC43062,MED-2026-W121,癸氟奋乃静,Fluphenazine Decanoate,WESTERN,MEDICATION,注射液： 1ml ∶25mg,True,table:22/row:8,93dce79a72c7593ab5ebb1d0996ab24b4be801f56dc1c4e6697df14b55ea39a2,SOURCE_UNVERIFIED
GEN-84064FE0E7F3333C76E5283E,MED-2026-W122,氯氮平,Clozapine,WESTERN,MEDICATION,"片剂：25mg 、50mg
口崩片：25mg 、100mg",True,table:22/row:9,93dce79a72c7593ab5ebb1d0996ab24b4be801f56dc1c4e6697df14b55ea39a2,SOURCE_UNVERIFIED
GEN-2287E8B1F630DEFA6A396491,MED-2026-W123,奥氮平,Olanzapine,WESTERN,MEDICATION,"片剂：5mg 、10mg
口崩片：5mg",True,table:22/row:10,93dce79a72c7593ab5ebb1d0996ab24b4be801f56dc1c4e6697df14b55ea39a2,SOURCE_UNVERIFIED
GEN-D1169E5B9AD74BF0DDE44FAC,MED-2026-W124,利培酮,Risperidone,WESTERN,MEDICATION,"片剂： 1mg 、2mg
口崩片： 1mg
口服溶液剂：0.1%",True,table:23/row:2,93dce79a72c7593ab5ebb1d0996ab24b4be801f56dc1c4e6697df14b55ea39a2,SOURCE_UNVERIFIED
GEN-F30D146391E587A99E0C7FD2,MED-2026-W125,帕利哌酮,Paliperidone,WESTERN,MEDICATION,"缓释片：3mg 、6mg 、9mg
（棕榈酸酯）注射液：0.75ml ∶75mg、 1.0ml ∶100mg 、1.5ml ∶150mg",True,table:23/row:3,93dce79a72c7593ab5ebb1d0996ab24b4be801f56dc1c4e6697df14b55ea39a2,SOURCE_UNVERIFIED
GEN-F9E143D66FAAAC2D8CABFC90,MED-2026-W126,喹硫平,Quetiapine,WESTERN,MEDICATION,片剂：25mg 、100mg,True,table:23/row:4,93dce79a72c7593ab5ebb1d0996ab24b4be801f56dc1c4e6697df14b55ea39a2,SOURCE_UNVERIFIED
GEN-C90F59B131D88A1451AAC253,MED-2026-W127,阿立哌唑,Aripiprazole,WESTERN,MEDICATION,片剂、口崩片：5mg 、10mg,True,table:23/row:5,93dce79a72c7593ab5ebb1d0996ab24b4be801f56dc1c4e6697df14b55ea39a2,SOURCE_UNVERIFIED
GEN-97137E2A04D9475BA8D64619,MED-2026-W128,五氟利多,Penfluridol,WESTERN,MEDICATION,片剂：20mg,True,table:23/row:6,93dce79a72c7593ab5ebb1d0996ab24b4be801f56dc1c4e6697df14b55ea39a2,SOURCE_UNVERIFIED
GEN-EE4682084D814585F77C150D,MED-2026-W129,鲁拉西酮,Lurasidone,WESTERN,MEDICATION,片剂：20mg 、40mg 、80mg,True,table:23/row:7,93dce79a72c7593ab5ebb1d0996ab24b4be801f56dc1c4e6697df14b55ea39a2,SOURCE_UNVERIFIED
GEN-F0BE0E13C28F21B87C656500,MED-2026-W130,帕罗西汀,Paroxetine,WESTERN,MEDICATION,"片剂：20mg
肠溶缓释片：12.5mg、25mg、37.5mg",True,table:23/row:9,93dce79a72c7593ab5ebb1d0996ab24b4be801f56dc1c4e6697df14b55ea39a2,SOURCE_UNVERIFIED
GEN-482E8D049A05CFC4276DCC01,MED-2026-W131,氟西汀,Fluoxetine,WESTERN,MEDICATION,"片剂： 10mg
胶囊：20mg
分散片：20mg",True,table:23/row:10,93dce79a72c7593ab5ebb1d0996ab24b4be801f56dc1c4e6697df14b55ea39a2,SOURCE_UNVERIFIED
GEN-DF3CE427215E37E0A3924741,MED-2026-W132,阿米替林,Amitriptyline,WESTERN,MEDICATION,片剂：25mg,False,table:24/row:2,93dce79a72c7593ab5ebb1d0996ab24b4be801f56dc1c4e6697df14b55ea39a2,SOURCE_UNVERIFIED
GEN-01C44E84EBA0E29A27E38940,MED-2026-W133,多塞平,Doxepin,WESTERN,MEDICATION,片剂：25mg,True,table:24/row:3,93dce79a72c7593ab5ebb1d0996ab24b4be801f56dc1c4e6697df14b55ea39a2,SOURCE_UNVERIFIED
GEN-A52E19D7D38A6169D75D7FF7,MED-2026-W134,米氮平,Mirtazapine,WESTERN,MEDICATION,片剂： 15mg 、30mg,True,table:24/row:4,93dce79a72c7593ab5ebb1d0996ab24b4be801f56dc1c4e6697df14b55ea39a2,SOURCE_UNVERIFIED
GEN-56B86B3A79C96B4BD681F6A1,MED-2026-W135,氯米帕明,Clomipramine,WESTERN,MEDICATION,"片剂： 10mg 、25mg
注射液：2ml ∶25mg",True,table:24/row:5,93dce79a72c7593ab5ebb1d0996ab24b4be801f56dc1c4e6697df14b55ea39a2,SOURCE_UNVERIFIED
GEN-5E62CA31381BADF07BB8068A,MED-2026-W136,艾司西酞普兰,Escitalopram,WESTERN,MEDICATION,片剂：5mg 、10mg 、20mg,True,table:24/row:6,93dce79a72c7593ab5ebb1d0996ab24b4be801f56dc1c4e6697df14b55ea39a2,SOURCE_UNVERIFIED
GEN-6F53B9688A6058B67E5D6675,MED-2026-W137,文拉法辛,Venlafaxine,WESTERN,MEDICATION,"片剂、胶囊：25mg 、50mg
缓释片：75mg
缓释胶囊：75mg 、150mg",True,table:24/row:7,93dce79a72c7593ab5ebb1d0996ab24b4be801f56dc1c4e6697df14b55ea39a2,SOURCE_UNVERIFIED
GEN-A7C60A8FE4EDAD961B1190C6,MED-2026-W138,舍曲林,Sertraline,WESTERN,MEDICATION,"片剂：25mg 、50mg 、100mg
胶囊：50mg",True,table:24/row:8,93dce79a72c7593ab5ebb1d0996ab24b4be801f56dc1c4e6697df14b55ea39a2,SOURCE_UNVERIFIED
GEN-FEA6EDFDC330A23D13CCC7D4,MED-2026-W139,地西泮,Diazepam,WESTERN,MEDICATION,"片剂：2.5mg 、5mg
注射液：2ml ∶10mg",True,table:24/row:10;table:25/row:10,93dce79a72c7593ab5ebb1d0996ab24b4be801f56dc1c4e6697df14b55ea39a2,SOURCE_UNVERIFIED
GEN-5FE0DB24AADD3EF28E24F44C,MED-2026-W140,氯硝西泮,Clonazepam,WESTERN,MEDICATION,片剂：0.5mg 、2mg,True,table:24/row:11,93dce79a72c7593ab5ebb1d0996ab24b4be801f56dc1c4e6697df14b55ea39a2,SOURCE_UNVERIFIED
GEN-BCDAB662BA8B2BA8D4439298,MED-2026-W141,劳拉西泮,Lorazepam,WESTERN,MEDICATION,片剂：0.5mg 、1mg,False,table:25/row:2,93dce79a72c7593ab5ebb1d0996ab24b4be801f56dc1c4e6697df14b55ea39a2,SOURCE_UNVERIFIED
GEN-134B29731165D40F54B78803,MED-2026-W142,艾司唑仑,Estazolam,WESTERN,MEDICATION,片剂： 1mg 、2mg,False,table:25/row:3,93dce79a72c7593ab5ebb1d0996ab24b4be801f56dc1c4e6697df14b55ea39a2,SOURCE_UNVERIFIED
GEN-C7BE213C954C1F5E525D9B2B,MED-2026-W143,阿普唑仑,Alprazolam,WESTERN,MEDICATION,片剂：0.4mg,False,table:25/row:4,93dce79a72c7593ab5ebb1d0996ab24b4be801f56dc1c4e6697df14b55ea39a2,SOURCE_UNVERIFIED
GEN-22B59A77E03AA07506CFD307,MED-2026-W144,坦度螺酮,Tandospirone,WESTERN,MEDICATION,片剂、胶囊：5mg 、10mg,False,table:25/row:5,93dce79a72c7593ab5ebb1d0996ab24b4be801f56dc1c4e6697df14b55ea39a2,SOURCE_UNVERIFIED
GEN-D3C4425615F1C03F3F4C362D,MED-2026-W145,丁螺环酮,Buspirone,WESTERN,MEDICATION,片剂：5mg,False,table:25/row:6,93dce79a72c7593ab5ebb1d0996ab24b4be801f56dc1c4e6697df14b55ea39a2,SOURCE_UNVERIFIED
GEN-68F8304A1BB95EDBCE7AC18B,MED-2026-W146,碳酸锂,Lithium Carbonate,WESTERN,MEDICATION,"片剂：0.25g
缓释片：0.3g",True,table:25/row:8,93dce79a72c7593ab5ebb1d0996ab24b4be801f56dc1c4e6697df14b55ea39a2,SOURCE_UNVERIFIED
GEN-210D15BD56F6E3C5BB19D673,MED-2026-W147,佐匹克隆,Zopiclone,WESTERN,MEDICATION,片剂：3.75mg 、7.5mg,False,table:25/row:11,93dce79a72c7593ab5ebb1d0996ab24b4be801f56dc1c4e6697df14b55ea39a2,SOURCE_UNVERIFIED
GEN-3EC4AE35DF90E5B078ABC126,MED-2026-W148,右佐匹克隆,Dexzopiclone,WESTERN,MEDICATION,片剂： 1mg 、2mg 、3mg,False,table:25/row:12,93dce79a72c7593ab5ebb1d0996ab24b4be801f56dc1c4e6697df14b55ea39a2,SOURCE_UNVERIFIED
GEN-ACA61FEF69DE7BB9187A1F31,MED-2026-W149,咪达唑仑,Midazolam,WESTERN,MEDICATION,"片剂： 15mg
口服溶液剂：0.2%
注射液： 1ml ∶5mg 、2ml ∶10mg",True,table:26/row:2,93dce79a72c7593ab5ebb1d0996ab24b4be801f56dc1c4e6697df14b55ea39a2,SOURCE_UNVERIFIED
GEN-DEA76DFB17759B65F826EF8E,MED-2026-W150,唑吡坦,Zolpidem,WESTERN,MEDICATION,片剂：5mg 、10mg,True,table:26/row:3,93dce79a72c7593ab5ebb1d0996ab24b4be801f56dc1c4e6697df14b55ea39a2,SOURCE_UNVERIFIED
GEN-EF24BEDFBDFAC76816AD8DE3,MED-2026-W151,硝酸甘油,Nitroglycerin,WESTERN,MEDICATION,"片剂：0.5mg
舌下片：0.6mg
注射液： 1ml ∶5mg",False,table:27/row:3,93dce79a72c7593ab5ebb1d0996ab24b4be801f56dc1c4e6697df14b55ea39a2,SOURCE_UNVERIFIED
GEN-07B363F549E88A2406DA8881,MED-2026-W152,硝酸异山梨酯,Isosorbide Dinitrate,WESTERN,MEDICATION,"片剂：5mg
注射液： 10ml ∶10mg
氯化钠注射液、葡萄糖注射液： 100ml ∶10mg",False,table:27/row:4,93dce79a72c7593ab5ebb1d0996ab24b4be801f56dc1c4e6697df14b55ea39a2,SOURCE_UNVERIFIED
GEN-06D2AA76D72B26E8EF033795,MED-2026-W153,单硝酸异山梨酯,Isosorbide Mononitrate,WESTERN,MEDICATION,"片剂： 10mg 、20mg
缓释片：30mg、40mg、50mg、60mg
缓释胶囊：40mg 、50mg
注射液： 1ml ∶10mg 、5ml ∶20mg",False,table:27/row:5,93dce79a72c7593ab5ebb1d0996ab24b4be801f56dc1c4e6697df14b55ea39a2,SOURCE_UNVERIFIED
GEN-5646F68DB7DBB93FF09CE23B,MED-2026-W154,硝苯地平,Nifedipine,WESTERN,MEDICATION,片剂：5mg 、10mg,False,table:28/row:2;table:31/row:5,93dce79a72c7593ab5ebb1d0996ab24b4be801f56dc1c4e6697df14b55ea39a2,SOURCE_UNVERIFIED
GEN-2408041D46C6F19A70B0C6F7,MED-2026-W155,地尔硫䓬,Diltiazem,WESTERN,MEDICATION,"片剂：30mg
缓释胶囊：90mg",False,table:28/row:3,93dce79a72c7593ab5ebb1d0996ab24b4be801f56dc1c4e6697df14b55ea39a2,SOURCE_UNVERIFIED
GEN-B4BB9E34A91FFCAA2228A339,MED-2026-W156,尼可地尔,Nicorandil,WESTERN,MEDICATION,片剂：5mg,False,table:28/row:4,93dce79a72c7593ab5ebb1d0996ab24b4be801f56dc1c4e6697df14b55ea39a2,SOURCE_UNVERIFIED
GEN-11DBA5133793325A9D816B5F,MED-2026-W157,曲美他嗪,Trimetazidine,WESTERN,MEDICATION,"片剂：20mg
缓释片：35mg",False,table:28/row:5,93dce79a72c7593ab5ebb1d0996ab24b4be801f56dc1c4e6697df14b55ea39a2,SOURCE_UNVERIFIED
GEN-D0DDD4B10354CE7A9022A77C,MED-2026-W158,美西律,Mexiletine,WESTERN,MEDICATION,片剂：50mg 、100mg,False,table:28/row:7,93dce79a72c7593ab5ebb1d0996ab24b4be801f56dc1c4e6697df14b55ea39a2,SOURCE_UNVERIFIED
GEN-E0B42536A12E23FEB82E8996,MED-2026-W159,普罗帕酮,Propafenone,WESTERN,MEDICATION,"片剂：50mg 、100mg 、150mg
注射液： 10ml ∶35mg 、20ml ∶70mg",False,table:28/row:8,93dce79a72c7593ab5ebb1d0996ab24b4be801f56dc1c4e6697df14b55ea39a2,SOURCE_UNVERIFIED
GEN-1A841928F7D56B3895ED60EF,MED-2026-W160,普萘洛尔,Propranolol,WESTERN,MEDICATION,片剂： 10mg,False,table:28/row:9,93dce79a72c7593ab5ebb1d0996ab24b4be801f56dc1c4e6697df14b55ea39a2,SOURCE_UNVERIFIED
GEN-56F6020A4267E88AAD991CE7,MED-2026-W161,阿替洛尔,Atenolol,WESTERN,MEDICATION,片剂： 12.5mg 、25mg 、50mg,False,table:28/row:10,93dce79a72c7593ab5ebb1d0996ab24b4be801f56dc1c4e6697df14b55ea39a2,SOURCE_UNVERIFIED
GEN-FD0D4D2439E8F843E0C297C7,MED-2026-W162,美托洛尔,Metoprolol,WESTERN,MEDICATION,"（酒石酸盐）片剂：25mg 、50mg （琥珀酸盐）缓释（片、胶囊）：
47.5mg
（酒石酸盐）注射液：5ml ∶5mg",False,table:28/row:11,93dce79a72c7593ab5ebb1d0996ab24b4be801f56dc1c4e6697df14b55ea39a2,SOURCE_UNVERIFIED
GEN-3CFC7D31839039B8B68CC569,MED-2026-W163,艾司洛尔,Esmolol,WESTERN,MEDICATION,注射液： 1ml ∶0. 1g 、2ml ∶0.2g、 10ml ∶0.1g,False,table:29/row:2,93dce79a72c7593ab5ebb1d0996ab24b4be801f56dc1c4e6697df14b55ea39a2,SOURCE_UNVERIFIED
GEN-92D9F261D3104BE290751749,MED-2026-W164,索他洛尔,Sotalol,WESTERN,MEDICATION,片剂：80mg,False,table:29/row:3,93dce79a72c7593ab5ebb1d0996ab24b4be801f56dc1c4e6697df14b55ea39a2,SOURCE_UNVERIFIED
GEN-542B8A7AE6ABDAEBAC81B2CE,MED-2026-W165,胺碘酮,Amiodarone,WESTERN,MEDICATION,"片剂：0.2g
注射液：2ml ∶0. 15g 、3ml ∶0. 15g",False,table:29/row:4,93dce79a72c7593ab5ebb1d0996ab24b4be801f56dc1c4e6697df14b55ea39a2,SOURCE_UNVERIFIED
GEN-744F38F0A7953F4F65FF046A,MED-2026-W166,维拉帕米,Verapamil,WESTERN,MEDICATION,"片剂：40mg
注射液：2ml ∶5mg",False,table:29/row:5,93dce79a72c7593ab5ebb1d0996ab24b4be801f56dc1c4e6697df14b55ea39a2,SOURCE_UNVERIFIED
GEN-A243973185FE2846BD682DF1,MED-2026-W167,伊布利特,Ibutilide,WESTERN,MEDICATION,注射液： 10ml ∶1mg,True,table:29/row:6,93dce79a72c7593ab5ebb1d0996ab24b4be801f56dc1c4e6697df14b55ea39a2,SOURCE_UNVERIFIED
GEN-1C15D6E4487C56ECD5852BAB,MED-2026-W168,莫雷西嗪,Moracizine,WESTERN,MEDICATION,片剂：50mg,False,table:29/row:7,93dce79a72c7593ab5ebb1d0996ab24b4be801f56dc1c4e6697df14b55ea39a2,SOURCE_UNVERIFIED
GEN-14E35F7ED4A5EEF70DD71E4D,MED-2026-W169,地高辛,Digoxin,WESTERN,MEDICATION,"片剂：0.25mg
口服溶液剂： 10ml ∶0.5mg、 30ml ∶1.5mg 、50ml ∶2.5mg、 100ml ∶5mg
注射液：2ml ∶0.5mg",True,table:29/row:9,93dce79a72c7593ab5ebb1d0996ab24b4be801f56dc1c4e6697df14b55ea39a2,SOURCE_UNVERIFIED
GEN-A6B1C892E4919D6AD3752A35,MED-2026-W170,去乙酰毛花苷,Deslanoside,WESTERN,MEDICATION,注射液：2ml ∶0.4mg,False,table:29/row:10,93dce79a72c7593ab5ebb1d0996ab24b4be801f56dc1c4e6697df14b55ea39a2,SOURCE_UNVERIFIED
GEN-8F4567A2994BE943392BD9E7,MED-2026-W171,伊伐布雷定,Ivabradine,WESTERN,MEDICATION,片剂：5mg 、7.5mg,False,table:29/row:11,93dce79a72c7593ab5ebb1d0996ab24b4be801f56dc1c4e6697df14b55ea39a2,SOURCE_UNVERIFIED
GEN-39C9D8C08B7F10CD235AB9B3,MED-2026-W172,米力农,Milrinone,WESTERN,MEDICATION,注射液：5ml ∶5mg 、10ml ∶10mg,True,table:30/row:2,93dce79a72c7593ab5ebb1d0996ab24b4be801f56dc1c4e6697df14b55ea39a2,SOURCE_UNVERIFIED
GEN-FA5054A6EFF6E5A38E7799BB,MED-2026-W173,卡托普利,Captopril,WESTERN,MEDICATION,片剂： 12.5mg 、25mg,False,table:30/row:4,93dce79a72c7593ab5ebb1d0996ab24b4be801f56dc1c4e6697df14b55ea39a2,SOURCE_UNVERIFIED
GEN-9F4279E3060B0AB9156005B3,MED-2026-W174,依那普利,Enalapril,WESTERN,MEDICATION,片剂：2.5mg 、5mg 、10mg,False,table:30/row:5,93dce79a72c7593ab5ebb1d0996ab24b4be801f56dc1c4e6697df14b55ea39a2,SOURCE_UNVERIFIED
GEN-20A39E26EF8E338CFA72EEA2,MED-2026-W175,赖诺普利,Lisinopril,WESTERN,MEDICATION,片剂、胶囊：5mg 、10mg,False,table:30/row:6,93dce79a72c7593ab5ebb1d0996ab24b4be801f56dc1c4e6697df14b55ea39a2,SOURCE_UNVERIFIED
GEN-BC5CFB714BC86A342392CA17,MED-2026-W176,培哚普利叔丁胺,Perindopril tert-Butylamine,WESTERN,MEDICATION,片剂：2mg 、4mg 、8mg,False,table:30/row:7,93dce79a72c7593ab5ebb1d0996ab24b4be801f56dc1c4e6697df14b55ea39a2,SOURCE_UNVERIFIED
GEN-6C94E3AE2CEF6A260BABEEE3,MED-2026-W177,缬沙坦,Valsartan,WESTERN,MEDICATION,片剂、胶囊：80mg,False,table:30/row:8,93dce79a72c7593ab5ebb1d0996ab24b4be801f56dc1c4e6697df14b55ea39a2,SOURCE_UNVERIFIED
GEN-C1BB7B221779B7E637D99732,MED-2026-W178,替米沙坦,Telmisartan,WESTERN,MEDICATION,"片剂：20mg 、40mg 、80mg
胶囊：40mg",False,table:30/row:9,93dce79a72c7593ab5ebb1d0996ab24b4be801f56dc1c4e6697df14b55ea39a2,SOURCE_UNVERIFIED
GEN-E745001D213E0F0A2310AB62,MED-2026-W179,厄贝沙坦,Irbesartan,WESTERN,MEDICATION,"片剂：0.075g 、0. 15g
分散片：0. 15g",False,table:30/row:10,93dce79a72c7593ab5ebb1d0996ab24b4be801f56dc1c4e6697df14b55ea39a2,SOURCE_UNVERIFIED
GEN-93DDC985321F6C18019046B4,MED-2026-W180,缬沙坦氨氯地平,Valsartan and Amlodipine,WESTERN,MEDICATION,"片剂(Ⅰ)：每片含缬沙坦 80mg、氨氯地平 5mg
片剂(Ⅱ)：每片含缬沙坦 160mg、氨氯地平 5mg",False,table:30/row:11,93dce79a72c7593ab5ebb1d0996ab24b4be801f56dc1c4e6697df14b55ea39a2,SOURCE_UNVERIFIED
GEN-45EF8BF98494806C3694B837,MED-2026-W181,硝普钠,Sodium Nitroprusside,WESTERN,MEDICATION,注射用无菌粉末：50mg,False,table:31/row:2,93dce79a72c7593ab5ebb1d0996ab24b4be801f56dc1c4e6697df14b55ea39a2,SOURCE_UNVERIFIED
GEN-9707C8B408DADD542E6FB5A1,MED-2026-W182,硫酸镁,Magnesium Sulfate,WESTERN,MEDICATION,"注射液：2ml ∶1g 、10ml ∶1g、
10ml ∶2.5g 、10ml ∶5g 、20ml ∶10g",False,table:31/row:3,93dce79a72c7593ab5ebb1d0996ab24b4be801f56dc1c4e6697df14b55ea39a2,SOURCE_UNVERIFIED
GEN-3F0F8364C65D9719D019E131,MED-2026-W183,尼群地平,Nitrendipine,WESTERN,MEDICATION,片剂： 10mg,False,table:31/row:4,93dce79a72c7593ab5ebb1d0996ab24b4be801f56dc1c4e6697df14b55ea39a2,SOURCE_UNVERIFIED
GEN-B909C13B6EE606AA90AC0B1C,MED-2026-W184,非洛地平,Felodipine,WESTERN,MEDICATION,片剂、缓释片：2.5mg 、5mg,False,table:31/row:6,93dce79a72c7593ab5ebb1d0996ab24b4be801f56dc1c4e6697df14b55ea39a2,SOURCE_UNVERIFIED
GEN-A4F080992DF6FCF5D8137FD3,MED-2026-W185,氨氯地平,Amlodipine,WESTERN,MEDICATION,（苯磺酸盐、马来酸盐）片剂： 5mg,False,table:31/row:7,93dce79a72c7593ab5ebb1d0996ab24b4be801f56dc1c4e6697df14b55ea39a2,SOURCE_UNVERIFIED
GEN-BA62AE674A426A5E69D7C179,MED-2026-W186,左氨氯地平,Levamlodipine,WESTERN,MEDICATION,"（苯磺酸盐）片剂：2.5mg 、5mg
（马来酸盐）片剂：2.5mg",False,table:31/row:8,93dce79a72c7593ab5ebb1d0996ab24b4be801f56dc1c4e6697df14b55ea39a2,SOURCE_UNVERIFIED
GEN-3A15FE6D12E19F2B8EB26581,MED-2026-W187,比索洛尔,Bisoprolol,WESTERN,MEDICATION,片剂：2.5mg 、5mg,False,table:31/row:9,93dce79a72c7593ab5ebb1d0996ab24b4be801f56dc1c4e6697df14b55ea39a2,SOURCE_UNVERIFIED
GEN-6252300DFF6C29065F556FF9,MED-2026-W188,拉贝洛尔,Labetalol,WESTERN,MEDICATION,片剂：50mg 、100mg,False,table:31/row:10,93dce79a72c7593ab5ebb1d0996ab24b4be801f56dc1c4e6697df14b55ea39a2,SOURCE_UNVERIFIED
GEN-F26EC5A9F4DD3216D7B40167,MED-2026-W189,乌拉地尔,Urapidil,WESTERN,MEDICATION,"缓释（片剂、胶囊）：30mg
注射液：5ml ∶25mg 、10ml ∶50mg",False,table:31/row:11,93dce79a72c7593ab5ebb1d0996ab24b4be801f56dc1c4e6697df14b55ea39a2,SOURCE_UNVERIFIED
GEN-EECE29D64C1722B24BB03649,MED-2026-W190,吲达帕胺,Indapamide,WESTERN,MEDICATION,"片剂：2.5mg
缓释片： 1.5mg",False,table:32/row:2,93dce79a72c7593ab5ebb1d0996ab24b4be801f56dc1c4e6697df14b55ea39a2,SOURCE_UNVERIFIED
GEN-FDA82E4B1AAFC30D7B503B50,MED-2026-W191,酚妥拉明,Phentolamine,WESTERN,MEDICATION,"注射液： 1ml ∶10mg
注射用无菌粉末： 10mg",False,table:32/row:3,93dce79a72c7593ab5ebb1d0996ab24b4be801f56dc1c4e6697df14b55ea39a2,SOURCE_UNVERIFIED
GEN-836AF5783FB1FA939B0084A6,MED-2026-W192,哌唑嗪,Prazosin,WESTERN,MEDICATION,片剂： 1mg 、2mg,False,table:32/row:4,93dce79a72c7593ab5ebb1d0996ab24b4be801f56dc1c4e6697df14b55ea39a2,SOURCE_UNVERIFIED
GEN-DB29AB13747AE104CCCD7F56,MED-2026-W193,波生坦,Bosentan,WESTERN,MEDICATION,"片剂： 125mg
分散片：32mg",True,table:32/row:5,93dce79a72c7593ab5ebb1d0996ab24b4be801f56dc1c4e6697df14b55ea39a2,SOURCE_UNVERIFIED
GEN-1E13471803C7F39D4C5B454B,MED-2026-W194,肾上腺素,Epinephrine,WESTERN,MEDICATION,注射液： 1ml ∶1mg,False,table:32/row:7,93dce79a72c7593ab5ebb1d0996ab24b4be801f56dc1c4e6697df14b55ea39a2,SOURCE_UNVERIFIED
GEN-2C0B4CAAEEFA566EC1B763B1,MED-2026-W195,去甲肾上腺素,Norepinephrine,WESTERN,MEDICATION,注射液： 1ml ∶2mg 、2ml ∶10mg、 4ml ∶8mg,False,table:32/row:8,93dce79a72c7593ab5ebb1d0996ab24b4be801f56dc1c4e6697df14b55ea39a2,SOURCE_UNVERIFIED
GEN-8E6337F18C0AEA8496DECD5F,MED-2026-W196,异丙肾上腺素,Isoprenaline,WESTERN,MEDICATION,注射液：2ml ∶1mg,False,table:32/row:9,93dce79a72c7593ab5ebb1d0996ab24b4be801f56dc1c4e6697df14b55ea39a2,SOURCE_UNVERIFIED
GEN-8A3162406FBA3510B91BCC95,MED-2026-W197,间羟胺,Metaraminol,WESTERN,MEDICATION,注射液： 1ml ∶10mg 、5ml ∶50mg,False,table:32/row:10,93dce79a72c7593ab5ebb1d0996ab24b4be801f56dc1c4e6697df14b55ea39a2,SOURCE_UNVERIFIED
GEN-C15CF1314EDC4589830C60AE,MED-2026-W198,多巴胺,Dopamine,WESTERN,MEDICATION,注射液：2ml ∶20mg 、2.5ml ∶50mg、 5ml ∶100mg 、5ml ∶200mg,False,table:32/row:11,93dce79a72c7593ab5ebb1d0996ab24b4be801f56dc1c4e6697df14b55ea39a2,SOURCE_UNVERIFIED
GEN-EA921DBE0561139BD3980E61,MED-2026-W199,多巴酚丁胺,Dobutamine,WESTERN,MEDICATION,注射液：2ml ∶20mg 、5ml ∶100mg,False,table:33/row:2,93dce79a72c7593ab5ebb1d0996ab24b4be801f56dc1c4e6697df14b55ea39a2,SOURCE_UNVERIFIED
GEN-DFE15D2DE07F7BC3A26067B5,MED-2026-W200,辛伐他汀,Simvastatin,WESTERN,MEDICATION,片剂： 10mg 、20mg,False,table:33/row:4,93dce79a72c7593ab5ebb1d0996ab24b4be801f56dc1c4e6697df14b55ea39a2,SOURCE_UNVERIFIED
GEN-BAE6C360F1B9C138BCAF646D,MED-2026-W201,阿托伐他汀,Atorvastatin,WESTERN,MEDICATION,片剂： 10mg 、20mg,False,table:33/row:5,93dce79a72c7593ab5ebb1d0996ab24b4be801f56dc1c4e6697df14b55ea39a2,SOURCE_UNVERIFIED
GEN-01363C509A2A1801DFE89D7B,MED-2026-W202,瑞舒伐他汀,Rosuvastatin,WESTERN,MEDICATION,片剂、胶囊：5mg 、10mg 、20mg,False,table:33/row:6,93dce79a72c7593ab5ebb1d0996ab24b4be801f56dc1c4e6697df14b55ea39a2,SOURCE_UNVERIFIED
GEN-75D50C1E5F31E42942E9245D,MED-2026-W203,非诺贝特,Fenofibrate,WESTERN,MEDICATION,"片剂、分散片：0. 1g
胶囊：0. 1g 、0.2g",False,table:33/row:7,93dce79a72c7593ab5ebb1d0996ab24b4be801f56dc1c4e6697df14b55ea39a2,SOURCE_UNVERIFIED
GEN-E4E70C5FB30F26659EB3D80A,MED-2026-W204,依折麦布,Ezetimibe,WESTERN,MEDICATION,片剂： 10mg,False,table:33/row:8,93dce79a72c7593ab5ebb1d0996ab24b4be801f56dc1c4e6697df14b55ea39a2,SOURCE_UNVERIFIED
GEN-3B1C4E76FE512B18C7520AE4,MED-2026-W205,溴己新,Bromhexine,WESTERN,MEDICATION,"片剂：8mg
口服溶液剂：40ml ∶80mg
注射液：2ml ∶4mg",False,table:34/row:3,93dce79a72c7593ab5ebb1d0996ab24b4be801f56dc1c4e6697df14b55ea39a2,SOURCE_UNVERIFIED
GEN-EC69E72D3F9AF0B99315608F,MED-2026-W206,氨溴索,Ambroxol,WESTERN,MEDICATION,"片剂、分散片、胶囊：30mg
口服溶液剂：0.3% 、0.6%
吸入用溶液：2ml ∶15mg
注射液：2ml ∶15mg",False,table:35/row:2,93dce79a72c7593ab5ebb1d0996ab24b4be801f56dc1c4e6697df14b55ea39a2,SOURCE_UNVERIFIED
GEN-B3DF9951EE6ED1862BBD196D,MED-2026-W207,桉柠蒎,"Eucalyptol, Limonene and Pinene",WESTERN,MEDICATION,肠溶胶囊：0. 12g 、0.3g,False,table:35/row:3,93dce79a72c7593ab5ebb1d0996ab24b4be801f56dc1c4e6697df14b55ea39a2,SOURCE_UNVERIFIED
GEN-49DCE4DEE547515B3E62E454,MED-2026-W208,羧甲司坦,Carbocysteine,WESTERN,MEDICATION,"片剂：0. 1g 、0.25g
口服溶液剂：10ml ∶0.2g、10ml ∶0.5g",False,table:35/row:4,93dce79a72c7593ab5ebb1d0996ab24b4be801f56dc1c4e6697df14b55ea39a2,SOURCE_UNVERIFIED
GEN-D2BD9E04A0EF9DE146FC3F21,MED-2026-W209,乙酰半胱氨酸,Acetylcysteine,WESTERN,MEDICATION,"颗粒剂：0. 1g 、0.2g
泡腾片：0.6g
吸入用溶液：3ml ∶0.3g",False,table:35/row:5,93dce79a72c7593ab5ebb1d0996ab24b4be801f56dc1c4e6697df14b55ea39a2,SOURCE_UNVERIFIED
GEN-2265489EB8A1007FD1B18943,MED-2026-W210,复方甘草,Compound Liquorice,WESTERN,MEDICATION,片剂、口服溶液剂,False,table:35/row:7,93dce79a72c7593ab5ebb1d0996ab24b4be801f56dc1c4e6697df14b55ea39a2,SOURCE_UNVERIFIED
GEN-18AC7F95B83BA23AFF649A64,MED-2026-W211,喷托维林,Pentoxyverine,WESTERN,MEDICATION,片剂：25mg,False,table:35/row:8,93dce79a72c7593ab5ebb1d0996ab24b4be801f56dc1c4e6697df14b55ea39a2,SOURCE_UNVERIFIED
GEN-464C6E26479C82128FED6483,MED-2026-W212,可待因,Codeine,WESTERN,MEDICATION,片剂： 15mg 、30mg,True,table:35/row:9,93dce79a72c7593ab5ebb1d0996ab24b4be801f56dc1c4e6697df14b55ea39a2,SOURCE_UNVERIFIED
GEN-20B3A8F3E0F1E2D81C00555C,MED-2026-W213,右美沙芬,Dextromethorphan,WESTERN,MEDICATION,"片剂： 15mg
颗粒剂： 15mg
口服溶液剂： 10ml ∶15mg",True,table:36/row:2,93dce79a72c7593ab5ebb1d0996ab24b4be801f56dc1c4e6697df14b55ea39a2,SOURCE_UNVERIFIED
GEN-55A38CC6EC3F3415E0CEDE13,MED-2026-W214,复方甲氧那明,Compound Methoxyphenamine Hydrochloride,WESTERN,MEDICATION,胶囊：每粒含盐酸甲氧那明12.5mg、那可丁 7mg、氨茶碱 25mg、马来酸氯苯那敏 2mg,False,table:36/row:3,93dce79a72c7593ab5ebb1d0996ab24b4be801f56dc1c4e6697df14b55ea39a2,SOURCE_UNVERIFIED
GEN-23686B28D91A334E1F28E327,MED-2026-W215,氨茶碱,Aminophylline,WESTERN,MEDICATION,"片剂：0. 1g 、0.2g
缓释片：0. 1g
注射液：2ml ∶0.25g 、2ml ∶0.5g、 10ml ∶0.25g",False,table:36/row:5,93dce79a72c7593ab5ebb1d0996ab24b4be801f56dc1c4e6697df14b55ea39a2,SOURCE_UNVERIFIED
GEN-CE9BA6DBAB202696B925C926,MED-2026-W216,茶碱,Theophylline,WESTERN,MEDICATION,缓释片：0. 1g,False,table:36/row:6,93dce79a72c7593ab5ebb1d0996ab24b4be801f56dc1c4e6697df14b55ea39a2,SOURCE_UNVERIFIED
GEN-F2762F4FA8756D1BB2590E5E,MED-2026-W217,沙丁胺醇,Salbutamol,WESTERN,MEDICATION,"吸入气雾剂：200 揿：每揿 100μg、
200 揿：每揿 140μg
吸入用溶液：2.5ml ∶5mg",False,table:36/row:7,93dce79a72c7593ab5ebb1d0996ab24b4be801f56dc1c4e6697df14b55ea39a2,SOURCE_UNVERIFIED
GEN-5E4DA9ED9E2111E63A3C3845,MED-2026-W218,异丙托溴铵,Ipratropium Bromide,WESTERN,MEDICATION,"气雾剂： 14g∶8.4mg
吸入用溶液：2ml ∶0.5mg",False,table:36/row:8,93dce79a72c7593ab5ebb1d0996ab24b4be801f56dc1c4e6697df14b55ea39a2,SOURCE_UNVERIFIED
GEN-589CC38C70C69CD53C4AB5D7,MED-2026-W219,噻托溴铵,Tiotropium Bromide,WESTERN,MEDICATION,吸入粉雾剂： 18μg,False,table:36/row:9,93dce79a72c7593ab5ebb1d0996ab24b4be801f56dc1c4e6697df14b55ea39a2,SOURCE_UNVERIFIED
GEN-70E48CA8B7C46A82F3A300AC,MED-2026-W220,孟鲁司特,Montelukast,WESTERN,MEDICATION,"片剂： 10mg
咀嚼片：4mg 、5mg
颗粒剂：4mg
口溶膜：4mg 、5mg",False,table:37/row:2,93dce79a72c7593ab5ebb1d0996ab24b4be801f56dc1c4e6697df14b55ea39a2,SOURCE_UNVERIFIED
GEN-FC5E3B5205B16BBD093D698A,MED-2026-W221,丙酸氟替卡松,Fluticasone Propionate,WESTERN,MEDICATION,"吸入气雾剂：50μg/ 揿、 125μg/ 揿
雾化吸入用混悬液：2ml ∶0.5mg",False,table:37/row:3;table:84/row:6,93dce79a72c7593ab5ebb1d0996ab24b4be801f56dc1c4e6697df14b55ea39a2,SOURCE_UNVERIFIED
GEN-0355D166535B0F41421AA8B7,MED-2026-W222,布地奈德,Budesonide,WESTERN,MEDICATION,"吸入气雾剂：每瓶 100 揿，每揿含布地奈德 200μg；每瓶 200 揿，每揿含布地奈德 100μg
吸入粉雾剂：0. 1mg/ 吸；0.2mg； 200μg/ 吸，200 吸/ 支
雾化吸入用混悬液：2ml ∶1mg",False,table:37/row:4,93dce79a72c7593ab5ebb1d0996ab24b4be801f56dc1c4e6697df14b55ea39a2,SOURCE_UNVERIFIED
GEN-8F4542F3B9355492B2B6C997,MED-2026-W223,布地奈德福莫特罗,Budesonide and Formoterol,WESTERN,MEDICATION,"吸入粉雾剂：80μg/4.5μg/吸、
160μg/4.5μg/ 吸、320μg/9μg/ 吸",False,table:37/row:5,93dce79a72c7593ab5ebb1d0996ab24b4be801f56dc1c4e6697df14b55ea39a2,SOURCE_UNVERIFIED
GEN-267622E7229A240E9E6FD122,MED-2026-W224,茚达特罗格隆溴铵,Indacaterol and Glycopyrronium,WESTERN,MEDICATION,吸入粉雾剂： 110μg/50μg/ 粒,False,table:37/row:6,93dce79a72c7593ab5ebb1d0996ab24b4be801f56dc1c4e6697df14b55ea39a2,SOURCE_UNVERIFIED
GEN-EFB68156B94931EABA3DC826,MED-2026-W225,布地格福,"Budesonide, Glycopyrronium and Formoterol",WESTERN,MEDICATION,吸入气雾剂：每瓶 120 揿，每揿含布地奈德 160μg、格隆铵 7.2μg 和富马酸福莫特罗 4.8μg,False,table:37/row:7,93dce79a72c7593ab5ebb1d0996ab24b4be801f56dc1c4e6697df14b55ea39a2,SOURCE_UNVERIFIED
GEN-1F745D2F50DF3D11E3B7B9C9,MED-2026-W226,汉防己甲素,Tetrandrine,WESTERN,MEDICATION,"片剂：20mg
注射液：2ml ∶30mg",True,table:38/row:3,93dce79a72c7593ab5ebb1d0996ab24b4be801f56dc1c4e6697df14b55ea39a2,SOURCE_UNVERIFIED
GEN-99250E7CE013BE1231764060,MED-2026-W227,尼达尼布,Nintedanib,WESTERN,MEDICATION,软胶囊： 100mg 、150mg,True,table:38/row:4,93dce79a72c7593ab5ebb1d0996ab24b4be801f56dc1c4e6697df14b55ea39a2,SOURCE_UNVERIFIED
GEN-4B33C25B0B08B5A93CABD034,MED-2026-W228,复方氢氧化铝,Compound Aluminium Hydroxide,WESTERN,MEDICATION,片剂,False,table:39/row:3,93dce79a72c7593ab5ebb1d0996ab24b4be801f56dc1c4e6697df14b55ea39a2,SOURCE_UNVERIFIED
GEN-CEF6CC33E3B35CD0DCBF5874,MED-2026-W229,雷尼替丁,Ranitidine,WESTERN,MEDICATION,"片剂、胶囊：0. 15g
注射液：2ml ∶50mg",False,table:39/row:4,93dce79a72c7593ab5ebb1d0996ab24b4be801f56dc1c4e6697df14b55ea39a2,SOURCE_UNVERIFIED
GEN-C302C1413600A963F176B807,MED-2026-W230,法莫替丁,Famotidine,WESTERN,MEDICATION,"片剂、胶囊：20mg
注射液：2ml ∶20mg
注射用无菌粉末：20mg",False,table:39/row:5,93dce79a72c7593ab5ebb1d0996ab24b4be801f56dc1c4e6697df14b55ea39a2,SOURCE_UNVERIFIED
GEN-6911CD83952C5C0D4EBF0448,MED-2026-W231,奥美拉唑,Omeprazole,WESTERN,MEDICATION,"肠溶（片剂、胶囊）：10mg、20mg
注射用无菌粉末：40mg",False,table:39/row:6,93dce79a72c7593ab5ebb1d0996ab24b4be801f56dc1c4e6697df14b55ea39a2,SOURCE_UNVERIFIED
GEN-0E1DD86CE060FE62F1529D5C,MED-2026-W232,艾司奥美拉唑,Esomeprazole,WESTERN,MEDICATION,"肠溶（片剂、胶囊）：20mg
肠溶干混悬剂： 10mg 、20mg、 40mg
注射用无菌粉末：40mg",False,table:40/row:2,93dce79a72c7593ab5ebb1d0996ab24b4be801f56dc1c4e6697df14b55ea39a2,SOURCE_UNVERIFIED
GEN-5895A283237DAB893D09D467,MED-2026-W233,雷贝拉唑,Rabeprazole,WESTERN,MEDICATION,肠溶片： 10mg 、20mg,False,table:40/row:3,93dce79a72c7593ab5ebb1d0996ab24b4be801f56dc1c4e6697df14b55ea39a2,SOURCE_UNVERIFIED
GEN-3DB3713A37CFFBA4B44E4EC2,MED-2026-W234,枸橼酸铋钾,Bismuth Potassium Citrate,WESTERN,MEDICATION,"片剂、胶囊：0.3g（含 0. 11g 铋）
颗粒剂：每袋含 0.11g 铋",False,table:40/row:4,93dce79a72c7593ab5ebb1d0996ab24b4be801f56dc1c4e6697df14b55ea39a2,SOURCE_UNVERIFIED
GEN-EAEB4A326B53381369378689,MED-2026-W235,胶体果胶铋,Colloidal Bismuth Pectin,WESTERN,MEDICATION,"胶囊：50mg 、100mg（以铋计）
颗粒剂： 150mg（以铋计）",False,table:40/row:5,93dce79a72c7593ab5ebb1d0996ab24b4be801f56dc1c4e6697df14b55ea39a2,SOURCE_UNVERIFIED
GEN-E51DBD8C5D632C70C2E49C62,MED-2026-W236,铝碳酸镁,Hydrotalcite,WESTERN,MEDICATION,咀嚼片：0.5g,False,table:40/row:6,93dce79a72c7593ab5ebb1d0996ab24b4be801f56dc1c4e6697df14b55ea39a2,SOURCE_UNVERIFIED
GEN-B1CC07694B52228DE3C67E16,MED-2026-W237,乳酶生,Lactasin,WESTERN,MEDICATION,片剂：0. 15g 、0.3g,False,table:40/row:8,93dce79a72c7593ab5ebb1d0996ab24b4be801f56dc1c4e6697df14b55ea39a2,SOURCE_UNVERIFIED
GEN-1FD95764CADFD95D88929A1C,MED-2026-W238,胰酶,Pancreatin,WESTERN,MEDICATION,"肠溶片：300mg
肠溶胶囊： 150mg",False,table:40/row:9,93dce79a72c7593ab5ebb1d0996ab24b4be801f56dc1c4e6697df14b55ea39a2,SOURCE_UNVERIFIED
GEN-7C3A40542A1E4DA1E6F8A2C3,MED-2026-W239,山莨菪碱,Anisodamine,WESTERN,MEDICATION,"片剂（含消旋）：5mg 、10mg
注射液（含消旋）： 1ml ∶2mg、 1ml ∶10mg",False,table:40/row:11,93dce79a72c7593ab5ebb1d0996ab24b4be801f56dc1c4e6697df14b55ea39a2,SOURCE_UNVERIFIED
GEN-642A7F53DC1C27AA96E7846A,MED-2026-W240,阿托品,Atropine,WESTERN,MEDICATION,"片剂：0.3mg
注射液： 1ml ∶0.5mg 、1ml ∶1mg、 1ml ∶5mg 、2ml ∶1mg",False,table:41/row:2;table:82/row:11,93dce79a72c7593ab5ebb1d0996ab24b4be801f56dc1c4e6697df14b55ea39a2,SOURCE_UNVERIFIED
GEN-BC8E545B644173EC412AE341,MED-2026-W241,多潘立酮,Domperidone,WESTERN,MEDICATION,片剂： 10mg,False,table:41/row:3,93dce79a72c7593ab5ebb1d0996ab24b4be801f56dc1c4e6697df14b55ea39a2,SOURCE_UNVERIFIED
GEN-38349BBCD06CC913CF1C3455,MED-2026-W242,甲氧氯普胺,Metoclopramide,WESTERN,MEDICATION,"片剂：5mg
注射液： 1ml ∶10mg 、2ml ∶10mg",False,table:41/row:4,93dce79a72c7593ab5ebb1d0996ab24b4be801f56dc1c4e6697df14b55ea39a2,SOURCE_UNVERIFIED
GEN-ED26B599E65E7B6EBDDEA069,MED-2026-W243,莫沙必利,Mosapride,WESTERN,MEDICATION,片剂：5mg,False,table:41/row:5,93dce79a72c7593ab5ebb1d0996ab24b4be801f56dc1c4e6697df14b55ea39a2,SOURCE_UNVERIFIED
GEN-C8949911FD61C0FFBA2190ED,MED-2026-W244,匹维溴铵,Pinaverium Bromide,WESTERN,MEDICATION,片剂：50mg,False,table:41/row:6,93dce79a72c7593ab5ebb1d0996ab24b4be801f56dc1c4e6697df14b55ea39a2,SOURCE_UNVERIFIED
GEN-8634B19D758D74F43633BE40,MED-2026-W245,昂丹司琼,Ondansetron,WESTERN,MEDICATION,"片剂：4mg 、8mg
注射液：2ml ∶4mg 、4ml ∶8mg",False,table:41/row:8,93dce79a72c7593ab5ebb1d0996ab24b4be801f56dc1c4e6697df14b55ea39a2,SOURCE_UNVERIFIED
GEN-5AF69D50BD9712B21DCDE0E8,MED-2026-W246,开塞露,Enema,WESTERN,MEDICATION,灌肠剂（含甘油、山梨醇）,False,table:41/row:10,93dce79a72c7593ab5ebb1d0996ab24b4be801f56dc1c4e6697df14b55ea39a2,SOURCE_UNVERIFIED
GEN-B9D882DA5B2DE662CDEE3A97,MED-2026-W247,乳果糖,Lactulose,WESTERN,MEDICATION,"口服溶液剂： 15ml ∶10g、
100ml ∶66.7g 、200ml ∶133.4g",False,table:41/row:11,93dce79a72c7593ab5ebb1d0996ab24b4be801f56dc1c4e6697df14b55ea39a2,SOURCE_UNVERIFIED
GEN-3C54A9B6D9217848F61634CA,MED-2026-W248,洛哌丁胺,Loperamide,WESTERN,MEDICATION,胶囊：2mg,False,table:41/row:12,93dce79a72c7593ab5ebb1d0996ab24b4be801f56dc1c4e6697df14b55ea39a2,SOURCE_UNVERIFIED
GEN-EC10E79D2B4E3E53FC6842D4,MED-2026-W249,蒙脱石,Montmorillonite,WESTERN,MEDICATION,散剂：3g,False,table:42/row:2,93dce79a72c7593ab5ebb1d0996ab24b4be801f56dc1c4e6697df14b55ea39a2,SOURCE_UNVERIFIED
GEN-02A7717D645ED44B4A08EAF4,MED-2026-W250,聚乙二醇,Macrogol,WESTERN,MEDICATION,散剂,False,table:42/row:3,93dce79a72c7593ab5ebb1d0996ab24b4be801f56dc1c4e6697df14b55ea39a2,SOURCE_UNVERIFIED
GEN-3F6916E62477789CE3AF88CB,MED-2026-W251,精氨酸,Arginine,WESTERN,MEDICATION,注射液：20ml ∶5g,False,table:42/row:5,93dce79a72c7593ab5ebb1d0996ab24b4be801f56dc1c4e6697df14b55ea39a2,SOURCE_UNVERIFIED
GEN-66EFA02B3A098040A42F9467,MED-2026-W252,联苯双酯,Bifendate,WESTERN,MEDICATION,"片剂：25mg
滴丸剂： 1.5mg",False,table:42/row:6,93dce79a72c7593ab5ebb1d0996ab24b4be801f56dc1c4e6697df14b55ea39a2,SOURCE_UNVERIFIED
GEN-7EA3332B3D63A659033E7DD5,MED-2026-W253,甘草酸二铵,Diammonium Glycyrrhizinate,WESTERN,MEDICATION,胶囊：50mg,False,table:42/row:7,93dce79a72c7593ab5ebb1d0996ab24b4be801f56dc1c4e6697df14b55ea39a2,SOURCE_UNVERIFIED
GEN-01266E8BFAC0757B3E8932CB,MED-2026-W254,水飞蓟素,Silymarin,WESTERN,MEDICATION,"片剂：70mg
胶囊： 140mg",False,table:42/row:8,93dce79a72c7593ab5ebb1d0996ab24b4be801f56dc1c4e6697df14b55ea39a2,SOURCE_UNVERIFIED
GEN-830E4DED142EAB567838591D,MED-2026-W255,多烯磷脂酰胆碱,Polyene Phosphatidylcholine,WESTERN,MEDICATION,"胶囊：228mg
注射液：5ml ∶232.5mg",True,table:42/row:9,93dce79a72c7593ab5ebb1d0996ab24b4be801f56dc1c4e6697df14b55ea39a2,SOURCE_UNVERIFIED
GEN-A06B4DCE3AA5082FACD4D33E,MED-2026-W256,地衣芽孢杆菌活菌,"Bacillus Licheniformis, Live",WESTERN,MEDICATION,"胶囊：0.25g
颗粒剂：0.5g",False,table:42/row:11,93dce79a72c7593ab5ebb1d0996ab24b4be801f56dc1c4e6697df14b55ea39a2,SOURCE_UNVERIFIED
GEN-947ADBC27F938EBB72865480,MED-2026-W257,枯草杆菌二联活菌,Live Combined Bacillus Subtilis and Enterociccus Faecium,WESTERN,MEDICATION,肠溶胶囊：250mg,False,table:43/row:2,93dce79a72c7593ab5ebb1d0996ab24b4be801f56dc1c4e6697df14b55ea39a2,SOURCE_UNVERIFIED
GEN-8220C6480B43A614E245CEC8,MED-2026-W258,双歧杆菌三联活菌,Bifid Triple Viable,WESTERN,MEDICATION,胶囊、肠溶胶囊：0.21g,False,table:43/row:3,93dce79a72c7593ab5ebb1d0996ab24b4be801f56dc1c4e6697df14b55ea39a2,SOURCE_UNVERIFIED
GEN-DD20E41C119533ACE38D8A64,MED-2026-W259,双歧杆菌四联活菌,"Combined Bifidobacterium, Lactobacillus, Enterococcus and Bacillus Cereus, Live",WESTERN,MEDICATION,片剂：0.5g,False,table:43/row:4,93dce79a72c7593ab5ebb1d0996ab24b4be801f56dc1c4e6697df14b55ea39a2,SOURCE_UNVERIFIED
GEN-DE225E0740D6CD065C75856F,MED-2026-W260,熊去氧胆酸,UrsodeoxycholicAcid,WESTERN,MEDICATION,"片剂：50mg 、250mg
胶囊：250mg
混悬液：250ml ∶12.5g",False,table:43/row:6,93dce79a72c7593ab5ebb1d0996ab24b4be801f56dc1c4e6697df14b55ea39a2,SOURCE_UNVERIFIED
GEN-54DB75960CB425186D459A51,MED-2026-W261,柳氮磺吡啶,Sulfasalazine,WESTERN,MEDICATION,"肠溶片：0.25g
栓剂：0.5g",False,table:43/row:8,93dce79a72c7593ab5ebb1d0996ab24b4be801f56dc1c4e6697df14b55ea39a2,SOURCE_UNVERIFIED
GEN-5523F6E9754CD0B33B682273,MED-2026-W262,呋塞米,Furosemide,WESTERN,MEDICATION,"片剂：20mg
注射液：2ml ∶20mg",False,table:44/row:3,93dce79a72c7593ab5ebb1d0996ab24b4be801f56dc1c4e6697df14b55ea39a2,SOURCE_UNVERIFIED
GEN-FBCB192389E7980DAEEBDC83,MED-2026-W263,托拉塞米,Torasemide,WESTERN,MEDICATION,"片剂：5mg 、10mg 、20mg
注射液：2ml ∶10mg 、4ml ∶20mg",False,table:44/row:4,93dce79a72c7593ab5ebb1d0996ab24b4be801f56dc1c4e6697df14b55ea39a2,SOURCE_UNVERIFIED
GEN-8DE4C544F8897770427BD332,MED-2026-W264,氢氯噻嗪,Hydrochlorothiazide,WESTERN,MEDICATION,片剂：6.25mg 、10mg 、25mg,False,table:44/row:5,93dce79a72c7593ab5ebb1d0996ab24b4be801f56dc1c4e6697df14b55ea39a2,SOURCE_UNVERIFIED
GEN-30B9AC6648C031AEA6BBBBC7,MED-2026-W265,螺内酯,Spironolactone,WESTERN,MEDICATION,片剂： 12mg 、20mg,False,table:44/row:6,93dce79a72c7593ab5ebb1d0996ab24b4be801f56dc1c4e6697df14b55ea39a2,SOURCE_UNVERIFIED
GEN-D53B2602B78711DFAFE8970D,MED-2026-W266,氨苯蝶啶,Triamterene,WESTERN,MEDICATION,片剂：50mg,False,table:44/row:7,93dce79a72c7593ab5ebb1d0996ab24b4be801f56dc1c4e6697df14b55ea39a2,SOURCE_UNVERIFIED
GEN-C1387BB06E81BA78332052C7,MED-2026-W267,非奈利酮,Finerenone,WESTERN,MEDICATION,片剂： 10mg,False,table:44/row:8,93dce79a72c7593ab5ebb1d0996ab24b4be801f56dc1c4e6697df14b55ea39a2,SOURCE_UNVERIFIED
GEN-68A18E1A4193020B5BA5A66F,MED-2026-W268,甘油果糖,Glycerol Fructose,WESTERN,MEDICATION,氯化钠注射液：250ml 、500ml,False,table:44/row:9,93dce79a72c7593ab5ebb1d0996ab24b4be801f56dc1c4e6697df14b55ea39a2,SOURCE_UNVERIFIED
GEN-9D7A02FA66DBA12395A73685,MED-2026-W269,坦洛新(坦索罗辛),Tamsulosin,WESTERN,MEDICATION,缓释胶囊：0.2mg,False,table:44/row:11,93dce79a72c7593ab5ebb1d0996ab24b4be801f56dc1c4e6697df14b55ea39a2,SOURCE_UNVERIFIED
GEN-9819879562F207B463B921C4,MED-2026-W270,特拉唑嗪,Terazosin,WESTERN,MEDICATION,片剂、胶囊：2mg,False,table:45/row:2,93dce79a72c7593ab5ebb1d0996ab24b4be801f56dc1c4e6697df14b55ea39a2,SOURCE_UNVERIFIED
GEN-98C5B67E53DAC76CAF0A7EBB,MED-2026-W271,非那雄胺,Finasteride,WESTERN,MEDICATION,片剂、胶囊：5mg,False,table:45/row:3,93dce79a72c7593ab5ebb1d0996ab24b4be801f56dc1c4e6697df14b55ea39a2,SOURCE_UNVERIFIED
GEN-837685ED9A64CC3F7DAB8A2E,MED-2026-W272,腹膜透析液,Peritoneal Dialysis Solution,WESTERN,MEDICATION,注射液（腹腔用药）,False,table:45/row:5,93dce79a72c7593ab5ebb1d0996ab24b4be801f56dc1c4e6697df14b55ea39a2,SOURCE_UNVERIFIED
GEN-D7BD784FD9CD5B6E5E500AB7,MED-2026-W273,硫酸亚铁,Ferrous Sulfate,WESTERN,MEDICATION,"片剂：0.3g
缓释片：0.45g",False,table:46/row:3,93dce79a72c7593ab5ebb1d0996ab24b4be801f56dc1c4e6697df14b55ea39a2,SOURCE_UNVERIFIED
GEN-C509988C4D7D18090ABE6020,MED-2026-W274,右旋糖酐铁,Iron Dextran,WESTERN,MEDICATION,"口服溶液剂：5ml ∶25mg（Fe ）、 10ml ∶50mg（Fe）
注射液：2ml ∶50mg（Fe ）、 2ml ∶100mg（Fe）",False,table:46/row:4,93dce79a72c7593ab5ebb1d0996ab24b4be801f56dc1c4e6697df14b55ea39a2,SOURCE_UNVERIFIED
GEN-3BF41CAE35ED0950AC746B4C,MED-2026-W275,琥珀酸亚铁,Ferrous Succinate,WESTERN,MEDICATION,片剂：0. 1g,False,table:46/row:5,93dce79a72c7593ab5ebb1d0996ab24b4be801f56dc1c4e6697df14b55ea39a2,SOURCE_UNVERIFIED
GEN-4A1D205CC839FD61A362BB52,MED-2026-W276,维生素B12,Vitamin B12,WESTERN,MEDICATION,注射液： 1ml ∶0.25mg 、1ml ∶0.5mg,False,table:47/row:2,93dce79a72c7593ab5ebb1d0996ab24b4be801f56dc1c4e6697df14b55ea39a2,SOURCE_UNVERIFIED
GEN-307F0977E2D3281F2E03F74E,MED-2026-W277,叶酸,Folic Acid,WESTERN,MEDICATION,片剂：0.4mg 、5mg,False,table:47/row:3,93dce79a72c7593ab5ebb1d0996ab24b4be801f56dc1c4e6697df14b55ea39a2,SOURCE_UNVERIFIED
GEN-2BFD4202FA415C1CAA58410C,MED-2026-W278,腺苷钴胺,Cobamamide,WESTERN,MEDICATION,"片剂：0.25mg
胶囊：0.5mg",False,table:47/row:4,93dce79a72c7593ab5ebb1d0996ab24b4be801f56dc1c4e6697df14b55ea39a2,SOURCE_UNVERIFIED
GEN-7C2FE149D4AC66066FC4609F,MED-2026-W279,甲钴胺,Mecobalamin,WESTERN,MEDICATION,"片剂、胶囊：0.5mg
注射液： 1ml ∶0.5mg",False,table:47/row:5,93dce79a72c7593ab5ebb1d0996ab24b4be801f56dc1c4e6697df14b55ea39a2,SOURCE_UNVERIFIED
GEN-499018066A16542816EB700B,MED-2026-W280,人促红素,Human Erythropoietin,WESTERN,MEDICATION,注射液：2000IU、3000IU、10000IU,False,table:47/row:6,93dce79a72c7593ab5ebb1d0996ab24b4be801f56dc1c4e6697df14b55ea39a2,SOURCE_UNVERIFIED
GEN-58C3C9629672DC576A0526ED,MED-2026-W281,罗沙司他,Roxadustat,WESTERN,MEDICATION,胶囊：20mg 、50mg,False,table:47/row:7,93dce79a72c7593ab5ebb1d0996ab24b4be801f56dc1c4e6697df14b55ea39a2,SOURCE_UNVERIFIED
GEN-5D56F529BDD22022AF191EF8,MED-2026-W282,氯吡格雷,Clopidogrel,WESTERN,MEDICATION,片剂：25mg 、75mg,False,table:47/row:10,93dce79a72c7593ab5ebb1d0996ab24b4be801f56dc1c4e6697df14b55ea39a2,SOURCE_UNVERIFIED
GEN-9B91132FC401AF61963548FF,MED-2026-W283,吲哚布芬,Indobufen,WESTERN,MEDICATION,片剂：0. 1g 、0.2g,False,table:47/row:11,93dce79a72c7593ab5ebb1d0996ab24b4be801f56dc1c4e6697df14b55ea39a2,SOURCE_UNVERIFIED
GEN-620DE4C0661BD66DEE034448,MED-2026-W284,替格瑞洛,Ticagrelor,WESTERN,MEDICATION,片剂：60mg 、90mg,False,table:47/row:12,93dce79a72c7593ab5ebb1d0996ab24b4be801f56dc1c4e6697df14b55ea39a2,SOURCE_UNVERIFIED
GEN-8AAC89445D1E69E792EB9D94,MED-2026-W285,西洛他唑,Cilostazol,WESTERN,MEDICATION,片剂：50mg 、100mg,False,table:48/row:2,93dce79a72c7593ab5ebb1d0996ab24b4be801f56dc1c4e6697df14b55ea39a2,SOURCE_UNVERIFIED
GEN-13DF3F4B34F8319EEF6EE430,MED-2026-W286,凝血酶,Thrombin,WESTERN,MEDICATION,散剂：200 单位、500 单位、2000单位,False,table:48/row:4,93dce79a72c7593ab5ebb1d0996ab24b4be801f56dc1c4e6697df14b55ea39a2,SOURCE_UNVERIFIED
GEN-C3431659E1396CC33D672BDE,MED-2026-W287,维生素K1,Vitamin K1,WESTERN,MEDICATION,注射液： 1ml ∶10mg,False,table:48/row:5,93dce79a72c7593ab5ebb1d0996ab24b4be801f56dc1c4e6697df14b55ea39a2,SOURCE_UNVERIFIED
GEN-FE614DBB505A8EED10260D49,MED-2026-W288,甲萘氢醌,Menadiol,WESTERN,MEDICATION,片剂：2mg 、4mg,False,table:48/row:6,93dce79a72c7593ab5ebb1d0996ab24b4be801f56dc1c4e6697df14b55ea39a2,SOURCE_UNVERIFIED
GEN-83C896DBD74F87E023333C88,MED-2026-W289,氨甲苯酸,Aminomethylbenzoic Acid,WESTERN,MEDICATION,注射液： 10ml ∶0. 1g 、5ml ∶50mg,False,table:48/row:7,93dce79a72c7593ab5ebb1d0996ab24b4be801f56dc1c4e6697df14b55ea39a2,SOURCE_UNVERIFIED
GEN-4030E85EF5D955EC602E019E,MED-2026-W290,氨甲环酸,Tranexamic Acid,WESTERN,MEDICATION,注射液：2.5ml ∶0.25g 、5ml ∶0.25g、 5ml ∶0.5g,False,table:48/row:8,93dce79a72c7593ab5ebb1d0996ab24b4be801f56dc1c4e6697df14b55ea39a2,SOURCE_UNVERIFIED
GEN-997C571D02A45ABB71D73612,MED-2026-W291,鱼精蛋白,Protamine,WESTERN,MEDICATION,注射液：5ml ∶50mg 、10ml ∶0. 1g,False,table:48/row:9,93dce79a72c7593ab5ebb1d0996ab24b4be801f56dc1c4e6697df14b55ea39a2,SOURCE_UNVERIFIED
GEN-26D0C08F22170AA2B26CD09C,MED-2026-W292,血友病用药,,WESTERN,SCOPE,注射用无菌粉末,True,table:48/row:10,93dce79a72c7593ab5ebb1d0996ab24b4be801f56dc1c4e6697df14b55ea39a2,SOURCE_UNVERIFIED
GEN-1299E80A496377B1873B4671,MED-2026-W293,肝素,Heparin,WESTERN,MEDICATION,"（钙）注射液： 1ml ∶5000 单位、 1ml ∶10000 单位
（钠）注射液：2ml ∶5000 单位、 2ml ∶12500 单位",False,table:48/row:12,93dce79a72c7593ab5ebb1d0996ab24b4be801f56dc1c4e6697df14b55ea39a2,SOURCE_UNVERIFIED
GEN-F8B7603FD89C4E98F79B43FE,MED-2026-W294,低分子量肝素,Low Molecular Weight Heparin,WESTERN,MEDICATION,注射液,False,table:49/row:2,93dce79a72c7593ab5ebb1d0996ab24b4be801f56dc1c4e6697df14b55ea39a2,SOURCE_UNVERIFIED
GEN-8761E9F2D9458D4BC683BC46,MED-2026-W295,华法林,Warfarin,WESTERN,MEDICATION,片剂： 1mg 、2.5mg 、3mg 、5mg,True,table:49/row:3,93dce79a72c7593ab5ebb1d0996ab24b4be801f56dc1c4e6697df14b55ea39a2,SOURCE_UNVERIFIED
GEN-0C222ED47BBDCDAC796A514F,MED-2026-W296,尿激酶,Urokinase,WESTERN,MEDICATION,注射用无菌粉末： 10 万单位、25万单位,True,table:49/row:4,93dce79a72c7593ab5ebb1d0996ab24b4be801f56dc1c4e6697df14b55ea39a2,SOURCE_UNVERIFIED
GEN-DCA747D4746B9668A0F8E5B7,MED-2026-W297,达比加群酯,Dabigatran Etexilate,WESTERN,MEDICATION,胶囊： 110mg 、150mg,False,table:49/row:5,93dce79a72c7593ab5ebb1d0996ab24b4be801f56dc1c4e6697df14b55ea39a2,SOURCE_UNVERIFIED
GEN-0349B6756B1013A1FAF02550,MED-2026-W298,利伐沙班,Rivaroxaban,WESTERN,MEDICATION,片剂： 10mg 、15mg 、20mg,False,table:49/row:6,93dce79a72c7593ab5ebb1d0996ab24b4be801f56dc1c4e6697df14b55ea39a2,SOURCE_UNVERIFIED
GEN-E32956FA524C7ADE24FCE010,MED-2026-W299,重组人组织型纤溶酶原激酶衍生物,Recombinant Human Tissue-type Plasminogen Activator Derivative,WESTERN,MEDICATION,注射用无菌粉末： 18mg,True,table:49/row:7,93dce79a72c7593ab5ebb1d0996ab24b4be801f56dc1c4e6697df14b55ea39a2,SOURCE_UNVERIFIED
GEN-017DA443E46D7535E0FCDEC0,MED-2026-W300,羟乙基淀粉 130/0.4,Hydroxyethyl Starch 130/0.4,WESTERN,MEDICATION,氯化钠注射液：250ml ∶15g、 500ml ∶30g,False,table:49/row:9,93dce79a72c7593ab5ebb1d0996ab24b4be801f56dc1c4e6697df14b55ea39a2,SOURCE_UNVERIFIED
GEN-D7F6FE99D2C5119327C088CB,MED-2026-W301,艾曲泊帕乙醇胺,Eltrombopag Olamine,WESTERN,MEDICATION,片剂：25mg,True,table:49/row:11,93dce79a72c7593ab5ebb1d0996ab24b4be801f56dc1c4e6697df14b55ea39a2,SOURCE_UNVERIFIED
GEN-1075C38E2BB93DA9D9DB5A65,MED-2026-W302,人粒细胞刺激因子,Human Granulocyte Colony-Stimulating Factor,WESTERN,MEDICATION,注射液：75μg 、100μg 、150μg、 200μg 、300μg,True,table:50/row:2,93dce79a72c7593ab5ebb1d0996ab24b4be801f56dc1c4e6697df14b55ea39a2,SOURCE_UNVERIFIED
GEN-E87B7E478907992C774E3248,MED-2026-W303,绒促性素,Chorionic Gonadotrophin,WESTERN,MEDICATION,注射用无菌粉末：500 单位、 1000单位、2000 单位、5000 单位,False,table:51/row:3,93dce79a72c7593ab5ebb1d0996ab24b4be801f56dc1c4e6697df14b55ea39a2,SOURCE_UNVERIFIED
GEN-00C127636A84C424BE04D790,MED-2026-W304,去氨加压素,Desmopressin,WESTERN,MEDICATION,"片剂：0.089mg 、0. 178mg
口服溶液剂： 15ml ∶5.4mg
注射液：1ml ∶3.56μg、1ml ∶13.35μg",False,table:51/row:4,93dce79a72c7593ab5ebb1d0996ab24b4be801f56dc1c4e6697df14b55ea39a2,SOURCE_UNVERIFIED
GEN-DCB9604878741E175E2761C2,MED-2026-W305,人生长激素,Human Growth Hormone,WESTERN,MEDICATION,注射用无菌粉末：0.85mg、1.0mg、 1.2mg 、1.33mg 、1.6mg 、2.0mg 、 3.7mg 、4.0mg,True,table:51/row:5,93dce79a72c7593ab5ebb1d0996ab24b4be801f56dc1c4e6697df14b55ea39a2,SOURCE_UNVERIFIED
GEN-1A46CF4946DA7FE18768F7EB,MED-2026-W306,生长抑素,Somatostatin,WESTERN,MEDICATION,注射用无菌粉末：3mg,False,table:51/row:6,93dce79a72c7593ab5ebb1d0996ab24b4be801f56dc1c4e6697df14b55ea39a2,SOURCE_UNVERIFIED
GEN-90FBA801553247406DDBBB2B,MED-2026-W307,氢化可的松,Hydrocortisone,WESTERN,MEDICATION,"片剂： 10mg 、20mg
注射液：2ml ∶10mg 、5ml ∶25mg、 20ml ∶100mg
（琥珀酸钠）注射用无菌粉末： 50mg 、100mg",False,table:51/row:8;table:79/row:11,93dce79a72c7593ab5ebb1d0996ab24b4be801f56dc1c4e6697df14b55ea39a2,SOURCE_UNVERIFIED
GEN-F4A36872C4B1E383E0AF9E51,MED-2026-W308,泼尼松,Prednisone,WESTERN,MEDICATION,片剂：5mg,False,table:52/row:2,93dce79a72c7593ab5ebb1d0996ab24b4be801f56dc1c4e6697df14b55ea39a2,SOURCE_UNVERIFIED
GEN-875A991C5230F8B8720B458D,MED-2026-W309,甲泼尼龙,Methylprednisolone,WESTERN,MEDICATION,"片剂：4mg
（琥珀酸钠）注射用无菌粉末： 40mg 、125mg 、500mg",False,table:52/row:3,93dce79a72c7593ab5ebb1d0996ab24b4be801f56dc1c4e6697df14b55ea39a2,SOURCE_UNVERIFIED
GEN-3A4039E17742621F4D014012,MED-2026-W310,地塞米松,Dexamethasone,WESTERN,MEDICATION,"片剂：0.75mg
注射液： 1ml ∶2mg 、1ml ∶5mg",False,table:52/row:4,93dce79a72c7593ab5ebb1d0996ab24b4be801f56dc1c4e6697df14b55ea39a2,SOURCE_UNVERIFIED
GEN-EC62F418CCFFE1338432880D,MED-2026-W311,胰岛素,Insulin,WESTERN,MEDICATION,人胰岛素注射液（短效、中效和预混 30R ）：300 单位、400 单位,False,table:52/row:6,93dce79a72c7593ab5ebb1d0996ab24b4be801f56dc1c4e6697df14b55ea39a2,SOURCE_UNVERIFIED
GEN-B82FCEBB6B69ADECEF5B3F4A,MED-2026-W312,甘精胰岛素,Insulin Glargine,WESTERN,MEDICATION,注射液：3ml ∶300 单位,False,table:52/row:7,93dce79a72c7593ab5ebb1d0996ab24b4be801f56dc1c4e6697df14b55ea39a2,SOURCE_UNVERIFIED
GEN-BFAF1FBEF5C00778839FA344,MED-2026-W313,门冬胰岛素,Insulin Aspart,WESTERN,MEDICATION,注射液：3ml ∶300 单位,False,table:52/row:8,93dce79a72c7593ab5ebb1d0996ab24b4be801f56dc1c4e6697df14b55ea39a2,SOURCE_UNVERIFIED
GEN-9CE1B38A60F2AEFFCA9420E0,MED-2026-W314,德谷胰岛素,Insulin Degludec,WESTERN,MEDICATION,注射液：3ml ∶300 单位,False,table:52/row:9,93dce79a72c7593ab5ebb1d0996ab24b4be801f56dc1c4e6697df14b55ea39a2,SOURCE_UNVERIFIED
GEN-4B35A4FC3AC77C41DC9E124E,MED-2026-W315,二甲双胍,Metformin,WESTERN,MEDICATION,"片剂、肠溶（片剂、胶囊）、缓释片：0.25g 、0.5g
胶囊、缓释胶囊：0.25g",False,table:52/row:10,93dce79a72c7593ab5ebb1d0996ab24b4be801f56dc1c4e6697df14b55ea39a2,SOURCE_UNVERIFIED
GEN-D0726E99D3CCC8FEEEC29034,MED-2026-W316,格列本脲,Glibenclamide,WESTERN,MEDICATION,片剂：2.5mg,False,table:52/row:11,93dce79a72c7593ab5ebb1d0996ab24b4be801f56dc1c4e6697df14b55ea39a2,SOURCE_UNVERIFIED
GEN-81FAAC5EA43DF0F2E5C22EA7,MED-2026-W317,格列吡嗪,Glipizide,WESTERN,MEDICATION,片剂、缓释片、胶囊：5mg,False,table:53/row:2,93dce79a72c7593ab5ebb1d0996ab24b4be801f56dc1c4e6697df14b55ea39a2,SOURCE_UNVERIFIED
GEN-6189A1F44C876F9B735EA3FA,MED-2026-W318,格列美脲,Glimepiride,WESTERN,MEDICATION,片剂： 1mg 、2mg,False,table:53/row:3,93dce79a72c7593ab5ebb1d0996ab24b4be801f56dc1c4e6697df14b55ea39a2,SOURCE_UNVERIFIED
GEN-2709CFCF32452A120245B87C,MED-2026-W319,格列喹酮,Gliquidone,WESTERN,MEDICATION,片剂：30mg,False,table:53/row:4,93dce79a72c7593ab5ebb1d0996ab24b4be801f56dc1c4e6697df14b55ea39a2,SOURCE_UNVERIFIED
GEN-03800B58FA893260105A7780,MED-2026-W320,格列齐特,Gliclazide,WESTERN,MEDICATION,"片剂：80mg
缓释片：30mg 、60mg",False,table:53/row:5,93dce79a72c7593ab5ebb1d0996ab24b4be801f56dc1c4e6697df14b55ea39a2,SOURCE_UNVERIFIED
GEN-D7F14ACF48277D644D6EBC7C,MED-2026-W321,阿卡波糖,Acarbose,WESTERN,MEDICATION,片剂、胶囊：50mg,False,table:53/row:6,93dce79a72c7593ab5ebb1d0996ab24b4be801f56dc1c4e6697df14b55ea39a2,SOURCE_UNVERIFIED
GEN-7F4725128E74D5C7049FB0ED,MED-2026-W322,达格列净,Dapagliflozin,WESTERN,MEDICATION,片剂：5mg 、10mg,False,table:53/row:7,93dce79a72c7593ab5ebb1d0996ab24b4be801f56dc1c4e6697df14b55ea39a2,SOURCE_UNVERIFIED
GEN-17AB3FCBAFF0B859B10DE275,MED-2026-W323,恩格列净,Empagliflozin,WESTERN,MEDICATION,片剂： 10mg 、25mg,False,table:53/row:8,93dce79a72c7593ab5ebb1d0996ab24b4be801f56dc1c4e6697df14b55ea39a2,SOURCE_UNVERIFIED
GEN-9D22FFE2B529133985FD6526,MED-2026-W324,利拉鲁肽,Liraglutide,WESTERN,MEDICATION,注射液：3ml ∶18mg,False,table:53/row:9,93dce79a72c7593ab5ebb1d0996ab24b4be801f56dc1c4e6697df14b55ea39a2,SOURCE_UNVERIFIED
GEN-F48AE26DA978CFDDC09FCFDB,MED-2026-W325,司美格鲁肽,Semaglutide,WESTERN,MEDICATION,注射液： 1.34mg/ml ，1.5ml（预填充注射笔）； 1.34mg/ml ，3ml（预填充注射笔）,False,table:53/row:10,93dce79a72c7593ab5ebb1d0996ab24b4be801f56dc1c4e6697df14b55ea39a2,SOURCE_UNVERIFIED
GEN-0894FFA60B0ED5E42FFD1388,MED-2026-W326,瑞格列奈,Repaglinide,WESTERN,MEDICATION,片剂：0.5mg 、1mg 、2mg,False,table:53/row:11,93dce79a72c7593ab5ebb1d0996ab24b4be801f56dc1c4e6697df14b55ea39a2,SOURCE_UNVERIFIED
GEN-4A56D5C68146E7A8668E7079,MED-2026-W327,吡格列酮,Pioglitazone,WESTERN,MEDICATION,片剂、胶囊： 15mg 、30mg,False,table:53/row:12,93dce79a72c7593ab5ebb1d0996ab24b4be801f56dc1c4e6697df14b55ea39a2,SOURCE_UNVERIFIED
GEN-74ED2F39FB0147947D06D2A0,MED-2026-W328,西格列汀,Sitagliptin,WESTERN,MEDICATION,片剂：25mg 、50mg 、100mg,False,table:54/row:2,93dce79a72c7593ab5ebb1d0996ab24b4be801f56dc1c4e6697df14b55ea39a2,SOURCE_UNVERIFIED
GEN-AA70BA1BB186148A4C379B12,MED-2026-W329,利格列汀,Linagliptin,WESTERN,MEDICATION,片剂：5mg,False,table:54/row:3,93dce79a72c7593ab5ebb1d0996ab24b4be801f56dc1c4e6697df14b55ea39a2,SOURCE_UNVERIFIED
GEN-C688903E447FF4E253011B74,MED-2026-W330,甲状腺片,Thyroid Tablets,WESTERN,MEDICATION,片剂：40mg,False,table:54/row:5,93dce79a72c7593ab5ebb1d0996ab24b4be801f56dc1c4e6697df14b55ea39a2,SOURCE_UNVERIFIED
GEN-7D26D879F0AAC8B1B50047AD,MED-2026-W331,左甲状腺素钠,Levothyroxine Sodium,WESTERN,MEDICATION,片剂：25μg 、50μg 、100μg,False,table:54/row:6,93dce79a72c7593ab5ebb1d0996ab24b4be801f56dc1c4e6697df14b55ea39a2,SOURCE_UNVERIFIED
GEN-1FF4BA4AFBFE3C4F5CB37C8A,MED-2026-W332,甲巯咪唑,Thiamazole,WESTERN,MEDICATION,片剂：5mg 、10mg,False,table:54/row:7,93dce79a72c7593ab5ebb1d0996ab24b4be801f56dc1c4e6697df14b55ea39a2,SOURCE_UNVERIFIED
GEN-08CE1E69EBE0676751AA9646,MED-2026-W333,丙硫氧嘧啶,Propylthiouracil,WESTERN,MEDICATION,片剂：50mg 、100mg,False,table:54/row:8,93dce79a72c7593ab5ebb1d0996ab24b4be801f56dc1c4e6697df14b55ea39a2,SOURCE_UNVERIFIED
GEN-7C2A9E3F59793D9C4E1633D2,MED-2026-W334,西那卡塞,Cinacalcet,WESTERN,MEDICATION,片剂：25mg 、75mg,True,table:54/row:10,93dce79a72c7593ab5ebb1d0996ab24b4be801f56dc1c4e6697df14b55ea39a2,SOURCE_UNVERIFIED
GEN-81C4CACD8C7D305071BEA967,MED-2026-W335,丙酸睾酮,Testosterone Propionate,WESTERN,MEDICATION,注射液： 1ml ∶25mg,False,table:54/row:12,93dce79a72c7593ab5ebb1d0996ab24b4be801f56dc1c4e6697df14b55ea39a2,SOURCE_UNVERIFIED
GEN-C67F38819F645F238BB0BEFB,MED-2026-W336,十一酸睾酮,Testosterone Undecanoate,WESTERN,MEDICATION,"软胶囊：40mg
注射液：2ml ∶0.25g",False,table:54/row:13,93dce79a72c7593ab5ebb1d0996ab24b4be801f56dc1c4e6697df14b55ea39a2,SOURCE_UNVERIFIED
GEN-0F09DC04159C54E668C5BEFD,MED-2026-W337,尼尔雌醇,Nilestriol,WESTERN,MEDICATION,片剂： 1mg 、2mg 、5mg,False,table:55/row:3,93dce79a72c7593ab5ebb1d0996ab24b4be801f56dc1c4e6697df14b55ea39a2,SOURCE_UNVERIFIED
GEN-7D26CF628032B9644C4D62A9,MED-2026-W338,雌二醇,Estradiol,WESTERN,MEDICATION,凝胶剂：0.06%,False,table:55/row:4,93dce79a72c7593ab5ebb1d0996ab24b4be801f56dc1c4e6697df14b55ea39a2,SOURCE_UNVERIFIED
GEN-D9E653DEE3FCB764961D6A46,MED-2026-W339,黄体酮,Progesterone,WESTERN,MEDICATION,"胶囊：50mg
软胶囊： 100mg 、200mg
注射液： 1ml ∶10mg 、1ml ∶20mg",False,table:55/row:5,93dce79a72c7593ab5ebb1d0996ab24b4be801f56dc1c4e6697df14b55ea39a2,SOURCE_UNVERIFIED
GEN-DCB9D91E5F7F3524259305AA,MED-2026-W340,甲羟孕酮,Medroxyprogesterone,WESTERN,MEDICATION,"片剂：2mg、4mg、100mg、250mg
胶囊： 100mg",True,table:55/row:6,93dce79a72c7593ab5ebb1d0996ab24b4be801f56dc1c4e6697df14b55ea39a2,SOURCE_UNVERIFIED
GEN-459D3E8D0DAACC9A03D4437B,MED-2026-W341,地屈孕酮,Dydrogesterone,WESTERN,MEDICATION,片剂： 10mg,False,table:55/row:7,93dce79a72c7593ab5ebb1d0996ab24b4be801f56dc1c4e6697df14b55ea39a2,SOURCE_UNVERIFIED
GEN-E7AB4548D33C769BDE386E67,MED-2026-W342,地诺孕素,Dienogest,WESTERN,MEDICATION,片剂：2mg,False,table:55/row:8,93dce79a72c7593ab5ebb1d0996ab24b4be801f56dc1c4e6697df14b55ea39a2,SOURCE_UNVERIFIED
GEN-0C2CD122CC7AFACD7ABC18E5,MED-2026-W343,阿法骨化醇,Alfacalcidol,WESTERN,MEDICATION,"片剂、胶囊、软胶囊：0.25μg、 0.5μg
滴剂：20ml ∶40μg",True,table:55/row:10,93dce79a72c7593ab5ebb1d0996ab24b4be801f56dc1c4e6697df14b55ea39a2,SOURCE_UNVERIFIED
GEN-12F7D72D00BD1B47D38EB07D,MED-2026-W344,维生素D2,Vitamin D2,WESTERN,MEDICATION,"软胶囊：0. 125mg（5000 单位）、 0.25mg（ 1 万单位）
注射液： 1ml ∶5mg（20 万单位）、 1ml ∶10mg（40 万单位）",False,table:56/row:2,93dce79a72c7593ab5ebb1d0996ab24b4be801f56dc1c4e6697df14b55ea39a2,SOURCE_UNVERIFIED
GEN-8F85F8F74AF7279EEE06DB3D,MED-2026-W345,碳酸钙D3,Calcium Carbonate and Vitamin D3,WESTERN,MEDICATION,"片剂：每片含碳酸钙 1.5g（相当于钙 600mg） 与维生素 D3 125 国际单位
颗粒剂：每袋含碳酸钙1.25g（相当于钙 500mg）与维生素 D3 200国际单位（5μg）",False,table:56/row:3,93dce79a72c7593ab5ebb1d0996ab24b4be801f56dc1c4e6697df14b55ea39a2,SOURCE_UNVERIFIED
GEN-5E5559E89C4127E66CD62892,MED-2026-W346,阿仑膦酸钠,Alendronate Sodium,WESTERN,MEDICATION,片剂： 10mg 、70mg,True,table:56/row:4,93dce79a72c7593ab5ebb1d0996ab24b4be801f56dc1c4e6697df14b55ea39a2,SOURCE_UNVERIFIED
GEN-C7FB21873867BAD8725E3632,MED-2026-W347,氯苯那敏,Chlorphenamine,WESTERN,MEDICATION,片剂： 1mg 、4mg,False,table:57/row:2,93dce79a72c7593ab5ebb1d0996ab24b4be801f56dc1c4e6697df14b55ea39a2,SOURCE_UNVERIFIED
GEN-F6C6E2818490FE69BC3AEBC3,MED-2026-W348,苯海拉明,Diphenhydramine,WESTERN,MEDICATION,"片剂：25mg
注射液： 1ml ∶20mg",False,table:57/row:3,93dce79a72c7593ab5ebb1d0996ab24b4be801f56dc1c4e6697df14b55ea39a2,SOURCE_UNVERIFIED
GEN-019CDFF2EA93ED10B59725B7,MED-2026-W349,赛庚啶,Cyproheptadine,WESTERN,MEDICATION,片剂：2mg,False,table:57/row:4,93dce79a72c7593ab5ebb1d0996ab24b4be801f56dc1c4e6697df14b55ea39a2,SOURCE_UNVERIFIED
GEN-467958F6BF5C5B09A3647AA2,MED-2026-W350,异丙嗪,Promethazine,WESTERN,MEDICATION,"片剂： 12.5mg 、25mg
注射液： 1ml ∶25mg 、2ml ∶50mg",False,table:58/row:2,93dce79a72c7593ab5ebb1d0996ab24b4be801f56dc1c4e6697df14b55ea39a2,SOURCE_UNVERIFIED
GEN-46F6AD92E0880304532797F4,MED-2026-W351,氯雷他定,Loratadine,WESTERN,MEDICATION,"片剂： 10mg
胶囊：5mg 、10mg
糖浆剂： 1mg/ml",False,table:58/row:3,93dce79a72c7593ab5ebb1d0996ab24b4be801f56dc1c4e6697df14b55ea39a2,SOURCE_UNVERIFIED
GEN-229093FAA1ABEACD12350A89,MED-2026-W352,西替利嗪,Cetirizine,WESTERN,MEDICATION,"片剂： 10mg
口服溶液剂： 1mg/ml
滴剂： 10mg/ml",False,table:58/row:4,93dce79a72c7593ab5ebb1d0996ab24b4be801f56dc1c4e6697df14b55ea39a2,SOURCE_UNVERIFIED
GEN-38811067610DF4606E179A52,MED-2026-W353,硫唑嘌呤,Azathioprine,WESTERN,MEDICATION,片剂：50mg 、100mg,False,table:59/row:2,93dce79a72c7593ab5ebb1d0996ab24b4be801f56dc1c4e6697df14b55ea39a2,SOURCE_UNVERIFIED
GEN-6F3D841F888103CFF4B0FD97,MED-2026-W354,环孢素,Ciclosporin,WESTERN,MEDICATION,胶囊、软胶囊、口服溶液剂,True,table:59/row:3,93dce79a72c7593ab5ebb1d0996ab24b4be801f56dc1c4e6697df14b55ea39a2,SOURCE_UNVERIFIED
GEN-7D93F259BAA77D1F2D72360B,MED-2026-W355,他克莫司,Tacrolimus,WESTERN,MEDICATION,"胶囊、缓释胶囊：0.5mg 、1mg
颗粒剂： 1mg",True,table:59/row:4,93dce79a72c7593ab5ebb1d0996ab24b4be801f56dc1c4e6697df14b55ea39a2,SOURCE_UNVERIFIED
GEN-CD3F042C7AFB7C9DD3F4762B,MED-2026-W356,吗替麦考酚酯,Mycophenolate Mofetil,WESTERN,MEDICATION,"片剂、分散片：0.25g 、0.5g
胶囊：0.25g",True,table:59/row:5,93dce79a72c7593ab5ebb1d0996ab24b4be801f56dc1c4e6697df14b55ea39a2,SOURCE_UNVERIFIED
GEN-517528D809BFEA0BBDADF363,MED-2026-W357,泰它西普,Telitacicept,WESTERN,MEDICATION,注射用无菌粉末：80mg,True,table:60/row:2,93dce79a72c7593ab5ebb1d0996ab24b4be801f56dc1c4e6697df14b55ea39a2,SOURCE_UNVERIFIED
GEN-1DFA1B70CD419C37A9A0A8FE,MED-2026-W358,阿达木单抗,Adalimumab,WESTERN,MEDICATION,注射液：0.8ml ∶40mg,True,table:60/row:3,93dce79a72c7593ab5ebb1d0996ab24b4be801f56dc1c4e6697df14b55ea39a2,SOURCE_UNVERIFIED
GEN-D6ADCE4E72F8B93C05D590C7,MED-2026-W359,托法替布,Tofacitinib,WESTERN,MEDICATION,"片剂：5mg
缓释片： 11mg",True,table:60/row:4,93dce79a72c7593ab5ebb1d0996ab24b4be801f56dc1c4e6697df14b55ea39a2,SOURCE_UNVERIFIED
GEN-F8E268FF4D8FE27C421F83E4,MED-2026-W360,司莫司汀,Semustine,WESTERN,MEDICATION,胶囊： 10mg 、50mg,True,table:61/row:3,93dce79a72c7593ab5ebb1d0996ab24b4be801f56dc1c4e6697df14b55ea39a2,SOURCE_UNVERIFIED
GEN-9917DA515BE5F21FA99C94C7,MED-2026-W361,环磷酰胺,Cyclophosphamide,WESTERN,MEDICATION,"片剂：50mg
注射用无菌粉末：100mg、200mg、 500mg",True,table:61/row:4,93dce79a72c7593ab5ebb1d0996ab24b4be801f56dc1c4e6697df14b55ea39a2,SOURCE_UNVERIFIED
GEN-4ACE9B06535624EFF91FB09F,MED-2026-W362,异环磷酰胺,Ifosfamide,WESTERN,MEDICATION,注射用无菌粉末：0.5g 、1.0g,True,table:61/row:5,93dce79a72c7593ab5ebb1d0996ab24b4be801f56dc1c4e6697df14b55ea39a2,SOURCE_UNVERIFIED
GEN-8F1345767ECCDAAC3F4D3B63,MED-2026-W363,白消安,Busulfan,WESTERN,MEDICATION,"片剂：0.5mg 、2mg
注射液： 10ml ∶60mg",True,table:61/row:6,93dce79a72c7593ab5ebb1d0996ab24b4be801f56dc1c4e6697df14b55ea39a2,SOURCE_UNVERIFIED
GEN-5A7EB74D70C85FAF81186370,MED-2026-W364,替莫唑胺,Temozolomide,WESTERN,MEDICATION,"胶囊：20mg 、100mg
注射用无菌粉末： 100mg",True,table:62/row:2,93dce79a72c7593ab5ebb1d0996ab24b4be801f56dc1c4e6697df14b55ea39a2,SOURCE_UNVERIFIED
GEN-34FFEBF61341F1E6F66873CD,MED-2026-W365,甲氨蝶呤,Methotrexate,WESTERN,MEDICATION,"片剂：2.5mg
注射液：2ml ∶50mg 、10ml ∶1g
注射用无菌粉末：5mg 、100mg",True,table:62/row:4,93dce79a72c7593ab5ebb1d0996ab24b4be801f56dc1c4e6697df14b55ea39a2,SOURCE_UNVERIFIED
GEN-9B884331D89F157AA4458767,MED-2026-W366,培美曲塞,Pemetrexed,WESTERN,MEDICATION,注射用无菌粉末：0. 1g、0.2g、0.5g,True,table:62/row:5,93dce79a72c7593ab5ebb1d0996ab24b4be801f56dc1c4e6697df14b55ea39a2,SOURCE_UNVERIFIED
GEN-8986EE73AF3BEF42CAF5339D,MED-2026-W367,巯嘌呤,Mercaptopurine,WESTERN,MEDICATION,片剂：25mg 、50mg,True,table:62/row:6,93dce79a72c7593ab5ebb1d0996ab24b4be801f56dc1c4e6697df14b55ea39a2,SOURCE_UNVERIFIED
GEN-E315226748EF1AFDF7A93F46,MED-2026-W368,阿糖胞苷,Cytarabine,WESTERN,MEDICATION,注射用无菌粉末：50mg 、100mg、 500mg,True,table:62/row:7,93dce79a72c7593ab5ebb1d0996ab24b4be801f56dc1c4e6697df14b55ea39a2,SOURCE_UNVERIFIED
GEN-DA6FE0D1730B4FF8FC619543,MED-2026-W369,羟基脲,Hydroxycarbamide,WESTERN,MEDICATION,片剂：0.5g,True,table:62/row:8,93dce79a72c7593ab5ebb1d0996ab24b4be801f56dc1c4e6697df14b55ea39a2,SOURCE_UNVERIFIED
GEN-63DC118E335BE0933C388184,MED-2026-W370,氟尿嘧啶,Fluorouracil,WESTERN,MEDICATION,注射液： 10ml ∶0.25g 、10ml ∶0.5g,True,table:62/row:9,93dce79a72c7593ab5ebb1d0996ab24b4be801f56dc1c4e6697df14b55ea39a2,SOURCE_UNVERIFIED
GEN-0A048C25AEFB58B230639B14,MED-2026-W371,吉西他滨,Gemcitabine,WESTERN,MEDICATION,注射用无菌粉末：0.2g 、1.0g,True,table:62/row:10,93dce79a72c7593ab5ebb1d0996ab24b4be801f56dc1c4e6697df14b55ea39a2,SOURCE_UNVERIFIED
GEN-AEAD54038B0B7BAA6476FA52,MED-2026-W372,依托泊苷,Etoposide,WESTERN,MEDICATION,注射液：2ml ∶40mg 、5ml ∶100mg,True,table:62/row:12,93dce79a72c7593ab5ebb1d0996ab24b4be801f56dc1c4e6697df14b55ea39a2,SOURCE_UNVERIFIED
GEN-17BA76BDDC25D16F75BC6AC1,MED-2026-W373,多柔比星,Doxorubicin,WESTERN,MEDICATION,注射用无菌粉末： 10mg,True,table:63/row:2,93dce79a72c7593ab5ebb1d0996ab24b4be801f56dc1c4e6697df14b55ea39a2,SOURCE_UNVERIFIED
GEN-FC0D387CEBD31A5A29DB643B,MED-2026-W374,柔红霉素,Daunorubicin,WESTERN,MEDICATION,注射用无菌粉末：20mg,True,table:63/row:3,93dce79a72c7593ab5ebb1d0996ab24b4be801f56dc1c4e6697df14b55ea39a2,SOURCE_UNVERIFIED
GEN-5565CA9D8D5D7ED41D80F902,MED-2026-W375,平阳霉素,BleomycinA5,WESTERN,MEDICATION,注射用无菌粉末：4mg 、8mg,True,table:63/row:4,93dce79a72c7593ab5ebb1d0996ab24b4be801f56dc1c4e6697df14b55ea39a2,SOURCE_UNVERIFIED
GEN-7C3C5B59E1066250AAE72500,MED-2026-W376,长春新碱,Vincristine,WESTERN,MEDICATION,"注射液： 1ml ∶1mg
注射用无菌粉末： 1mg",True,table:63/row:6,93dce79a72c7593ab5ebb1d0996ab24b4be801f56dc1c4e6697df14b55ea39a2,SOURCE_UNVERIFIED
GEN-93AB15EC508AE6784540C356,MED-2026-W377,紫杉醇,Paclitaxel,WESTERN,MEDICATION,"注射液：5ml ∶30mg 、10ml ∶60mg
（白蛋白结合型）注射用无菌粉末： 100mg",True,table:63/row:7,93dce79a72c7593ab5ebb1d0996ab24b4be801f56dc1c4e6697df14b55ea39a2,SOURCE_UNVERIFIED
GEN-D8306C95AAFB0714F4450A64,MED-2026-W378,高三尖杉酯碱,Homoharringtonine,WESTERN,MEDICATION,注射液： 1ml ∶1mg 、2ml ∶2mg,True,table:63/row:8,93dce79a72c7593ab5ebb1d0996ab24b4be801f56dc1c4e6697df14b55ea39a2,SOURCE_UNVERIFIED
GEN-638CCE1BE9013CA7F7BFC24A,MED-2026-W379,他莫昔芬,Tamoxifen,WESTERN,MEDICATION,片剂： 10mg,True,table:63/row:10,93dce79a72c7593ab5ebb1d0996ab24b4be801f56dc1c4e6697df14b55ea39a2,SOURCE_UNVERIFIED
GEN-B81C843A724E5CD3263BFD6A,MED-2026-W380,来曲唑,Letrozole,WESTERN,MEDICATION,片剂：2.5mg,False,table:63/row:11,93dce79a72c7593ab5ebb1d0996ab24b4be801f56dc1c4e6697df14b55ea39a2,SOURCE_UNVERIFIED
GEN-0A38ED56F6F08A9A18DADC55,MED-2026-W381,顺铂,Cisplatin,WESTERN,MEDICATION,"注射液： 1mg/ml 、5mg/ml
注射用无菌粉末： 10mg 、20mg、 30mg",True,table:64/row:3,93dce79a72c7593ab5ebb1d0996ab24b4be801f56dc1c4e6697df14b55ea39a2,SOURCE_UNVERIFIED
GEN-22F7DF4991EAE507CBD5B7B0,MED-2026-W382,奥沙利铂,Oxaliplatin,WESTERN,MEDICATION,"注射液： 10ml ∶50mg
注射用无菌粉末：50mg 、100mg",True,table:64/row:4,93dce79a72c7593ab5ebb1d0996ab24b4be801f56dc1c4e6697df14b55ea39a2,SOURCE_UNVERIFIED
GEN-1E055ED782B3FD724F6DC27E,MED-2026-W383,卡铂,Carboplatin,WESTERN,MEDICATION,"注射液： 10ml ∶100mg
注射用无菌粉末：50mg 、100mg",True,table:64/row:5,93dce79a72c7593ab5ebb1d0996ab24b4be801f56dc1c4e6697df14b55ea39a2,SOURCE_UNVERIFIED
GEN-0B701DB9B0D88809063DE9A0,MED-2026-W384,三氧化二砷(亚砷酸),Arsenic Trioxide(Arsenious Acid),WESTERN,MEDICATION,"注射液：5ml ∶5mg 、10ml ∶10mg
注射用无菌粉末：5mg 、10mg",True,table:64/row:6,93dce79a72c7593ab5ebb1d0996ab24b4be801f56dc1c4e6697df14b55ea39a2,SOURCE_UNVERIFIED
GEN-F46AFDEF44BB1F9045268D26,MED-2026-W385,门冬酰胺酶,Asparaginase,WESTERN,MEDICATION,注射用无菌粉末：5000 单位、 10000 单位,True,table:64/row:7,93dce79a72c7593ab5ebb1d0996ab24b4be801f56dc1c4e6697df14b55ea39a2,SOURCE_UNVERIFIED
GEN-FF84D98642833DE6A78D1748,MED-2026-W386,亚叶酸钙,Calcium Folinate,WESTERN,MEDICATION,"注射液： 10ml ∶100mg
注射用无菌粉末：3mg 、25mg、 50mg 、100mg",True,table:64/row:8,93dce79a72c7593ab5ebb1d0996ab24b4be801f56dc1c4e6697df14b55ea39a2,SOURCE_UNVERIFIED
GEN-34D3175B24D16B8731FB8AA4,MED-2026-W387,维A酸,Tretinoin,WESTERN,MEDICATION,片剂： 10mg,True,table:64/row:9;table:80/row:5,93dce79a72c7593ab5ebb1d0996ab24b4be801f56dc1c4e6697df14b55ea39a2,SOURCE_UNVERIFIED
GEN-BB313D8AB70D5DD310A61BB1,MED-2026-W388,卡培他滨,Capecitabine,WESTERN,MEDICATION,片剂：0. 15g 、0.5g,True,table:64/row:10,93dce79a72c7593ab5ebb1d0996ab24b4be801f56dc1c4e6697df14b55ea39a2,SOURCE_UNVERIFIED
GEN-6EA509D4CD419131898EE486,MED-2026-W389,硼替佐米,Bortezomib,WESTERN,MEDICATION,注射用无菌粉末： 1mg 、2.5mg、 3.5mg,True,table:65/row:2,93dce79a72c7593ab5ebb1d0996ab24b4be801f56dc1c4e6697df14b55ea39a2,SOURCE_UNVERIFIED
GEN-043E7AA7E2C8C09BBCEFE30D,MED-2026-W390,美司钠,Mesna,WESTERN,MEDICATION,注射液：2ml ∶0.2g 、4ml ∶0.4g,True,table:65/row:4,93dce79a72c7593ab5ebb1d0996ab24b4be801f56dc1c4e6697df14b55ea39a2,SOURCE_UNVERIFIED
GEN-26A04D8D322E92133D0545BD,MED-2026-W391,吉非替尼,Gefitinib,WESTERN,MEDICATION,片剂：0.25g,True,table:65/row:6,93dce79a72c7593ab5ebb1d0996ab24b4be801f56dc1c4e6697df14b55ea39a2,SOURCE_UNVERIFIED
GEN-CDD9B82C63CB551CF9F636C3,MED-2026-W392,伊马替尼,Imatinib,WESTERN,MEDICATION,"片剂：0. 1g 、0.4g
胶囊：0.05g 、0. 1g",True,table:65/row:7,93dce79a72c7593ab5ebb1d0996ab24b4be801f56dc1c4e6697df14b55ea39a2,SOURCE_UNVERIFIED
GEN-DBE751D36C7842631C564E44,MED-2026-W393,埃克替尼,Icotinib,WESTERN,MEDICATION,片剂： 125mg,True,table:65/row:8,93dce79a72c7593ab5ebb1d0996ab24b4be801f56dc1c4e6697df14b55ea39a2,SOURCE_UNVERIFIED
GEN-7719209D60401C403E8BC00F,MED-2026-W394,奥希替尼,Osimertinib,WESTERN,MEDICATION,片剂：40mg 、80mg,True,table:65/row:9,93dce79a72c7593ab5ebb1d0996ab24b4be801f56dc1c4e6697df14b55ea39a2,SOURCE_UNVERIFIED
GEN-7026067FD68F7A51003AAC9C,MED-2026-W395,利妥昔单抗,Rituximab,WESTERN,MEDICATION,注射液：100mg/10ml、500mg/50ml,True,table:65/row:10,93dce79a72c7593ab5ebb1d0996ab24b4be801f56dc1c4e6697df14b55ea39a2,SOURCE_UNVERIFIED
GEN-385749F53E958E38DAEB3EB5,MED-2026-W396,曲妥珠单抗,Trastuzumab,WESTERN,MEDICATION,注射用无菌粉末：60mg 、150mg、 440mg,True,table:65/row:11,93dce79a72c7593ab5ebb1d0996ab24b4be801f56dc1c4e6697df14b55ea39a2,SOURCE_UNVERIFIED
GEN-C2D17C771EC09B94EE602A21,MED-2026-W397,贝伐珠单抗,Bevacizumab,WESTERN,MEDICATION,注射液：4ml ∶100mg、16ml ∶400mg,True,table:65/row:12,93dce79a72c7593ab5ebb1d0996ab24b4be801f56dc1c4e6697df14b55ea39a2,SOURCE_UNVERIFIED
GEN-ED9BCB9226D2F92416ECFB8D,MED-2026-W398,奥拉帕利,Olaparib,WESTERN,MEDICATION,片剂： 100mg 、150mg,True,table:66/row:2,93dce79a72c7593ab5ebb1d0996ab24b4be801f56dc1c4e6697df14b55ea39a2,SOURCE_UNVERIFIED
GEN-931354EFEA8E5355B47AD346,MED-2026-W399,维生素B1,Vitamin B1,WESTERN,MEDICATION,注射液：2ml ∶50mg 、2ml ∶100mg,False,table:67/row:3,93dce79a72c7593ab5ebb1d0996ab24b4be801f56dc1c4e6697df14b55ea39a2,SOURCE_UNVERIFIED
GEN-EECA679ED87705CD5F4425F8,MED-2026-W400,维生素B2,Vitamin B2,WESTERN,MEDICATION,片剂：5mg 、10mg,False,table:67/row:4,93dce79a72c7593ab5ebb1d0996ab24b4be801f56dc1c4e6697df14b55ea39a2,SOURCE_UNVERIFIED
GEN-F47F015F6B20ADD99D6BC170,MED-2026-W401,维生素B6,Vitamin B6,WESTERN,MEDICATION,"片剂： 10mg
注射液： 1ml ∶50mg 、2ml ∶0. 1g",False,table:67/row:5,93dce79a72c7593ab5ebb1d0996ab24b4be801f56dc1c4e6697df14b55ea39a2,SOURCE_UNVERIFIED
GEN-AF8735BDBF1C012798A886D1,MED-2026-W402,维生素C,Vitamin C,WESTERN,MEDICATION,注射液：2ml ∶0.5g 、5ml ∶1g,False,table:67/row:6,93dce79a72c7593ab5ebb1d0996ab24b4be801f56dc1c4e6697df14b55ea39a2,SOURCE_UNVERIFIED
GEN-ADFD96CAA68A2A5B5550A540,MED-2026-W403,多种维生素(12),Multivitamin(12),WESTERN,MEDICATION,注射用无菌粉末,True,table:67/row:7,93dce79a72c7593ab5ebb1d0996ab24b4be801f56dc1c4e6697df14b55ea39a2,SOURCE_UNVERIFIED
GEN-32266E8CF9E6CE404A4DC1FC,MED-2026-W404,葡萄糖酸钙,Calcium Gluconate,WESTERN,MEDICATION,"片剂：0.5g
注射液： 10ml ∶1g",False,table:67/row:9,93dce79a72c7593ab5ebb1d0996ab24b4be801f56dc1c4e6697df14b55ea39a2,SOURCE_UNVERIFIED
GEN-9F3170A998F4217C59A228DE,MED-2026-W405,复合磷酸氢钾,Composite Potassium Hydrogen Phosphate,WESTERN,MEDICATION,注射液：2ml（磷酸二氢钾 0.4354g与磷酸氢二钾 0.639g）,False,table:68/row:2,93dce79a72c7593ab5ebb1d0996ab24b4be801f56dc1c4e6697df14b55ea39a2,SOURCE_UNVERIFIED
GEN-D3A7F50675A349075E60781A,MED-2026-W406,复方氨基酸 18AA,Compound Amino Acid 18AA,WESTERN,MEDICATION,"注射液：200ml ∶12.25g（总氨基酸）、200ml ∶20.65g（总氨基酸）、 250ml ∶12.5g（总氨基酸）
小儿复方氨基酸注射液（ 18AA- Ⅰ)：20ml ∶1.348g（总氨基酸）小儿复方氨基酸注射液（ 18AA- Ⅱ)： 50ml ∶3.0g（总氨基酸）",False,table:68/row:4,93dce79a72c7593ab5ebb1d0996ab24b4be801f56dc1c4e6697df14b55ea39a2,SOURCE_UNVERIFIED
GEN-57D9748FAC2DF4310E2DDEB3,MED-2026-W407,脂肪乳氨基酸葡萄糖,"Fat Emulsion, Amino Acids and Glucose",WESTERN,MEDICATION,注射液： 1440ml（20% 脂肪乳注射液 255ml；复方氨基酸注射液（ 17）300ml； 11% 葡萄糖注射液 885ml ）、1920ml（20% 脂肪乳注射液 340ml；复方氨基酸注射液（ 17）400ml； 11% 葡萄糖注射液 1180ml）,True,table:68/row:5,93dce79a72c7593ab5ebb1d0996ab24b4be801f56dc1c4e6697df14b55ea39a2,SOURCE_UNVERIFIED
GEN-A731C47EC3363CA18FB8B361,MED-2026-W408,中/ 长链脂肪乳,Medium and Long Chain Fat Emulsion,WESTERN,MEDICATION,注射液：250ml（大豆油 12.5g；中链甘油三酸酯 12.5g）、250ml（大豆油 25g；中链甘油三酸酯 25g；卵磷脂 3g）,True,table:68/row:6,93dce79a72c7593ab5ebb1d0996ab24b4be801f56dc1c4e6697df14b55ea39a2,SOURCE_UNVERIFIED
GEN-F0096813C74DBD48295A69EA,MED-2026-W409,整蛋白型肠内营养剂(粉剂),Intact Protein Enteral Nutrition Powder,WESTERN,MEDICATION,粉剂：320g/ 听,True,table:69/row:3,93dce79a72c7593ab5ebb1d0996ab24b4be801f56dc1c4e6697df14b55ea39a2,SOURCE_UNVERIFIED
GEN-F9AAD7FD5944B0B57D27B892,MED-2026-W410,口服补液盐,Oral Rehydration Salts,WESTERN,MEDICATION,散剂(Ⅰ、Ⅱ、Ⅲ),False,table:70/row:3,93dce79a72c7593ab5ebb1d0996ab24b4be801f56dc1c4e6697df14b55ea39a2,SOURCE_UNVERIFIED
GEN-4C169D36FC5D0D2525E4B2B8,MED-2026-W411,氯化钠,Sodium Chloride,WESTERN,MEDICATION,"注射液：0.9%（ 10ml、50ml、100ml、 250ml、500ml、1000ml ）、10%
（10ml、100ml）",False,table:70/row:4,93dce79a72c7593ab5ebb1d0996ab24b4be801f56dc1c4e6697df14b55ea39a2,SOURCE_UNVERIFIED
GEN-B4A59671B46502DC685C7E2A,MED-2026-W412,葡萄糖,Glucose,WESTERN,MEDICATION,"注射液：5%（ 100ml、200ml、250ml、 500ml 、1000ml ）、10%（ 100ml 、 200ml 、250ml 、500ml 、1000ml ）、 25%（ 20ml 、100ml 、250ml、
500ml ）、50%（ 20ml 、100ml、 250ml）",False,table:70/row:5,93dce79a72c7593ab5ebb1d0996ab24b4be801f56dc1c4e6697df14b55ea39a2,SOURCE_UNVERIFIED
GEN-EF0BB6F590405984118FDE79,MED-2026-W413,葡萄糖氯化钠,Glucose and Sodium Chloride,WESTERN,MEDICATION,注射液：50ml 、100ml 、250ml、 500ml,False,table:70/row:6,93dce79a72c7593ab5ebb1d0996ab24b4be801f56dc1c4e6697df14b55ea39a2,SOURCE_UNVERIFIED
GEN-92110FB3F298B32944380D81,MED-2026-W414,复方氯化钠,Compound Sodium Chloride,WESTERN,MEDICATION,注射液：250ml 、500ml,False,table:70/row:7,93dce79a72c7593ab5ebb1d0996ab24b4be801f56dc1c4e6697df14b55ea39a2,SOURCE_UNVERIFIED
GEN-5EFFF37C5B263FBCFDFC21BE,MED-2026-W415,氯化钾,Potassium Chloride,WESTERN,MEDICATION,"缓释片：0.5g
注射液： 10ml ∶1g 、10ml ∶1.5g颗粒剂",False,table:71/row:2,93dce79a72c7593ab5ebb1d0996ab24b4be801f56dc1c4e6697df14b55ea39a2,SOURCE_UNVERIFIED
GEN-1CDB414CAE0649D8A83AE0DC,MED-2026-W416,乳酸钠林格,Sodium Lactate Ringer's,WESTERN,MEDICATION,注射液：500ml,False,table:71/row:4,93dce79a72c7593ab5ebb1d0996ab24b4be801f56dc1c4e6697df14b55ea39a2,SOURCE_UNVERIFIED
GEN-48DF86FAE32F413E8FF0A76B,MED-2026-W417,碳酸氢钠,Sodium Bicarbonate,WESTERN,MEDICATION,"片剂：0.3g 、0.5g
注射液： 10ml ∶0.5g 、50ml ∶4.2g、 100ml ∶1.4g 、250ml ∶12.5g",False,table:71/row:5,93dce79a72c7593ab5ebb1d0996ab24b4be801f56dc1c4e6697df14b55ea39a2,SOURCE_UNVERIFIED
GEN-49CA26D87B3466ABA980909B,MED-2026-W418,司维拉姆,Sevelamer,WESTERN,MEDICATION,片剂：0.8g,True,table:71/row:7,93dce79a72c7593ab5ebb1d0996ab24b4be801f56dc1c4e6697df14b55ea39a2,SOURCE_UNVERIFIED
GEN-320D2A635824981166AD4339,MED-2026-W419,硫代硫酸钠,Sodium Thiosulfate,WESTERN,MEDICATION,"注射液： 10ml ∶0.5g 、20ml ∶1.0g、 20ml ∶10g
注射用无菌粉末：0.32g 、0.64g",False,table:72/row:3,93dce79a72c7593ab5ebb1d0996ab24b4be801f56dc1c4e6697df14b55ea39a2,SOURCE_UNVERIFIED
GEN-460E65E5A2B79D858C23A834,MED-2026-W420,氯解磷定,Pralidoxime Chloride,WESTERN,MEDICATION,注射液：2ml ∶0.25g 、2ml ∶0.5g,False,table:73/row:3,93dce79a72c7593ab5ebb1d0996ab24b4be801f56dc1c4e6697df14b55ea39a2,SOURCE_UNVERIFIED
GEN-D70D2EA8F48C18C6A2C78DD2,MED-2026-W421,碘解磷定,Pralidoxime Iodide,WESTERN,MEDICATION,注射液：20ml ∶0.5g,False,table:73/row:4,93dce79a72c7593ab5ebb1d0996ab24b4be801f56dc1c4e6697df14b55ea39a2,SOURCE_UNVERIFIED
GEN-BE4913BA33820B5242CAE1CB,MED-2026-W422,戊乙奎醚,Penehyclidine,WESTERN,MEDICATION,注射液： 1ml ∶0.5mg 、1ml ∶1mg、 2ml ∶2mg,False,table:73/row:5,93dce79a72c7593ab5ebb1d0996ab24b4be801f56dc1c4e6697df14b55ea39a2,SOURCE_UNVERIFIED
GEN-902F56AC544E5FB62D5AA2CB,MED-2026-W423,亚甲蓝,Methylthioninium Chloride,WESTERN,MEDICATION,注射液：2ml ∶20mg 、5ml ∶50mg、 10ml ∶100mg,False,table:73/row:7,93dce79a72c7593ab5ebb1d0996ab24b4be801f56dc1c4e6697df14b55ea39a2,SOURCE_UNVERIFIED
GEN-106DE89C1F1FA4A18D0EFCD3,MED-2026-W424,纳洛酮,Naloxone,WESTERN,MEDICATION,"注射液： 1ml ∶0.4mg 、1ml ∶1mg、 2ml ∶2mg
注射用无菌粉末：0.4mg 、1.0mg、 2.0mg",False,table:73/row:9,93dce79a72c7593ab5ebb1d0996ab24b4be801f56dc1c4e6697df14b55ea39a2,SOURCE_UNVERIFIED
GEN-0704368887894000F8BA8C87,MED-2026-W425,乙酰胺,Acetamide,WESTERN,MEDICATION,注射液：2ml ∶1.0g 、5ml ∶2.5g、 10ml ∶5.0g,False,table:73/row:11,93dce79a72c7593ab5ebb1d0996ab24b4be801f56dc1c4e6697df14b55ea39a2,SOURCE_UNVERIFIED
GEN-F1C01CCF86C9CE013BCD4D6F,MED-2026-W426,氟马西尼,Flumazenil,WESTERN,MEDICATION,注射液：2ml ∶0.2mg 、5ml ∶0.5mg、 10ml ∶1.0mg,False,table:74/row:3,93dce79a72c7593ab5ebb1d0996ab24b4be801f56dc1c4e6697df14b55ea39a2,SOURCE_UNVERIFIED
GEN-61E724C1ABCF08F165DBC0D3,MED-2026-W427,破伤风抗毒素,Tetanus Antitoxin,WESTERN,MEDICATION,注射液： 1500IU 、10000IU,False,table:75/row:2,93dce79a72c7593ab5ebb1d0996ab24b4be801f56dc1c4e6697df14b55ea39a2,SOURCE_UNVERIFIED
GEN-AECB3AF184F73EF9C53A8E6B,MED-2026-W428,抗狂犬病血清,Rabies Antiserum,WESTERN,MEDICATION,注射液：400IU 、700IU,False,table:75/row:3,93dce79a72c7593ab5ebb1d0996ab24b4be801f56dc1c4e6697df14b55ea39a2,SOURCE_UNVERIFIED
GEN-C7780926A1196B967081552B,MED-2026-W429,抗蛇毒血清,,WESTERN,SCOPE,注射液,False,table:75/row:4,93dce79a72c7593ab5ebb1d0996ab24b4be801f56dc1c4e6697df14b55ea39a2,SOURCE_UNVERIFIED
GEN-6690257E9C9C64A076CB1AFD,MED-2026-W430,破伤风人免疫球蛋白,Human Tetanus Immunoglobulin,WESTERN,MEDICATION,注射液：250IU（2.5ml ）、500IU （5ml）,False,table:75/row:5,93dce79a72c7593ab5ebb1d0996ab24b4be801f56dc1c4e6697df14b55ea39a2,SOURCE_UNVERIFIED
GEN-5B96F41C0C75EAA802D6FC52,MED-2026-W431,国家免疫规划用疫苗,,WESTERN,SCOPE,,False,table:75/row:6,93dce79a72c7593ab5ebb1d0996ab24b4be801f56dc1c4e6697df14b55ea39a2,SOURCE_UNVERIFIED
GEN-A609E7F813F4DE04F10B3DFA,MED-2026-W432,硫酸钡,Barium Sulfate,WESTERN,MEDICATION,干混悬剂(Ⅰ型、Ⅱ型）,False,table:76/row:3,93dce79a72c7593ab5ebb1d0996ab24b4be801f56dc1c4e6697df14b55ea39a2,SOURCE_UNVERIFIED
GEN-CD247AD1E38D9A6805BC8077,MED-2026-W433,碘化油,Iodinated Oil,WESTERN,MEDICATION,注射液： 10ml,False,table:77/row:2,93dce79a72c7593ab5ebb1d0996ab24b4be801f56dc1c4e6697df14b55ea39a2,SOURCE_UNVERIFIED
GEN-702109C8EBCBD5E0AA780406,MED-2026-W434,碘海醇,Iohexol,WESTERN,MEDICATION,注射液：20ml ∶6g（I ）、50ml ∶15g （I ）、100ml ∶30g（I ）、100ml ∶35g（I）,False,table:77/row:3,93dce79a72c7593ab5ebb1d0996ab24b4be801f56dc1c4e6697df14b55ea39a2,SOURCE_UNVERIFIED
GEN-53AFCECA95C9A02372332111,MED-2026-W435,碘佛醇,Ioversol,WESTERN,MEDICATION,注射液：20ml ∶6.4g（I ）、50ml ∶16g （I ）、100ml ∶32g（I ）、100ml ∶35g（I）,False,table:77/row:4,93dce79a72c7593ab5ebb1d0996ab24b4be801f56dc1c4e6697df14b55ea39a2,SOURCE_UNVERIFIED
GEN-A731E795326102EBAFCF52A2,MED-2026-W436,钆布醇,Gadobutrol,WESTERN,MEDICATION,"注射液：7.5ml ∶4.5354g、
10ml ∶6.0472g 、15ml ∶9.0708g",False,table:77/row:5,93dce79a72c7593ab5ebb1d0996ab24b4be801f56dc1c4e6697df14b55ea39a2,SOURCE_UNVERIFIED
GEN-9124C969443CED110F4E54AE,MED-2026-W437,结核菌素纯蛋白衍生物,Purified Protein Derivative of Tuberculin,WESTERN,MEDICATION,注射液,False,table:77/row:7,93dce79a72c7593ab5ebb1d0996ab24b4be801f56dc1c4e6697df14b55ea39a2,SOURCE_UNVERIFIED
GEN-8F65A318706DA5F997F8AC83,MED-2026-W438,磺胺嘧啶银,Sulfadiazine Silver,WESTERN,MEDICATION,乳膏剂： 1%,False,table:78/row:5,93dce79a72c7593ab5ebb1d0996ab24b4be801f56dc1c4e6697df14b55ea39a2,SOURCE_UNVERIFIED
GEN-390DA808B7D42AA03CA39FC9,MED-2026-W439,咪康唑,Miconazole,WESTERN,MEDICATION,乳膏剂：2%,False,table:79/row:2;table:87/row:3,93dce79a72c7593ab5ebb1d0996ab24b4be801f56dc1c4e6697df14b55ea39a2,SOURCE_UNVERIFIED
GEN-94A22688633D9EB9EE13D066,MED-2026-W440,特比萘芬,Terbinafine,WESTERN,MEDICATION,"片剂：0. 125g 、0.25g
乳膏剂： 1%",False,table:79/row:3,93dce79a72c7593ab5ebb1d0996ab24b4be801f56dc1c4e6697df14b55ea39a2,SOURCE_UNVERIFIED
GEN-025474D493B6D85AFCCCFFAA,MED-2026-W441,曲安奈德益康唑,Triamcinolone Acetonide and Econazole,WESTERN,MEDICATION,乳膏剂：1g（曲安奈德 1mg 与硝酸益康唑 10mg）、10g （硝酸益康唑0.10g 与曲安奈德 10mg）、15g（硝酸益康唑 0.15g 与曲安奈德 15mg、醋酸曲安奈德 16.5mg 与硝酸益康唑 150mg）,False,table:79/row:4,93dce79a72c7593ab5ebb1d0996ab24b4be801f56dc1c4e6697df14b55ea39a2,SOURCE_UNVERIFIED
GEN-32C3690DD15223E9E3A5E46C,MED-2026-W442,莫匹罗星,Mupirocin,WESTERN,MEDICATION,软膏剂：2%,False,table:79/row:5,93dce79a72c7593ab5ebb1d0996ab24b4be801f56dc1c4e6697df14b55ea39a2,SOURCE_UNVERIFIED
GEN-0596C6D69D0C14573C387050,MED-2026-W443,尿素,Urea,WESTERN,MEDICATION,软膏剂、乳膏剂： 10% 、20%,False,table:79/row:7,93dce79a72c7593ab5ebb1d0996ab24b4be801f56dc1c4e6697df14b55ea39a2,SOURCE_UNVERIFIED
GEN-5EC677E946DB029AA5B3E850,MED-2026-W444,鱼石脂,Ichthammol,WESTERN,MEDICATION,软膏剂： 10%,False,table:79/row:8,93dce79a72c7593ab5ebb1d0996ab24b4be801f56dc1c4e6697df14b55ea39a2,SOURCE_UNVERIFIED
GEN-BD8294DDF7D6122926F3D6B3,MED-2026-W445,水杨酸,Salicylic Acid,WESTERN,MEDICATION,软膏剂：2% 、5%,False,table:79/row:9,93dce79a72c7593ab5ebb1d0996ab24b4be801f56dc1c4e6697df14b55ea39a2,SOURCE_UNVERIFIED
GEN-096C3ADE1331AEF0276E6B92,MED-2026-W446,糠酸莫米松,Mometasone Furoate,WESTERN,MEDICATION,乳膏剂：0.1%,False,table:80/row:2;table:84/row:7,93dce79a72c7593ab5ebb1d0996ab24b4be801f56dc1c4e6697df14b55ea39a2,SOURCE_UNVERIFIED
GEN-F493D36B1ABAA891171AAA09,MED-2026-W447,炉甘石,Calamine,WESTERN,MEDICATION,洗剂,False,table:80/row:4,93dce79a72c7593ab5ebb1d0996ab24b4be801f56dc1c4e6697df14b55ea39a2,SOURCE_UNVERIFIED
GEN-5E8FE528DA56290B524A4505,MED-2026-W448,依沙吖啶,Ethacridine,WESTERN,MEDICATION,外用溶液剂：0.1%,False,table:80/row:6;table:86/row:8,93dce79a72c7593ab5ebb1d0996ab24b4be801f56dc1c4e6697df14b55ea39a2,SOURCE_UNVERIFIED
GEN-CF863F0F8C1EB6F4A6974465,MED-2026-W449,司普奇拜单抗,Stapokibart,WESTERN,MEDICATION,注射液：2ml ∶300mg,True,table:80/row:7;table:85/row:2,93dce79a72c7593ab5ebb1d0996ab24b4be801f56dc1c4e6697df14b55ea39a2,SOURCE_UNVERIFIED
GEN-884259CD9EDF81C09E917215,MED-2026-W450,氯霉素,Chloramphenicol,WESTERN,MEDICATION,滴眼剂：8ml ∶20mg,False,table:81/row:4,93dce79a72c7593ab5ebb1d0996ab24b4be801f56dc1c4e6697df14b55ea39a2,SOURCE_UNVERIFIED
GEN-AC461523D5D1E9B5B656F33E,MED-2026-W451,加替沙星,Gatifloxacin,WESTERN,MEDICATION,滴眼剂、眼用凝胶：0.3%,False,table:82/row:2,93dce79a72c7593ab5ebb1d0996ab24b4be801f56dc1c4e6697df14b55ea39a2,SOURCE_UNVERIFIED
GEN-ABA9C51582BEC28203C096C1,MED-2026-W452,利福平,Rifampicin,WESTERN,MEDICATION,滴眼剂： 10ml ∶5mg 、10ml ∶10mg,False,table:82/row:4,93dce79a72c7593ab5ebb1d0996ab24b4be801f56dc1c4e6697df14b55ea39a2,SOURCE_UNVERIFIED
GEN-4E63271DAB1E9C07EFDB86BE,MED-2026-W453,毛果芸香碱,Pilocarpine,WESTERN,MEDICATION,注射液： 1ml ∶2mg滴眼剂,False,table:82/row:6,93dce79a72c7593ab5ebb1d0996ab24b4be801f56dc1c4e6697df14b55ea39a2,SOURCE_UNVERIFIED
GEN-228FD9E37E7C9C851B5FE0DC,MED-2026-W454,他氟前列素,Tafluprost,WESTERN,MEDICATION,滴眼剂：0.0015%,False,table:82/row:7,93dce79a72c7593ab5ebb1d0996ab24b4be801f56dc1c4e6697df14b55ea39a2,SOURCE_UNVERIFIED
GEN-EE7FB3B2CDA5642F244FDD5D,MED-2026-W455,噻吗洛尔,Timolol,WESTERN,MEDICATION,滴眼剂：5ml ∶12.5mg 、5ml ∶25mg,False,table:82/row:8,93dce79a72c7593ab5ebb1d0996ab24b4be801f56dc1c4e6697df14b55ea39a2,SOURCE_UNVERIFIED
GEN-241FA6510E22CA3DE82CE17A,MED-2026-W456,乙酰唑胺,Acetazolamide,WESTERN,MEDICATION,片剂：0.25g,False,table:82/row:9,93dce79a72c7593ab5ebb1d0996ab24b4be801f56dc1c4e6697df14b55ea39a2,SOURCE_UNVERIFIED
GEN-D1D0900CE009A5DFF8DC20B4,MED-2026-W457,可的松,Cortisone,WESTERN,MEDICATION,"眼膏剂：0.25% 、0.5% 、1%
滴眼剂：3ml ∶15mg",False,table:82/row:12,93dce79a72c7593ab5ebb1d0996ab24b4be801f56dc1c4e6697df14b55ea39a2,SOURCE_UNVERIFIED
GEN-C0B67FA3830BE5C4D38C479D,MED-2026-W458,复方托吡卡胺,Compound Tropicamide,WESTERN,MEDICATION,滴眼剂： 1ml（托吡卡胺 5mg，盐酸去氧肾上腺素 5mg）、5ml（托吡卡胺 25mg，盐酸去氧肾上腺素25mg）,False,table:83/row:2,93dce79a72c7593ab5ebb1d0996ab24b4be801f56dc1c4e6697df14b55ea39a2,SOURCE_UNVERIFIED
GEN-C75712A9851D8EC37BAFAB3F,MED-2026-W459,康柏西普,Conbercept,WESTERN,MEDICATION,眼用注射液： 10mg/ml ，0.2ml/ 支； 10mg/ml ，0.05ml/ 支（预充式）,True,table:83/row:3,93dce79a72c7593ab5ebb1d0996ab24b4be801f56dc1c4e6697df14b55ea39a2,SOURCE_UNVERIFIED
GEN-5CC622CAEA0E59A89FAA14F9,MED-2026-W460,麻黄碱,Ephedrine,WESTERN,MEDICATION,滴鼻剂： 1%,False,table:84/row:2,93dce79a72c7593ab5ebb1d0996ab24b4be801f56dc1c4e6697df14b55ea39a2,SOURCE_UNVERIFIED
GEN-9A3AA269BE187366CEB6B711,MED-2026-W461,氧氟沙星,Ofloxacin,WESTERN,MEDICATION,滴耳剂：5ml ∶15mg,False,table:84/row:3,93dce79a72c7593ab5ebb1d0996ab24b4be801f56dc1c4e6697df14b55ea39a2,SOURCE_UNVERIFIED
GEN-1E3F344DD53622A039273427,MED-2026-W462,地芬尼多,Difenidol,WESTERN,MEDICATION,片剂：25mg,False,table:84/row:4,93dce79a72c7593ab5ebb1d0996ab24b4be801f56dc1c4e6697df14b55ea39a2,SOURCE_UNVERIFIED
GEN-603D683DF17EB2093D0B7F45,MED-2026-W463,羟甲唑啉,Oxymetazoline,WESTERN,MEDICATION,"滴鼻剂：3ml ∶1.5mg 、5ml ∶2.5mg、 10ml ∶5mg
喷雾剂：5ml ∶1.25mg 、10ml ∶5mg",False,table:84/row:5,93dce79a72c7593ab5ebb1d0996ab24b4be801f56dc1c4e6697df14b55ea39a2,SOURCE_UNVERIFIED
GEN-ADE264E64EE008B3CA720C0A,MED-2026-W464,缩宫素,Oxytocin,WESTERN,MEDICATION,注射液： 1ml ∶5 单位、 1ml ∶10 单位,False,table:86/row:3,93dce79a72c7593ab5ebb1d0996ab24b4be801f56dc1c4e6697df14b55ea39a2,SOURCE_UNVERIFIED
GEN-DA9B4C0E44DB9D51C3B1F0A8,MED-2026-W465,麦角新碱,Ergometrine,WESTERN,MEDICATION,注射液： 1ml ∶0.2mg 、1ml ∶0.5mg,False,table:86/row:4,93dce79a72c7593ab5ebb1d0996ab24b4be801f56dc1c4e6697df14b55ea39a2,SOURCE_UNVERIFIED
GEN-A118842105FD74572377B8B8,MED-2026-W466,垂体后叶注射液,Posterior Pituitary Injection,WESTERN,MEDICATION,注射液：0.5ml ∶3 单位、1ml ∶6 单位,False,table:86/row:5,93dce79a72c7593ab5ebb1d0996ab24b4be801f56dc1c4e6697df14b55ea39a2,SOURCE_UNVERIFIED
GEN-E234E25BD5A1B73FE376AD41,MED-2026-W467,米非司酮,Mifepristone,WESTERN,MEDICATION,片剂： 10mg 、25mg 、200mg,False,table:86/row:6,93dce79a72c7593ab5ebb1d0996ab24b4be801f56dc1c4e6697df14b55ea39a2,SOURCE_UNVERIFIED
GEN-78D2AEC2B3C2487CB9AE7668,MED-2026-W468,米索前列醇,Misoprostol,WESTERN,MEDICATION,片剂：200μg,False,table:86/row:7,93dce79a72c7593ab5ebb1d0996ab24b4be801f56dc1c4e6697df14b55ea39a2,SOURCE_UNVERIFIED
GEN-5C7B29DD9788A38D560B90ED,MED-2026-W469,卡前列甲酯,Carboprost Methylate,WESTERN,MEDICATION,栓剂：0.5mg 、1mg,False,table:86/row:9,93dce79a72c7593ab5ebb1d0996ab24b4be801f56dc1c4e6697df14b55ea39a2,SOURCE_UNVERIFIED
GEN-DE109FBCF05C9FAE4C1B795C,MED-2026-W470,克霉唑,Clotrimazole,WESTERN,MEDICATION,"栓剂：0. 15g
阴道片：0.5g",False,table:87/row:5,93dce79a72c7593ab5ebb1d0996ab24b4be801f56dc1c4e6697df14b55ea39a2,SOURCE_UNVERIFIED
GEN-193FB831FA3944873996E82F,MED-2026-W471,避孕药,,WESTERN,SCOPE,,False,table:87/row:7,93dce79a72c7593ab5ebb1d0996ab24b4be801f56dc1c4e6697df14b55ea39a2,SOURCE_UNVERIFIED
GEN-130BB4A75E536AFDDFB13E52,MED-2026-W472,咖啡因,Caffeine,WESTERN,MEDICATION,（枸橼酸盐）注射液： 1ml ∶20mg,True,table:88/row:2,93dce79a72c7593ab5ebb1d0996ab24b4be801f56dc1c4e6697df14b55ea39a2,SOURCE_UNVERIFIED
GEN-0B8F20AE9A891AA69E2BE889,MED-2026-W473,牛肺表面活性剂,Calf Pulmonary Surfactant,WESTERN,MEDICATION,注射用无菌粉末：70mg,True,table:88/row:3,93dce79a72c7593ab5ebb1d0996ab24b4be801f56dc1c4e6697df14b55ea39a2,SOURCE_UNVERIFIED
GEN-B8571261DEFBBC52889B92A9,MED-2026-W474,培门冬酶,Pegaspargase,WESTERN,MEDICATION,注射液：2ml ∶1500IU、5ml ∶3750IU,True,table:88/row:4,93dce79a72c7593ab5ebb1d0996ab24b4be801f56dc1c4e6697df14b55ea39a2,SOURCE_UNVERIFIED
GEN-78E52F77C3F3A8A7FF8FEACC,MED-2026-W475,水合氯醛,Chloral Hydrate,WESTERN,MEDICATION,"糖浆剂： 10ml ∶1g
糖浆组合包装：
水合氯醛浓缩液 1.342g∶1g/ 糖浆（稀释液）9ml，
水合氯醛浓缩液 0.671g∶0.5g/ 糖浆（稀释液）4.5ml
灌肠剂： 1.34g∶0.5g",True,table:89/row:2,93dce79a72c7593ab5ebb1d0996ab24b4be801f56dc1c4e6697df14b55ea39a2,SOURCE_UNVERIFIED
GEN-AD2198AECF9D381FD00D1386,MED-2026-W476,哌甲酯,Methylphenidate,WESTERN,MEDICATION,"片剂： 10mg 、100mg
缓释片： 18mg 、27mg 、36mg
缓释胶囊：5mg 、10mg 、20mg、 30mg 、40mg",True,table:89/row:3,93dce79a72c7593ab5ebb1d0996ab24b4be801f56dc1c4e6697df14b55ea39a2,SOURCE_UNVERIFIED
GEN-7FBC9C2305F3C667CCB9E07E,MED-2026-T001,九味羌活丸(颗粒),,CHINESE_PATENT,MEDICATION,"丸剂：每丸重 9g，每 10 丸重 1.8g，每袋装 6g 、9g
颗粒剂：每袋装 5g 、15g",False,table:90/row:3,93dce79a72c7593ab5ebb1d0996ab24b4be801f56dc1c4e6697df14b55ea39a2,SOURCE_UNVERIFIED
GEN-0334AD6380166A3BA2D68ECD,MED-2026-T002,感冒清热颗粒(胶囊),,CHINESE_PATENT,MEDICATION,"颗粒剂：每袋装 3g、6g（相当于饮片 8.85g）、12g（相
当于饮片 8.85g）
胶囊：每粒装 0.45g",False,table:90/row:4,93dce79a72c7593ab5ebb1d0996ab24b4be801f56dc1c4e6697df14b55ea39a2,SOURCE_UNVERIFIED
GEN-5A8EF02F790A31FAB535DBAD,MED-2026-T003,正柴胡饮颗粒,,CHINESE_PATENT,MEDICATION,颗粒剂：每袋装 3g 、10g,False,table:90/row:5,93dce79a72c7593ab5ebb1d0996ab24b4be801f56dc1c4e6697df14b55ea39a2,SOURCE_UNVERIFIED
GEN-D1223AF56467396CA8F336BB,MED-2026-T004,荆防颗粒(合剂),,CHINESE_PATENT,MEDICATION,"颗粒剂：每袋装 15g
合剂：每瓶（支）装 10ml （每 1ml 相当于饮片 1g）",False,table:90/row:6,93dce79a72c7593ab5ebb1d0996ab24b4be801f56dc1c4e6697df14b55ea39a2,SOURCE_UNVERIFIED
GEN-68A9F7211D41B8DC617CAB54,MED-2026-T005,柴胡注射液,,CHINESE_PATENT,MEDICATION,注射液：每支装 2ml,True,table:90/row:7,93dce79a72c7593ab5ebb1d0996ab24b4be801f56dc1c4e6697df14b55ea39a2,SOURCE_UNVERIFIED
GEN-2652BF3E73FCCA1646C7D0EC,MED-2026-T006,金花清感颗粒,,CHINESE_PATENT,MEDICATION,颗粒剂：每袋装 5g（相当于饮片 17.3g）,False,table:90/row:8,93dce79a72c7593ab5ebb1d0996ab24b4be801f56dc1c4e6697df14b55ea39a2,SOURCE_UNVERIFIED
GEN-191D685BB0C01EEE8379E8A1,MED-2026-T007,银翘解毒丸(颗粒、胶囊、软胶囊、片),,CHINESE_PATENT,MEDICATION,"丸剂：每丸重 3g 、9g，每10 丸重 1.5g（每 1g 相当于饮片 0.61g）
颗粒剂：每袋装 15g（相当于原药材 15g）
胶囊：每粒装 0.4g
软胶囊：每粒装 0.45g（相当于饮片 2.24g）
片剂：每片重 0.3g 、0.5g、 0.52g",False,table:91/row:2,93dce79a72c7593ab5ebb1d0996ab24b4be801f56dc1c4e6697df14b55ea39a2,SOURCE_UNVERIFIED
GEN-B99C6A601B8F24B4D023B28E,MED-2026-T008,芎菊上清丸(颗粒、片),,CHINESE_PATENT,MEDICATION,"丸剂：每丸重 9g，每 100丸重 6g，每袋装 6g
颗粒剂：每袋装 10g
片剂：每片重 0.25g 、0.3g",False,table:91/row:3,93dce79a72c7593ab5ebb1d0996ab24b4be801f56dc1c4e6697df14b55ea39a2,SOURCE_UNVERIFIED
GEN-4DD8A87EAFE6450DBA09B530,MED-2026-T009,牛黄清感胶囊,,CHINESE_PATENT,MEDICATION,胶囊：每粒装 0.3g,False,table:91/row:4,93dce79a72c7593ab5ebb1d0996ab24b4be801f56dc1c4e6697df14b55ea39a2,SOURCE_UNVERIFIED
GEN-1C05AFC42B73574A569C07FE,MED-2026-T010,祖卡木颗粒,,CHINESE_PATENT,MEDICATION,颗粒剂：每袋装 6g 、12g,False,table:91/row:5,93dce79a72c7593ab5ebb1d0996ab24b4be801f56dc1c4e6697df14b55ea39a2,SOURCE_UNVERIFIED
GEN-0CE12B7B997E226FAA16EDCA,MED-2026-T011,复方银花解毒颗粒,,CHINESE_PATENT,MEDICATION,颗粒剂：每袋装 15g,False,table:91/row:6,93dce79a72c7593ab5ebb1d0996ab24b4be801f56dc1c4e6697df14b55ea39a2,SOURCE_UNVERIFIED
GEN-F22C562DA3D3EF02736131DB,MED-2026-T012,柴银颗粒(口服液),,CHINESE_PATENT,MEDICATION,"颗粒剂：每袋装 8g
合剂：每瓶装 20ml",False,table:91/row:7,93dce79a72c7593ab5ebb1d0996ab24b4be801f56dc1c4e6697df14b55ea39a2,SOURCE_UNVERIFIED
GEN-69A3EBB4EFEE5422F6E182A8,MED-2026-T013,防风通圣丸(颗粒),,CHINESE_PATENT,MEDICATION,"丸剂：每丸重 9g，每 8 丸相当于原药材 3g 、6g，每20 丸重 1g
颗粒剂：每袋装 3g",False,table:92/row:2,93dce79a72c7593ab5ebb1d0996ab24b4be801f56dc1c4e6697df14b55ea39a2,SOURCE_UNVERIFIED
GEN-3F6FADDCA67DE3E749EACA1B,MED-2026-T014,小柴胡颗粒(片),,CHINESE_PATENT,MEDICATION,"颗粒剂：每袋装 10g（每袋相当于饮片 4.86g）、4g （每袋相当于饮片 4.86g）、 3g 、2.5g
片剂：每片重 0.4g",False,table:92/row:3,93dce79a72c7593ab5ebb1d0996ab24b4be801f56dc1c4e6697df14b55ea39a2,SOURCE_UNVERIFIED
GEN-82ACFBCFDF9A7BB20BEA2596,MED-2026-T015,玉屏风颗粒,,CHINESE_PATENT,MEDICATION,颗粒剂：每袋装 5g（相当于饮片 10g）,False,table:92/row:4,93dce79a72c7593ab5ebb1d0996ab24b4be801f56dc1c4e6697df14b55ea39a2,SOURCE_UNVERIFIED
GEN-EC8E8A3B8493CD114B55A0F6,MED-2026-T016,麻仁润肠丸(软胶囊),,CHINESE_PATENT,MEDICATION,"丸剂：每丸重 6g，每 10 粒重 1.6g，每袋装 6g（每 30丸重 6g）
软胶囊：每粒装 0.5g",False,table:92/row:6,93dce79a72c7593ab5ebb1d0996ab24b4be801f56dc1c4e6697df14b55ea39a2,SOURCE_UNVERIFIED
GEN-92C7E44769045A4E19577D29,MED-2026-T017,黄连上清丸(颗粒、胶囊、片),,CHINESE_PATENT,MEDICATION,"丸剂：每丸重 6g，每 10 丸重 0.3g，每 40 丸重 3g，每袋装 6g
颗粒剂：每袋装 2g
胶囊：每粒装 0.4g
片剂：每片重 0.25g、0.3g、 0.31g",False,table:92/row:8,93dce79a72c7593ab5ebb1d0996ab24b4be801f56dc1c4e6697df14b55ea39a2,SOURCE_UNVERIFIED
GEN-68AA339318F6AAF7C9A08E05,MED-2026-T018,牛黄解毒丸(胶囊、软胶囊、片),,CHINESE_PATENT,MEDICATION,"丸剂：每丸重 3g，每 100丸重 5g，每袋装 4g
胶囊：每粒装 0.3g
软胶囊：每粒装 0.4g
片剂：每片重 0.25g、0.27g、 0.3g",False,table:93/row:2,93dce79a72c7593ab5ebb1d0996ab24b4be801f56dc1c4e6697df14b55ea39a2,SOURCE_UNVERIFIED
GEN-5DDC26FEEB86C6EEC4CF2615,MED-2026-T019,牛黄上清丸(胶囊、片),,CHINESE_PATENT,MEDICATION,"丸剂：每丸重 6g，每 16 粒重 3g，每 100 粒重 10g
胶囊：每粒装 0.3g
片剂：每片重 0.25g（相当于饮片 0.622g）、0.265g（相当于饮片 0.62g）、0.3g",False,table:93/row:3,93dce79a72c7593ab5ebb1d0996ab24b4be801f56dc1c4e6697df14b55ea39a2,SOURCE_UNVERIFIED
GEN-5E837409FE5B35D6C80CAE5D,MED-2026-T020,一清颗粒(胶囊),,CHINESE_PATENT,MEDICATION,"颗粒剂：每袋装 5g 、7.5g，每 1g 相当于饮片 0.98g
胶囊：每粒装 0.5g",False,table:93/row:4,93dce79a72c7593ab5ebb1d0996ab24b4be801f56dc1c4e6697df14b55ea39a2,SOURCE_UNVERIFIED
GEN-92ED624EBE6AA72B040E5FF5,MED-2026-T021,板蓝根颗粒,,CHINESE_PATENT,MEDICATION,颗粒剂：每袋装 3g（相当于饮片 7g）、5g（相当于饮片 7g）、10g （相当于饮片14g）,False,table:93/row:5,93dce79a72c7593ab5ebb1d0996ab24b4be801f56dc1c4e6697df14b55ea39a2,SOURCE_UNVERIFIED
GEN-5270728A521F91EF423B938F,MED-2026-T022,金叶败毒颗粒,,CHINESE_PATENT,MEDICATION,颗粒剂：每袋装 10g,False,table:93/row:6,93dce79a72c7593ab5ebb1d0996ab24b4be801f56dc1c4e6697df14b55ea39a2,SOURCE_UNVERIFIED
GEN-C1AC5DB2C8FA85A940907E01,MED-2026-T023,疏风解毒胶囊,,CHINESE_PATENT,MEDICATION,胶囊：每粒装 0.52g（相当于饮片 2.7g）,False,table:93/row:7,93dce79a72c7593ab5ebb1d0996ab24b4be801f56dc1c4e6697df14b55ea39a2,SOURCE_UNVERIFIED
GEN-48DEDF4B609AD5EC5D158E94,MED-2026-T024,清热解毒颗粒(口服液),,CHINESE_PATENT,MEDICATION,"颗粒剂：每袋装 5g 、9g、 18g
合剂：每支装 10ml",False,table:94/row:2,93dce79a72c7593ab5ebb1d0996ab24b4be801f56dc1c4e6697df14b55ea39a2,SOURCE_UNVERIFIED
GEN-FF8D4594FD089C1B41B05DDC,MED-2026-T025,复方黄黛片,,CHINESE_PATENT,MEDICATION,片剂：每片重 0.27g,False,table:94/row:3,93dce79a72c7593ab5ebb1d0996ab24b4be801f56dc1c4e6697df14b55ea39a2,SOURCE_UNVERIFIED
GEN-CFABE262470A18AB4418EF62,MED-2026-T026,唐草片,,CHINESE_PATENT,MEDICATION,片剂：每片重 0.4g,True,table:94/row:4,93dce79a72c7593ab5ebb1d0996ab24b4be801f56dc1c4e6697df14b55ea39a2,SOURCE_UNVERIFIED
GEN-4D0E6EE3A3300DB7E0F5C7AC,MED-2026-T027,清热八味胶囊(散、丸),,CHINESE_PATENT,MEDICATION,"胶囊：每粒装 0.3g（相当于饮片 1.134g）
散剂：每袋装 15g
丸剂：每 10 粒重 2g",False,table:94/row:5,93dce79a72c7593ab5ebb1d0996ab24b4be801f56dc1c4e6697df14b55ea39a2,SOURCE_UNVERIFIED
GEN-F500D608B322BF24C38808EB,MED-2026-T028,热炎宁合剂,,CHINESE_PATENT,MEDICATION,合剂：每 1ml 相当于饮片1.30g,False,table:94/row:6,93dce79a72c7593ab5ebb1d0996ab24b4be801f56dc1c4e6697df14b55ea39a2,SOURCE_UNVERIFIED
GEN-02E93567D242434EA983E4BD,MED-2026-T029,保济丸(口服液),,CHINESE_PATENT,MEDICATION,"丸剂：每瓶装 1.85g 、3.7g
合剂：每 1ml 相当于饮片0.187g",False,table:94/row:7,93dce79a72c7593ab5ebb1d0996ab24b4be801f56dc1c4e6697df14b55ea39a2,SOURCE_UNVERIFIED
GEN-B7E9C575EB4CD37C630E5D26,MED-2026-T030,藿香正气水(口服液、软胶囊),,CHINESE_PATENT,MEDICATION,"酊剂：每支装 10ml；每
1ml 相当于饮片 0.66g，含甘草浸膏 9.76mg、广藿香油 0.78μl、紫苏叶油 0.39μl合剂：每支装10ml；每 1ml相当于饮片 0.66g，含甘草浸膏 10mg、含广藿香油0.8μl、含紫苏叶油 0.4μl
软胶囊：每粒装 0.45g",True,table:94/row:8,93dce79a72c7593ab5ebb1d0996ab24b4be801f56dc1c4e6697df14b55ea39a2,SOURCE_UNVERIFIED
GEN-E9BF7561DF2339E72AF19BBF,MED-2026-T031,十滴水,,CHINESE_PATENT,MEDICATION,酊剂：每瓶（支）装 5ml、 10ml 、100ml 、500ml ；每1ml 相当于饮片 0.07g，含樟脑 25mg、桉油 12.5μl,False,table:95/row:2,93dce79a72c7593ab5ebb1d0996ab24b4be801f56dc1c4e6697df14b55ea39a2,SOURCE_UNVERIFIED
GEN-368DBC61B76C719DC81AF579,MED-2026-T032,四妙丸,,CHINESE_PATENT,MEDICATION,丸剂：每 15 粒重 1g,False,table:95/row:3,93dce79a72c7593ab5ebb1d0996ab24b4be801f56dc1c4e6697df14b55ea39a2,SOURCE_UNVERIFIED
GEN-45BF8C5C2CA47EEEC4A1060A,MED-2026-T033,双黄连合剂(口服液、颗粒、胶囊、片),,CHINESE_PATENT,MEDICATION,"合剂：每瓶装100ml；每支装 10ml（相当于饮片 7.5g）、 20ml； 每 1ml 相当于饮片1.5g 、3.0g
颗粒剂：每袋装 5g（相当于净饮片 15g），每袋装 5g （相当于净饮片 30g）
胶囊：每粒装 0.4g
片剂：每片重 0.53g",False,table:95/row:4,93dce79a72c7593ab5ebb1d0996ab24b4be801f56dc1c4e6697df14b55ea39a2,SOURCE_UNVERIFIED
GEN-2532BE9DCD44076E8E5E0017,MED-2026-T034,银黄口服液(颗粒、胶囊、片),,CHINESE_PATENT,MEDICATION,"合剂：每支装 10ml；每 1ml 含金银花提取物（以绿原酸计）2.4mg，含黄芩提取物（以黄芩苷计） 24mg
颗粒剂：每袋装 2g、4g（含金银花提取物 0.4g，黄芩提取物 0.16g）
胶囊：每粒装 0.3g（含提取物 0.14g）
片剂：每片重 0.25g",False,table:95/row:5,93dce79a72c7593ab5ebb1d0996ab24b4be801f56dc1c4e6697df14b55ea39a2,SOURCE_UNVERIFIED
GEN-D73C0BFC3144CDC844060828,MED-2026-T035,茵栀黄口服液(颗粒),,CHINESE_PATENT,MEDICATION,"合剂：每支装 10ml（含黄芩苷 0.4g）
颗粒剂：每袋装 3g",False,table:96/row:2,93dce79a72c7593ab5ebb1d0996ab24b4be801f56dc1c4e6697df14b55ea39a2,SOURCE_UNVERIFIED
GEN-960C7351728767557DC0CDFE,MED-2026-T036,复方黄连素片,,CHINESE_PATENT,MEDICATION,片剂：每片含盐酸小檗碱30mg,False,table:96/row:3,93dce79a72c7593ab5ebb1d0996ab24b4be801f56dc1c4e6697df14b55ea39a2,SOURCE_UNVERIFIED
GEN-A8F337368A2998E1690CE4BF,MED-2026-T037,连花清瘟胶囊(颗粒),,CHINESE_PATENT,MEDICATION,"胶囊：每粒装 0.35g
颗粒剂：每袋装 6g",False,table:96/row:4,93dce79a72c7593ab5ebb1d0996ab24b4be801f56dc1c4e6697df14b55ea39a2,SOURCE_UNVERIFIED
GEN-2291EA76965AD3176D3B287F,MED-2026-T038,香连丸,,CHINESE_PATENT,MEDICATION,丸剂： 每 6 丸相当于原生药 3g，每 10 丸重 1.5g，每12 丸重约 1g，每 20 丸重1g，每 100 粒重 3g （相当于饮片 3g）,False,table:96/row:5,93dce79a72c7593ab5ebb1d0996ab24b4be801f56dc1c4e6697df14b55ea39a2,SOURCE_UNVERIFIED
GEN-1D9C9B65448FBDC5D9033353,MED-2026-T039,金芪降糖片(胶囊、颗粒),,CHINESE_PATENT,MEDICATION,"片剂：每片重 0.56g
胶囊：每粒装 0.4g
颗粒剂：每袋装 5g",False,table:96/row:6,93dce79a72c7593ab5ebb1d0996ab24b4be801f56dc1c4e6697df14b55ea39a2,SOURCE_UNVERIFIED
GEN-7ACC62764382E519E6AC00DD,MED-2026-T040,附子理中丸(片),,CHINESE_PATENT,MEDICATION,"丸剂：每丸重 9g，每 8 丸相当于原生药 3g，每袋装6g
片剂：每片重 0.25g（相当于饮片 0.43g）",False,table:96/row:8,93dce79a72c7593ab5ebb1d0996ab24b4be801f56dc1c4e6697df14b55ea39a2,SOURCE_UNVERIFIED
GEN-F1D6FC28FDDEFBD6F57755DC,MED-2026-T041,香砂养胃丸(颗粒、片),,CHINESE_PATENT,MEDICATION,"丸剂：每 8 丸相当于原药材（原生药、饮片）3g，每袋装 9g
颗粒剂：每袋装 5g
片剂：每片重 0.6g",False,table:97/row:2,93dce79a72c7593ab5ebb1d0996ab24b4be801f56dc1c4e6697df14b55ea39a2,SOURCE_UNVERIFIED
GEN-144BF504019A165481F535CD,MED-2026-T042,香砂平胃丸(颗粒),,CHINESE_PATENT,MEDICATION,"丸剂：每袋（瓶）装 6g
颗粒剂：每袋装 5g 、10g",False,table:97/row:3,93dce79a72c7593ab5ebb1d0996ab24b4be801f56dc1c4e6697df14b55ea39a2,SOURCE_UNVERIFIED
GEN-763D698123906DB05E45E3C2,MED-2026-T043,理中丸,,CHINESE_PATENT,MEDICATION,丸剂：每丸重 9g，每 8 丸相当于原药材 3g,False,table:97/row:4,93dce79a72c7593ab5ebb1d0996ab24b4be801f56dc1c4e6697df14b55ea39a2,SOURCE_UNVERIFIED
GEN-DBF4D40E6B8A47EE7178EFAE,MED-2026-T044,参麦注射液,,CHINESE_PATENT,MEDICATION,"注射液：每支装 10ml、
20ml，每瓶装 50ml、100ml",True,table:97/row:5,93dce79a72c7593ab5ebb1d0996ab24b4be801f56dc1c4e6697df14b55ea39a2,SOURCE_UNVERIFIED
GEN-7666E2726FDF07FD70942D6B,MED-2026-T045,生脉饮(颗粒、胶囊、注射液),,CHINESE_PATENT,MEDICATION,"合剂：每支装 10ml
颗粒剂：每袋装 2g 、10g
胶囊：每粒装 0.3g 、0.35g
注射液：每支装 10ml、 20ml",True,table:97/row:6,93dce79a72c7593ab5ebb1d0996ab24b4be801f56dc1c4e6697df14b55ea39a2,SOURCE_UNVERIFIED
GEN-7159C0E6CF9DA19468C88048,MED-2026-T046,稳心颗粒,,CHINESE_PATENT,MEDICATION,颗粒剂：每袋装 5g（每 1g相当于饮片 1.8g）、9g（每1g 相当于饮片 1.0g）,False,table:97/row:7,93dce79a72c7593ab5ebb1d0996ab24b4be801f56dc1c4e6697df14b55ea39a2,SOURCE_UNVERIFIED
GEN-12A3754A70EDA042E6485EB2,MED-2026-T047,通宣理肺丸(颗粒、胶囊、片),,CHINESE_PATENT,MEDICATION,"丸剂：每丸重 6g，每 8 丸相当于原药材 3g，每 100丸重 10g
颗粒剂：每袋装 3g（相当于饮片 9.3g）、9g
胶囊：每粒装 0.36g
片剂：每片重 0.3g",False,table:98/row:3,93dce79a72c7593ab5ebb1d0996ab24b4be801f56dc1c4e6697df14b55ea39a2,SOURCE_UNVERIFIED
GEN-61CAC81F43DBBEF6488B1E9E,MED-2026-T048,寒喘祖帕颗粒,,CHINESE_PATENT,MEDICATION,"颗粒剂：每袋装 6g（每 1g相当于饮片 1.53g）、10g（每1g 相当于饮片 0.918g）、
12g（每 1g 相当于饮片0.765g）",False,table:98/row:4,93dce79a72c7593ab5ebb1d0996ab24b4be801f56dc1c4e6697df14b55ea39a2,SOURCE_UNVERIFIED
GEN-992A0A2B5A39B063AB62612D,MED-2026-T049,蛇胆川贝液,,CHINESE_PATENT,MEDICATION,糖浆剂、合剂：每支装 10ml，每 1ml 相当于饮片0.085g,False,table:98/row:5,93dce79a72c7593ab5ebb1d0996ab24b4be801f56dc1c4e6697df14b55ea39a2,SOURCE_UNVERIFIED
GEN-F65D06769B7256B851D26374,MED-2026-T050,橘红丸(颗粒、胶囊、片),,CHINESE_PATENT,MEDICATION,"丸剂：每丸重 6g，每 100丸重 10g
颗粒剂：每袋装 11g（相当于原生药 7g）
胶囊：每粒装 0.5g
片剂：每片重 0.6g",False,table:98/row:6,93dce79a72c7593ab5ebb1d0996ab24b4be801f56dc1c4e6697df14b55ea39a2,SOURCE_UNVERIFIED
GEN-92D7D2A3E8CE7E7C04E0FFDD,MED-2026-T051,急支糖浆(颗粒),,CHINESE_PATENT,MEDICATION,"糖浆剂：每 1ml 相当于饮片 0.66g
颗粒剂：每 1g 相当于饮片
3.96g",False,table:99/row:2,93dce79a72c7593ab5ebb1d0996ab24b4be801f56dc1c4e6697df14b55ea39a2,SOURCE_UNVERIFIED
GEN-30DD77BCCDEE5B6A29338D8F,MED-2026-T052,肺力咳合剂(胶囊),,CHINESE_PATENT,MEDICATION,"合剂：每 1ml 相当于饮片0.187g
胶囊：每粒装 0.3g",False,table:99/row:3,93dce79a72c7593ab5ebb1d0996ab24b4be801f56dc1c4e6697df14b55ea39a2,SOURCE_UNVERIFIED
GEN-2AF7CA757D8CD5CEA5A2F3D4,MED-2026-T053,养阴清肺丸(膏、颗粒),,CHINESE_PATENT,MEDICATION,"丸剂：每丸重 9g，每 100粒重 10g
煎膏剂：每瓶装50g、150g，每瓶装 80ml、100ml
颗粒剂：每袋装 15g",False,table:99/row:4,93dce79a72c7593ab5ebb1d0996ab24b4be801f56dc1c4e6697df14b55ea39a2,SOURCE_UNVERIFIED
GEN-D34DDDE225182B91B2723D56,MED-2026-T054,二母宁嗽丸(颗粒、片),,CHINESE_PATENT,MEDICATION,"丸剂：每丸重 9g（相当于饮片 4g），每 100 丸重 10g颗粒剂：每袋装 3g 、10g
片剂：每片重 0.55g",False,table:99/row:5,93dce79a72c7593ab5ebb1d0996ab24b4be801f56dc1c4e6697df14b55ea39a2,SOURCE_UNVERIFIED
GEN-830AF71CA3E6D51C8E1709FC,MED-2026-T055,润肺膏,,CHINESE_PATENT,MEDICATION,"煎膏剂：每 1g 相当于饮片 20mg，含莱阳梨清膏
485mg",False,table:99/row:6,93dce79a72c7593ab5ebb1d0996ab24b4be801f56dc1c4e6697df14b55ea39a2,SOURCE_UNVERIFIED
GEN-0E1B6B24951D755A3B983D9F,MED-2026-T056,强力枇杷膏(蜜炼)、 强力枇杷露,,CHINESE_PATENT,MEDICATION,"煎膏剂（膏滋）：每瓶装180g 、240g 、300g
糖浆剂：每瓶装 100ml、
150ml 、250ml 、330ml；
每 1ml 相当于饮片 0. 155g，含薄荷脑 0.15mg",False,table:100/row:2,93dce79a72c7593ab5ebb1d0996ab24b4be801f56dc1c4e6697df14b55ea39a2,SOURCE_UNVERIFIED
GEN-31D0A3A3B6C1953A90DA619B,MED-2026-T057,杏贝止咳颗粒,,CHINESE_PATENT,MEDICATION,颗粒剂：每 1g 相当于饮片4.416g,False,table:100/row:3,93dce79a72c7593ab5ebb1d0996ab24b4be801f56dc1c4e6697df14b55ea39a2,SOURCE_UNVERIFIED
GEN-0D3ACAE267AC248EEAA71C57,MED-2026-T058,苏黄止咳胶囊,,CHINESE_PATENT,MEDICATION,胶囊：每粒装 0.45g,False,table:100/row:4,93dce79a72c7593ab5ebb1d0996ab24b4be801f56dc1c4e6697df14b55ea39a2,SOURCE_UNVERIFIED
GEN-27947AA899AD7A395CB17DE0,MED-2026-T059,蛤蚧定喘丸(胶囊),,CHINESE_PATENT,MEDICATION,"丸剂：每丸重 9g，每 60丸重 9g
胶囊：每粒装 0.5g（相当于饮片 1.57g）",False,table:100/row:5,93dce79a72c7593ab5ebb1d0996ab24b4be801f56dc1c4e6697df14b55ea39a2,SOURCE_UNVERIFIED
GEN-E8FDB8C87B7646F2DE629422,MED-2026-T060,桂龙咳喘宁胶囊(片),,CHINESE_PATENT,MEDICATION,"胶囊：每粒装 0.5g（相当于饮片 1.67g）
片剂：每片重 0.33g（相当于原药材 1g）、0.34g（相当于原药材 1g）、0.41g 、 0.54g",False,table:100/row:6,93dce79a72c7593ab5ebb1d0996ab24b4be801f56dc1c4e6697df14b55ea39a2,SOURCE_UNVERIFIED
GEN-50D266F0AB2C28CF82AF1089,MED-2026-T061,固本咳喘片(颗粒、胶囊),,CHINESE_PATENT,MEDICATION,"片剂：每片重 0.4g
颗粒剂：每袋装 2g
胶囊：每粒装 0.4g（相当于饮片 0.854g）",False,table:100/row:7,93dce79a72c7593ab5ebb1d0996ab24b4be801f56dc1c4e6697df14b55ea39a2,SOURCE_UNVERIFIED
GEN-E90241B78C1CB7E39262009A,MED-2026-T062,安宫牛黄丸,,CHINESE_PATENT,MEDICATION,丸剂：每丸重 3g,False,table:101/row:3,93dce79a72c7593ab5ebb1d0996ab24b4be801f56dc1c4e6697df14b55ea39a2,SOURCE_UNVERIFIED
GEN-891CFEEA5575A2B2D0362A17,MED-2026-T063,清开灵颗粒(胶囊、 软胶囊、片、注射液),,CHINESE_PATENT,MEDICATION,"颗粒剂：每袋装 3g（含黄芩苷 20mg）
胶囊：每粒装 0.25g（含黄芩苷 10mg）
软胶囊：每粒装 0.2g（含黄芩苷 10mg）、0.4g（含
黄芩苷 20mg）
片剂：每片重 0.5g（含黄芩苷 20mg）
注射液：每支装2ml、10ml",True,table:101/row:4,93dce79a72c7593ab5ebb1d0996ab24b4be801f56dc1c4e6697df14b55ea39a2,SOURCE_UNVERIFIED
GEN-A8B6782F6894E94125F4D749,MED-2026-T064,安脑丸,,CHINESE_PATENT,MEDICATION,丸剂：每丸重 3g，每 11 丸重 3g,False,table:101/row:5,93dce79a72c7593ab5ebb1d0996ab24b4be801f56dc1c4e6697df14b55ea39a2,SOURCE_UNVERIFIED
GEN-403D59DE325D997EA1858B02,MED-2026-T065,珍黄安宫片,,CHINESE_PATENT,MEDICATION,片剂：每片重 0.24g、0.245g,False,table:101/row:6,93dce79a72c7593ab5ebb1d0996ab24b4be801f56dc1c4e6697df14b55ea39a2,SOURCE_UNVERIFIED
GEN-59D79C75C24D9FD98245F36D,MED-2026-T066,七十味珍珠丸,,CHINESE_PATENT,MEDICATION,丸剂：每丸重 1g，每 30 丸重 1g,False,table:101/row:7,93dce79a72c7593ab5ebb1d0996ab24b4be801f56dc1c4e6697df14b55ea39a2,SOURCE_UNVERIFIED
GEN-0F8B04F86F5AD7BAB1535C92,MED-2026-T067,苏合香丸,,CHINESE_PATENT,MEDICATION,丸剂：每丸重 2.4g、3g（相当于饮片 1.54g）,False,table:101/row:8,93dce79a72c7593ab5ebb1d0996ab24b4be801f56dc1c4e6697df14b55ea39a2,SOURCE_UNVERIFIED
GEN-5A65A1EE4D3BA7A55CD0A232,MED-2026-T068,礞石滚痰丸,,CHINESE_PATENT,MEDICATION,丸剂：每袋（瓶）装 6g,False,table:101/row:9,93dce79a72c7593ab5ebb1d0996ab24b4be801f56dc1c4e6697df14b55ea39a2,SOURCE_UNVERIFIED
GEN-1C8322C362DB8D55E324B2AF,MED-2026-T069,补中益气丸(颗粒),,CHINESE_PATENT,MEDICATION,"丸剂：每丸重 9g，每 8 丸相当于原生药 3g，每袋装6g
颗粒剂：每袋装 3g",False,table:102/row:3,93dce79a72c7593ab5ebb1d0996ab24b4be801f56dc1c4e6697df14b55ea39a2,SOURCE_UNVERIFIED
GEN-0EFB817BEA63AB5A590309F5,MED-2026-T070,参苓白术散(丸、颗粒),,CHINESE_PATENT,MEDICATION,"散剂：每袋装 3g 、6g，每1g 相当于饮片 1g
丸剂：每 100 粒重 6g
颗粒剂：每袋装 3g 、6g",False,table:102/row:4,93dce79a72c7593ab5ebb1d0996ab24b4be801f56dc1c4e6697df14b55ea39a2,SOURCE_UNVERIFIED
GEN-A8114E75004566661EA9EFEE,MED-2026-T071,肾衰宁胶囊(片、颗粒),,CHINESE_PATENT,MEDICATION,"胶囊：每粒装 0.35g
片剂：每片重 0.36g、0.43g （相当于饮片 2.4g）
颗粒剂：每袋装 5g",False,table:102/row:5,93dce79a72c7593ab5ebb1d0996ab24b4be801f56dc1c4e6697df14b55ea39a2,SOURCE_UNVERIFIED
GEN-999FC16EE63710C2534D0DC3,MED-2026-T072,香砂六君丸,,CHINESE_PATENT,MEDICATION,丸剂：每 8 丸相当于原生药 3g，每 100 粒重 6g，每袋装 6g,False,table:102/row:6,93dce79a72c7593ab5ebb1d0996ab24b4be801f56dc1c4e6697df14b55ea39a2,SOURCE_UNVERIFIED
GEN-AD6D1C07AB228056C7E6400B,MED-2026-T073,安胃疡胶囊,,CHINESE_PATENT,MEDICATION,胶囊：每粒含黄酮类化合物 0.2g,False,table:102/row:7,93dce79a72c7593ab5ebb1d0996ab24b4be801f56dc1c4e6697df14b55ea39a2,SOURCE_UNVERIFIED
GEN-FEDFA2A05C5BD40540D5FC2B,MED-2026-T074,益气和胃胶囊,,CHINESE_PATENT,MEDICATION,胶囊：每粒装 0.5g,False,table:102/row:8,93dce79a72c7593ab5ebb1d0996ab24b4be801f56dc1c4e6697df14b55ea39a2,SOURCE_UNVERIFIED
GEN-F226044365055F2E3C934CC2,MED-2026-T075,摩罗丹,,CHINESE_PATENT,MEDICATION,丸剂：每丸重 9g，每 16 丸重 1.84g（相当于生药材 4.5g），每 55 粒重约 9g,False,table:103/row:2,93dce79a72c7593ab5ebb1d0996ab24b4be801f56dc1c4e6697df14b55ea39a2,SOURCE_UNVERIFIED
GEN-34F505DDF593E531BD1F13F6,MED-2026-T076,胃复春片(胶囊),,CHINESE_PATENT,MEDICATION,"片剂：每片重 0.36g
胶囊：每粒装 0.35g",False,table:103/row:3,93dce79a72c7593ab5ebb1d0996ab24b4be801f56dc1c4e6697df14b55ea39a2,SOURCE_UNVERIFIED
GEN-E399CAA9A4DC631B9A985589,MED-2026-T077,归脾丸(合剂),,CHINESE_PATENT,MEDICATION,"丸剂：每丸重 9g，每 8 丸相当于原生药 3g，每袋装6g 、9g
合剂：每支装 10ml，每瓶装 100ml",False,table:103/row:4,93dce79a72c7593ab5ebb1d0996ab24b4be801f56dc1c4e6697df14b55ea39a2,SOURCE_UNVERIFIED
GEN-6E8F0C308D1AFF8A18F3C7E4,MED-2026-T078,健脾生血颗粒(片),,CHINESE_PATENT,MEDICATION,"颗粒剂：每 1g 相当于饮片 0.36g，含硫酸亚铁
（FeSO4 ·7H2O）20mg（相当于铁 4mg）
片剂：每片重 0.6g［含
硫酸亚铁（FeSO4 ·7H2O） 100mg（相当于铁 20mg）］",False,table:103/row:5,93dce79a72c7593ab5ebb1d0996ab24b4be801f56dc1c4e6697df14b55ea39a2,SOURCE_UNVERIFIED
GEN-9786C43A642BADB98197693E,MED-2026-T079,六味地黄丸(胶囊),,CHINESE_PATENT,MEDICATION,"丸剂：每丸重 9g，每 8 丸重 1.44g（每 8 丸相当于饮片、原药材 3g），每袋装 6g 、9g，每瓶装 60g 、 120g
胶囊：每粒装 0.3g 、0.5g",False,table:103/row:6,93dce79a72c7593ab5ebb1d0996ab24b4be801f56dc1c4e6697df14b55ea39a2,SOURCE_UNVERIFIED
GEN-A04B3CE18EA270DDB3BA9B4C,MED-2026-T080,知柏地黄丸,,CHINESE_PATENT,MEDICATION,丸剂：每丸重 0.2g 、9g ，每 10 丸重 1.7g 、2g，每 100 粒重 20g，每袋装 6g，每瓶装 60g，每 8 丸相当于原生药 3g,False,table:104/row:2,93dce79a72c7593ab5ebb1d0996ab24b4be801f56dc1c4e6697df14b55ea39a2,SOURCE_UNVERIFIED
GEN-881CA0BE33BB906DB165B32B,MED-2026-T081,杞菊地黄丸(胶囊、片),,CHINESE_PATENT,MEDICATION,"丸剂：每丸重 9g，每 8 丸相当于原药材（原生药） 3g，每 100 丸重 10g，每袋装 6g，每瓶装 60g
胶囊：每粒装 0.3g
片剂：每片重 0.3g",False,table:104/row:3,93dce79a72c7593ab5ebb1d0996ab24b4be801f56dc1c4e6697df14b55ea39a2,SOURCE_UNVERIFIED
GEN-CC79896E4AC090671E0A5584,MED-2026-T082,生血宝合剂(颗粒),,CHINESE_PATENT,MEDICATION,"合剂：每 1ml 相当于饮片2.67g
颗粒剂：每袋装 4g 、8g",True,table:104/row:4,93dce79a72c7593ab5ebb1d0996ab24b4be801f56dc1c4e6697df14b55ea39a2,SOURCE_UNVERIFIED
GEN-78518E43A7D0B5539601BB6E,MED-2026-T083,复方苁蓉益智胶囊,,CHINESE_PATENT,MEDICATION,胶囊：每粒装 0.3g,True,table:104/row:5,93dce79a72c7593ab5ebb1d0996ab24b4be801f56dc1c4e6697df14b55ea39a2,SOURCE_UNVERIFIED
GEN-5CC793DA765B41EC9E49A5E8,MED-2026-T084,百令胶囊(片),,CHINESE_PATENT,MEDICATION,"胶囊：每粒装0.2g（相当于发酵冬虫夏草菌粉 0.2g）、 0.5g（相当于发酵冬虫夏草菌粉 0.5g）
片剂：每片重 0.44g（含发酵冬虫夏草菌粉 0.333g）、 0.45g（相当于发酵冬虫夏草菌粉 0.2g）",True,table:104/row:6,93dce79a72c7593ab5ebb1d0996ab24b4be801f56dc1c4e6697df14b55ea39a2,SOURCE_UNVERIFIED
GEN-4BF3503D2F9A9825FC0CC5E0,MED-2026-T085,金水宝胶囊(片),,CHINESE_PATENT,MEDICATION,"胶囊：每粒装 0.33g
片剂：每片重 0.42g（含发酵虫草菌粉 0.25g）",True,table:105/row:2,93dce79a72c7593ab5ebb1d0996ab24b4be801f56dc1c4e6697df14b55ea39a2,SOURCE_UNVERIFIED
GEN-029D641E40CCA6692149172D,MED-2026-T086,金匮肾气丸(片),,CHINESE_PATENT,MEDICATION,"丸剂：每丸重 6g（相当于饮片 2.7g），每 10 丸重 2g，每 25 粒重 5g（每 1g 相当于饮片 0.7g），每 100 丸 重 20g（每 1g 相当于饮片 0.7g）
片剂：每片重 0.27g",False,table:105/row:3,93dce79a72c7593ab5ebb1d0996ab24b4be801f56dc1c4e6697df14b55ea39a2,SOURCE_UNVERIFIED
GEN-8F54700A53486B2010736A5E,MED-2026-T087,四神丸(片),,CHINESE_PATENT,MEDICATION,"丸剂：每袋装 9g
片剂：每片重 0.3g 、0.6g",False,table:105/row:4,93dce79a72c7593ab5ebb1d0996ab24b4be801f56dc1c4e6697df14b55ea39a2,SOURCE_UNVERIFIED
GEN-D23223394DB11A1716198A78,MED-2026-T088,济生肾气丸,,CHINESE_PATENT,MEDICATION,丸剂：每丸重 9g，每 10丸重 2g，每袋装 6g,False,table:105/row:5,93dce79a72c7593ab5ebb1d0996ab24b4be801f56dc1c4e6697df14b55ea39a2,SOURCE_UNVERIFIED
GEN-6D8063145B507861C023564F,MED-2026-T089,八珍丸(颗粒、胶囊),,CHINESE_PATENT,MEDICATION,"丸剂：每丸重 9g，每 8 丸相当于原生药 3g
颗粒剂：每袋装 3.5g 、8g
胶囊：每粒装 0.4g",False,table:105/row:6,93dce79a72c7593ab5ebb1d0996ab24b4be801f56dc1c4e6697df14b55ea39a2,SOURCE_UNVERIFIED
GEN-48908DB834AB404C97742CA2,MED-2026-T090,消渴丸,,CHINESE_PATENT,MEDICATION,丸剂：每 10 丸重 2.5g（含格列本脲 2.5mg）,False,table:105/row:7,93dce79a72c7593ab5ebb1d0996ab24b4be801f56dc1c4e6697df14b55ea39a2,SOURCE_UNVERIFIED
GEN-45B3A314F6E177C0FA4F75B6,MED-2026-T091,贞芪扶正颗粒(胶囊),,CHINESE_PATENT,MEDICATION,"颗粒剂：每袋装 5g 、15g
胶囊：每粒装 0.35g（相当于原药材 3.125g），每 6 粒相当于原生药 12.5g",False,table:106/row:2,93dce79a72c7593ab5ebb1d0996ab24b4be801f56dc1c4e6697df14b55ea39a2,SOURCE_UNVERIFIED
GEN-024C654DD0D602E35FB7835D,MED-2026-T092,参芪降糖颗粒(胶囊、片),,CHINESE_PATENT,MEDICATION,"颗粒剂：每 1g 相当于饮片2.39g，含人参茎叶总皂苷17.14mg
胶囊：每粒装 0.35g
片剂：每片重 0.35g",False,table:106/row:3,93dce79a72c7593ab5ebb1d0996ab24b4be801f56dc1c4e6697df14b55ea39a2,SOURCE_UNVERIFIED
GEN-2CE2857673AD6C04A40DF069,MED-2026-T093,天芪降糖胶囊,,CHINESE_PATENT,MEDICATION,胶囊：每粒装 0.32g,False,table:106/row:4,93dce79a72c7593ab5ebb1d0996ab24b4be801f56dc1c4e6697df14b55ea39a2,SOURCE_UNVERIFIED
GEN-8B1F385E68A0037AD02A79C3,MED-2026-T094,津力达颗粒,,CHINESE_PATENT,MEDICATION,颗粒剂：每袋装 9g,True,table:106/row:5,93dce79a72c7593ab5ebb1d0996ab24b4be801f56dc1c4e6697df14b55ea39a2,SOURCE_UNVERIFIED
GEN-9BD690514F8809443C7D3F53,MED-2026-T095,益气维血胶囊(片、颗粒),,CHINESE_PATENT,MEDICATION,"胶囊：每粒装 0.45g
片剂：每片重 0.57g
颗粒剂：每袋装 10g",False,table:106/row:6,93dce79a72c7593ab5ebb1d0996ab24b4be801f56dc1c4e6697df14b55ea39a2,SOURCE_UNVERIFIED
GEN-235B4E48F77B2D3B0889FE79,MED-2026-T096,玉泉胶囊(颗粒),,CHINESE_PATENT,MEDICATION,"胶囊：每粒装 0.5g 、0.6g
颗粒剂：每袋装 5g",False,table:106/row:7,93dce79a72c7593ab5ebb1d0996ab24b4be801f56dc1c4e6697df14b55ea39a2,SOURCE_UNVERIFIED
GEN-430663BE5A48E5B03A717333,MED-2026-T097,芪苈强心胶囊,,CHINESE_PATENT,MEDICATION,胶囊：每粒装 0.3g（相当于饮片 1.90g）,False,table:106/row:8,93dce79a72c7593ab5ebb1d0996ab24b4be801f56dc1c4e6697df14b55ea39a2,SOURCE_UNVERIFIED
GEN-27D386D03E3565B40AF84D83,MED-2026-T098,养心定悸胶囊(颗粒),,CHINESE_PATENT,MEDICATION,"胶囊：每粒装 0.5g
颗粒剂：每袋装 12g",False,table:107/row:2,93dce79a72c7593ab5ebb1d0996ab24b4be801f56dc1c4e6697df14b55ea39a2,SOURCE_UNVERIFIED
GEN-11C3F617459761D7911C1C4F,MED-2026-T099,天王补心丸(片),,CHINESE_PATENT,MEDICATION,"丸剂：每丸重 9g，每 8 丸 相当于原生药（饮片）3g，每袋装 6g
片剂：每片重 0.5g",False,table:107/row:4,93dce79a72c7593ab5ebb1d0996ab24b4be801f56dc1c4e6697df14b55ea39a2,SOURCE_UNVERIFIED
GEN-8059C7C3F761E11D2474AB74,MED-2026-T100,柏子养心丸(片),,CHINESE_PATENT,MEDICATION,"丸剂：每丸重 9g，每 5 丸重 1g，每袋装 6g 、9g，每瓶装 60g
片剂：每片重 0.3g",False,table:107/row:5,93dce79a72c7593ab5ebb1d0996ab24b4be801f56dc1c4e6697df14b55ea39a2,SOURCE_UNVERIFIED
GEN-DCCD9524CBA5946C77A66D96,MED-2026-T101,枣仁安神颗粒(胶囊、液),,CHINESE_PATENT,MEDICATION,"颗粒剂：每袋装 5g（相当于饮片 9.98g）
胶囊：每粒装 0.45g
合剂：每支装 10ml",False,table:107/row:6,93dce79a72c7593ab5ebb1d0996ab24b4be801f56dc1c4e6697df14b55ea39a2,SOURCE_UNVERIFIED
GEN-215DF241C6FEA71FD5C9955E,MED-2026-T102,乌灵胶囊,,CHINESE_PATENT,MEDICATION,胶囊：每粒装 0.33g,False,table:107/row:7,93dce79a72c7593ab5ebb1d0996ab24b4be801f56dc1c4e6697df14b55ea39a2,SOURCE_UNVERIFIED
GEN-60F8C84918FF7645C3C8C8F8,MED-2026-T103,甜梦胶囊(口服液),,CHINESE_PATENT,MEDICATION,"胶囊：每粒装 0.4g（相当于饮片 2.18g）
合剂：每 1ml 相当于饮片0.65g",False,table:107/row:8,93dce79a72c7593ab5ebb1d0996ab24b4be801f56dc1c4e6697df14b55ea39a2,SOURCE_UNVERIFIED
GEN-511B6F08FD10FA09453CFB46,MED-2026-T104,安神补心六味丸,,CHINESE_PATENT,MEDICATION,丸剂：每 10 粒重 2g,False,table:108/row:2,93dce79a72c7593ab5ebb1d0996ab24b4be801f56dc1c4e6697df14b55ea39a2,SOURCE_UNVERIFIED
GEN-86048DF86E4BF89E2C1DF23A,MED-2026-T105,槐角丸,,CHINESE_PATENT,MEDICATION,丸剂：每丸重 9g，每袋装6g，每瓶装 36g,False,table:108/row:4,93dce79a72c7593ab5ebb1d0996ab24b4be801f56dc1c4e6697df14b55ea39a2,SOURCE_UNVERIFIED
GEN-C7D193C96176768E477FC7E3,MED-2026-T106,升血小板胶囊,,CHINESE_PATENT,MEDICATION,胶囊：每粒装 0.45g,False,table:108/row:5,93dce79a72c7593ab5ebb1d0996ab24b4be801f56dc1c4e6697df14b55ea39a2,SOURCE_UNVERIFIED
GEN-E6DEFDC06BC93CDA0CD8559E,MED-2026-T107,地榆升白片(胶囊),,CHINESE_PATENT,MEDICATION,"片剂：每片重 0. 1g（相当于饮片 5mg）
胶囊：每粒装 0. 1g（相当于饮片 5mg），0.2g（相当
于饮片 10mg）",False,table:108/row:6,93dce79a72c7593ab5ebb1d0996ab24b4be801f56dc1c4e6697df14b55ea39a2,SOURCE_UNVERIFIED
GEN-BAEEA49A4D17FD7C316E2986,MED-2026-T108,血栓通胶囊(注射液)、注射用血栓通(冻干),,CHINESE_PATENT,MEDICATION,"胶囊：每粒装 0. 18g（含三七总皂苷 100mg）
注射液：每支装2ml∶70mg （三七总皂苷），每支装
5ml ∶175mg（三七总皂苷）注射用无菌粉末：每瓶
（支）装 100mg 、150mg、 250mg",True,table:108/row:8,93dce79a72c7593ab5ebb1d0996ab24b4be801f56dc1c4e6697df14b55ea39a2,SOURCE_UNVERIFIED
GEN-D9D31DCC6FF23746A1706F85,MED-2026-T109,血塞通胶囊(软胶囊、滴丸、注射液)、注射用血塞通(冻干),,CHINESE_PATENT,MEDICATION,"胶囊：50mg 、100mg
软胶囊：每粒装 0.33g（含三七总皂苷60mg）、0.33g（含三七总皂苷120mg）、0.55g （含三七总皂苷100mg）
滴丸剂：每丸含三七总皂苷 5mg，每丸重 28mg（含三七总皂苷 10mg）、45mg （含三七总皂苷 10mg）
注射液：每支装 2ml∶100mg，每支装 5ml∶250mg，每支 装 10ml ∶250mg
注射用无菌粉末：每支装100mg 、200mg 、400mg",True,table:109/row:2,93dce79a72c7593ab5ebb1d0996ab24b4be801f56dc1c4e6697df14b55ea39a2,SOURCE_UNVERIFIED
GEN-3C899C435D2120834F74AD37,MED-2026-T110,丹参注射液,,CHINESE_PATENT,MEDICATION,注射液：每支装2ml、10ml,True,table:109/row:3,93dce79a72c7593ab5ebb1d0996ab24b4be801f56dc1c4e6697df14b55ea39a2,SOURCE_UNVERIFIED
GEN-56FD242E243CD97F68FA341F,MED-2026-T111,银杏叶胶囊(片、滴丸),,CHINESE_PATENT,MEDICATION,"胶囊：每粒含总黄酮醇苷 9.6mg、萜类内酯 2.4mg ，每粒含总黄酮醇苷19.2mg、萜类内酯 4.8mg
片剂：每片含总黄酮醇苷 9.6mg、萜类内酯 2.4mg ，每片含总黄酮醇苷19.2mg、萜类内酯 4.8mg
滴丸剂：每丸重 60mg（相当于银杏叶提取物 16mg），每丸重 63mg（相当于银 杏叶提取物 16mg）（薄膜衣丸）",False,table:109/row:4,93dce79a72c7593ab5ebb1d0996ab24b4be801f56dc1c4e6697df14b55ea39a2,SOURCE_UNVERIFIED
GEN-2AE8103F96D64CFC184DDA96,MED-2026-T112,银丹心脑通软胶囊,,CHINESE_PATENT,MEDICATION,软胶囊：每粒装 0.4g,False,table:110/row:2,93dce79a72c7593ab5ebb1d0996ab24b4be801f56dc1c4e6697df14b55ea39a2,SOURCE_UNVERIFIED
GEN-8D00E6768E5A1A1E3A6368D0,MED-2026-T113,瘀血痹胶囊(颗粒、片剂),,CHINESE_PATENT,MEDICATION,"胶囊：每粒装 0.4g
颗粒剂：每袋装 10g
片剂：每片重 0.5g",False,table:110/row:3,93dce79a72c7593ab5ebb1d0996ab24b4be801f56dc1c4e6697df14b55ea39a2,SOURCE_UNVERIFIED
GEN-B1AFA6D844F5BEC473EF5258,MED-2026-T114,麝香保心丸,,CHINESE_PATENT,MEDICATION,丸剂：每丸重 22.5mg,False,table:110/row:4,93dce79a72c7593ab5ebb1d0996ab24b4be801f56dc1c4e6697df14b55ea39a2,SOURCE_UNVERIFIED
GEN-3952B03DFF6D4497C86FF86C,MED-2026-T115,脑心通丸(胶囊),,CHINESE_PATENT,MEDICATION,"丸剂：每袋装 0.8g
胶囊：每粒装 0.4g",False,table:110/row:5,93dce79a72c7593ab5ebb1d0996ab24b4be801f56dc1c4e6697df14b55ea39a2,SOURCE_UNVERIFIED
GEN-3FEB61574392E7AD10641656,MED-2026-T116,诺迪康胶囊(颗粒),,CHINESE_PATENT,MEDICATION,"胶囊：每粒装 0.28g
颗粒剂：每袋装 5g",False,table:110/row:6,93dce79a72c7593ab5ebb1d0996ab24b4be801f56dc1c4e6697df14b55ea39a2,SOURCE_UNVERIFIED
GEN-9927A62A4644B195363B9566,MED-2026-T117,血栓心脉宁胶囊,,CHINESE_PATENT,MEDICATION,胶囊：每粒装 0.5g,False,table:110/row:7,93dce79a72c7593ab5ebb1d0996ab24b4be801f56dc1c4e6697df14b55ea39a2,SOURCE_UNVERIFIED
GEN-67BE086BE0811D88BC78A2F2,MED-2026-T118,参松养心胶囊,,CHINESE_PATENT,MEDICATION,胶囊：每粒装 0.4g,False,table:110/row:8,93dce79a72c7593ab5ebb1d0996ab24b4be801f56dc1c4e6697df14b55ea39a2,SOURCE_UNVERIFIED
GEN-210FA3B4468CE5B32B2CC1F0,MED-2026-T119,益心舒颗粒(胶囊、片),,CHINESE_PATENT,MEDICATION,"颗粒剂：每袋装 4g，每袋相当于饮片 4g
胶囊：每粒装 0.4g
片剂：每片重 0.4g（相当于饮片 1g）、0.6g",False,table:110/row:9,93dce79a72c7593ab5ebb1d0996ab24b4be801f56dc1c4e6697df14b55ea39a2,SOURCE_UNVERIFIED
GEN-DD78CD9191166EF8838249C7,MED-2026-T120,补肺活血胶囊,,CHINESE_PATENT,MEDICATION,胶囊：每粒装 0.35g,False,table:110/row:10,93dce79a72c7593ab5ebb1d0996ab24b4be801f56dc1c4e6697df14b55ea39a2,SOURCE_UNVERIFIED
GEN-3E139753243C6111FEE62410,MED-2026-T121,灯盏生脉胶囊,,CHINESE_PATENT,MEDICATION,胶囊：每粒装 0.18g,False,table:110/row:11,93dce79a72c7593ab5ebb1d0996ab24b4be801f56dc1c4e6697df14b55ea39a2,SOURCE_UNVERIFIED
GEN-46F43242E6A398C822A5BE4E,MED-2026-T122,活心丸,,CHINESE_PATENT,MEDICATION,丸剂：每素丸重 20mg,False,table:111/row:2,93dce79a72c7593ab5ebb1d0996ab24b4be801f56dc1c4e6697df14b55ea39a2,SOURCE_UNVERIFIED
GEN-8707E8B02C4BABAB98059B7B,MED-2026-T123,芪参益气滴丸,,CHINESE_PATENT,MEDICATION,滴丸剂：每袋装 0.5g（每 40 丸重 1g），每袋装 0.52g （每 38 丸重 1g）,False,table:111/row:3,93dce79a72c7593ab5ebb1d0996ab24b4be801f56dc1c4e6697df14b55ea39a2,SOURCE_UNVERIFIED
GEN-D23A157C7D913371424AEF11,MED-2026-T124,养心氏片,,CHINESE_PATENT,MEDICATION,片剂：每片重 0.3g 、0.6g,False,table:111/row:4,93dce79a72c7593ab5ebb1d0996ab24b4be801f56dc1c4e6697df14b55ea39a2,SOURCE_UNVERIFIED
GEN-35B5CCF9BF8273B2834B46B6,MED-2026-T125,救心丸,,CHINESE_PATENT,MEDICATION,丸剂：每 10 粒重 0.25g,False,table:111/row:5,93dce79a72c7593ab5ebb1d0996ab24b4be801f56dc1c4e6697df14b55ea39a2,SOURCE_UNVERIFIED
GEN-2BA18798254FA0FF248EC8C4,MED-2026-T126,扶正化瘀片(胶囊),,CHINESE_PATENT,MEDICATION,"片剂：每片重 0.4g 、0.8g
胶囊：每粒装 0.3g 、0.5g",False,table:111/row:6,93dce79a72c7593ab5ebb1d0996ab24b4be801f56dc1c4e6697df14b55ea39a2,SOURCE_UNVERIFIED
GEN-D804262D01A753B3417F98D4,MED-2026-T127,鳖甲煎丸,,CHINESE_PATENT,MEDICATION,丸剂,False,table:111/row:7,93dce79a72c7593ab5ebb1d0996ab24b4be801f56dc1c4e6697df14b55ea39a2,SOURCE_UNVERIFIED
GEN-6E12776F7BE12C9A671934BE,MED-2026-T128,冠心苏合丸(胶囊、软胶囊),,CHINESE_PATENT,MEDICATION,"丸剂：每丸重 1g
胶囊：每粒装 0.35g
软胶囊：每粒装 0.31g、 0.5g",False,table:111/row:8,93dce79a72c7593ab5ebb1d0996ab24b4be801f56dc1c4e6697df14b55ea39a2,SOURCE_UNVERIFIED
GEN-7D92FFA51BA77389B3590ED3,MED-2026-T129,地奥心血康胶囊(软胶囊),,CHINESE_PATENT,MEDICATION,"胶囊：每粒含地奥心血康100mg
软胶囊：每粒装 0.35g（含甾体总皂苷 100mg）",False,table:111/row:9,93dce79a72c7593ab5ebb1d0996ab24b4be801f56dc1c4e6697df14b55ea39a2,SOURCE_UNVERIFIED
GEN-909790517DFD3489E1F73625,MED-2026-T130,通心络胶囊,,CHINESE_PATENT,MEDICATION,胶囊：每粒装 0.26g,False,table:111/row:10,93dce79a72c7593ab5ebb1d0996ab24b4be801f56dc1c4e6697df14b55ea39a2,SOURCE_UNVERIFIED
GEN-1D17AB5C6D1B8AB8E7FB1333,MED-2026-T131,灯盏花素片,,CHINESE_PATENT,MEDICATION,片剂：每片含灯盏花素20mg 、40mg,False,table:111/row:11,93dce79a72c7593ab5ebb1d0996ab24b4be801f56dc1c4e6697df14b55ea39a2,SOURCE_UNVERIFIED
GEN-D58A28721DF87BA82A490C07,MED-2026-T132,脑安颗粒(胶囊、片、滴丸),,CHINESE_PATENT,MEDICATION,"颗粒剂：每袋装 1.2g
胶囊：每粒装 0.4g
片剂：每片重 0.53g
滴丸剂：每丸重 50mg",False,table:112/row:2,93dce79a72c7593ab5ebb1d0996ab24b4be801f56dc1c4e6697df14b55ea39a2,SOURCE_UNVERIFIED
GEN-5007C58F9193740417529E25,MED-2026-T133,脉血康胶囊,,CHINESE_PATENT,MEDICATION,胶囊：每粒装 0.25g,False,table:112/row:3,93dce79a72c7593ab5ebb1d0996ab24b4be801f56dc1c4e6697df14b55ea39a2,SOURCE_UNVERIFIED
GEN-331220551D578B64F88A0090,MED-2026-T134,大黄䗪虫丸(片、胶囊),,CHINESE_PATENT,MEDICATION,"丸剂：每丸重 3g
片剂：每片重 0.52g
胶囊：每粒装 0.4g",True,table:112/row:4,93dce79a72c7593ab5ebb1d0996ab24b4be801f56dc1c4e6697df14b55ea39a2,SOURCE_UNVERIFIED
GEN-7521E535B58B6F3F4F4BD357,MED-2026-T135,血府逐瘀丸(片、口服液、胶囊),,CHINESE_PATENT,MEDICATION,"丸剂：每丸重 9g，每 10 丸重 2g，每 60 粒重 6g
片剂：每片重 0.4g 、0.42g （相当于饮片 0.74g）、0.45g合剂：每支装 10ml
胶囊：每粒装 0.4g",False,table:112/row:5,93dce79a72c7593ab5ebb1d0996ab24b4be801f56dc1c4e6697df14b55ea39a2,SOURCE_UNVERIFIED
GEN-E0D783BF9A6008F965D68EE4,MED-2026-T136,复方丹参片(颗粒、胶囊、滴丸),,CHINESE_PATENT,MEDICATION,"片剂：每片重 0.3g 、0.32g （相当于饮片 0.6g）、0.8g
（相当于饮片 1.8g）颗粒剂：每袋装 1g
胶囊：每粒装 0.3g
滴丸剂：薄膜衣滴丸每丸重 27mg",False,table:112/row:6,93dce79a72c7593ab5ebb1d0996ab24b4be801f56dc1c4e6697df14b55ea39a2,SOURCE_UNVERIFIED
GEN-8F3651346CE9236718DC4D5E,MED-2026-T137,速效救心丸,,CHINESE_PATENT,MEDICATION,滴丸剂：每丸重 40mg,False,table:113/row:2,93dce79a72c7593ab5ebb1d0996ab24b4be801f56dc1c4e6697df14b55ea39a2,SOURCE_UNVERIFIED
GEN-927B22623E5D91DBFAF12B29,MED-2026-T138,心可舒胶囊(片),,CHINESE_PATENT,MEDICATION,"胶囊：每粒装 0.3g（相当于饮片 1.175g）
片剂：每片重 0.31g、0.62g",False,table:113/row:3,93dce79a72c7593ab5ebb1d0996ab24b4be801f56dc1c4e6697df14b55ea39a2,SOURCE_UNVERIFIED
GEN-3FF8460F7B605C18211041FC,MED-2026-T139,脉络宁注射液,,CHINESE_PATENT,MEDICATION,注射液：每支装 10ml,True,table:113/row:4,93dce79a72c7593ab5ebb1d0996ab24b4be801f56dc1c4e6697df14b55ea39a2,SOURCE_UNVERIFIED
GEN-6C7C5EF142F9480FBA0C676A,MED-2026-T140,平消胶囊(片),,CHINESE_PATENT,MEDICATION,"胶囊：每粒装 0.23g
片剂：每片重 0.23g、0.24g （相当于饮片 0.405g）",False,table:113/row:5,93dce79a72c7593ab5ebb1d0996ab24b4be801f56dc1c4e6697df14b55ea39a2,SOURCE_UNVERIFIED
GEN-4550E1E6202C9845A4B28231,MED-2026-T141,华蟾素片(胶囊),,CHINESE_PATENT,MEDICATION,"片剂：每片重 0.3g
胶囊：每粒装 0.25g（相当于饮片 3.5g）、0.3g",False,table:113/row:6,93dce79a72c7593ab5ebb1d0996ab24b4be801f56dc1c4e6697df14b55ea39a2,SOURCE_UNVERIFIED
GEN-EB43420858EBD10353F3C04B,MED-2026-T142,复方斑蝥胶囊,,CHINESE_PATENT,MEDICATION,胶囊：每粒装 0.25g,False,table:113/row:7,93dce79a72c7593ab5ebb1d0996ab24b4be801f56dc1c4e6697df14b55ea39a2,SOURCE_UNVERIFIED
GEN-9D1C4293AA4F9B7B278FFEF8,MED-2026-T143,通关藤(消癌平)片(胶囊、口服液),,CHINESE_PATENT,MEDICATION,"片剂：每片重 0.3g 、0.32g
胶囊：每粒装 0.2g
合剂：每支装 10ml，每1ml 相当于饮片 1g",True,table:113/row:8,93dce79a72c7593ab5ebb1d0996ab24b4be801f56dc1c4e6697df14b55ea39a2,SOURCE_UNVERIFIED
GEN-A9D0C9A4EDF3D28188364744,MED-2026-T144,红金消结胶囊(片),,CHINESE_PATENT,MEDICATION,"胶囊：每粒装 0.4g
片剂：每片重 0.42g、0.5g 、 0.55g（相当于饮片 3.055g）",False,table:113/row:9;table:124/row:5,93dce79a72c7593ab5ebb1d0996ab24b4be801f56dc1c4e6697df14b55ea39a2,SOURCE_UNVERIFIED
GEN-EBCD139269D5865AF0555E8B,MED-2026-T145,逍遥丸(颗粒),,CHINESE_PATENT,MEDICATION,丸剂：每丸重 9g，每 8 丸相当于原生药（原药材、饮片）3g，每袋装 6g 、9g颗粒剂：每袋装 5g（相当于饮片 10.0g）、6g 、15g,False,table:114/row:3,93dce79a72c7593ab5ebb1d0996ab24b4be801f56dc1c4e6697df14b55ea39a2,SOURCE_UNVERIFIED
GEN-59F4E71AFF6B1B5CB6FE4122,MED-2026-T146,丹栀逍遥丸,,CHINESE_PATENT,MEDICATION,丸剂：每袋装 6g,False,table:114/row:4,93dce79a72c7593ab5ebb1d0996ab24b4be801f56dc1c4e6697df14b55ea39a2,SOURCE_UNVERIFIED
GEN-FC228B9998B59F180B694293,MED-2026-T147,舒肝解郁胶囊,,CHINESE_PATENT,MEDICATION,胶囊：每粒装 0.36g,False,table:114/row:5,93dce79a72c7593ab5ebb1d0996ab24b4be801f56dc1c4e6697df14b55ea39a2,SOURCE_UNVERIFIED
GEN-34560E387BEC3A743019D0DA,MED-2026-T148,解郁除烦胶囊,,CHINESE_PATENT,MEDICATION,胶囊：每粒装 0.4g（相当于饮片 1.55g）,False,table:114/row:6,93dce79a72c7593ab5ebb1d0996ab24b4be801f56dc1c4e6697df14b55ea39a2,SOURCE_UNVERIFIED
GEN-8B4DBB94B8A8C576BA3C497F,MED-2026-T149,护肝片(颗粒、胶囊),,CHINESE_PATENT,MEDICATION,"片剂：每片重 0.35g（相当于饮片 1.255g）、0.36g（相当于饮片 1.255g）、0.38g颗粒剂：每袋装 2g
胶囊：每粒装 0.35g",False,table:114/row:7,93dce79a72c7593ab5ebb1d0996ab24b4be801f56dc1c4e6697df14b55ea39a2,SOURCE_UNVERIFIED
GEN-CD4ECD20C2528152604B6A37,MED-2026-T150,气滞胃痛颗粒(片),,CHINESE_PATENT,MEDICATION,"颗粒剂：每袋装 2.5g 、5g
片剂：每片重 0.5g",False,table:114/row:8,93dce79a72c7593ab5ebb1d0996ab24b4be801f56dc1c4e6697df14b55ea39a2,SOURCE_UNVERIFIED
GEN-4ABA18401CA5CBB93B815808,MED-2026-T151,胃苏颗粒,,CHINESE_PATENT,MEDICATION,颗粒剂：每袋相当于饮片16g,False,table:114/row:9,93dce79a72c7593ab5ebb1d0996ab24b4be801f56dc1c4e6697df14b55ea39a2,SOURCE_UNVERIFIED
GEN-95EE6886E59F4B3A7F73FA46,MED-2026-T152,元胡止痛片(颗粒、胶囊、滴丸),,CHINESE_PATENT,MEDICATION,"片剂：每片重 0.25g（相当于饮片 0.67g）、0.26g
颗粒剂：每袋装 5g
胶囊：每粒装 0.25g、0.45g
滴丸剂：每 10 丸重 0.5g",False,table:115/row:2,93dce79a72c7593ab5ebb1d0996ab24b4be801f56dc1c4e6697df14b55ea39a2,SOURCE_UNVERIFIED
GEN-BC5D35DEC519883091A22D8D,MED-2026-T153,三九胃泰颗粒(胶囊),,CHINESE_PATENT,MEDICATION,"颗粒剂：每袋装2.5g、10g、 20g
胶囊：每粒装 0.5g",False,table:115/row:3,93dce79a72c7593ab5ebb1d0996ab24b4be801f56dc1c4e6697df14b55ea39a2,SOURCE_UNVERIFIED
GEN-81CCC9DC8345333E2B273C82,MED-2026-T154,加味左金丸,,CHINESE_PATENT,MEDICATION,丸剂：每 100 丸重 6g,False,table:115/row:4,93dce79a72c7593ab5ebb1d0996ab24b4be801f56dc1c4e6697df14b55ea39a2,SOURCE_UNVERIFIED
GEN-F36C9CE1504ADCFBCBCC77BD,MED-2026-T155,荜铃胃痛颗粒,,CHINESE_PATENT,MEDICATION,颗粒剂：每袋相当于饮片20g,False,table:115/row:5,93dce79a72c7593ab5ebb1d0996ab24b4be801f56dc1c4e6697df14b55ea39a2,SOURCE_UNVERIFIED
GEN-3E27172BDEDCD60BF1975D04,MED-2026-T156,荆花胃康胶丸,,CHINESE_PATENT,MEDICATION,胶囊：每粒装 80mg,False,table:115/row:6,93dce79a72c7593ab5ebb1d0996ab24b4be801f56dc1c4e6697df14b55ea39a2,SOURCE_UNVERIFIED
GEN-BE71F8EC047D1357F1120BCD,MED-2026-T157,颠茄片,,CHINESE_PATENT,MEDICATION,片剂：每片含颠茄浸膏10mg,False,table:115/row:7,93dce79a72c7593ab5ebb1d0996ab24b4be801f56dc1c4e6697df14b55ea39a2,SOURCE_UNVERIFIED
GEN-7A38CB8D22F9A0458F594892,MED-2026-T158,五灵胶囊,,CHINESE_PATENT,MEDICATION,胶囊：每粒装 0.35g,False,table:115/row:8,93dce79a72c7593ab5ebb1d0996ab24b4be801f56dc1c4e6697df14b55ea39a2,SOURCE_UNVERIFIED
GEN-7CDA2497FB50683DB7A79C2F,MED-2026-T159,枳术宽中胶囊,,CHINESE_PATENT,MEDICATION,胶囊：每粒装 0.43g,False,table:115/row:9,93dce79a72c7593ab5ebb1d0996ab24b4be801f56dc1c4e6697df14b55ea39a2,SOURCE_UNVERIFIED
GEN-405B854A499C87728036E6F4,MED-2026-T160,宽胸气雾剂,,CHINESE_PATENT,MEDICATION,"气雾剂：每瓶含内容物
5.8g，其中药液 2.7ml（含挥发油 0.6ml），每瓶 60
揿，每揿重 69mg；每瓶 内容物重 13.8g，内含药 液 4.8g（含挥发油 1.5ml ），每瓶 185 揿，每揿 63mg",False,table:115/row:10,93dce79a72c7593ab5ebb1d0996ab24b4be801f56dc1c4e6697df14b55ea39a2,SOURCE_UNVERIFIED
GEN-847FF9FE937D050B4F02AA16,MED-2026-T161,保和丸(颗粒、片),,CHINESE_PATENT,MEDICATION,"丸剂：每丸重 9g，每 8 丸相当于原生药 3g，每袋装6g 、9g
颗粒剂：每袋装 4.5g
片剂：每片重 0.4g",False,table:116/row:3,93dce79a72c7593ab5ebb1d0996ab24b4be801f56dc1c4e6697df14b55ea39a2,SOURCE_UNVERIFIED
GEN-BAB22B4EDF8411B8724B4C75,MED-2026-T162,六味安消散(胶囊),,CHINESE_PATENT,MEDICATION,"散剂：每袋装 18g，每 1g相当于饮片 1g
胶囊：每粒装 0.5g",False,table:116/row:4,93dce79a72c7593ab5ebb1d0996ab24b4be801f56dc1c4e6697df14b55ea39a2,SOURCE_UNVERIFIED
GEN-3EA4F02EDE1406D0A90302C5,MED-2026-T163,四磨汤口服液,,CHINESE_PATENT,MEDICATION,合剂：每 1ml 相当于饮片0.15g,False,table:116/row:5,93dce79a72c7593ab5ebb1d0996ab24b4be801f56dc1c4e6697df14b55ea39a2,SOURCE_UNVERIFIED
GEN-00DAE79AEA86F2D294A491C7,MED-2026-T164,川芎茶调丸(散、颗粒、片),,CHINESE_PATENT,MEDICATION,"丸剂：每 8 丸相当于原药材 3g，每袋装 6g
散剂：每袋装 3g 、6g
颗粒剂：每袋装 4g（相当于饮片 7.35g）、7.8g
片剂：每片重 0.48g",False,table:116/row:7,93dce79a72c7593ab5ebb1d0996ab24b4be801f56dc1c4e6697df14b55ea39a2,SOURCE_UNVERIFIED
GEN-C8376AD8E8ACC04A7771C15D,MED-2026-T165,通天口服液,,CHINESE_PATENT,MEDICATION,合剂：每 1ml 相当于饮片0.53g,False,table:116/row:8,93dce79a72c7593ab5ebb1d0996ab24b4be801f56dc1c4e6697df14b55ea39a2,SOURCE_UNVERIFIED
GEN-9CDBCC7D04F8C98C58345C1F,MED-2026-T166,都梁滴丸(软胶囊),,CHINESE_PATENT,MEDICATION,"滴丸剂：每丸重 30mg
软胶囊：每粒装 0.54g",False,table:117/row:2,93dce79a72c7593ab5ebb1d0996ab24b4be801f56dc1c4e6697df14b55ea39a2,SOURCE_UNVERIFIED
GEN-3ED38348AF6B24153F212658,MED-2026-T167,松龄血脉康胶囊,,CHINESE_PATENT,MEDICATION,胶囊：每粒装 0.5g,False,table:117/row:3,93dce79a72c7593ab5ebb1d0996ab24b4be801f56dc1c4e6697df14b55ea39a2,SOURCE_UNVERIFIED
GEN-55C428BD3715163FA3574959,MED-2026-T168,丹珍头痛胶囊,,CHINESE_PATENT,MEDICATION,胶囊：每粒装 0.5g,False,table:117/row:4,93dce79a72c7593ab5ebb1d0996ab24b4be801f56dc1c4e6697df14b55ea39a2,SOURCE_UNVERIFIED
GEN-60321718AA200C37B1924F13,MED-2026-T169,强力定眩片(胶囊),,CHINESE_PATENT,MEDICATION,"片剂：每片重 0.35g（相当于饮片 2.39g）
胶囊：每粒装 0.4g",False,table:117/row:5,93dce79a72c7593ab5ebb1d0996ab24b4be801f56dc1c4e6697df14b55ea39a2,SOURCE_UNVERIFIED
GEN-4D9B58BDB058BDE312C1AE8D,MED-2026-T170,正天丸(胶囊),,CHINESE_PATENT,MEDICATION,"丸剂：每袋装 6g
胶囊：每粒装 0.45g",False,table:117/row:6,93dce79a72c7593ab5ebb1d0996ab24b4be801f56dc1c4e6697df14b55ea39a2,SOURCE_UNVERIFIED
GEN-1BC4263584F6165C489BDC5D,MED-2026-T171,养血清脑丸(颗粒),,CHINESE_PATENT,MEDICATION,"丸剂：每袋装 2.5g
颗粒剂：每袋装 4g",False,table:117/row:7,93dce79a72c7593ab5ebb1d0996ab24b4be801f56dc1c4e6697df14b55ea39a2,SOURCE_UNVERIFIED
GEN-B55AA02BDD5B888A8BD5D9B2,MED-2026-T172,消银颗粒(片),,CHINESE_PATENT,MEDICATION,"颗粒剂：3.5g/ 袋
片剂：每片重 0.3g 、0.32g",False,table:117/row:8,93dce79a72c7593ab5ebb1d0996ab24b4be801f56dc1c4e6697df14b55ea39a2,SOURCE_UNVERIFIED
GEN-560F1E48A283DA5A6F1AF0DF,MED-2026-T173,润燥止痒胶囊,,CHINESE_PATENT,MEDICATION,胶囊：每粒装 0.5g,True,table:117/row:9,93dce79a72c7593ab5ebb1d0996ab24b4be801f56dc1c4e6697df14b55ea39a2,SOURCE_UNVERIFIED
GEN-433E04A8B46A025517E7FDCB,MED-2026-T174,华佗再造丸,,CHINESE_PATENT,MEDICATION,丸剂,False,table:117/row:10,93dce79a72c7593ab5ebb1d0996ab24b4be801f56dc1c4e6697df14b55ea39a2,SOURCE_UNVERIFIED
GEN-06EFEA7787EDA6C413F6C08C,MED-2026-T175,小活络丸,,CHINESE_PATENT,MEDICATION,丸剂：每丸重 3g，每 6 丸相当于原生药（原药材） 2.3g,False,table:117/row:11,93dce79a72c7593ab5ebb1d0996ab24b4be801f56dc1c4e6697df14b55ea39a2,SOURCE_UNVERIFIED
GEN-D9B918854AA2EB8FFC90BBD3,MED-2026-T176,复方风湿宁胶囊(片),,CHINESE_PATENT,MEDICATION,"胶囊：每粒装 0.3g
片剂：每片重 0.2g、0.21g、 0.48g",False,table:117/row:12,93dce79a72c7593ab5ebb1d0996ab24b4be801f56dc1c4e6697df14b55ea39a2,SOURCE_UNVERIFIED
GEN-F480DA95150C2C2E958205EA,MED-2026-T177,风湿骨痛胶囊(片),,CHINESE_PATENT,MEDICATION,"胶囊：每粒装 0.3g
片剂：每片重 0.36g、0.37g",False,table:118/row:3,93dce79a72c7593ab5ebb1d0996ab24b4be801f56dc1c4e6697df14b55ea39a2,SOURCE_UNVERIFIED
GEN-4B997587F974E50F6E7981F1,MED-2026-T178,追风透骨丸,,CHINESE_PATENT,MEDICATION,丸剂：每 10 丸重 1g,False,table:118/row:4,93dce79a72c7593ab5ebb1d0996ab24b4be801f56dc1c4e6697df14b55ea39a2,SOURCE_UNVERIFIED
GEN-39C29E1D9C8EBAF398AAD009,MED-2026-T179,正清风痛宁缓释片(片、肠溶片),,CHINESE_PATENT,MEDICATION,"缓释片：每片含盐酸青藤碱 60mg
片剂：每片含盐酸青藤碱20mg
肠溶片：每片含盐酸青藤碱 20mg",False,table:118/row:5,93dce79a72c7593ab5ebb1d0996ab24b4be801f56dc1c4e6697df14b55ea39a2,SOURCE_UNVERIFIED
GEN-0BB9C0AF9773515D54BBF246,MED-2026-T180,雷公藤多苷片,,CHINESE_PATENT,MEDICATION,片剂： 10mg,True,table:118/row:6,93dce79a72c7593ab5ebb1d0996ab24b4be801f56dc1c4e6697df14b55ea39a2,SOURCE_UNVERIFIED
GEN-A38D91B0B1E4A74C87A9E5CC,MED-2026-T181,五苓散(胶囊、片),,CHINESE_PATENT,MEDICATION,"散剂：每袋装 6g 、9g
胶囊：每粒装 0.45g
片剂：每片重 0.35g",False,table:118/row:7,93dce79a72c7593ab5ebb1d0996ab24b4be801f56dc1c4e6697df14b55ea39a2,SOURCE_UNVERIFIED
GEN-3CE626E8C6DBACEEB4ADFC64,MED-2026-T182,肾炎康复片,,CHINESE_PATENT,MEDICATION,片剂：每片重 0.3g 、0.48g,False,table:118/row:8,93dce79a72c7593ab5ebb1d0996ab24b4be801f56dc1c4e6697df14b55ea39a2,SOURCE_UNVERIFIED
GEN-A8202D239EA370A2965A363C,MED-2026-T183,尿毒清颗粒,,CHINESE_PATENT,MEDICATION,颗粒剂：每袋装 5g,True,table:118/row:9,93dce79a72c7593ab5ebb1d0996ab24b4be801f56dc1c4e6697df14b55ea39a2,SOURCE_UNVERIFIED
GEN-CA1FB8FB02715CADBB6784D5,MED-2026-T184,黄葵胶囊,,CHINESE_PATENT,MEDICATION,胶囊：每粒装 0.43g（相当于饮片 2g）,False,table:118/row:10,93dce79a72c7593ab5ebb1d0996ab24b4be801f56dc1c4e6697df14b55ea39a2,SOURCE_UNVERIFIED
GEN-1A3A99E92B539D17FCEE91F6,MED-2026-T185,癃清片(胶囊),,CHINESE_PATENT,MEDICATION,"片剂：每片重 0.6g
胶囊：每粒装 0.4g 、0.5g",False,table:118/row:11,93dce79a72c7593ab5ebb1d0996ab24b4be801f56dc1c4e6697df14b55ea39a2,SOURCE_UNVERIFIED
GEN-5CBBBD03C501B90344550139,MED-2026-T186,三金片,,CHINESE_PATENT,MEDICATION,"片剂：每片重 0.17g（相当于饮片2.1g）、0.18g（相当
于饮片2.1g）、0.28g（相当于饮片 3.5g）、0.32g（相当于饮片 3.5g）",False,table:119/row:2,93dce79a72c7593ab5ebb1d0996ab24b4be801f56dc1c4e6697df14b55ea39a2,SOURCE_UNVERIFIED
GEN-7C28ECB0CE72A9E4C70C7A04,MED-2026-T187,银花泌炎灵片,,CHINESE_PATENT,MEDICATION,片剂：每片重 0.25g 、0.5g,False,table:119/row:3,93dce79a72c7593ab5ebb1d0996ab24b4be801f56dc1c4e6697df14b55ea39a2,SOURCE_UNVERIFIED
GEN-118870F981F2215D3B160A3F,MED-2026-T188,癃闭舒胶囊(片),,CHINESE_PATENT,MEDICATION,"胶囊：每粒装 0.3g 、0.45g
片剂：每片重 0.3g 、0.31g",False,table:119/row:4,93dce79a72c7593ab5ebb1d0996ab24b4be801f56dc1c4e6697df14b55ea39a2,SOURCE_UNVERIFIED
GEN-ABB54C9242B281E3E5D98F87,MED-2026-T189,海昆肾喜胶囊,,CHINESE_PATENT,MEDICATION,胶囊：每粒装 0.22g（含褐藻多糖硫酸酯 100mg）,False,table:119/row:5,93dce79a72c7593ab5ebb1d0996ab24b4be801f56dc1c4e6697df14b55ea39a2,SOURCE_UNVERIFIED
GEN-8028028174B5765C0818498A,MED-2026-T190,尿通卡克乃其片,,CHINESE_PATENT,MEDICATION,片剂：每片重 0.5g,False,table:119/row:6,93dce79a72c7593ab5ebb1d0996ab24b4be801f56dc1c4e6697df14b55ea39a2,SOURCE_UNVERIFIED
GEN-F1283A6DF59B93D70D128215,MED-2026-T191,尪痹颗粒(胶囊、片),,CHINESE_PATENT,MEDICATION,"颗粒剂：每袋装 3g 、6g
胶囊：每粒 0.55g
片剂：每片重 0.25g 、0.5g",False,table:119/row:7,93dce79a72c7593ab5ebb1d0996ab24b4be801f56dc1c4e6697df14b55ea39a2,SOURCE_UNVERIFIED
GEN-B39FDABA61F1677A19644B2E,MED-2026-T192,风湿液,,CHINESE_PATENT,MEDICATION,酒剂：每瓶装10ml、100ml、 250ml,False,table:119/row:8,93dce79a72c7593ab5ebb1d0996ab24b4be801f56dc1c4e6697df14b55ea39a2,SOURCE_UNVERIFIED
GEN-94D9EA32D1EBC1CF3D3B1C21,MED-2026-T193,普乐安胶囊(片),,CHINESE_PATENT,MEDICATION,"胶囊：每粒装 0.375g
片剂：每片重 0.57g（含油菜花粉 0.5g）、0.64g（含油菜花粉 0.5g）",False,table:119/row:9,93dce79a72c7593ab5ebb1d0996ab24b4be801f56dc1c4e6697df14b55ea39a2,SOURCE_UNVERIFIED
GEN-E0B6881CEE0F49E9A8D0DB20,MED-2026-T194,克痢痧胶囊,,CHINESE_PATENT,MEDICATION,胶囊：每粒装 0.28g,False,table:119/row:10,93dce79a72c7593ab5ebb1d0996ab24b4be801f56dc1c4e6697df14b55ea39a2,SOURCE_UNVERIFIED
GEN-BA6F6D521515E52818536455,MED-2026-T195,血脂康胶囊,,CHINESE_PATENT,MEDICATION,胶囊：每粒装 0.3g,False,table:120/row:3,93dce79a72c7593ab5ebb1d0996ab24b4be801f56dc1c4e6697df14b55ea39a2,SOURCE_UNVERIFIED
GEN-766333BABCD3986FAB4E31C3,MED-2026-T196,荷丹片(胶囊),,CHINESE_PATENT,MEDICATION,"片剂：每片重 0.73g（相当于饮片 14.125g）
胶囊：每粒装 0.33g（相当于饮片 7.06g）",False,table:120/row:4,93dce79a72c7593ab5ebb1d0996ab24b4be801f56dc1c4e6697df14b55ea39a2,SOURCE_UNVERIFIED
GEN-08DFB32529996201D556AA9C,MED-2026-T197,缩泉丸(胶囊),,CHINESE_PATENT,MEDICATION,"丸剂：每 20 粒重 1g
胶囊：每粒装 0.3g",False,table:120/row:6,93dce79a72c7593ab5ebb1d0996ab24b4be801f56dc1c4e6697df14b55ea39a2,SOURCE_UNVERIFIED
GEN-3B6E25944D13274F3FD40717,MED-2026-T198,消炎利胆片(颗粒、胶囊),,CHINESE_PATENT,MEDICATION,"片剂：每片重 0.24g、0.25g （相当于饮片 2.6g）、0.26g
（相当于饮片 2.6g）颗粒剂：每袋装 2.5g
胶囊：每粒装 0.45g",False,table:121/row:3,93dce79a72c7593ab5ebb1d0996ab24b4be801f56dc1c4e6697df14b55ea39a2,SOURCE_UNVERIFIED
GEN-2F0FDE72A50226449A49A8C3,MED-2026-T199,金钱胆通颗粒,,CHINESE_PATENT,MEDICATION,颗粒剂：每 1g 相当于饮片3.56g,False,table:122/row:2,93dce79a72c7593ab5ebb1d0996ab24b4be801f56dc1c4e6697df14b55ea39a2,SOURCE_UNVERIFIED
GEN-CD96D07C3193606DDB6CB57E,MED-2026-T200,银屑胶囊(颗粒),,CHINESE_PATENT,MEDICATION,"胶囊：每粒装 0.45g（相当于饮片 6.75g）
颗粒剂：每袋装 6g（相当于饮片27g）、15g（相当于原药材 27g）",False,table:122/row:3,93dce79a72c7593ab5ebb1d0996ab24b4be801f56dc1c4e6697df14b55ea39a2,SOURCE_UNVERIFIED
GEN-B30A776E837EE02323425B7C,MED-2026-T201,除湿止痒软膏,,CHINESE_PATENT,MEDICATION,软膏剂：每支装 10g 、20g,False,table:122/row:4,93dce79a72c7593ab5ebb1d0996ab24b4be801f56dc1c4e6697df14b55ea39a2,SOURCE_UNVERIFIED
GEN-F6A75F96AFE6120B47E940EC,MED-2026-T202,金蝉止痒胶囊,,CHINESE_PATENT,MEDICATION,胶囊：每粒装 0.5g,False,table:122/row:5,93dce79a72c7593ab5ebb1d0996ab24b4be801f56dc1c4e6697df14b55ea39a2,SOURCE_UNVERIFIED
GEN-BD3F750732BF7C772D4F2FAD,MED-2026-T203,季德胜蛇药片,,CHINESE_PATENT,MEDICATION,片剂：每片重 0.4g,False,table:122/row:6,93dce79a72c7593ab5ebb1d0996ab24b4be801f56dc1c4e6697df14b55ea39a2,SOURCE_UNVERIFIED
GEN-92E4485B6CB87D0828AEB18C,MED-2026-T204,肛泰栓(软膏),,CHINESE_PATENT,MEDICATION,栓剂：每粒相当于饮片0.086g，含盐酸小檗碱 36mg、盐酸罂粟碱 7mg软膏剂：每 1g 相当于饮片 86mg，含盐酸小檗碱36mg、盐酸罂粟碱 7mg,False,table:122/row:7,93dce79a72c7593ab5ebb1d0996ab24b4be801f56dc1c4e6697df14b55ea39a2,SOURCE_UNVERIFIED
GEN-306DD45758F1516D440AF1A6,MED-2026-T205,复方黄柏液涂剂(复方黄柏液),,CHINESE_PATENT,MEDICATION,涂剂：每 1ml 相当于饮片0.2g,False,table:122/row:8,93dce79a72c7593ab5ebb1d0996ab24b4be801f56dc1c4e6697df14b55ea39a2,SOURCE_UNVERIFIED
GEN-A9C8595F4299133A7611967A,MED-2026-T206,连翘败毒丸(膏、片),,CHINESE_PATENT,MEDICATION,"丸剂：每袋装 9g，每 100粒重 6g
煎膏剂：每袋装 15g，每瓶装 60g 、120g
片剂：每片重 0.6g",False,table:122/row:9,93dce79a72c7593ab5ebb1d0996ab24b4be801f56dc1c4e6697df14b55ea39a2,SOURCE_UNVERIFIED
GEN-C2C15B6C64F5E9FAAC10BEF6,MED-2026-T207,如意金黄散,,CHINESE_PATENT,MEDICATION,散剂：每袋（瓶）装 6g、 9g 、12g,False,table:123/row:2,93dce79a72c7593ab5ebb1d0996ab24b4be801f56dc1c4e6697df14b55ea39a2,SOURCE_UNVERIFIED
GEN-0BD974C4753D0346B516198A,MED-2026-T208,地榆槐角丸,,CHINESE_PATENT,MEDICATION,丸剂：每丸重 9g，每 100丸重 10g,False,table:123/row:3,93dce79a72c7593ab5ebb1d0996ab24b4be801f56dc1c4e6697df14b55ea39a2,SOURCE_UNVERIFIED
GEN-292981CBA0C31568532E63D8,MED-2026-T209,湿润烧伤膏,,CHINESE_PATENT,MEDICATION,软膏剂：每 1g 相当于饮片0.21g,False,table:123/row:4,93dce79a72c7593ab5ebb1d0996ab24b4be801f56dc1c4e6697df14b55ea39a2,SOURCE_UNVERIFIED
GEN-AE1FE96D7D1AE818D4E70EFC,MED-2026-T210,康复新液,,CHINESE_PATENT,MEDICATION,"合剂：每瓶装 10ml、50ml、 100ml，每1ml含美洲大蠊干燥虫体的乙醇提取物
（含总氨基酸以丙氨酸计） 1mg
溶液剂：每瓶装 10ml、 50ml 、100ml",False,table:123/row:5,93dce79a72c7593ab5ebb1d0996ab24b4be801f56dc1c4e6697df14b55ea39a2,SOURCE_UNVERIFIED
GEN-8AD0C44137DAD55FBE275C62,MED-2026-T211,肤痔清软膏,,CHINESE_PATENT,MEDICATION,软膏剂：每 1g 相当于饮片0.436g，含薄荷脑 3mg,False,table:123/row:6,93dce79a72c7593ab5ebb1d0996ab24b4be801f56dc1c4e6697df14b55ea39a2,SOURCE_UNVERIFIED
GEN-88CC736C2F2380BE7FF4D894,MED-2026-T212,排石颗粒,,CHINESE_PATENT,MEDICATION,颗粒剂：每袋装 5g 、20g,False,table:123/row:7,93dce79a72c7593ab5ebb1d0996ab24b4be801f56dc1c4e6697df14b55ea39a2,SOURCE_UNVERIFIED
GEN-E5B3A4D05A80C36E91F3811B,MED-2026-T213,双石通淋胶囊,,CHINESE_PATENT,MEDICATION,胶囊：每粒装 0.5g,False,table:123/row:8,93dce79a72c7593ab5ebb1d0996ab24b4be801f56dc1c4e6697df14b55ea39a2,SOURCE_UNVERIFIED
GEN-8DD5497B41731FAD88D4CD84,MED-2026-T214,马应龙麝香痔疮膏,,CHINESE_PATENT,MEDICATION,软膏剂,False,table:123/row:9,93dce79a72c7593ab5ebb1d0996ab24b4be801f56dc1c4e6697df14b55ea39a2,SOURCE_UNVERIFIED
GEN-60F9D98512AF7485CA3D98B1,MED-2026-T215,内消瘰疬丸,,CHINESE_PATENT,MEDICATION,"丸剂：每 10 丸重 1.85g，
每 100 粒重 6g，每瓶装 9g",False,table:123/row:10,93dce79a72c7593ab5ebb1d0996ab24b4be801f56dc1c4e6697df14b55ea39a2,SOURCE_UNVERIFIED
GEN-D6A248E882AEDC02F8726984,MED-2026-T216,小金丸(胶囊、片),,CHINESE_PATENT,MEDICATION,"丸剂：每 10 丸重 6g，每100 丸重 3g 、6g
胶囊：每粒装 0.3g 、0.35g
片剂：每片重 0.36g",False,table:124/row:3,93dce79a72c7593ab5ebb1d0996ab24b4be801f56dc1c4e6697df14b55ea39a2,SOURCE_UNVERIFIED
GEN-5E5934B1A01095A11E6D71CC,MED-2026-T217,西黄丸(胶囊),,CHINESE_PATENT,MEDICATION,"丸剂：每 20 丸重 1g
胶囊：每粒装 0.25g",False,table:124/row:4,93dce79a72c7593ab5ebb1d0996ab24b4be801f56dc1c4e6697df14b55ea39a2,SOURCE_UNVERIFIED
GEN-369301022D13A7770F097841,MED-2026-T218,脉管复康片(胶囊),,CHINESE_PATENT,MEDICATION,"片剂：每片重 0.3g 、0.6g
胶囊：每粒装 0.45g",False,table:124/row:7,93dce79a72c7593ab5ebb1d0996ab24b4be801f56dc1c4e6697df14b55ea39a2,SOURCE_UNVERIFIED
GEN-C2D36BA370B9D5FC2056D66F,MED-2026-T219,木丹颗粒,,CHINESE_PATENT,MEDICATION,颗粒剂：每袋装 7g,False,table:124/row:8,93dce79a72c7593ab5ebb1d0996ab24b4be801f56dc1c4e6697df14b55ea39a2,SOURCE_UNVERIFIED
GEN-B5222AC0A80A338337665F39,MED-2026-T220,京万红软膏,,CHINESE_PATENT,MEDICATION,软膏剂：每 1g 相当于饮片 0. 161g，每支装 10g 、20g、 50g,False,table:124/row:9,93dce79a72c7593ab5ebb1d0996ab24b4be801f56dc1c4e6697df14b55ea39a2,SOURCE_UNVERIFIED
GEN-01423EEFC54775A65E821212,MED-2026-T221,灵泽片,,CHINESE_PATENT,MEDICATION,片剂：每片重 0.58g,False,table:124/row:10,93dce79a72c7593ab5ebb1d0996ab24b4be801f56dc1c4e6697df14b55ea39a2,SOURCE_UNVERIFIED
GEN-0C85774047A74609E542C896,MED-2026-T222,白灵片(胶囊),,CHINESE_PATENT,MEDICATION,"片剂：每片重 0.34g（相当于饮片 1.64g）
胶囊：每粒装 0.33g",False,table:125/row:2,93dce79a72c7593ab5ebb1d0996ab24b4be801f56dc1c4e6697df14b55ea39a2,SOURCE_UNVERIFIED
GEN-8A61DD973BD255C9BCA2C3CB,MED-2026-T223,益母草膏(颗粒、胶囊、片),,CHINESE_PATENT,MEDICATION,"煎膏剂：每瓶装 125g、 250g
颗粒剂：每袋装 15g
胶囊：每粒装 0.36g
片剂：每片重0.25g、0.28g、 0.6g",False,table:126/row:3,93dce79a72c7593ab5ebb1d0996ab24b4be801f56dc1c4e6697df14b55ea39a2,SOURCE_UNVERIFIED
GEN-4D9E45CEB5F047265B8FC23B,MED-2026-T224,少腹逐瘀丸(颗粒、胶囊),,CHINESE_PATENT,MEDICATION,"丸剂：每丸重 9g
颗粒剂：每袋装 1.6g 、5g
胶囊：每粒装 0.45g",False,table:126/row:4,93dce79a72c7593ab5ebb1d0996ab24b4be801f56dc1c4e6697df14b55ea39a2,SOURCE_UNVERIFIED
GEN-55ADAEA26518562B00A6DA17,MED-2026-T225,茜芷胶囊,,CHINESE_PATENT,MEDICATION,胶囊：每粒装 0.4g,False,table:126/row:5,93dce79a72c7593ab5ebb1d0996ab24b4be801f56dc1c4e6697df14b55ea39a2,SOURCE_UNVERIFIED
GEN-8396B2062949487CEDDA44A9,MED-2026-T226,坤宁颗粒(口服液),,CHINESE_PATENT,MEDICATION,"颗粒剂：每袋装 8g（相当于饮片 25g）、15g
合剂：每 1ml 相当于饮片1.25g",False,table:127/row:2,93dce79a72c7593ab5ebb1d0996ab24b4be801f56dc1c4e6697df14b55ea39a2,SOURCE_UNVERIFIED
GEN-B6A3862057C912164B19E4B0,MED-2026-T227,安宫止血颗粒,,CHINESE_PATENT,MEDICATION,颗粒剂：每袋装 5g,False,table:127/row:3,93dce79a72c7593ab5ebb1d0996ab24b4be801f56dc1c4e6697df14b55ea39a2,SOURCE_UNVERIFIED
GEN-CAF42D8E8C9C0BBD99F8F2A5,MED-2026-T228,葆宫止血颗粒,,CHINESE_PATENT,MEDICATION,颗粒剂：每袋装 15g（每1g 相当于饮片 3.433g）,False,table:127/row:4,93dce79a72c7593ab5ebb1d0996ab24b4be801f56dc1c4e6697df14b55ea39a2,SOURCE_UNVERIFIED
GEN-EF6CF14EACCA41EF7FEEF94F,MED-2026-T229,妇科十味片,,CHINESE_PATENT,MEDICATION,片剂：每片重 0.3g（相当于饮片 0.32g，含碳酸钙21.67mg）,False,table:127/row:5,93dce79a72c7593ab5ebb1d0996ab24b4be801f56dc1c4e6697df14b55ea39a2,SOURCE_UNVERIFIED
GEN-ED7C6933A2BF69A1DFA795A5,MED-2026-T230,妇科千金片(胶囊),,CHINESE_PATENT,MEDICATION,"片剂
胶囊：每粒装 0.4g",False,table:127/row:7,93dce79a72c7593ab5ebb1d0996ab24b4be801f56dc1c4e6697df14b55ea39a2,SOURCE_UNVERIFIED
GEN-64A804992D68ECF22E12682B,MED-2026-T231,花红片(颗粒、胶囊),,CHINESE_PATENT,MEDICATION,"片剂：每片重 0.28g、0.29g
颗粒剂：每袋装 2.5g 、10g
胶囊：每粒装 0.25g（相当于饮片 9.334g）",False,table:127/row:8,93dce79a72c7593ab5ebb1d0996ab24b4be801f56dc1c4e6697df14b55ea39a2,SOURCE_UNVERIFIED
GEN-54486D39957155B7F6A737F5,MED-2026-T232,宫炎平片(胶囊),,CHINESE_PATENT,MEDICATION,"片剂：每片重 0.25g、0.26g
胶囊：每粒装 0.2g 、0.25g （相当于饮片 1g）、0.35g",False,table:127/row:9,93dce79a72c7593ab5ebb1d0996ab24b4be801f56dc1c4e6697df14b55ea39a2,SOURCE_UNVERIFIED
GEN-F4814D033EE2F76861116028,MED-2026-T233,妇炎消胶囊,,CHINESE_PATENT,MEDICATION,胶囊：每粒装 0.45g,False,table:128/row:2,93dce79a72c7593ab5ebb1d0996ab24b4be801f56dc1c4e6697df14b55ea39a2,SOURCE_UNVERIFIED
GEN-635E61214DB6E4AE2196E9E0,MED-2026-T234,金刚藤糖浆,,CHINESE_PATENT,MEDICATION,糖浆剂：每瓶装 150ml,False,table:128/row:3,93dce79a72c7593ab5ebb1d0996ab24b4be801f56dc1c4e6697df14b55ea39a2,SOURCE_UNVERIFIED
GEN-A198F5ACDAAF4D471B5EA22E,MED-2026-T235,康妇消炎栓,,CHINESE_PATENT,MEDICATION,栓剂：每粒重 2.0g,False,table:128/row:4,93dce79a72c7593ab5ebb1d0996ab24b4be801f56dc1c4e6697df14b55ea39a2,SOURCE_UNVERIFIED
GEN-51CBA0CD11C28A1C6816B4F9,MED-2026-T236,康妇炎胶囊,,CHINESE_PATENT,MEDICATION,胶囊：每粒装 0.4g（相当于饮片 3.144g）,False,table:128/row:5,93dce79a72c7593ab5ebb1d0996ab24b4be801f56dc1c4e6697df14b55ea39a2,SOURCE_UNVERIFIED
GEN-2FC980D4DF9374BD5155AB01,MED-2026-T237,保妇康栓,,CHINESE_PATENT,MEDICATION,栓剂：每粒重 1.74g（含莪术油 82mg，冰片 75mg）,False,table:128/row:6,93dce79a72c7593ab5ebb1d0996ab24b4be801f56dc1c4e6697df14b55ea39a2,SOURCE_UNVERIFIED
GEN-6F239674558A72198473E28F,MED-2026-T238,艾附暖宫丸,,CHINESE_PATENT,MEDICATION,丸剂：每丸重 9g，每 45丸重 9g，每 100 丸重 4g、 10g，每袋装 9g，每瓶装45g,False,table:128/row:8,93dce79a72c7593ab5ebb1d0996ab24b4be801f56dc1c4e6697df14b55ea39a2,SOURCE_UNVERIFIED
GEN-6D34D29C7285E36D339DD8A9,MED-2026-T239,乌鸡白凤丸(胶囊、片),,CHINESE_PATENT,MEDICATION,"丸剂：每丸重 9g，每 10 丸重 1g，每袋装 6g 、9g
胶囊：每粒装 0.3g
片剂：每片重 0.5g",False,table:128/row:9,93dce79a72c7593ab5ebb1d0996ab24b4be801f56dc1c4e6697df14b55ea39a2,SOURCE_UNVERIFIED
GEN-D6F576EC7D161072A33C3D69,MED-2026-T240,八珍益母丸(胶囊),,CHINESE_PATENT,MEDICATION,"丸剂：每丸重 9g，每袋装6g 、9g
胶囊：每粒装 0.35g（相当于饮片 0.921g）",False,table:128/row:10,93dce79a72c7593ab5ebb1d0996ab24b4be801f56dc1c4e6697df14b55ea39a2,SOURCE_UNVERIFIED
GEN-4698DC75E338E9EE6459C9AA,MED-2026-T241,补血益母丸(颗粒),,CHINESE_PATENT,MEDICATION,"丸剂：每袋装 12g（每 200丸重 12g）
颗粒剂：每 1g 相当于饮片1.5959g",False,table:129/row:2,93dce79a72c7593ab5ebb1d0996ab24b4be801f56dc1c4e6697df14b55ea39a2,SOURCE_UNVERIFIED
GEN-E417FAA713ADC78FF6169CEE,MED-2026-T242,定坤丹,,CHINESE_PATENT,MEDICATION,丸剂：每丸重 10.8g（相当于饮片4.78g，含复方滇鸡血藤膏 0.25g），每瓶装 7g （相当于饮片 5.4g）,False,table:129/row:3,93dce79a72c7593ab5ebb1d0996ab24b4be801f56dc1c4e6697df14b55ea39a2,SOURCE_UNVERIFIED
GEN-875BD7EBFA4FE334D878904C,MED-2026-T243,更年安片(胶囊),,CHINESE_PATENT,MEDICATION,"片剂：每片重 0.3g 、0.31g
胶囊：每粒装 0.3g",True,table:129/row:4,93dce79a72c7593ab5ebb1d0996ab24b4be801f56dc1c4e6697df14b55ea39a2,SOURCE_UNVERIFIED
GEN-A0D4FAD6012277AD8908A0A2,MED-2026-T244,坤泰胶囊,,CHINESE_PATENT,MEDICATION,胶囊：每粒装 0.5g,False,table:129/row:5,93dce79a72c7593ab5ebb1d0996ab24b4be801f56dc1c4e6697df14b55ea39a2,SOURCE_UNVERIFIED
GEN-C6D2C8045AD13B6D3C11B120,MED-2026-T245,滋肾育胎丸,,CHINESE_PATENT,MEDICATION,丸剂,True,table:129/row:6,93dce79a72c7593ab5ebb1d0996ab24b4be801f56dc1c4e6697df14b55ea39a2,SOURCE_UNVERIFIED
GEN-8F66EDC39DE2E61B5D4A899B,MED-2026-T246,乳癖消颗粒(胶囊、片),,CHINESE_PATENT,MEDICATION,"颗粒剂：每袋装 8g（相当于原药材 6g）
胶囊：每粒装 0.32g
片剂：每片重 0.32g、0.34g、 0.67g",False,table:129/row:8,93dce79a72c7593ab5ebb1d0996ab24b4be801f56dc1c4e6697df14b55ea39a2,SOURCE_UNVERIFIED
GEN-ABF8E26953F7AF3F1E98A023,MED-2026-T247,桂枝茯苓丸(胶囊),,CHINESE_PATENT,MEDICATION,"丸剂：每丸重 6g，素丸每10 丸重 1.5g 、2.2g，每 100丸重 10g
胶囊：每粒装 0.31g",False,table:130/row:2,93dce79a72c7593ab5ebb1d0996ab24b4be801f56dc1c4e6697df14b55ea39a2,SOURCE_UNVERIFIED
GEN-4464A9C08EA9500259B368FF,MED-2026-T248,乳块消颗粒(胶囊、片),,CHINESE_PATENT,MEDICATION,"颗粒剂：每袋装 5g 、10g
胶囊：每粒装 0.3g
片剂：每片重 0.32g、0.36g （相当于饮片 3.85g）",False,table:130/row:3,93dce79a72c7593ab5ebb1d0996ab24b4be801f56dc1c4e6697df14b55ea39a2,SOURCE_UNVERIFIED
GEN-5F6706ABA3700C68ECA60A6C,MED-2026-T249,宫瘤清胶囊(颗粒),,CHINESE_PATENT,MEDICATION,"胶囊：每粒装 0.37g
颗粒剂：每袋装 4g",False,table:130/row:4,93dce79a72c7593ab5ebb1d0996ab24b4be801f56dc1c4e6697df14b55ea39a2,SOURCE_UNVERIFIED
GEN-3F008FBF162B9C68B03CD365,MED-2026-T250,散结镇痛胶囊,,CHINESE_PATENT,MEDICATION,胶囊：每粒装 0.4g,False,table:130/row:5,93dce79a72c7593ab5ebb1d0996ab24b4be801f56dc1c4e6697df14b55ea39a2,SOURCE_UNVERIFIED
GEN-2D4C707E8736720AA72D8441,MED-2026-T251,明目上清丸(片),,CHINESE_PATENT,MEDICATION,"丸剂：每袋（瓶）装 9g
片剂：每片重 0.6g 、0.63g",False,table:131/row:3,93dce79a72c7593ab5ebb1d0996ab24b4be801f56dc1c4e6697df14b55ea39a2,SOURCE_UNVERIFIED
GEN-DEAC5E78DD550430CF50DAF8,MED-2026-T252,马应龙八宝眼膏,,CHINESE_PATENT,MEDICATION,"眼膏剂：每 1g 相当于饮片
0.05g",False,table:131/row:4,93dce79a72c7593ab5ebb1d0996ab24b4be801f56dc1c4e6697df14b55ea39a2,SOURCE_UNVERIFIED
GEN-72CFDFEB77E7684F9B7D7C83,MED-2026-T253,黄连羊肝丸,,CHINESE_PATENT,MEDICATION,丸剂：每丸重 9g，每 20 丸重 1g，每 100 丸重 20g,False,table:132/row:2,93dce79a72c7593ab5ebb1d0996ab24b4be801f56dc1c4e6697df14b55ea39a2,SOURCE_UNVERIFIED
GEN-022BD254144B555103547466,MED-2026-T254,珍珠明目滴眼液,,CHINESE_PATENT,MEDICATION,滴眼剂：每 1ml 相当于饮片 1mg，含珍珠液 0.02ml；每瓶（支）装 8ml 、10ml、 12ml 、15ml,False,table:132/row:3,93dce79a72c7593ab5ebb1d0996ab24b4be801f56dc1c4e6697df14b55ea39a2,SOURCE_UNVERIFIED
GEN-59B65AED849DFECFC89DEEA6,MED-2026-T255,明目地黄丸,,CHINESE_PATENT,MEDICATION,丸剂：每丸重 9g，每 8 丸相当于原生药 3g，每袋装6g 、9g,False,table:132/row:5,93dce79a72c7593ab5ebb1d0996ab24b4be801f56dc1c4e6697df14b55ea39a2,SOURCE_UNVERIFIED
GEN-B5C5F3E4EE7135EDE8947689,MED-2026-T256,障眼明片(胶囊),,CHINESE_PATENT,MEDICATION,"片剂：每片重 0.21g、0.42g
胶囊：每粒装 0.25g 、0.4g",False,table:132/row:6,93dce79a72c7593ab5ebb1d0996ab24b4be801f56dc1c4e6697df14b55ea39a2,SOURCE_UNVERIFIED
GEN-26CA1F85DF4E1E6E46ED489A,MED-2026-T257,石斛夜光丸,,CHINESE_PATENT,MEDICATION,丸剂：每丸重 5.5g 、9g，每 100 粒重 10g，每袋装6g 、7.3g,False,table:132/row:7,93dce79a72c7593ab5ebb1d0996ab24b4be801f56dc1c4e6697df14b55ea39a2,SOURCE_UNVERIFIED
GEN-0AF30AAB8B0B163C656A224F,MED-2026-T258,和血明目片,,CHINESE_PATENT,MEDICATION,片剂：每片重 0.3g 、0.31g,False,table:132/row:8,93dce79a72c7593ab5ebb1d0996ab24b4be801f56dc1c4e6697df14b55ea39a2,SOURCE_UNVERIFIED
GEN-54D2E7F3154339C56893FF77,MED-2026-T259,止血祛瘀明目片,,CHINESE_PATENT,MEDICATION,片剂：每片重 0.3g,False,table:132/row:9,93dce79a72c7593ab5ebb1d0996ab24b4be801f56dc1c4e6697df14b55ea39a2,SOURCE_UNVERIFIED
GEN-D01EBADDE12303C2598CAFAE,MED-2026-T260,复方血栓通胶囊(片),,CHINESE_PATENT,MEDICATION,"胶囊：每粒装 0.5g
片剂：每片重 0.35g 、0.4g",False,table:132/row:10,93dce79a72c7593ab5ebb1d0996ab24b4be801f56dc1c4e6697df14b55ea39a2,SOURCE_UNVERIFIED
GEN-EB6154BB3503D0BC879BCFD4,MED-2026-T261,耳聋左慈丸,,CHINESE_PATENT,MEDICATION,丸剂：每丸重 9g，每 8 丸相当于原生药 3g，每 10 丸重 1g,False,table:133/row:3,93dce79a72c7593ab5ebb1d0996ab24b4be801f56dc1c4e6697df14b55ea39a2,SOURCE_UNVERIFIED
GEN-C7FAA3D4E6D5519736B1352D,MED-2026-T262,通窍耳聋丸,,CHINESE_PATENT,MEDICATION,丸剂：每 100 粒重 6g（相当于饮片 4.8g）,False,table:133/row:4,93dce79a72c7593ab5ebb1d0996ab24b4be801f56dc1c4e6697df14b55ea39a2,SOURCE_UNVERIFIED
GEN-E41D51D9377E6451B80B4699,MED-2026-T263,鼻炎康片,,CHINESE_PATENT,MEDICATION,片剂：每片重 0.37g（含马来酸氯苯那敏 1mg）,False,table:133/row:6,93dce79a72c7593ab5ebb1d0996ab24b4be801f56dc1c4e6697df14b55ea39a2,SOURCE_UNVERIFIED
GEN-AD9F0CE964E24AAACEE0DE18,MED-2026-T264,鼻渊通窍颗粒,,CHINESE_PATENT,MEDICATION,颗粒剂：每袋相当于饮片8.4g,False,table:133/row:7,93dce79a72c7593ab5ebb1d0996ab24b4be801f56dc1c4e6697df14b55ea39a2,SOURCE_UNVERIFIED
GEN-86E70DA2CF9B8523D708C0C8,MED-2026-T265,藿胆丸(片、滴丸),,CHINESE_PATENT,MEDICATION,"丸剂：每 10 丸重 0.17g（每1g 相当于饮片 1g），每 195粒约重 3g，每瓶装 36g
片剂
滴丸剂：每丸重 50mg（每1g 含猪胆酸 100mg、广藿香油 100mg）",False,table:133/row:8,93dce79a72c7593ab5ebb1d0996ab24b4be801f56dc1c4e6697df14b55ea39a2,SOURCE_UNVERIFIED
GEN-2B8B3AEDBB26EAC12F87B3D5,MED-2026-T266,辛夷鼻炎丸,,CHINESE_PATENT,MEDICATION,丸剂：每 10 丸重 0.75g,False,table:133/row:9,93dce79a72c7593ab5ebb1d0996ab24b4be801f56dc1c4e6697df14b55ea39a2,SOURCE_UNVERIFIED
GEN-69422C003FAE8BB12B101466,MED-2026-T267,香菊胶囊(片),,CHINESE_PATENT,MEDICATION,"胶囊：每粒装 0.3g（相当于饮片 3.186g）
片剂：每片重 0.3g 、0.32g",False,table:134/row:2,93dce79a72c7593ab5ebb1d0996ab24b4be801f56dc1c4e6697df14b55ea39a2,SOURCE_UNVERIFIED
GEN-DA9BEFDA8E4EA303109AF104,MED-2026-T268,鼻窦炎口服液,,CHINESE_PATENT,MEDICATION,合剂：每 1ml 相当于饮片1.97g,False,table:134/row:3,93dce79a72c7593ab5ebb1d0996ab24b4be801f56dc1c4e6697df14b55ea39a2,SOURCE_UNVERIFIED
GEN-3D0E3ECEEC91C457B5FFF08D,MED-2026-T269,辛芩颗粒,,CHINESE_PATENT,MEDICATION,颗粒剂：每袋装 5g 、20g,False,table:134/row:4,93dce79a72c7593ab5ebb1d0996ab24b4be801f56dc1c4e6697df14b55ea39a2,SOURCE_UNVERIFIED
GEN-ADCD4185DA264EA9308AD4E4,MED-2026-T270,黄氏响声丸,,CHINESE_PATENT,MEDICATION,"丸剂：炭衣丸每丸重 0.1g、 0.133g，糖衣丸每瓶装
400 丸",False,table:134/row:6,93dce79a72c7593ab5ebb1d0996ab24b4be801f56dc1c4e6697df14b55ea39a2,SOURCE_UNVERIFIED
GEN-6DA10A636F83ABC8911D773C,MED-2026-T271,清咽滴丸,,CHINESE_PATENT,MEDICATION,滴丸剂：每丸重 20mg,False,table:134/row:7,93dce79a72c7593ab5ebb1d0996ab24b4be801f56dc1c4e6697df14b55ea39a2,SOURCE_UNVERIFIED
GEN-D0D64A9F83798F7E4115345D,MED-2026-T272,金嗓散结胶囊(颗粒、丸),,CHINESE_PATENT,MEDICATION,"胶囊：每粒装 0.4g
颗粒剂：每 1g 相当于饮片1.67g
丸剂：每 10 丸重 1g",False,table:134/row:8,93dce79a72c7593ab5ebb1d0996ab24b4be801f56dc1c4e6697df14b55ea39a2,SOURCE_UNVERIFIED
GEN-77196D4D0F1EF381F1D53A64,MED-2026-T273,口炎清颗粒,,CHINESE_PATENT,MEDICATION,颗粒剂：每袋装 3g 、10g,False,table:134/row:9,93dce79a72c7593ab5ebb1d0996ab24b4be801f56dc1c4e6697df14b55ea39a2,SOURCE_UNVERIFIED
GEN-940BCC40949BB2943073CA1E,MED-2026-T274,玄麦甘桔颗粒(胶囊),,CHINESE_PATENT,MEDICATION,"颗粒剂：每袋装 10g
胶囊：每粒装 0.35g",False,table:134/row:10,93dce79a72c7593ab5ebb1d0996ab24b4be801f56dc1c4e6697df14b55ea39a2,SOURCE_UNVERIFIED
GEN-5423FEC2BD265F0838221E0D,MED-2026-T275,口腔溃疡散,,CHINESE_PATENT,MEDICATION,散剂：每瓶装 3g,False,table:134/row:11,93dce79a72c7593ab5ebb1d0996ab24b4be801f56dc1c4e6697df14b55ea39a2,SOURCE_UNVERIFIED
GEN-A0A1B5703CC06C6738C2F6E2,MED-2026-T276,西帕依固龈液,,CHINESE_PATENT,MEDICATION,合剂：每 1ml 相当于饮片0.02g,False,table:135/row:2,93dce79a72c7593ab5ebb1d0996ab24b4be801f56dc1c4e6697df14b55ea39a2,SOURCE_UNVERIFIED
GEN-5232BD76CEE7A70560690C85,MED-2026-T277,冰硼散,,CHINESE_PATENT,MEDICATION,散剂：每瓶（支）装0.6g、 1.5g 、2g 、3g,False,table:135/row:3,93dce79a72c7593ab5ebb1d0996ab24b4be801f56dc1c4e6697df14b55ea39a2,SOURCE_UNVERIFIED
GEN-0C8B6E48CB76D9329E87D757,MED-2026-T278,六神丸(胶囊、凝胶),,CHINESE_PATENT,MEDICATION,"丸剂：每 1000 粒重 3.125g
胶囊：每粒装 0.19g
凝胶剂：每支装 10g",False,table:135/row:4,93dce79a72c7593ab5ebb1d0996ab24b4be801f56dc1c4e6697df14b55ea39a2,SOURCE_UNVERIFIED
GEN-F089C7B68207CB8F40BE965A,MED-2026-T279,百蕊颗粒,,CHINESE_PATENT,MEDICATION,颗粒剂：每 1g 相当于饮片2.4g,False,table:135/row:5,93dce79a72c7593ab5ebb1d0996ab24b4be801f56dc1c4e6697df14b55ea39a2,SOURCE_UNVERIFIED
GEN-CB2F7620E993337B70C674DA,MED-2026-T280,甘桔冰梅片,,CHINESE_PATENT,MEDICATION,片剂：每片重 0.2g,False,table:135/row:6,93dce79a72c7593ab5ebb1d0996ab24b4be801f56dc1c4e6697df14b55ea39a2,SOURCE_UNVERIFIED
GEN-0563BF4E69001EEB44019C44,MED-2026-T281,接骨七厘散(丸、片),,CHINESE_PATENT,MEDICATION,"散剂：每袋装 1.5g
丸剂：每袋装 1.5g 、2g
片剂：每片相当于原生药量 0.3g",False,table:136/row:2,93dce79a72c7593ab5ebb1d0996ab24b4be801f56dc1c4e6697df14b55ea39a2,SOURCE_UNVERIFIED
GEN-D4288ECFD2DCCDE166073C23,MED-2026-T282,伤科接骨片,,CHINESE_PATENT,MEDICATION,片剂：每片重 0.33g,False,table:136/row:3,93dce79a72c7593ab5ebb1d0996ab24b4be801f56dc1c4e6697df14b55ea39a2,SOURCE_UNVERIFIED
GEN-DFE9B5031C3341584BDBCC25,MED-2026-T283,云南白药(胶囊、膏、酊、气雾剂),,CHINESE_PATENT,MEDICATION,散剂、胶囊、贴膏剂、酊剂、气雾剂,False,table:136/row:4,93dce79a72c7593ab5ebb1d0996ab24b4be801f56dc1c4e6697df14b55ea39a2,SOURCE_UNVERIFIED
GEN-08869AAE997F63889795B3E3,MED-2026-T284,活血止痛散(胶囊、软胶囊),,CHINESE_PATENT,MEDICATION,"散剂：每袋（瓶）装 1.5g
胶囊：每粒装 0.25g 、0.5g
软胶囊：每粒装 0.65g（相当于饮片 0.5g）",False,table:137/row:2,93dce79a72c7593ab5ebb1d0996ab24b4be801f56dc1c4e6697df14b55ea39a2,SOURCE_UNVERIFIED
GEN-CA42CF16EB6544C09AE744A3,MED-2026-T285,七厘散(胶囊),,CHINESE_PATENT,MEDICATION,"散剂：每瓶装 1.5g 、3g
胶囊：每粒装 0.5g",False,table:137/row:3,93dce79a72c7593ab5ebb1d0996ab24b4be801f56dc1c4e6697df14b55ea39a2,SOURCE_UNVERIFIED
GEN-EC6AF848C5692F6320254323,MED-2026-T286,消痛贴膏,,CHINESE_PATENT,MEDICATION,贴膏剂：每贴装 1.0g、1.2g,False,table:137/row:4,93dce79a72c7593ab5ebb1d0996ab24b4be801f56dc1c4e6697df14b55ea39a2,SOURCE_UNVERIFIED
GEN-80F01ED49509EB6419DD0E15,MED-2026-T287,独一味胶囊(片),,CHINESE_PATENT,MEDICATION,"胶囊：每粒装 0.3g（相当于饮片 1.0g）
片剂：每片重 0.26g、0.28g",False,table:137/row:5,93dce79a72c7593ab5ebb1d0996ab24b4be801f56dc1c4e6697df14b55ea39a2,SOURCE_UNVERIFIED
GEN-4539AC94FB872DA9A5835893,MED-2026-T288,盘龙七片,,CHINESE_PATENT,MEDICATION,片剂：每片重 0.3g,False,table:137/row:6,93dce79a72c7593ab5ebb1d0996ab24b4be801f56dc1c4e6697df14b55ea39a2,SOURCE_UNVERIFIED
GEN-5C7EE4A4C5A26C216D8C73DB,MED-2026-T289,复方伤痛胶囊,,CHINESE_PATENT,MEDICATION,胶囊：每粒装 0.3g,False,table:137/row:7,93dce79a72c7593ab5ebb1d0996ab24b4be801f56dc1c4e6697df14b55ea39a2,SOURCE_UNVERIFIED
GEN-5EA8F2B5E0F07302AF61D53F,MED-2026-T290,颈舒颗粒,,CHINESE_PATENT,MEDICATION,颗粒剂：每袋装 6g,False,table:137/row:8,93dce79a72c7593ab5ebb1d0996ab24b4be801f56dc1c4e6697df14b55ea39a2,SOURCE_UNVERIFIED
GEN-B53357ECB5A38FEC23BFD3DE,MED-2026-T291,颈复康颗粒,,CHINESE_PATENT,MEDICATION,颗粒剂：每袋装 5g,False,table:137/row:9,93dce79a72c7593ab5ebb1d0996ab24b4be801f56dc1c4e6697df14b55ea39a2,SOURCE_UNVERIFIED
GEN-DB99DA1AA24BEBA6530CAA7A,MED-2026-T292,腰痹通胶囊,,CHINESE_PATENT,MEDICATION,胶囊：每粒装 0.42g,False,table:137/row:10,93dce79a72c7593ab5ebb1d0996ab24b4be801f56dc1c4e6697df14b55ea39a2,SOURCE_UNVERIFIED
GEN-213041AE3AA2F11F1199B78C,MED-2026-T293,滑膜炎颗粒(片),,CHINESE_PATENT,MEDICATION,"颗粒剂：每 1g 相当于饮片3g
片剂：每片重 0.5g 、0.6g",False,table:137/row:11,93dce79a72c7593ab5ebb1d0996ab24b4be801f56dc1c4e6697df14b55ea39a2,SOURCE_UNVERIFIED
GEN-53AF67CFCE8BABD1E9C3263F,MED-2026-T294,舒筋活血丸(片),,CHINESE_PATENT,MEDICATION,"丸剂：每丸重 6g
片剂：每片重 0.3g",False,table:137/row:12,93dce79a72c7593ab5ebb1d0996ab24b4be801f56dc1c4e6697df14b55ea39a2,SOURCE_UNVERIFIED
GEN-0B78A676E9CD371F02F7292D,MED-2026-T295,狗皮膏,,CHINESE_PATENT,MEDICATION,膏药：每张净重12g、15g、 24g 、30g,False,table:138/row:2,93dce79a72c7593ab5ebb1d0996ab24b4be801f56dc1c4e6697df14b55ea39a2,SOURCE_UNVERIFIED
GEN-E4FD6C14D699114815B0ADCA,MED-2026-T296,骨痛灵酊,,CHINESE_PATENT,MEDICATION,"酊剂：每袋装 10ml，每瓶装 30ml 、60ml 、100ml、
250ml",False,table:138/row:3,93dce79a72c7593ab5ebb1d0996ab24b4be801f56dc1c4e6697df14b55ea39a2,SOURCE_UNVERIFIED
GEN-54F17DBE6F395AFF8CF28805,MED-2026-T297,通络祛痛膏,,CHINESE_PATENT,MEDICATION,贴膏剂：7cm × 10cm,False,table:138/row:4,93dce79a72c7593ab5ebb1d0996ab24b4be801f56dc1c4e6697df14b55ea39a2,SOURCE_UNVERIFIED
GEN-B72280A3277562722CC69F3C,MED-2026-T298,复方南星止痛膏,,CHINESE_PATENT,MEDICATION,贴膏剂： 10cm × 13cm,False,table:138/row:5,93dce79a72c7593ab5ebb1d0996ab24b4be801f56dc1c4e6697df14b55ea39a2,SOURCE_UNVERIFIED
GEN-554C28F7D583F464BAD2E267,MED-2026-T299,麝香追风止痛膏,,CHINESE_PATENT,MEDICATION,贴膏剂：7cm × 10cm,False,table:138/row:6,93dce79a72c7593ab5ebb1d0996ab24b4be801f56dc1c4e6697df14b55ea39a2,SOURCE_UNVERIFIED
GEN-CF9E04617FEFB6658EEC7EBB,MED-2026-T300,仙灵骨葆胶囊(片),,CHINESE_PATENT,MEDICATION,"胶囊：每粒装 0.5g
片剂：每片重 0.3g",False,table:138/row:7,93dce79a72c7593ab5ebb1d0996ab24b4be801f56dc1c4e6697df14b55ea39a2,SOURCE_UNVERIFIED
GEN-AC0C18594005EBDE60C70B17,MED-2026-T301,恒古骨伤愈合剂,,CHINESE_PATENT,MEDICATION,合剂：12.5ml/瓶，25ml/ 瓶,False,table:138/row:8,93dce79a72c7593ab5ebb1d0996ab24b4be801f56dc1c4e6697df14b55ea39a2,SOURCE_UNVERIFIED
GEN-D688A63E3B4203370A82B6A3,MED-2026-T302,小儿柴桂退热颗粒(口服液),,CHINESE_PATENT,MEDICATION,颗粒剂：每袋装 2.5g（每 1g 相当于饮片1.0g）、4g （每 1g 相当于饮片1.25g）、 5g（每 1g 相当于饮片 1.0g）合剂：每 1ml 相当于饮片 0.5g,False,table:139/row:3,93dce79a72c7593ab5ebb1d0996ab24b4be801f56dc1c4e6697df14b55ea39a2,SOURCE_UNVERIFIED
GEN-4341BE0D94CFE4DAFB65E3F8,MED-2026-T303,小儿青翘颗粒,,CHINESE_PATENT,MEDICATION,颗粒剂：每袋装 5g 、7.5g,False,table:139/row:4,93dce79a72c7593ab5ebb1d0996ab24b4be801f56dc1c4e6697df14b55ea39a2,SOURCE_UNVERIFIED
GEN-8649E2DCB74FE84863B87D61,MED-2026-T304,小儿宝泰康颗粒,,CHINESE_PATENT,MEDICATION,颗粒剂：每袋装 2.6g 、4g、 8g,False,table:140/row:2,93dce79a72c7593ab5ebb1d0996ab24b4be801f56dc1c4e6697df14b55ea39a2,SOURCE_UNVERIFIED
GEN-25D0EFDC3B8D6795D256B6D8,MED-2026-T305,小儿热速清口服液(颗粒),,CHINESE_PATENT,MEDICATION,合剂：每支装 10ml（每 1ml 相当于饮片 1.1625g）颗粒剂：每袋装 2g 、6g,False,table:140/row:3,93dce79a72c7593ab5ebb1d0996ab24b4be801f56dc1c4e6697df14b55ea39a2,SOURCE_UNVERIFIED
GEN-065EF778EB5247F0134B47F6,MED-2026-T306,小儿豉翘清热颗粒,,CHINESE_PATENT,MEDICATION,颗粒剂：每袋装 2g 、4g,False,table:140/row:4,93dce79a72c7593ab5ebb1d0996ab24b4be801f56dc1c4e6697df14b55ea39a2,SOURCE_UNVERIFIED
GEN-3F70824FFDBC49926145510E,MED-2026-T307,小儿泻速停颗粒,,CHINESE_PATENT,MEDICATION,颗粒剂：每袋装 3g 、5g、 10g,False,table:140/row:6,93dce79a72c7593ab5ebb1d0996ab24b4be801f56dc1c4e6697df14b55ea39a2,SOURCE_UNVERIFIED
GEN-D91549CA62289C60154FBBB3,MED-2026-T308,小儿肺热咳喘颗粒(口服液),,CHINESE_PATENT,MEDICATION,"颗粒剂：每袋装 3g 、4g （相当于饮片 10.6g）
合剂：每支装 10ml（每1ml 相当于饮片 1.77g）",False,table:140/row:8,93dce79a72c7593ab5ebb1d0996ab24b4be801f56dc1c4e6697df14b55ea39a2,SOURCE_UNVERIFIED
GEN-8DF143FB2AE94ABA464D9625,MED-2026-T309,金振口服液,,CHINESE_PATENT,MEDICATION,合剂：每支装 10ml（每1ml 相当于饮片 0.27g）,False,table:140/row:9,93dce79a72c7593ab5ebb1d0996ab24b4be801f56dc1c4e6697df14b55ea39a2,SOURCE_UNVERIFIED
GEN-C288A690920615D509BB780D,MED-2026-T310,小儿定喘口服液,,CHINESE_PATENT,MEDICATION,合剂：每 1ml 相当于饮片1.0g,False,table:140/row:10,93dce79a72c7593ab5ebb1d0996ab24b4be801f56dc1c4e6697df14b55ea39a2,SOURCE_UNVERIFIED
GEN-B4738869D62A81B046A9D80C,MED-2026-T311,清宣止咳颗粒,,CHINESE_PATENT,MEDICATION,颗粒剂：每袋装 10g,False,table:140/row:11,93dce79a72c7593ab5ebb1d0996ab24b4be801f56dc1c4e6697df14b55ea39a2,SOURCE_UNVERIFIED
GEN-0F41558436DD754B52FBAB08,MED-2026-T312,小儿消积止咳口服液,,CHINESE_PATENT,MEDICATION,合剂：每 1ml 相当于饮片1.0g,False,table:140/row:12,93dce79a72c7593ab5ebb1d0996ab24b4be801f56dc1c4e6697df14b55ea39a2,SOURCE_UNVERIFIED
GEN-7DF54BD72F19FCC186B5A889,MED-2026-T313,小儿肺咳颗粒,,CHINESE_PATENT,MEDICATION,颗粒剂：每袋装 2g 、3g、 6g,False,table:141/row:2,93dce79a72c7593ab5ebb1d0996ab24b4be801f56dc1c4e6697df14b55ea39a2,SOURCE_UNVERIFIED
GEN-4C4B89273406235A9F0DDF50,MED-2026-T314,健儿消食口服液,,CHINESE_PATENT,MEDICATION,合剂：每支装 10ml（相当于饮片 3g），每 1ml 相当于饮片 0.3g,False,table:141/row:4,93dce79a72c7593ab5ebb1d0996ab24b4be801f56dc1c4e6697df14b55ea39a2,SOURCE_UNVERIFIED
GEN-D8A081D166DF52ED0AB5AF3A,MED-2026-T315,醒脾养儿颗粒,,CHINESE_PATENT,MEDICATION,颗粒剂：每袋装 2g,False,table:141/row:5,93dce79a72c7593ab5ebb1d0996ab24b4be801f56dc1c4e6697df14b55ea39a2,SOURCE_UNVERIFIED
GEN-502A0ADBE50C4F898FDA5259,MED-2026-T316,小儿黄龙颗粒,,CHINESE_PATENT,MEDICATION,颗粒剂：每袋装 5g,False,table:141/row:7,93dce79a72c7593ab5ebb1d0996ab24b4be801f56dc1c4e6697df14b55ea39a2,SOURCE_UNVERIFIED
GEN-6878D23F96ECD558937C5109,MED-2026-T317,芍麻止痉颗粒,,CHINESE_PATENT,MEDICATION,颗粒剂：每袋装 2.5g（相当于饮片 9.4g）、每袋装 5g（相当于饮片 18.8g）,True,table:141/row:8,93dce79a72c7593ab5ebb1d0996ab24b4be801f56dc1c4e6697df14b55ea39a2,SOURCE_UNVERIFIED
GEN-A82F8BC9FC3A8F2DFBEC07FB,MED-2026-T318,小儿化食丸(口服液),,CHINESE_PATENT,MEDICATION,"丸剂：每丸重 1.5g
合剂：每支装 10ml",False,table:141/row:10,93dce79a72c7593ab5ebb1d0996ab24b4be801f56dc1c4e6697df14b55ea39a2,SOURCE_UNVERIFIED
