标准药品ID,标准品种ID,旧目录编码,名称,物质限定,剂型编码,剂型名称,单一规格,强度类型,分子数值,分子单位,分母数值,分母单位,多成分数值,审核状态,可开立
STD-CDC113367D8C3DC00687D0F5,GEN-7FBC9C2305F3C667CCB9E07E,MED-2026-T001,九味羌活丸(颗粒),,GRANULE,颗粒剂,每袋装 5g,TRADITIONAL_PRESENTATION,,,,,[],SOURCE_UNVERIFIED,否
STD-D924FBFAE229033875D59FB3,GEN-7FBC9C2305F3C667CCB9E07E,MED-2026-T001,九味羌活丸(颗粒),,GRANULE,颗粒剂,每袋装15g,TRADITIONAL_PRESENTATION,,,,,[],SOURCE_UNVERIFIED,否
STD-C04F43A3A9B6BF3008E75D8A,GEN-7FBC9C2305F3C667CCB9E07E,MED-2026-T001,九味羌活丸(颗粒),,PILL,丸剂,每 10 丸重 1.8g,TRADITIONAL_PRESENTATION,,,,,[],SOURCE_UNVERIFIED,否
STD-418B1EB18F0071D7EC6CB7EA,GEN-7FBC9C2305F3C667CCB9E07E,MED-2026-T001,九味羌活丸(颗粒),,PILL,丸剂,每丸重 9g,TRADITIONAL_PRESENTATION,,,,,[],SOURCE_UNVERIFIED,否
STD-79F412E2E114F9B7C37A5ABB,GEN-7FBC9C2305F3C667CCB9E07E,MED-2026-T001,九味羌活丸(颗粒),,PILL,丸剂,每袋装 6g,TRADITIONAL_PRESENTATION,,,,,[],SOURCE_UNVERIFIED,否
STD-AF7E0A9A2AECE432EC990E0D,GEN-7FBC9C2305F3C667CCB9E07E,MED-2026-T001,九味羌活丸(颗粒),,PILL,丸剂,每袋装9g,TRADITIONAL_PRESENTATION,,,,,[],SOURCE_UNVERIFIED,否
STD-252E775FA290A060D0AF47A8,GEN-0334AD6380166A3BA2D68ECD,MED-2026-T002,感冒清热颗粒(胶囊),,CAPSULE,胶囊,每粒装 0.45g,TRADITIONAL_PRESENTATION,,,,,[],SOURCE_UNVERIFIED,否
STD-739D2A036A7E1E8C7870E621,GEN-0334AD6380166A3BA2D68ECD,MED-2026-T002,感冒清热颗粒(胶囊),,GRANULE,颗粒剂,每袋装 3g,TRADITIONAL_PRESENTATION,,,,,[],SOURCE_UNVERIFIED,否
STD-AAC30302E06EA798EBB47DC0,GEN-0334AD6380166A3BA2D68ECD,MED-2026-T002,感冒清热颗粒(胶囊),,GRANULE,颗粒剂,每袋装12g(相当于饮片 8.85g),TRADITIONAL_PRESENTATION,,,,,[],SOURCE_UNVERIFIED,否
STD-2B8B286D31EEFBB2CF554D6E,GEN-0334AD6380166A3BA2D68ECD,MED-2026-T002,感冒清热颗粒(胶囊),,GRANULE,颗粒剂,每袋装6g(相当于饮片 8.85g),TRADITIONAL_PRESENTATION,,,,,[],SOURCE_UNVERIFIED,否
STD-792C2B36D016EF004D24E2F3,GEN-5A8EF02F790A31FAB535DBAD,MED-2026-T003,正柴胡饮颗粒,,GRANULE,颗粒剂,每袋装 3g,TRADITIONAL_PRESENTATION,,,,,[],SOURCE_UNVERIFIED,否
STD-C3B7E4DBC387810EF2A0AFEF,GEN-5A8EF02F790A31FAB535DBAD,MED-2026-T003,正柴胡饮颗粒,,GRANULE,颗粒剂,每袋装10g,TRADITIONAL_PRESENTATION,,,,,[],SOURCE_UNVERIFIED,否
STD-2AA54671D6002533E92A8C16,GEN-D1223AF56467396CA8F336BB,MED-2026-T004,荆防颗粒(合剂),,GRANULE,颗粒剂,每袋装 15g,TRADITIONAL_PRESENTATION,,,,,[],SOURCE_UNVERIFIED,否
STD-49DC72F7DCE394E822F067B5,GEN-D1223AF56467396CA8F336BB,MED-2026-T004,荆防颗粒(合剂),,MIXTURE,合剂,每瓶(支)装 10ml(每 1ml 相当于饮片 1g),TRADITIONAL_PRESENTATION,,,,,[],SOURCE_UNVERIFIED,否
STD-A0B045A9C17E793D4D255BE1,GEN-68A9F7211D41B8DC617CAB54,MED-2026-T005,柴胡注射液,,INJECTION,注射液,每支装 2ml,TRADITIONAL_PRESENTATION,,,,,[],SOURCE_UNVERIFIED,否
STD-29522A8949C7764214BACEAA,GEN-2652BF3E73FCCA1646C7D0EC,MED-2026-T006,金花清感颗粒,,GRANULE,颗粒剂,每袋装 5g(相当于饮片 17.3g),TRADITIONAL_PRESENTATION,,,,,[],SOURCE_UNVERIFIED,否
STD-38A86D84D47FBAE5337341A6,GEN-191D685BB0C01EEE8379E8A1,MED-2026-T007,银翘解毒丸(颗粒、胶囊、软胶囊、片),,CAPSULE,胶囊,每粒装 0.4g,TRADITIONAL_PRESENTATION,,,,,[],SOURCE_UNVERIFIED,否
STD-89B136DA717B606CF3826192,GEN-191D685BB0C01EEE8379E8A1,MED-2026-T007,银翘解毒丸(颗粒、胶囊、软胶囊、片),,GRANULE,颗粒剂,每袋装 15g(相当于原药材 15g),TRADITIONAL_PRESENTATION,,,,,[],SOURCE_UNVERIFIED,否
STD-A77D148D3600B2DF74ED892C,GEN-191D685BB0C01EEE8379E8A1,MED-2026-T007,银翘解毒丸(颗粒、胶囊、软胶囊、片),,PILL,丸剂,每10 丸重 1.5g(每 1g 相当于饮片 0.61g),TRADITIONAL_PRESENTATION,,,,,[],SOURCE_UNVERIFIED,否
STD-ECF85010DD84B94ED7276717,GEN-191D685BB0C01EEE8379E8A1,MED-2026-T007,银翘解毒丸(颗粒、胶囊、软胶囊、片),,PILL,丸剂,每丸重 3g,TRADITIONAL_PRESENTATION,,,,,[],SOURCE_UNVERIFIED,否
STD-E0DFC30323A2FC8433265702,GEN-191D685BB0C01EEE8379E8A1,MED-2026-T007,银翘解毒丸(颗粒、胶囊、软胶囊、片),,PILL,丸剂,每丸重9g,TRADITIONAL_PRESENTATION,,,,,[],SOURCE_UNVERIFIED,否
STD-0A0A8EA3D221F4824CE8FC84,GEN-191D685BB0C01EEE8379E8A1,MED-2026-T007,银翘解毒丸(颗粒、胶囊、软胶囊、片),,SOFT_CAPSULE,软胶囊,每粒装 0.45g(相当于饮片 2.24g),TRADITIONAL_PRESENTATION,,,,,[],SOURCE_UNVERIFIED,否
STD-12BBE8A64F0144641D115C76,GEN-191D685BB0C01EEE8379E8A1,MED-2026-T007,银翘解毒丸(颗粒、胶囊、软胶囊、片),,TABLET,片剂,每片重 0.3g,TRADITIONAL_PRESENTATION,,,,,[],SOURCE_UNVERIFIED,否
STD-64332AF4D93D53BF72266D30,GEN-191D685BB0C01EEE8379E8A1,MED-2026-T007,银翘解毒丸(颗粒、胶囊、软胶囊、片),,TABLET,片剂,每片重0.52g,TRADITIONAL_PRESENTATION,,,,,[],SOURCE_UNVERIFIED,否
STD-9202220D6718109D8A454F1C,GEN-191D685BB0C01EEE8379E8A1,MED-2026-T007,银翘解毒丸(颗粒、胶囊、软胶囊、片),,TABLET,片剂,每片重0.5g,TRADITIONAL_PRESENTATION,,,,,[],SOURCE_UNVERIFIED,否
STD-B703647F7DA7A1E6CDA91B7C,GEN-B99C6A601B8F24B4D023B28E,MED-2026-T008,芎菊上清丸(颗粒、片),,GRANULE,颗粒剂,每袋装 10g,TRADITIONAL_PRESENTATION,,,,,[],SOURCE_UNVERIFIED,否
STD-E232EFCEB3120A092F06362B,GEN-B99C6A601B8F24B4D023B28E,MED-2026-T008,芎菊上清丸(颗粒、片),,PILL,丸剂,每 100丸重 6g,TRADITIONAL_PRESENTATION,,,,,[],SOURCE_UNVERIFIED,否
STD-EBE09205C93E70D462AA350F,GEN-B99C6A601B8F24B4D023B28E,MED-2026-T008,芎菊上清丸(颗粒、片),,PILL,丸剂,每丸重 9g,TRADITIONAL_PRESENTATION,,,,,[],SOURCE_UNVERIFIED,否
STD-7B516F5BA1F3DE8F1D036D69,GEN-B99C6A601B8F24B4D023B28E,MED-2026-T008,芎菊上清丸(颗粒、片),,PILL,丸剂,每袋装 6g,TRADITIONAL_PRESENTATION,,,,,[],SOURCE_UNVERIFIED,否
STD-070B2DEDE998956C3098E660,GEN-B99C6A601B8F24B4D023B28E,MED-2026-T008,芎菊上清丸(颗粒、片),,TABLET,片剂,每片重 0.25g,TRADITIONAL_PRESENTATION,,,,,[],SOURCE_UNVERIFIED,否
STD-73D3D93CFAA4B85F558DB156,GEN-B99C6A601B8F24B4D023B28E,MED-2026-T008,芎菊上清丸(颗粒、片),,TABLET,片剂,每片重0.3g,TRADITIONAL_PRESENTATION,,,,,[],SOURCE_UNVERIFIED,否
STD-932A1BD7E7374B328C49D432,GEN-4DD8A87EAFE6450DBA09B530,MED-2026-T009,牛黄清感胶囊,,CAPSULE,胶囊,每粒装 0.3g,TRADITIONAL_PRESENTATION,,,,,[],SOURCE_UNVERIFIED,否
STD-1F95C453EE1162D3D68F94C1,GEN-1C05AFC42B73574A569C07FE,MED-2026-T010,祖卡木颗粒,,GRANULE,颗粒剂,每袋装 6g,TRADITIONAL_PRESENTATION,,,,,[],SOURCE_UNVERIFIED,否
STD-52E57435A3DEF1724523BCEB,GEN-1C05AFC42B73574A569C07FE,MED-2026-T010,祖卡木颗粒,,GRANULE,颗粒剂,每袋装12g,TRADITIONAL_PRESENTATION,,,,,[],SOURCE_UNVERIFIED,否
STD-C1EEEFED829E178CDA517D3D,GEN-0CE12B7B997E226FAA16EDCA,MED-2026-T011,复方银花解毒颗粒,,GRANULE,颗粒剂,每袋装 15g,TRADITIONAL_PRESENTATION,,,,,[],SOURCE_UNVERIFIED,否
STD-9082982004E3E36BDD73687F,GEN-F22C562DA3D3EF02736131DB,MED-2026-T012,柴银颗粒(口服液),,GRANULE,颗粒剂,每袋装 8g,TRADITIONAL_PRESENTATION,,,,,[],SOURCE_UNVERIFIED,否
STD-A237FD46DE324A6DB4FC4A8D,GEN-F22C562DA3D3EF02736131DB,MED-2026-T012,柴银颗粒(口服液),,MIXTURE,合剂,每瓶装 20ml,TRADITIONAL_PRESENTATION,,,,,[],SOURCE_UNVERIFIED,否
STD-A1190BD8C094D74A1B8AA11F,GEN-69A3EBB4EFEE5422F6E182A8,MED-2026-T013,防风通圣丸(颗粒),,GRANULE,颗粒剂,每袋装 3g,TRADITIONAL_PRESENTATION,,,,,[],SOURCE_UNVERIFIED,否
STD-07EB83909FF9C827DC796938,GEN-69A3EBB4EFEE5422F6E182A8,MED-2026-T013,防风通圣丸(颗粒),,PILL,丸剂,6g,TRADITIONAL_PRESENTATION,,,,,[],SOURCE_UNVERIFIED,否
STD-890D82A87B8BB1DE238DED95,GEN-69A3EBB4EFEE5422F6E182A8,MED-2026-T013,防风通圣丸(颗粒),,PILL,丸剂,每 8 丸相当于原药材 3g,TRADITIONAL_PRESENTATION,,,,,[],SOURCE_UNVERIFIED,否
STD-98558C3AA377BE552536A830,GEN-69A3EBB4EFEE5422F6E182A8,MED-2026-T013,防风通圣丸(颗粒),,PILL,丸剂,每20 丸重 1g,TRADITIONAL_PRESENTATION,,,,,[],SOURCE_UNVERIFIED,否
STD-30B8DC21837D8EA95BAA0437,GEN-69A3EBB4EFEE5422F6E182A8,MED-2026-T013,防风通圣丸(颗粒),,PILL,丸剂,每丸重 9g,TRADITIONAL_PRESENTATION,,,,,[],SOURCE_UNVERIFIED,否
STD-EA48592A2278793F2FA1F6AB,GEN-3F6FADDCA67DE3E749EACA1B,MED-2026-T014,小柴胡颗粒(片),,GRANULE,颗粒剂,每袋装 10g(每袋相当于饮片 4.86g),TRADITIONAL_PRESENTATION,,,,,[],SOURCE_UNVERIFIED,否
STD-C5547B922AD7EF7DFF949F8D,GEN-3F6FADDCA67DE3E749EACA1B,MED-2026-T014,小柴胡颗粒(片),,GRANULE,颗粒剂,每袋装2.5g,TRADITIONAL_PRESENTATION,,,,,[],SOURCE_UNVERIFIED,否
STD-759DD14F7F6E3B63BC2AE9D0,GEN-3F6FADDCA67DE3E749EACA1B,MED-2026-T014,小柴胡颗粒(片),,GRANULE,颗粒剂,每袋装3g,TRADITIONAL_PRESENTATION,,,,,[],SOURCE_UNVERIFIED,否
STD-A112AA9D59D666D2DD226F88,GEN-3F6FADDCA67DE3E749EACA1B,MED-2026-T014,小柴胡颗粒(片),,GRANULE,颗粒剂,每袋装4g(每袋相当于饮片 4.86g),TRADITIONAL_PRESENTATION,,,,,[],SOURCE_UNVERIFIED,否
STD-063771C7BABCEA9DC9A161DF,GEN-3F6FADDCA67DE3E749EACA1B,MED-2026-T014,小柴胡颗粒(片),,TABLET,片剂,每片重 0.4g,TRADITIONAL_PRESENTATION,,,,,[],SOURCE_UNVERIFIED,否
STD-20914EF112FB097ADA691579,GEN-82ACFBCFDF9A7BB20BEA2596,MED-2026-T015,玉屏风颗粒,,GRANULE,颗粒剂,每袋装 5g(相当于饮片 10g),TRADITIONAL_PRESENTATION,,,,,[],SOURCE_UNVERIFIED,否
STD-AE859E13E9D5DE7600D80171,GEN-EC8E8A3B8493CD114B55A0F6,MED-2026-T016,麻仁润肠丸(软胶囊),,PILL,丸剂,每 10 粒重 1.6g,TRADITIONAL_PRESENTATION,,,,,[],SOURCE_UNVERIFIED,否
STD-FEAB8258785BA40E625EC448,GEN-EC8E8A3B8493CD114B55A0F6,MED-2026-T016,麻仁润肠丸(软胶囊),,PILL,丸剂,每丸重 6g,TRADITIONAL_PRESENTATION,,,,,[],SOURCE_UNVERIFIED,否
STD-0CCB37958C442B8DD6268005,GEN-EC8E8A3B8493CD114B55A0F6,MED-2026-T016,麻仁润肠丸(软胶囊),,PILL,丸剂,每袋装 6g(每 30丸重 6g),TRADITIONAL_PRESENTATION,,,,,[],SOURCE_UNVERIFIED,否
STD-18317D062FEB958DCA698E59,GEN-EC8E8A3B8493CD114B55A0F6,MED-2026-T016,麻仁润肠丸(软胶囊),,SOFT_CAPSULE,软胶囊,每粒装 0.5g,TRADITIONAL_PRESENTATION,,,,,[],SOURCE_UNVERIFIED,否
STD-A75196438E8BF6F70E307168,GEN-92C7E44769045A4E19577D29,MED-2026-T017,黄连上清丸(颗粒、胶囊、片),,CAPSULE,胶囊,每粒装 0.4g,TRADITIONAL_PRESENTATION,,,,,[],SOURCE_UNVERIFIED,否
STD-728C8C6AE45450C9DCECC5F2,GEN-92C7E44769045A4E19577D29,MED-2026-T017,黄连上清丸(颗粒、胶囊、片),,GRANULE,颗粒剂,每袋装 2g,TRADITIONAL_PRESENTATION,,,,,[],SOURCE_UNVERIFIED,否
STD-34253767D3F68079B1D8E53A,GEN-92C7E44769045A4E19577D29,MED-2026-T017,黄连上清丸(颗粒、胶囊、片),,PILL,丸剂,每 10 丸重 0.3g,TRADITIONAL_PRESENTATION,,,,,[],SOURCE_UNVERIFIED,否
STD-C322265A155DC2F397599FEA,GEN-92C7E44769045A4E19577D29,MED-2026-T017,黄连上清丸(颗粒、胶囊、片),,PILL,丸剂,每 40 丸重 3g,TRADITIONAL_PRESENTATION,,,,,[],SOURCE_UNVERIFIED,否
STD-8DEEEF32813FCCE589557998,GEN-92C7E44769045A4E19577D29,MED-2026-T017,黄连上清丸(颗粒、胶囊、片),,PILL,丸剂,每丸重 6g,TRADITIONAL_PRESENTATION,,,,,[],SOURCE_UNVERIFIED,否
STD-1C09D87A9EE3339E885175A7,GEN-92C7E44769045A4E19577D29,MED-2026-T017,黄连上清丸(颗粒、胶囊、片),,PILL,丸剂,每袋装 6g,TRADITIONAL_PRESENTATION,,,,,[],SOURCE_UNVERIFIED,否
STD-32A7EBF592F634311FF033FB,GEN-92C7E44769045A4E19577D29,MED-2026-T017,黄连上清丸(颗粒、胶囊、片),,TABLET,片剂,每片重 0.25g,TRADITIONAL_PRESENTATION,,,,,[],SOURCE_UNVERIFIED,否
STD-633E5834C777529D80C2916F,GEN-92C7E44769045A4E19577D29,MED-2026-T017,黄连上清丸(颗粒、胶囊、片),,TABLET,片剂,每片重0.31g,TRADITIONAL_PRESENTATION,,,,,[],SOURCE_UNVERIFIED,否
STD-8CCACA0A1F9AF19669754404,GEN-92C7E44769045A4E19577D29,MED-2026-T017,黄连上清丸(颗粒、胶囊、片),,TABLET,片剂,每片重0.3g,TRADITIONAL_PRESENTATION,,,,,[],SOURCE_UNVERIFIED,否
STD-2AAB8C317692AA93E915A752,GEN-68AA339318F6AAF7C9A08E05,MED-2026-T018,牛黄解毒丸(胶囊、软胶囊、片),,CAPSULE,胶囊,每粒装 0.3g,TRADITIONAL_PRESENTATION,,,,,[],SOURCE_UNVERIFIED,否
STD-2C4F562211267F928DF5FFED,GEN-68AA339318F6AAF7C9A08E05,MED-2026-T018,牛黄解毒丸(胶囊、软胶囊、片),,PILL,丸剂,每 100丸重 5g,TRADITIONAL_PRESENTATION,,,,,[],SOURCE_UNVERIFIED,否
STD-33F5D2825B14EABB13C948AD,GEN-68AA339318F6AAF7C9A08E05,MED-2026-T018,牛黄解毒丸(胶囊、软胶囊、片),,PILL,丸剂,每丸重 3g,TRADITIONAL_PRESENTATION,,,,,[],SOURCE_UNVERIFIED,否
STD-944A483A3839C0926C950192,GEN-68AA339318F6AAF7C9A08E05,MED-2026-T018,牛黄解毒丸(胶囊、软胶囊、片),,PILL,丸剂,每袋装 4g,TRADITIONAL_PRESENTATION,,,,,[],SOURCE_UNVERIFIED,否
STD-2FB708272F8AB0EE8E5D4887,GEN-68AA339318F6AAF7C9A08E05,MED-2026-T018,牛黄解毒丸(胶囊、软胶囊、片),,SOFT_CAPSULE,软胶囊,每粒装 0.4g,TRADITIONAL_PRESENTATION,,,,,[],SOURCE_UNVERIFIED,否
STD-25491011344AB0DF3DBC6656,GEN-68AA339318F6AAF7C9A08E05,MED-2026-T018,牛黄解毒丸(胶囊、软胶囊、片),,TABLET,片剂,每片重 0.25g,TRADITIONAL_PRESENTATION,,,,,[],SOURCE_UNVERIFIED,否
STD-098B3803730B4AAE040F0159,GEN-68AA339318F6AAF7C9A08E05,MED-2026-T018,牛黄解毒丸(胶囊、软胶囊、片),,TABLET,片剂,每片重0.27g,TRADITIONAL_PRESENTATION,,,,,[],SOURCE_UNVERIFIED,否
STD-0DB77E2A6ACF06B148B1E1EA,GEN-68AA339318F6AAF7C9A08E05,MED-2026-T018,牛黄解毒丸(胶囊、软胶囊、片),,TABLET,片剂,每片重0.3g,TRADITIONAL_PRESENTATION,,,,,[],SOURCE_UNVERIFIED,否
STD-19D2BF0708F0B481C931661D,GEN-5DDC26FEEB86C6EEC4CF2615,MED-2026-T019,牛黄上清丸(胶囊、片),,CAPSULE,胶囊,每粒装 0.3g,TRADITIONAL_PRESENTATION,,,,,[],SOURCE_UNVERIFIED,否
STD-10C219A0F618C79B9B47B321,GEN-5DDC26FEEB86C6EEC4CF2615,MED-2026-T019,牛黄上清丸(胶囊、片),,PILL,丸剂,每 100 粒重 10g,TRADITIONAL_PRESENTATION,,,,,[],SOURCE_UNVERIFIED,否
STD-A49D40035D33013CB500A204,GEN-5DDC26FEEB86C6EEC4CF2615,MED-2026-T019,牛黄上清丸(胶囊、片),,PILL,丸剂,每 16 粒重 3g,TRADITIONAL_PRESENTATION,,,,,[],SOURCE_UNVERIFIED,否
STD-5266619606706450F63440B1,GEN-5DDC26FEEB86C6EEC4CF2615,MED-2026-T019,牛黄上清丸(胶囊、片),,PILL,丸剂,每丸重 6g,TRADITIONAL_PRESENTATION,,,,,[],SOURCE_UNVERIFIED,否
STD-608FAAD181E6570C51CEEFFD,GEN-5DDC26FEEB86C6EEC4CF2615,MED-2026-T019,牛黄上清丸(胶囊、片),,TABLET,片剂,每片重 0.25g(相当于饮片 0.622g),TRADITIONAL_PRESENTATION,,,,,[],SOURCE_UNVERIFIED,否
STD-4BCB50ECF664BF6DEF5B7BAC,GEN-5DDC26FEEB86C6EEC4CF2615,MED-2026-T019,牛黄上清丸(胶囊、片),,TABLET,片剂,每片重0.265g(相当于饮片 0.62g),TRADITIONAL_PRESENTATION,,,,,[],SOURCE_UNVERIFIED,否
STD-0F2A0ACD1A776E5C2CE01AED,GEN-5DDC26FEEB86C6EEC4CF2615,MED-2026-T019,牛黄上清丸(胶囊、片),,TABLET,片剂,每片重0.3g,TRADITIONAL_PRESENTATION,,,,,[],SOURCE_UNVERIFIED,否
STD-2D41FDABFC2761DD39693DB3,GEN-5E837409FE5B35D6C80CAE5D,MED-2026-T020,一清颗粒(胶囊),,CAPSULE,胶囊,每粒装 0.5g,TRADITIONAL_PRESENTATION,,,,,[],SOURCE_UNVERIFIED,否
STD-2A8DCD666A293ADED5115DD3,GEN-5E837409FE5B35D6C80CAE5D,MED-2026-T020,一清颗粒(胶囊),,GRANULE,颗粒剂,每 1g 相当于饮片 0.98g,TRADITIONAL_PRESENTATION,,,,,[],SOURCE_UNVERIFIED,否
STD-F3D35B362F6DDC1D206E552F,GEN-5E837409FE5B35D6C80CAE5D,MED-2026-T020,一清颗粒(胶囊),,GRANULE,颗粒剂,每袋装 5g,TRADITIONAL_PRESENTATION,,,,,[],SOURCE_UNVERIFIED,否
STD-E8C70A2C4BD64644E6BE4D64,GEN-5E837409FE5B35D6C80CAE5D,MED-2026-T020,一清颗粒(胶囊),,GRANULE,颗粒剂,每袋装7.5g,TRADITIONAL_PRESENTATION,,,,,[],SOURCE_UNVERIFIED,否
STD-9386DFBD0A635680D8E6CD79,GEN-92ED624EBE6AA72B040E5FF5,MED-2026-T021,板蓝根颗粒,,GRANULE,颗粒剂,每袋装 3g(相当于饮片 7g),TRADITIONAL_PRESENTATION,,,,,[],SOURCE_UNVERIFIED,否
STD-F6A8727DA7E3642E76F76807,GEN-92ED624EBE6AA72B040E5FF5,MED-2026-T021,板蓝根颗粒,,GRANULE,颗粒剂,每袋装10g(相当于饮片14g),TRADITIONAL_PRESENTATION,,,,,[],SOURCE_UNVERIFIED,否
STD-E099B216CB36586BEC89A0BB,GEN-92ED624EBE6AA72B040E5FF5,MED-2026-T021,板蓝根颗粒,,GRANULE,颗粒剂,每袋装5g(相当于饮片 7g),TRADITIONAL_PRESENTATION,,,,,[],SOURCE_UNVERIFIED,否
STD-593A67174475BFB8E550BEBD,GEN-5270728A521F91EF423B938F,MED-2026-T022,金叶败毒颗粒,,GRANULE,颗粒剂,每袋装 10g,TRADITIONAL_PRESENTATION,,,,,[],SOURCE_UNVERIFIED,否
STD-B5637F8C5BC11A917544DF95,GEN-C1AC5DB2C8FA85A940907E01,MED-2026-T023,疏风解毒胶囊,,CAPSULE,胶囊,每粒装 0.52g(相当于饮片 2.7g),TRADITIONAL_PRESENTATION,,,,,[],SOURCE_UNVERIFIED,否
STD-9B455D07BCEF5B681F877EFE,GEN-48DEDF4B609AD5EC5D158E94,MED-2026-T024,清热解毒颗粒(口服液),,GRANULE,颗粒剂,每袋装 5g,TRADITIONAL_PRESENTATION,,,,,[],SOURCE_UNVERIFIED,否
STD-F3E035A9A82986C50381316E,GEN-48DEDF4B609AD5EC5D158E94,MED-2026-T024,清热解毒颗粒(口服液),,GRANULE,颗粒剂,每袋装18g,TRADITIONAL_PRESENTATION,,,,,[],SOURCE_UNVERIFIED,否
STD-FCA57BC7B671B668445F78EC,GEN-48DEDF4B609AD5EC5D158E94,MED-2026-T024,清热解毒颗粒(口服液),,GRANULE,颗粒剂,每袋装9g,TRADITIONAL_PRESENTATION,,,,,[],SOURCE_UNVERIFIED,否
STD-7B640037811EDA599ADD1427,GEN-48DEDF4B609AD5EC5D158E94,MED-2026-T024,清热解毒颗粒(口服液),,MIXTURE,合剂,每支装 10ml,TRADITIONAL_PRESENTATION,,,,,[],SOURCE_UNVERIFIED,否
STD-49C9222BED1192E20D74EE37,GEN-FF8D4594FD089C1B41B05DDC,MED-2026-T025,复方黄黛片,,TABLET,片剂,每片重 0.27g,TRADITIONAL_PRESENTATION,,,,,[],SOURCE_UNVERIFIED,否
STD-192A53E1376B803E48A4B268,GEN-CFABE262470A18AB4418EF62,MED-2026-T026,唐草片,,TABLET,片剂,每片重 0.4g,TRADITIONAL_PRESENTATION,,,,,[],SOURCE_UNVERIFIED,否
STD-C8A0103808D70073DCF04455,GEN-4D0E6EE3A3300DB7E0F5C7AC,MED-2026-T027,清热八味胶囊(散、丸),,CAPSULE,胶囊,每粒装 0.3g(相当于饮片 1.134g),TRADITIONAL_PRESENTATION,,,,,[],SOURCE_UNVERIFIED,否
STD-1E1405042C848162E6EB1447,GEN-4D0E6EE3A3300DB7E0F5C7AC,MED-2026-T027,清热八味胶囊(散、丸),,PILL,丸剂,每 10 粒重 2g,TRADITIONAL_PRESENTATION,,,,,[],SOURCE_UNVERIFIED,否
STD-AF08DBC04DCE7E0CD4443D4F,GEN-4D0E6EE3A3300DB7E0F5C7AC,MED-2026-T027,清热八味胶囊(散、丸),,POWDER,散剂,每袋装 15g,TRADITIONAL_PRESENTATION,,,,,[],SOURCE_UNVERIFIED,否
STD-FF412E7AE723A58AF649BD08,GEN-F500D608B322BF24C38808EB,MED-2026-T028,热炎宁合剂,,MIXTURE,合剂,每 1ml 相当于饮片1.30g,TRADITIONAL_PRESENTATION,,,,,[],SOURCE_UNVERIFIED,否
STD-333D8EB728B7DC1D399969AD,GEN-02E93567D242434EA983E4BD,MED-2026-T029,保济丸(口服液),,MIXTURE,合剂,每 1ml 相当于饮片0.187g,TRADITIONAL_PRESENTATION,,,,,[],SOURCE_UNVERIFIED,否
STD-FB35FF6B927E9003E7CDE840,GEN-02E93567D242434EA983E4BD,MED-2026-T029,保济丸(口服液),,PILL,丸剂,每瓶装 1.85g,TRADITIONAL_PRESENTATION,,,,,[],SOURCE_UNVERIFIED,否
STD-003FECDB08BD96F9C9103E7E,GEN-02E93567D242434EA983E4BD,MED-2026-T029,保济丸(口服液),,PILL,丸剂,每瓶装3.7g,TRADITIONAL_PRESENTATION,,,,,[],SOURCE_UNVERIFIED,否
STD-849C9B2A2094E16A819947D2,GEN-B7E9C575EB4CD37C630E5D26,MED-2026-T030,藿香正气水(口服液、软胶囊),,SOFT_CAPSULE,软胶囊,每粒装 0.45g,TRADITIONAL_PRESENTATION,,,,,[],SOURCE_UNVERIFIED,否
STD-AFCD164A6FF88866E9519446,GEN-B7E9C575EB4CD37C630E5D26,MED-2026-T030,藿香正气水(口服液、软胶囊),,TINCTURE,酊剂,每支装 10ml,TRADITIONAL_PRESENTATION,,,,,[],SOURCE_UNVERIFIED,否
STD-2961D7D165CEF4A8ED574394,GEN-E9BF7561DF2339E72AF19BBF,MED-2026-T031,十滴水,,TINCTURE,酊剂,每瓶(支)装 5ml,TRADITIONAL_PRESENTATION,,,,,[],SOURCE_UNVERIFIED,否
STD-F120F43253B4D8BB8B673011,GEN-E9BF7561DF2339E72AF19BBF,MED-2026-T031,十滴水,,TINCTURE,酊剂,每瓶(支)装100ml,TRADITIONAL_PRESENTATION,,,,,[],SOURCE_UNVERIFIED,否
STD-C3885626F4F98B6731E03C3F,GEN-E9BF7561DF2339E72AF19BBF,MED-2026-T031,十滴水,,TINCTURE,酊剂,每瓶(支)装10ml,TRADITIONAL_PRESENTATION,,,,,[],SOURCE_UNVERIFIED,否
STD-1F8CDA000877460FD091CE33,GEN-E9BF7561DF2339E72AF19BBF,MED-2026-T031,十滴水,,TINCTURE,酊剂,每瓶(支)装500ml,TRADITIONAL_PRESENTATION,,,,,[],SOURCE_UNVERIFIED,否
STD-8ADFE3474A6A4BEC8C43C41A,GEN-368DBC61B76C719DC81AF579,MED-2026-T032,四妙丸,,PILL,丸剂,每 15 粒重 1g,TRADITIONAL_PRESENTATION,,,,,[],SOURCE_UNVERIFIED,否
STD-01AB10A8727AD417C25DEADA,GEN-45BF8C5C2CA47EEEC4A1060A,MED-2026-T033,双黄连合剂(口服液、颗粒、胶囊、片),,CAPSULE,胶囊,每粒装 0.4g,TRADITIONAL_PRESENTATION,,,,,[],SOURCE_UNVERIFIED,否
STD-72F05E3B7931261890995F64,GEN-45BF8C5C2CA47EEEC4A1060A,MED-2026-T033,双黄连合剂(口服液、颗粒、胶囊、片),,GRANULE,颗粒剂,每袋装 5g(相当于净饮片 15g),TRADITIONAL_PRESENTATION,,,,,[],SOURCE_UNVERIFIED,否
STD-AED559C0C0ED44CF859E844B,GEN-45BF8C5C2CA47EEEC4A1060A,MED-2026-T033,双黄连合剂(口服液、颗粒、胶囊、片),,GRANULE,颗粒剂,每袋装 5g(相当于净饮片 30g),TRADITIONAL_PRESENTATION,,,,,[],SOURCE_UNVERIFIED,否
STD-0D0ADF65D33864DF90D0D63C,GEN-45BF8C5C2CA47EEEC4A1060A,MED-2026-T033,双黄连合剂(口服液、颗粒、胶囊、片),,MIXTURE,合剂,每瓶装100ml,TRADITIONAL_PRESENTATION,,,,,[],SOURCE_UNVERIFIED,否
STD-46FC9CC942FED0C933B9842C,GEN-45BF8C5C2CA47EEEC4A1060A,MED-2026-T033,双黄连合剂(口服液、颗粒、胶囊、片),,TABLET,片剂,每片重 0.53g,TRADITIONAL_PRESENTATION,,,,,[],SOURCE_UNVERIFIED,否
STD-847608ED32FDDE8F0DAADAA8,GEN-2532BE9DCD44076E8E5E0017,MED-2026-T034,银黄口服液(颗粒、胶囊、片),,CAPSULE,胶囊,每粒装 0.3g(含提取物 0.14g),TRADITIONAL_PRESENTATION,,,,,[],SOURCE_UNVERIFIED,否
STD-C436DD622226AEF0E3C024D5,GEN-2532BE9DCD44076E8E5E0017,MED-2026-T034,银黄口服液(颗粒、胶囊、片),,GRANULE,颗粒剂,每袋装 2g,TRADITIONAL_PRESENTATION,,,,,[],SOURCE_UNVERIFIED,否
STD-1EA92A2DD968A6E0CE643158,GEN-2532BE9DCD44076E8E5E0017,MED-2026-T034,银黄口服液(颗粒、胶囊、片),,GRANULE,颗粒剂,"每袋装4g(含金银花提取物 0.4g,黄芩提取物 0.16g)",TRADITIONAL_PRESENTATION,,,,,[],SOURCE_UNVERIFIED,否
STD-6DC6F7BFBA49D3CA52DE0DB1,GEN-2532BE9DCD44076E8E5E0017,MED-2026-T034,银黄口服液(颗粒、胶囊、片),,MIXTURE,合剂,每支装 10ml,TRADITIONAL_PRESENTATION,,,,,[],SOURCE_UNVERIFIED,否
STD-398F17B302083D7C94BF2815,GEN-2532BE9DCD44076E8E5E0017,MED-2026-T034,银黄口服液(颗粒、胶囊、片),,TABLET,片剂,每片重 0.25g,TRADITIONAL_PRESENTATION,,,,,[],SOURCE_UNVERIFIED,否
STD-4B7F2F7C45A647EECAC5449D,GEN-D73C0BFC3144CDC844060828,MED-2026-T035,茵栀黄口服液(颗粒),,GRANULE,颗粒剂,每袋装 3g,TRADITIONAL_PRESENTATION,,,,,[],SOURCE_UNVERIFIED,否
STD-CB32983769CC197E6C3CF5BE,GEN-D73C0BFC3144CDC844060828,MED-2026-T035,茵栀黄口服液(颗粒),,MIXTURE,合剂,每支装 10ml(含黄芩苷 0.4g),TRADITIONAL_PRESENTATION,,,,,[],SOURCE_UNVERIFIED,否
STD-085B964FCFD62AD6B242AD85,GEN-960C7351728767557DC0CDFE,MED-2026-T036,复方黄连素片,,TABLET,片剂,每片含盐酸小檗碱30mg,TRADITIONAL_PRESENTATION,,,,,[],SOURCE_UNVERIFIED,否
STD-DB94FBD10A73BE90DAB5D69F,GEN-A8F337368A2998E1690CE4BF,MED-2026-T037,连花清瘟胶囊(颗粒),,CAPSULE,胶囊,每粒装 0.35g,TRADITIONAL_PRESENTATION,,,,,[],SOURCE_UNVERIFIED,否
STD-0D5186EA6393DC7C16BE5869,GEN-A8F337368A2998E1690CE4BF,MED-2026-T037,连花清瘟胶囊(颗粒),,GRANULE,颗粒剂,每袋装 6g,TRADITIONAL_PRESENTATION,,,,,[],SOURCE_UNVERIFIED,否
STD-D10FEC683566F6F3A950520E,GEN-2291EA76965AD3176D3B287F,MED-2026-T038,香连丸,,PILL,丸剂,每 10 丸重 1.5g,TRADITIONAL_PRESENTATION,,,,,[],SOURCE_UNVERIFIED,否
STD-89B31216DF036C34D598EA1D,GEN-2291EA76965AD3176D3B287F,MED-2026-T038,香连丸,,PILL,丸剂,每 100 粒重 3g(相当于饮片 3g),TRADITIONAL_PRESENTATION,,,,,[],SOURCE_UNVERIFIED,否
STD-6A36F62D9EB56A52F6A9C7AC,GEN-2291EA76965AD3176D3B287F,MED-2026-T038,香连丸,,PILL,丸剂,每 20 丸重1g,TRADITIONAL_PRESENTATION,,,,,[],SOURCE_UNVERIFIED,否
STD-666ACB25488CF9FCBF788B7F,GEN-2291EA76965AD3176D3B287F,MED-2026-T038,香连丸,,PILL,丸剂,每 6 丸相当于原生药 3g,TRADITIONAL_PRESENTATION,,,,,[],SOURCE_UNVERIFIED,否
STD-7936CF078BA21FD6EEAFFD6B,GEN-2291EA76965AD3176D3B287F,MED-2026-T038,香连丸,,PILL,丸剂,每12 丸重约 1g,TRADITIONAL_PRESENTATION,,,,,[],SOURCE_UNVERIFIED,否
STD-26E7A6674580E3713EF41E8E,GEN-1D9C9B65448FBDC5D9033353,MED-2026-T039,金芪降糖片(胶囊、颗粒),,CAPSULE,胶囊,每粒装 0.4g,TRADITIONAL_PRESENTATION,,,,,[],SOURCE_UNVERIFIED,否
STD-CA5D7C183DBCD7578D69823F,GEN-1D9C9B65448FBDC5D9033353,MED-2026-T039,金芪降糖片(胶囊、颗粒),,GRANULE,颗粒剂,每袋装 5g,TRADITIONAL_PRESENTATION,,,,,[],SOURCE_UNVERIFIED,否
STD-85B44337D6A356FB014BF102,GEN-1D9C9B65448FBDC5D9033353,MED-2026-T039,金芪降糖片(胶囊、颗粒),,TABLET,片剂,每片重 0.56g,TRADITIONAL_PRESENTATION,,,,,[],SOURCE_UNVERIFIED,否
STD-C1D9DF39879D38C5D8CDC64C,GEN-7ACC62764382E519E6AC00DD,MED-2026-T040,附子理中丸(片),,PILL,丸剂,每 8 丸相当于原生药 3g,TRADITIONAL_PRESENTATION,,,,,[],SOURCE_UNVERIFIED,否
STD-1A7D847F3DE63019D184E8B4,GEN-7ACC62764382E519E6AC00DD,MED-2026-T040,附子理中丸(片),,PILL,丸剂,每丸重 9g,TRADITIONAL_PRESENTATION,,,,,[],SOURCE_UNVERIFIED,否
STD-1CA522150FA56CE135A84391,GEN-7ACC62764382E519E6AC00DD,MED-2026-T040,附子理中丸(片),,PILL,丸剂,每袋装6g,TRADITIONAL_PRESENTATION,,,,,[],SOURCE_UNVERIFIED,否
STD-E8374B15C96CA204692BFBDA,GEN-7ACC62764382E519E6AC00DD,MED-2026-T040,附子理中丸(片),,TABLET,片剂,每片重 0.25g(相当于饮片 0.43g),TRADITIONAL_PRESENTATION,,,,,[],SOURCE_UNVERIFIED,否
STD-F72BE482207632F323E25F91,GEN-F1D6FC28FDDEFBD6F57755DC,MED-2026-T041,香砂养胃丸(颗粒、片),,GRANULE,颗粒剂,每袋装 5g,TRADITIONAL_PRESENTATION,,,,,[],SOURCE_UNVERIFIED,否
STD-6DCB99F2A1FE89591C4816D0,GEN-F1D6FC28FDDEFBD6F57755DC,MED-2026-T041,香砂养胃丸(颗粒、片),,PILL,丸剂,每 8 丸相当于原药材(原生药、饮片)3g,TRADITIONAL_PRESENTATION,,,,,[],SOURCE_UNVERIFIED,否
STD-973968A3DDF9D66C0395FFC1,GEN-F1D6FC28FDDEFBD6F57755DC,MED-2026-T041,香砂养胃丸(颗粒、片),,PILL,丸剂,每袋装 9g,TRADITIONAL_PRESENTATION,,,,,[],SOURCE_UNVERIFIED,否
STD-61E5E5F9C4C13861855A5049,GEN-F1D6FC28FDDEFBD6F57755DC,MED-2026-T041,香砂养胃丸(颗粒、片),,TABLET,片剂,每片重 0.6g,TRADITIONAL_PRESENTATION,,,,,[],SOURCE_UNVERIFIED,否
STD-634BCAF9403248700D54B606,GEN-144BF504019A165481F535CD,MED-2026-T042,香砂平胃丸(颗粒),,GRANULE,颗粒剂,每袋装 5g,TRADITIONAL_PRESENTATION,,,,,[],SOURCE_UNVERIFIED,否
STD-A652E5416CD3EE3FCBC223C3,GEN-144BF504019A165481F535CD,MED-2026-T042,香砂平胃丸(颗粒),,GRANULE,颗粒剂,每袋装10g,TRADITIONAL_PRESENTATION,,,,,[],SOURCE_UNVERIFIED,否
STD-55FFBC2C7A438322819B01FB,GEN-144BF504019A165481F535CD,MED-2026-T042,香砂平胃丸(颗粒),,PILL,丸剂,每袋(瓶)装 6g,TRADITIONAL_PRESENTATION,,,,,[],SOURCE_UNVERIFIED,否
STD-21916FCDB486DBBF0A253DF9,GEN-763D698123906DB05E45E3C2,MED-2026-T043,理中丸,,PILL,丸剂,每 8 丸相当于原药材 3g,TRADITIONAL_PRESENTATION,,,,,[],SOURCE_UNVERIFIED,否
STD-B6294A0A76FDD10D05507EC6,GEN-763D698123906DB05E45E3C2,MED-2026-T043,理中丸,,PILL,丸剂,每丸重 9g,TRADITIONAL_PRESENTATION,,,,,[],SOURCE_UNVERIFIED,否
STD-30A40FAE18657B464DE85049,GEN-DBF4D40E6B8A47EE7178EFAE,MED-2026-T044,参麦注射液,,INJECTION,注射液,每支装 10ml,TRADITIONAL_PRESENTATION,,,,,[],SOURCE_UNVERIFIED,否
STD-BCD6BFA3F5760C1F87F3C132,GEN-DBF4D40E6B8A47EE7178EFAE,MED-2026-T044,参麦注射液,,INJECTION,注射液,每支装20ml,TRADITIONAL_PRESENTATION,,,,,[],SOURCE_UNVERIFIED,否
STD-44087E500CB8A567F8C9C73D,GEN-DBF4D40E6B8A47EE7178EFAE,MED-2026-T044,参麦注射液,,INJECTION,注射液,每瓶装 50ml,TRADITIONAL_PRESENTATION,,,,,[],SOURCE_UNVERIFIED,否
STD-33B12A06D0F53EE4238695EE,GEN-DBF4D40E6B8A47EE7178EFAE,MED-2026-T044,参麦注射液,,INJECTION,注射液,每瓶装100ml,TRADITIONAL_PRESENTATION,,,,,[],SOURCE_UNVERIFIED,否
STD-AB002A6F12FEE7F24D0EA14C,GEN-7666E2726FDF07FD70942D6B,MED-2026-T045,生脉饮(颗粒、胶囊、注射液),,CAPSULE,胶囊,每粒装 0.3g,TRADITIONAL_PRESENTATION,,,,,[],SOURCE_UNVERIFIED,否
STD-4CD67E5FBE0910DCAFBAD758,GEN-7666E2726FDF07FD70942D6B,MED-2026-T045,生脉饮(颗粒、胶囊、注射液),,CAPSULE,胶囊,每粒装0.35g,TRADITIONAL_PRESENTATION,,,,,[],SOURCE_UNVERIFIED,否
STD-1347F29A75A93E12CA7867EB,GEN-7666E2726FDF07FD70942D6B,MED-2026-T045,生脉饮(颗粒、胶囊、注射液),,GRANULE,颗粒剂,每袋装 2g,TRADITIONAL_PRESENTATION,,,,,[],SOURCE_UNVERIFIED,否
STD-1B08CF5D4EE07069D2802F93,GEN-7666E2726FDF07FD70942D6B,MED-2026-T045,生脉饮(颗粒、胶囊、注射液),,GRANULE,颗粒剂,每袋装10g,TRADITIONAL_PRESENTATION,,,,,[],SOURCE_UNVERIFIED,否
STD-76EDF745237865BEA06B1548,GEN-7666E2726FDF07FD70942D6B,MED-2026-T045,生脉饮(颗粒、胶囊、注射液),,INJECTION,注射液,每支装 10ml,TRADITIONAL_PRESENTATION,,,,,[],SOURCE_UNVERIFIED,否
STD-89FD3CEBC4AF5AC6A2049AE8,GEN-7666E2726FDF07FD70942D6B,MED-2026-T045,生脉饮(颗粒、胶囊、注射液),,INJECTION,注射液,每支装20ml,TRADITIONAL_PRESENTATION,,,,,[],SOURCE_UNVERIFIED,否
STD-E9574DCDF9B7DD4B5388F91B,GEN-7666E2726FDF07FD70942D6B,MED-2026-T045,生脉饮(颗粒、胶囊、注射液),,MIXTURE,合剂,每支装 10ml,TRADITIONAL_PRESENTATION,,,,,[],SOURCE_UNVERIFIED,否
STD-595938C2314FD1BCF054E719,GEN-7159C0E6CF9DA19468C88048,MED-2026-T046,稳心颗粒,,GRANULE,颗粒剂,每袋装 5g(每 1g相当于饮片 1.8g),TRADITIONAL_PRESENTATION,,,,,[],SOURCE_UNVERIFIED,否
STD-116DFE6E1BA2D94D591D7019,GEN-7159C0E6CF9DA19468C88048,MED-2026-T046,稳心颗粒,,GRANULE,颗粒剂,每袋装9g(每1g 相当于饮片 1.0g),TRADITIONAL_PRESENTATION,,,,,[],SOURCE_UNVERIFIED,否
STD-8413C10187031CA21839DCE8,GEN-12A3754A70EDA042E6485EB2,MED-2026-T047,通宣理肺丸(颗粒、胶囊、片),,CAPSULE,胶囊,每粒装 0.36g,TRADITIONAL_PRESENTATION,,,,,[],SOURCE_UNVERIFIED,否
STD-A6D220878BCE59325D818CD9,GEN-12A3754A70EDA042E6485EB2,MED-2026-T047,通宣理肺丸(颗粒、胶囊、片),,GRANULE,颗粒剂,每袋装 3g(相当于饮片 9.3g),TRADITIONAL_PRESENTATION,,,,,[],SOURCE_UNVERIFIED,否
STD-A1C16EA7D595F8AF91D81F53,GEN-12A3754A70EDA042E6485EB2,MED-2026-T047,通宣理肺丸(颗粒、胶囊、片),,GRANULE,颗粒剂,每袋装9g,TRADITIONAL_PRESENTATION,,,,,[],SOURCE_UNVERIFIED,否
STD-B9420D2BFB479B2F50FC4439,GEN-12A3754A70EDA042E6485EB2,MED-2026-T047,通宣理肺丸(颗粒、胶囊、片),,PILL,丸剂,每 100丸重 10g,TRADITIONAL_PRESENTATION,,,,,[],SOURCE_UNVERIFIED,否
STD-071148C0BA317101E9DD4A56,GEN-12A3754A70EDA042E6485EB2,MED-2026-T047,通宣理肺丸(颗粒、胶囊、片),,PILL,丸剂,每 8 丸相当于原药材 3g,TRADITIONAL_PRESENTATION,,,,,[],SOURCE_UNVERIFIED,否
STD-128706F474D2716A2B2F3B38,GEN-12A3754A70EDA042E6485EB2,MED-2026-T047,通宣理肺丸(颗粒、胶囊、片),,PILL,丸剂,每丸重 6g,TRADITIONAL_PRESENTATION,,,,,[],SOURCE_UNVERIFIED,否
STD-82CBC93F3D3B6E239D0C0BB7,GEN-12A3754A70EDA042E6485EB2,MED-2026-T047,通宣理肺丸(颗粒、胶囊、片),,TABLET,片剂,每片重 0.3g,TRADITIONAL_PRESENTATION,,,,,[],SOURCE_UNVERIFIED,否
STD-5E143631CA56B23C35155476,GEN-61CAC81F43DBBEF6488B1E9E,MED-2026-T048,寒喘祖帕颗粒,,GRANULE,颗粒剂,每袋装 6g(每 1g相当于饮片 1.53g),TRADITIONAL_PRESENTATION,,,,,[],SOURCE_UNVERIFIED,否
STD-5D5B86B6EB2CF5F4F4DAD750,GEN-61CAC81F43DBBEF6488B1E9E,MED-2026-T048,寒喘祖帕颗粒,,GRANULE,颗粒剂,每袋装10g(每1g 相当于饮片 0.918g),TRADITIONAL_PRESENTATION,,,,,[],SOURCE_UNVERIFIED,否
STD-CA85A5751EC8742FE3E7EC6B,GEN-61CAC81F43DBBEF6488B1E9E,MED-2026-T048,寒喘祖帕颗粒,,GRANULE,颗粒剂,每袋装12g(每 1g 相当于饮片0.765g),TRADITIONAL_PRESENTATION,,,,,[],SOURCE_UNVERIFIED,否
STD-749DCC2DC40136A097A4169A,GEN-992A0A2B5A39B063AB62612D,MED-2026-T049,蛇胆川贝液,,MIXTURE,合剂,每 1ml 相当于饮片0.085g,TRADITIONAL_PRESENTATION,,,,,[],SOURCE_UNVERIFIED,否
STD-E36FC8AD606DE6451AB85DB5,GEN-992A0A2B5A39B063AB62612D,MED-2026-T049,蛇胆川贝液,,MIXTURE,合剂,每支装 10ml,TRADITIONAL_PRESENTATION,,,,,[],SOURCE_UNVERIFIED,否
STD-358731E6F5136A06103FC092,GEN-992A0A2B5A39B063AB62612D,MED-2026-T049,蛇胆川贝液,,SYRUP,糖浆剂,每 1ml 相当于饮片0.085g,TRADITIONAL_PRESENTATION,,,,,[],SOURCE_UNVERIFIED,否
STD-B1949FF69949BDFA39DB4873,GEN-992A0A2B5A39B063AB62612D,MED-2026-T049,蛇胆川贝液,,SYRUP,糖浆剂,每支装 10ml,TRADITIONAL_PRESENTATION,,,,,[],SOURCE_UNVERIFIED,否
STD-05616759CD3179C072D3361E,GEN-F65D06769B7256B851D26374,MED-2026-T050,橘红丸(颗粒、胶囊、片),,CAPSULE,胶囊,每粒装 0.5g,TRADITIONAL_PRESENTATION,,,,,[],SOURCE_UNVERIFIED,否
STD-9DC453FA2B7451603EA8981B,GEN-F65D06769B7256B851D26374,MED-2026-T050,橘红丸(颗粒、胶囊、片),,GRANULE,颗粒剂,每袋装 11g(相当于原生药 7g),TRADITIONAL_PRESENTATION,,,,,[],SOURCE_UNVERIFIED,否
STD-B4C4E0E3CCA4875E6087A562,GEN-F65D06769B7256B851D26374,MED-2026-T050,橘红丸(颗粒、胶囊、片),,PILL,丸剂,每 100丸重 10g,TRADITIONAL_PRESENTATION,,,,,[],SOURCE_UNVERIFIED,否
STD-C3BEB99DD2C8132B377BD128,GEN-F65D06769B7256B851D26374,MED-2026-T050,橘红丸(颗粒、胶囊、片),,PILL,丸剂,每丸重 6g,TRADITIONAL_PRESENTATION,,,,,[],SOURCE_UNVERIFIED,否
STD-02A8A93AE0175AECBE60F7F8,GEN-F65D06769B7256B851D26374,MED-2026-T050,橘红丸(颗粒、胶囊、片),,TABLET,片剂,每片重 0.6g,TRADITIONAL_PRESENTATION,,,,,[],SOURCE_UNVERIFIED,否
STD-41F404E094FC3A14F79A9A0C,GEN-92D7D2A3E8CE7E7C04E0FFDD,MED-2026-T051,急支糖浆(颗粒),,GRANULE,颗粒剂,每 1g 相当于饮片3.96g,TRADITIONAL_PRESENTATION,,,,,[],SOURCE_UNVERIFIED,否
STD-B15887B0EA6520874908A170,GEN-92D7D2A3E8CE7E7C04E0FFDD,MED-2026-T051,急支糖浆(颗粒),,SYRUP,糖浆剂,每 1ml 相当于饮片 0.66g,TRADITIONAL_PRESENTATION,,,,,[],SOURCE_UNVERIFIED,否
STD-48649A2B4625E4D81BD34270,GEN-30DD77BCCDEE5B6A29338D8F,MED-2026-T052,肺力咳合剂(胶囊),,CAPSULE,胶囊,每粒装 0.3g,TRADITIONAL_PRESENTATION,,,,,[],SOURCE_UNVERIFIED,否
STD-DE9E231C08BBFD3450C10BFB,GEN-30DD77BCCDEE5B6A29338D8F,MED-2026-T052,肺力咳合剂(胶囊),,MIXTURE,合剂,每 1ml 相当于饮片0.187g,TRADITIONAL_PRESENTATION,,,,,[],SOURCE_UNVERIFIED,否
STD-D526463125B7D7210D970A80,GEN-2AF7CA757D8CD5CEA5A2F3D4,MED-2026-T053,养阴清肺丸(膏、颗粒),,ELECTUARY,煎膏剂,每瓶装 80ml,TRADITIONAL_PRESENTATION,,,,,[],SOURCE_UNVERIFIED,否
STD-F52CE4D4A5A2CBC84BF609A8,GEN-2AF7CA757D8CD5CEA5A2F3D4,MED-2026-T053,养阴清肺丸(膏、颗粒),,ELECTUARY,煎膏剂,每瓶装100ml,TRADITIONAL_PRESENTATION,,,,,[],SOURCE_UNVERIFIED,否
STD-2D54EC209FC099A94CD73175,GEN-2AF7CA757D8CD5CEA5A2F3D4,MED-2026-T053,养阴清肺丸(膏、颗粒),,ELECTUARY,煎膏剂,每瓶装150g,TRADITIONAL_PRESENTATION,,,,,[],SOURCE_UNVERIFIED,否
STD-913ED8F52718472883BEC6C3,GEN-2AF7CA757D8CD5CEA5A2F3D4,MED-2026-T053,养阴清肺丸(膏、颗粒),,ELECTUARY,煎膏剂,每瓶装50g,TRADITIONAL_PRESENTATION,,,,,[],SOURCE_UNVERIFIED,否
STD-CD3971253F9B93ABEF19170C,GEN-2AF7CA757D8CD5CEA5A2F3D4,MED-2026-T053,养阴清肺丸(膏、颗粒),,GRANULE,颗粒剂,每袋装 15g,TRADITIONAL_PRESENTATION,,,,,[],SOURCE_UNVERIFIED,否
STD-767D84793A518A7645D2C0C2,GEN-2AF7CA757D8CD5CEA5A2F3D4,MED-2026-T053,养阴清肺丸(膏、颗粒),,PILL,丸剂,每 100粒重 10g,TRADITIONAL_PRESENTATION,,,,,[],SOURCE_UNVERIFIED,否
STD-ECB39FBEE7A12566D80FED69,GEN-2AF7CA757D8CD5CEA5A2F3D4,MED-2026-T053,养阴清肺丸(膏、颗粒),,PILL,丸剂,每丸重 9g,TRADITIONAL_PRESENTATION,,,,,[],SOURCE_UNVERIFIED,否
STD-19079A574C494A2E90B52330,GEN-D34DDDE225182B91B2723D56,MED-2026-T054,二母宁嗽丸(颗粒、片),,PILL,丸剂,每 100 丸重 10g颗粒剂:每袋装 3g,TRADITIONAL_PRESENTATION,,,,,[],SOURCE_UNVERIFIED,否
STD-1F84FA4729D0BEFC34249E93,GEN-D34DDDE225182B91B2723D56,MED-2026-T054,二母宁嗽丸(颗粒、片),,PILL,丸剂,每 100 丸重10g,TRADITIONAL_PRESENTATION,,,,,[],SOURCE_UNVERIFIED,否
STD-9D9C2E0BFA623D558E26D04C,GEN-D34DDDE225182B91B2723D56,MED-2026-T054,二母宁嗽丸(颗粒、片),,PILL,丸剂,每丸重 9g(相当于饮片 4g),TRADITIONAL_PRESENTATION,,,,,[],SOURCE_UNVERIFIED,否
STD-A8A8EED7AE3B8D7393327AD3,GEN-D34DDDE225182B91B2723D56,MED-2026-T054,二母宁嗽丸(颗粒、片),,TABLET,片剂,每片重 0.55g,TRADITIONAL_PRESENTATION,,,,,[],SOURCE_UNVERIFIED,否
STD-FCA63EE6C347C0CACD695D22,GEN-830AF71CA3E6D51C8E1709FC,MED-2026-T055,润肺膏,,ELECTUARY,煎膏剂,含莱阳梨清膏485mg,TRADITIONAL_PRESENTATION,,,,,[],SOURCE_UNVERIFIED,否
STD-8F60CA7BA0747F0B29E7D78E,GEN-830AF71CA3E6D51C8E1709FC,MED-2026-T055,润肺膏,,ELECTUARY,煎膏剂,每 1g 相当于饮片 20mg,TRADITIONAL_PRESENTATION,,,,,[],SOURCE_UNVERIFIED,否
STD-4FEC30DC59AA72C2640B34B4,GEN-0E1B6B24951D755A3B983D9F,MED-2026-T056,强力枇杷膏(蜜炼)、 强力枇杷露,,SYRUP,糖浆剂,每瓶装 100ml,TRADITIONAL_PRESENTATION,,,,,[],SOURCE_UNVERIFIED,否
STD-38B6112062F653AA0E3815D2,GEN-0E1B6B24951D755A3B983D9F,MED-2026-T056,强力枇杷膏(蜜炼)、 强力枇杷露,,SYRUP,糖浆剂,每瓶装150ml,TRADITIONAL_PRESENTATION,,,,,[],SOURCE_UNVERIFIED,否
STD-20C7D3C07919225E6E168701,GEN-0E1B6B24951D755A3B983D9F,MED-2026-T056,强力枇杷膏(蜜炼)、 强力枇杷露,,SYRUP,糖浆剂,每瓶装250ml,TRADITIONAL_PRESENTATION,,,,,[],SOURCE_UNVERIFIED,否
STD-46DE4FBB506F42135AFDCE5B,GEN-0E1B6B24951D755A3B983D9F,MED-2026-T056,强力枇杷膏(蜜炼)、 强力枇杷露,,SYRUP,糖浆剂,每瓶装330ml,TRADITIONAL_PRESENTATION,,,,,[],SOURCE_UNVERIFIED,否
STD-480796FD4323BED2D4E75948,GEN-31D0A3A3B6C1953A90DA619B,MED-2026-T057,杏贝止咳颗粒,,GRANULE,颗粒剂,每 1g 相当于饮片4.416g,TRADITIONAL_PRESENTATION,,,,,[],SOURCE_UNVERIFIED,否
STD-CF97F4E7A71891EEFBF2A05E,GEN-0D3ACAE267AC248EEAA71C57,MED-2026-T058,苏黄止咳胶囊,,CAPSULE,胶囊,每粒装 0.45g,TRADITIONAL_PRESENTATION,,,,,[],SOURCE_UNVERIFIED,否
STD-CAE83B55118BCE0DD839F6FB,GEN-27947AA899AD7A395CB17DE0,MED-2026-T059,蛤蚧定喘丸(胶囊),,CAPSULE,胶囊,每粒装 0.5g(相当于饮片 1.57g),TRADITIONAL_PRESENTATION,,,,,[],SOURCE_UNVERIFIED,否
STD-460B2DC17DFF0AEAD5937EB2,GEN-27947AA899AD7A395CB17DE0,MED-2026-T059,蛤蚧定喘丸(胶囊),,PILL,丸剂,每 60丸重 9g,TRADITIONAL_PRESENTATION,,,,,[],SOURCE_UNVERIFIED,否
STD-55D8F66E2AEB2ABAA0D56592,GEN-27947AA899AD7A395CB17DE0,MED-2026-T059,蛤蚧定喘丸(胶囊),,PILL,丸剂,每丸重 9g,TRADITIONAL_PRESENTATION,,,,,[],SOURCE_UNVERIFIED,否
STD-2B2158863A11B01332F0C72E,GEN-E8FDB8C87B7646F2DE629422,MED-2026-T060,桂龙咳喘宁胶囊(片),,CAPSULE,胶囊,每粒装 0.5g(相当于饮片 1.67g),TRADITIONAL_PRESENTATION,,,,,[],SOURCE_UNVERIFIED,否
STD-A18AA8A488B86308C43B7A6A,GEN-E8FDB8C87B7646F2DE629422,MED-2026-T060,桂龙咳喘宁胶囊(片),,TABLET,片剂,每片重 0.33g(相当于原药材 1g),TRADITIONAL_PRESENTATION,,,,,[],SOURCE_UNVERIFIED,否
STD-E6336280BA9EC95DFEAAE582,GEN-E8FDB8C87B7646F2DE629422,MED-2026-T060,桂龙咳喘宁胶囊(片),,TABLET,片剂,每片重0.34g(相当于原药材 1g),TRADITIONAL_PRESENTATION,,,,,[],SOURCE_UNVERIFIED,否
STD-6B43060FE502986E3FCE7C83,GEN-E8FDB8C87B7646F2DE629422,MED-2026-T060,桂龙咳喘宁胶囊(片),,TABLET,片剂,每片重0.41g,TRADITIONAL_PRESENTATION,,,,,[],SOURCE_UNVERIFIED,否
STD-AC809E0279B84A3507C3300F,GEN-E8FDB8C87B7646F2DE629422,MED-2026-T060,桂龙咳喘宁胶囊(片),,TABLET,片剂,每片重0.54g,TRADITIONAL_PRESENTATION,,,,,[],SOURCE_UNVERIFIED,否
STD-08D08CE5FEACFB31D3515778,GEN-50D266F0AB2C28CF82AF1089,MED-2026-T061,固本咳喘片(颗粒、胶囊),,CAPSULE,胶囊,每粒装 0.4g(相当于饮片 0.854g),TRADITIONAL_PRESENTATION,,,,,[],SOURCE_UNVERIFIED,否
STD-ACFEDE6E749274FEF9C92D4A,GEN-50D266F0AB2C28CF82AF1089,MED-2026-T061,固本咳喘片(颗粒、胶囊),,GRANULE,颗粒剂,每袋装 2g,TRADITIONAL_PRESENTATION,,,,,[],SOURCE_UNVERIFIED,否
STD-BDB75E84B1540AD91C92C747,GEN-50D266F0AB2C28CF82AF1089,MED-2026-T061,固本咳喘片(颗粒、胶囊),,TABLET,片剂,每片重 0.4g,TRADITIONAL_PRESENTATION,,,,,[],SOURCE_UNVERIFIED,否
STD-AB98FD723747E4BC7C4F36C6,GEN-E90241B78C1CB7E39262009A,MED-2026-T062,安宫牛黄丸,,PILL,丸剂,每丸重 3g,TRADITIONAL_PRESENTATION,,,,,[],SOURCE_UNVERIFIED,否
STD-80814D164BE4B7D86EEB6030,GEN-891CFEEA5575A2B2D0362A17,MED-2026-T063,清开灵颗粒(胶囊、 软胶囊、片、注射液),,CAPSULE,胶囊,每粒装 0.25g(含黄芩苷 10mg),TRADITIONAL_PRESENTATION,,,,,[],SOURCE_UNVERIFIED,否
STD-9CDD695698252A939419A851,GEN-891CFEEA5575A2B2D0362A17,MED-2026-T063,清开灵颗粒(胶囊、 软胶囊、片、注射液),,GRANULE,颗粒剂,每袋装 3g(含黄芩苷 20mg),TRADITIONAL_PRESENTATION,,,,,[],SOURCE_UNVERIFIED,否
STD-B20BD3D1F33BAFD88E2746DC,GEN-891CFEEA5575A2B2D0362A17,MED-2026-T063,清开灵颗粒(胶囊、 软胶囊、片、注射液),,INJECTION,注射液,每支装10ml,TRADITIONAL_PRESENTATION,,,,,[],SOURCE_UNVERIFIED,否
STD-83518A7211BB17E8EA667EDE,GEN-891CFEEA5575A2B2D0362A17,MED-2026-T063,清开灵颗粒(胶囊、 软胶囊、片、注射液),,INJECTION,注射液,每支装2ml,TRADITIONAL_PRESENTATION,,,,,[],SOURCE_UNVERIFIED,否
STD-841A9DD57F620D30FEA48BD8,GEN-891CFEEA5575A2B2D0362A17,MED-2026-T063,清开灵颗粒(胶囊、 软胶囊、片、注射液),,SOFT_CAPSULE,软胶囊,每粒装 0.2g(含黄芩苷 10mg)、0.4g(含黄芩苷 20mg),TRADITIONAL_PRESENTATION,,,,,[],SOURCE_UNVERIFIED,否
STD-BCDE7C06CC729771E26A6C13,GEN-891CFEEA5575A2B2D0362A17,MED-2026-T063,清开灵颗粒(胶囊、 软胶囊、片、注射液),,TABLET,片剂,每片重 0.5g(含黄芩苷 20mg),TRADITIONAL_PRESENTATION,,,,,[],SOURCE_UNVERIFIED,否
STD-86CA8C515AF4D2BC19B425F4,GEN-A8B6782F6894E94125F4D749,MED-2026-T064,安脑丸,,PILL,丸剂,每 11 丸重 3g,TRADITIONAL_PRESENTATION,,,,,[],SOURCE_UNVERIFIED,否
STD-71527D85C92AD69AAB6B70FF,GEN-A8B6782F6894E94125F4D749,MED-2026-T064,安脑丸,,PILL,丸剂,每丸重 3g,TRADITIONAL_PRESENTATION,,,,,[],SOURCE_UNVERIFIED,否
STD-3B4DDF057BF90C77697C5275,GEN-403D59DE325D997EA1858B02,MED-2026-T065,珍黄安宫片,,TABLET,片剂,每片重 0.24g,TRADITIONAL_PRESENTATION,,,,,[],SOURCE_UNVERIFIED,否
STD-BDFE7BDFA732A259E756FE9E,GEN-403D59DE325D997EA1858B02,MED-2026-T065,珍黄安宫片,,TABLET,片剂,每片重0.245g,TRADITIONAL_PRESENTATION,,,,,[],SOURCE_UNVERIFIED,否
STD-200A2FADE42D7118C33F1898,GEN-59D79C75C24D9FD98245F36D,MED-2026-T066,七十味珍珠丸,,PILL,丸剂,每 30 丸重 1g,TRADITIONAL_PRESENTATION,,,,,[],SOURCE_UNVERIFIED,否
STD-86FD28131EBAC080151F27F7,GEN-59D79C75C24D9FD98245F36D,MED-2026-T066,七十味珍珠丸,,PILL,丸剂,每丸重 1g,TRADITIONAL_PRESENTATION,,,,,[],SOURCE_UNVERIFIED,否
STD-7F454023FC214B0730B3AB80,GEN-0F8B04F86F5AD7BAB1535C92,MED-2026-T067,苏合香丸,,PILL,丸剂,每丸重 2.4g,TRADITIONAL_PRESENTATION,,,,,[],SOURCE_UNVERIFIED,否
STD-ED1568E1694282EDA1314DB8,GEN-0F8B04F86F5AD7BAB1535C92,MED-2026-T067,苏合香丸,,PILL,丸剂,每丸重3g(相当于饮片 1.54g),TRADITIONAL_PRESENTATION,,,,,[],SOURCE_UNVERIFIED,否
STD-0626364296ACF226849FD32F,GEN-5A65A1EE4D3BA7A55CD0A232,MED-2026-T068,礞石滚痰丸,,PILL,丸剂,每袋(瓶)装 6g,TRADITIONAL_PRESENTATION,,,,,[],SOURCE_UNVERIFIED,否
STD-D693044ED2BC7C1ECB497CBD,GEN-1C8322C362DB8D55E324B2AF,MED-2026-T069,补中益气丸(颗粒),,GRANULE,颗粒剂,每袋装 3g,TRADITIONAL_PRESENTATION,,,,,[],SOURCE_UNVERIFIED,否
STD-6DBDDBEC8AF930CB80FFB1F0,GEN-1C8322C362DB8D55E324B2AF,MED-2026-T069,补中益气丸(颗粒),,PILL,丸剂,每 8 丸相当于原生药 3g,TRADITIONAL_PRESENTATION,,,,,[],SOURCE_UNVERIFIED,否
STD-EB40EBADCDFA114A75753D5E,GEN-1C8322C362DB8D55E324B2AF,MED-2026-T069,补中益气丸(颗粒),,PILL,丸剂,每丸重 9g,TRADITIONAL_PRESENTATION,,,,,[],SOURCE_UNVERIFIED,否
STD-DAB244C6B40BD8F1D7AD9922,GEN-1C8322C362DB8D55E324B2AF,MED-2026-T069,补中益气丸(颗粒),,PILL,丸剂,每袋装6g,TRADITIONAL_PRESENTATION,,,,,[],SOURCE_UNVERIFIED,否
STD-E889260767A8D17BEB7A78D6,GEN-0EFB817BEA63AB5A590309F5,MED-2026-T070,参苓白术散(丸、颗粒),,GRANULE,颗粒剂,每袋装 3g,TRADITIONAL_PRESENTATION,,,,,[],SOURCE_UNVERIFIED,否
STD-0821F200338719DA7604419B,GEN-0EFB817BEA63AB5A590309F5,MED-2026-T070,参苓白术散(丸、颗粒),,GRANULE,颗粒剂,每袋装6g,TRADITIONAL_PRESENTATION,,,,,[],SOURCE_UNVERIFIED,否
STD-AD4C51BD3CC1C73E6A7CF13D,GEN-0EFB817BEA63AB5A590309F5,MED-2026-T070,参苓白术散(丸、颗粒),,PILL,丸剂,每 100 粒重 6g,TRADITIONAL_PRESENTATION,,,,,[],SOURCE_UNVERIFIED,否
STD-10488D0B7DBCA48B798E6D4F,GEN-0EFB817BEA63AB5A590309F5,MED-2026-T070,参苓白术散(丸、颗粒),,POWDER,散剂,每1g 相当于饮片 1g,TRADITIONAL_PRESENTATION,,,,,[],SOURCE_UNVERIFIED,否
STD-E728E97C375DBF5AB2FEEA21,GEN-0EFB817BEA63AB5A590309F5,MED-2026-T070,参苓白术散(丸、颗粒),,POWDER,散剂,每袋装 3g,TRADITIONAL_PRESENTATION,,,,,[],SOURCE_UNVERIFIED,否
STD-7C6B004647C3832F64543E08,GEN-0EFB817BEA63AB5A590309F5,MED-2026-T070,参苓白术散(丸、颗粒),,POWDER,散剂,每袋装6g,TRADITIONAL_PRESENTATION,,,,,[],SOURCE_UNVERIFIED,否
STD-5FAB441451A70433F1A59E39,GEN-A8114E75004566661EA9EFEE,MED-2026-T071,肾衰宁胶囊(片、颗粒),,CAPSULE,胶囊,每粒装 0.35g,TRADITIONAL_PRESENTATION,,,,,[],SOURCE_UNVERIFIED,否
STD-EAFE14D5A17D1CDABC1A6F52,GEN-A8114E75004566661EA9EFEE,MED-2026-T071,肾衰宁胶囊(片、颗粒),,GRANULE,颗粒剂,每袋装 5g,TRADITIONAL_PRESENTATION,,,,,[],SOURCE_UNVERIFIED,否
STD-D9ECC8B2C294A98E05B0F93C,GEN-A8114E75004566661EA9EFEE,MED-2026-T071,肾衰宁胶囊(片、颗粒),,TABLET,片剂,每片重 0.36g,TRADITIONAL_PRESENTATION,,,,,[],SOURCE_UNVERIFIED,否
STD-B9A7F0AE8B1C4E126E8DD748,GEN-A8114E75004566661EA9EFEE,MED-2026-T071,肾衰宁胶囊(片、颗粒),,TABLET,片剂,每片重0.43g(相当于饮片 2.4g),TRADITIONAL_PRESENTATION,,,,,[],SOURCE_UNVERIFIED,否
STD-EEADC348F2786B019446E301,GEN-999FC16EE63710C2534D0DC3,MED-2026-T072,香砂六君丸,,PILL,丸剂,每 100 粒重 6g,TRADITIONAL_PRESENTATION,,,,,[],SOURCE_UNVERIFIED,否
STD-5A9F22CE8EF42BFEAE20F652,GEN-999FC16EE63710C2534D0DC3,MED-2026-T072,香砂六君丸,,PILL,丸剂,每 8 丸相当于原生药 3g,TRADITIONAL_PRESENTATION,,,,,[],SOURCE_UNVERIFIED,否
STD-8BDD23E9959E7304E5ECC10C,GEN-999FC16EE63710C2534D0DC3,MED-2026-T072,香砂六君丸,,PILL,丸剂,每袋装 6g,TRADITIONAL_PRESENTATION,,,,,[],SOURCE_UNVERIFIED,否
STD-560FB4216D3B50C160C668B2,GEN-AD6D1C07AB228056C7E6400B,MED-2026-T073,安胃疡胶囊,,CAPSULE,胶囊,每粒含黄酮类化合物 0.2g,TRADITIONAL_PRESENTATION,,,,,[],SOURCE_UNVERIFIED,否
STD-DAEAC6C5E3E3B176C83F625A,GEN-FEDFA2A05C5BD40540D5FC2B,MED-2026-T074,益气和胃胶囊,,CAPSULE,胶囊,每粒装 0.5g,TRADITIONAL_PRESENTATION,,,,,[],SOURCE_UNVERIFIED,否
STD-64B52530B94CE697912CE1C3,GEN-F226044365055F2E3C934CC2,MED-2026-T075,摩罗丹,,PILL,丸剂,每 16 丸重 1.84g(相当于生药材 4.5g),TRADITIONAL_PRESENTATION,,,,,[],SOURCE_UNVERIFIED,否
STD-2B5119EE8DE272666FA5DD8A,GEN-F226044365055F2E3C934CC2,MED-2026-T075,摩罗丹,,PILL,丸剂,每 55 粒重约 9g,TRADITIONAL_PRESENTATION,,,,,[],SOURCE_UNVERIFIED,否
STD-B28533392C197EF332524DEC,GEN-F226044365055F2E3C934CC2,MED-2026-T075,摩罗丹,,PILL,丸剂,每丸重 9g,TRADITIONAL_PRESENTATION,,,,,[],SOURCE_UNVERIFIED,否
STD-237241A3740D2EEA5BF2FA58,GEN-34F505DDF593E531BD1F13F6,MED-2026-T076,胃复春片(胶囊),,CAPSULE,胶囊,每粒装 0.35g,TRADITIONAL_PRESENTATION,,,,,[],SOURCE_UNVERIFIED,否
STD-DA87CE87B1550B60A306C893,GEN-34F505DDF593E531BD1F13F6,MED-2026-T076,胃复春片(胶囊),,TABLET,片剂,每片重 0.36g,TRADITIONAL_PRESENTATION,,,,,[],SOURCE_UNVERIFIED,否
STD-F30B554CB2ED0E72DBED95E3,GEN-E399CAA9A4DC631B9A985589,MED-2026-T077,归脾丸(合剂),,MIXTURE,合剂,每支装 10ml,TRADITIONAL_PRESENTATION,,,,,[],SOURCE_UNVERIFIED,否
STD-E79B28690AE5259DB55967D7,GEN-E399CAA9A4DC631B9A985589,MED-2026-T077,归脾丸(合剂),,MIXTURE,合剂,每瓶装 100ml,TRADITIONAL_PRESENTATION,,,,,[],SOURCE_UNVERIFIED,否
STD-1F4020B46CA7D0149C35A5F9,GEN-E399CAA9A4DC631B9A985589,MED-2026-T077,归脾丸(合剂),,PILL,丸剂,每 8 丸相当于原生药 3g,TRADITIONAL_PRESENTATION,,,,,[],SOURCE_UNVERIFIED,否
STD-2D6AD405FA95BFEAC53135A5,GEN-E399CAA9A4DC631B9A985589,MED-2026-T077,归脾丸(合剂),,PILL,丸剂,每丸重 9g,TRADITIONAL_PRESENTATION,,,,,[],SOURCE_UNVERIFIED,否
STD-29C8EC4374D2EC630E1BC20D,GEN-E399CAA9A4DC631B9A985589,MED-2026-T077,归脾丸(合剂),,PILL,丸剂,每袋装6g,TRADITIONAL_PRESENTATION,,,,,[],SOURCE_UNVERIFIED,否
STD-3699FA8F575CBF64217EECBE,GEN-E399CAA9A4DC631B9A985589,MED-2026-T077,归脾丸(合剂),,PILL,丸剂,每袋装9g,TRADITIONAL_PRESENTATION,,,,,[],SOURCE_UNVERIFIED,否
STD-948D606BEEB0627A959CBE90,GEN-6E8F0C308D1AFF8A18F3C7E4,MED-2026-T078,健脾生血颗粒(片),,GRANULE,颗粒剂,含硫酸亚铁(FeSO4 ·7H2O)20mg(相当于铁 4mg),TRADITIONAL_PRESENTATION,,,,,[],SOURCE_UNVERIFIED,否
STD-F9D0D2074236FC279FCD4D2A,GEN-6E8F0C308D1AFF8A18F3C7E4,MED-2026-T078,健脾生血颗粒(片),,GRANULE,颗粒剂,每 1g 相当于饮片 0.36g,TRADITIONAL_PRESENTATION,,,,,[],SOURCE_UNVERIFIED,否
STD-176C6EAD9116C8615B0ACDEE,GEN-6E8F0C308D1AFF8A18F3C7E4,MED-2026-T078,健脾生血颗粒(片),,TABLET,片剂,每片重 0.6g[含硫酸亚铁(FeSO4 ·7H2O)100mg(相当于铁 20mg)],TRADITIONAL_PRESENTATION,,,,,[],SOURCE_UNVERIFIED,否
STD-399EEE98C42F0501254CE08E,GEN-9786C43A642BADB98197693E,MED-2026-T079,六味地黄丸(胶囊),,CAPSULE,胶囊,每粒装 0.3g,TRADITIONAL_PRESENTATION,,,,,[],SOURCE_UNVERIFIED,否
STD-25AED1D7A486051982E7E4B0,GEN-9786C43A642BADB98197693E,MED-2026-T079,六味地黄丸(胶囊),,CAPSULE,胶囊,每粒装0.5g,TRADITIONAL_PRESENTATION,,,,,[],SOURCE_UNVERIFIED,否
STD-4462D1401AFAF01546C96CFD,GEN-9786C43A642BADB98197693E,MED-2026-T079,六味地黄丸(胶囊),,PILL,丸剂,每 8 丸重 1.44g(每 8 丸相当于饮片、原药材 3g),TRADITIONAL_PRESENTATION,,,,,[],SOURCE_UNVERIFIED,否
STD-0F2C8BA5B8B78458670BA6CD,GEN-9786C43A642BADB98197693E,MED-2026-T079,六味地黄丸(胶囊),,PILL,丸剂,每丸重 9g,TRADITIONAL_PRESENTATION,,,,,[],SOURCE_UNVERIFIED,否
STD-7598AF72F6333A7451C31E45,GEN-9786C43A642BADB98197693E,MED-2026-T079,六味地黄丸(胶囊),,PILL,丸剂,每瓶装 60g,TRADITIONAL_PRESENTATION,,,,,[],SOURCE_UNVERIFIED,否
STD-FBFF8E4B7A19C180C4EBEC43,GEN-9786C43A642BADB98197693E,MED-2026-T079,六味地黄丸(胶囊),,PILL,丸剂,每瓶装120g,TRADITIONAL_PRESENTATION,,,,,[],SOURCE_UNVERIFIED,否
STD-BA06536046750992B58A9ED5,GEN-9786C43A642BADB98197693E,MED-2026-T079,六味地黄丸(胶囊),,PILL,丸剂,每袋装 6g,TRADITIONAL_PRESENTATION,,,,,[],SOURCE_UNVERIFIED,否
STD-B43E6A1CF2F011EF35ED94E3,GEN-9786C43A642BADB98197693E,MED-2026-T079,六味地黄丸(胶囊),,PILL,丸剂,每袋装9g,TRADITIONAL_PRESENTATION,,,,,[],SOURCE_UNVERIFIED,否
STD-82941422B549C7BD8C69A46E,GEN-A04B3CE18EA270DDB3BA9B4C,MED-2026-T080,知柏地黄丸,,PILL,丸剂,每 10 丸重 1.7g,TRADITIONAL_PRESENTATION,,,,,[],SOURCE_UNVERIFIED,否
STD-EAD78E529FD9BFF61298DE79,GEN-A04B3CE18EA270DDB3BA9B4C,MED-2026-T080,知柏地黄丸,,PILL,丸剂,每 10 丸重2g,TRADITIONAL_PRESENTATION,,,,,[],SOURCE_UNVERIFIED,否
STD-74EDEC7F714B57FF1B253FF1,GEN-A04B3CE18EA270DDB3BA9B4C,MED-2026-T080,知柏地黄丸,,PILL,丸剂,每 100 粒重 20g,TRADITIONAL_PRESENTATION,,,,,[],SOURCE_UNVERIFIED,否
STD-615256546D79AA8F712A3F7F,GEN-A04B3CE18EA270DDB3BA9B4C,MED-2026-T080,知柏地黄丸,,PILL,丸剂,每 8 丸相当于原生药 3g,TRADITIONAL_PRESENTATION,,,,,[],SOURCE_UNVERIFIED,否
STD-E584A6D32D2B9D39283A7339,GEN-A04B3CE18EA270DDB3BA9B4C,MED-2026-T080,知柏地黄丸,,PILL,丸剂,每丸重 0.2g,TRADITIONAL_PRESENTATION,,,,,[],SOURCE_UNVERIFIED,否
STD-9E7244C996728A3E6E65D4C1,GEN-A04B3CE18EA270DDB3BA9B4C,MED-2026-T080,知柏地黄丸,,PILL,丸剂,每丸重9g,TRADITIONAL_PRESENTATION,,,,,[],SOURCE_UNVERIFIED,否
STD-A44BB4C34AB88E5A05E8AEDC,GEN-A04B3CE18EA270DDB3BA9B4C,MED-2026-T080,知柏地黄丸,,PILL,丸剂,每瓶装 60g,TRADITIONAL_PRESENTATION,,,,,[],SOURCE_UNVERIFIED,否
STD-9E1814425B2CD682EDB98B67,GEN-A04B3CE18EA270DDB3BA9B4C,MED-2026-T080,知柏地黄丸,,PILL,丸剂,每袋装 6g,TRADITIONAL_PRESENTATION,,,,,[],SOURCE_UNVERIFIED,否
STD-1080FC77B302BDB4230F5F85,GEN-881CA0BE33BB906DB165B32B,MED-2026-T081,杞菊地黄丸(胶囊、片),,CAPSULE,胶囊,每粒装 0.3g,TRADITIONAL_PRESENTATION,,,,,[],SOURCE_UNVERIFIED,否
STD-7AD065FD4684889052D6ACE3,GEN-881CA0BE33BB906DB165B32B,MED-2026-T081,杞菊地黄丸(胶囊、片),,PILL,丸剂,每 100 丸重 10g,TRADITIONAL_PRESENTATION,,,,,[],SOURCE_UNVERIFIED,否
STD-124CDDCF8E9A8E2B8242B65A,GEN-881CA0BE33BB906DB165B32B,MED-2026-T081,杞菊地黄丸(胶囊、片),,PILL,丸剂,每 8 丸相当于原药材(原生药)3g,TRADITIONAL_PRESENTATION,,,,,[],SOURCE_UNVERIFIED,否
STD-D13F56CB9BD26F3CC85AF706,GEN-881CA0BE33BB906DB165B32B,MED-2026-T081,杞菊地黄丸(胶囊、片),,PILL,丸剂,每丸重 9g,TRADITIONAL_PRESENTATION,,,,,[],SOURCE_UNVERIFIED,否
STD-911F9C6B365B2551D598EF28,GEN-881CA0BE33BB906DB165B32B,MED-2026-T081,杞菊地黄丸(胶囊、片),,PILL,丸剂,每瓶装 60g,TRADITIONAL_PRESENTATION,,,,,[],SOURCE_UNVERIFIED,否
STD-82A9F232606B7DD1FFD8AF6C,GEN-881CA0BE33BB906DB165B32B,MED-2026-T081,杞菊地黄丸(胶囊、片),,PILL,丸剂,每袋装 6g,TRADITIONAL_PRESENTATION,,,,,[],SOURCE_UNVERIFIED,否
STD-B1DD669C57808A71FA083552,GEN-881CA0BE33BB906DB165B32B,MED-2026-T081,杞菊地黄丸(胶囊、片),,TABLET,片剂,每片重 0.3g,TRADITIONAL_PRESENTATION,,,,,[],SOURCE_UNVERIFIED,否
STD-92EC28CE2241CC16E1AE1BF2,GEN-CC79896E4AC090671E0A5584,MED-2026-T082,生血宝合剂(颗粒),,GRANULE,颗粒剂,每袋装 4g,TRADITIONAL_PRESENTATION,,,,,[],SOURCE_UNVERIFIED,否
STD-C0B6B6C9342F08510B9BE364,GEN-CC79896E4AC090671E0A5584,MED-2026-T082,生血宝合剂(颗粒),,GRANULE,颗粒剂,每袋装8g,TRADITIONAL_PRESENTATION,,,,,[],SOURCE_UNVERIFIED,否
STD-C406138D6DA9B5212B8AF3CB,GEN-CC79896E4AC090671E0A5584,MED-2026-T082,生血宝合剂(颗粒),,MIXTURE,合剂,每 1ml 相当于饮片2.67g,TRADITIONAL_PRESENTATION,,,,,[],SOURCE_UNVERIFIED,否
STD-A15DE4F7592DFEB6EA5F4FA4,GEN-78518E43A7D0B5539601BB6E,MED-2026-T083,复方苁蓉益智胶囊,,CAPSULE,胶囊,每粒装 0.3g,TRADITIONAL_PRESENTATION,,,,,[],SOURCE_UNVERIFIED,否
STD-3F14C06DB7A72E28E8D1A18F,GEN-5CC793DA765B41EC9E49A5E8,MED-2026-T084,百令胶囊(片),,CAPSULE,胶囊,每粒装0.2g(相当于发酵冬虫夏草菌粉 0.2g),TRADITIONAL_PRESENTATION,,,,,[],SOURCE_UNVERIFIED,否
STD-BAEB411E36F47AB3F28A3DB3,GEN-5CC793DA765B41EC9E49A5E8,MED-2026-T084,百令胶囊(片),,CAPSULE,胶囊,每粒装0.5g(相当于发酵冬虫夏草菌粉 0.5g),TRADITIONAL_PRESENTATION,,,,,[],SOURCE_UNVERIFIED,否
STD-2A4FD585B0D1C4B0E4BB7D08,GEN-5CC793DA765B41EC9E49A5E8,MED-2026-T084,百令胶囊(片),,TABLET,片剂,每片重 0.44g(含发酵冬虫夏草菌粉 0.333g)、 0.45g(相当于发酵冬虫夏草菌粉 0.2g),TRADITIONAL_PRESENTATION,,,,,[],SOURCE_UNVERIFIED,否
STD-4133EEE3A98DDB25A1C757DE,GEN-4BF3503D2F9A9825FC0CC5E0,MED-2026-T085,金水宝胶囊(片),,CAPSULE,胶囊,每粒装 0.33g,TRADITIONAL_PRESENTATION,,,,,[],SOURCE_UNVERIFIED,否
STD-208837DC59EB448F42926BAD,GEN-4BF3503D2F9A9825FC0CC5E0,MED-2026-T085,金水宝胶囊(片),,TABLET,片剂,每片重 0.42g(含发酵虫草菌粉 0.25g),TRADITIONAL_PRESENTATION,,,,,[],SOURCE_UNVERIFIED,否
STD-4C8A45B02E1CB76081E7EAAD,GEN-029D641E40CCA6692149172D,MED-2026-T086,金匮肾气丸(片),,PILL,丸剂,每 10 丸重 2g,TRADITIONAL_PRESENTATION,,,,,[],SOURCE_UNVERIFIED,否
STD-FDE24257D0D9A900859BA05A,GEN-029D641E40CCA6692149172D,MED-2026-T086,金匮肾气丸(片),,PILL,丸剂,每 100 丸重 20g(每 1g 相当于饮片 0.7g),TRADITIONAL_PRESENTATION,,,,,[],SOURCE_UNVERIFIED,否
STD-6B5AF06DC2A5504FFBED1ABE,GEN-029D641E40CCA6692149172D,MED-2026-T086,金匮肾气丸(片),,PILL,丸剂,每 25 粒重 5g(每 1g 相当于饮片 0.7g),TRADITIONAL_PRESENTATION,,,,,[],SOURCE_UNVERIFIED,否
STD-6BC3620D81CAA26149B39AC5,GEN-029D641E40CCA6692149172D,MED-2026-T086,金匮肾气丸(片),,PILL,丸剂,每丸重 6g(相当于饮片 2.7g),TRADITIONAL_PRESENTATION,,,,,[],SOURCE_UNVERIFIED,否
STD-55689C7842F7035468B47F4F,GEN-029D641E40CCA6692149172D,MED-2026-T086,金匮肾气丸(片),,TABLET,片剂,每片重 0.27g,TRADITIONAL_PRESENTATION,,,,,[],SOURCE_UNVERIFIED,否
STD-3C5E53DC5FD7E0D84F3D0201,GEN-8F54700A53486B2010736A5E,MED-2026-T087,四神丸(片),,PILL,丸剂,每袋装 9g,TRADITIONAL_PRESENTATION,,,,,[],SOURCE_UNVERIFIED,否
STD-4A57327E1A0C10F887A15C8F,GEN-8F54700A53486B2010736A5E,MED-2026-T087,四神丸(片),,TABLET,片剂,每片重 0.3g,TRADITIONAL_PRESENTATION,,,,,[],SOURCE_UNVERIFIED,否
STD-053FE8B7C488C41CFF18B42E,GEN-8F54700A53486B2010736A5E,MED-2026-T087,四神丸(片),,TABLET,片剂,每片重0.6g,TRADITIONAL_PRESENTATION,,,,,[],SOURCE_UNVERIFIED,否
STD-A424AB4B438A94E5025BAB61,GEN-D23223394DB11A1716198A78,MED-2026-T088,济生肾气丸,,PILL,丸剂,每 10丸重 2g,TRADITIONAL_PRESENTATION,,,,,[],SOURCE_UNVERIFIED,否
STD-0301F23DC4A0977630A44859,GEN-D23223394DB11A1716198A78,MED-2026-T088,济生肾气丸,,PILL,丸剂,每丸重 9g,TRADITIONAL_PRESENTATION,,,,,[],SOURCE_UNVERIFIED,否
STD-5E37987A33C775F2AEF006D6,GEN-D23223394DB11A1716198A78,MED-2026-T088,济生肾气丸,,PILL,丸剂,每袋装 6g,TRADITIONAL_PRESENTATION,,,,,[],SOURCE_UNVERIFIED,否
STD-0BB37135C28E57CB37BB27BA,GEN-6D8063145B507861C023564F,MED-2026-T089,八珍丸(颗粒、胶囊),,CAPSULE,胶囊,每粒装 0.4g,TRADITIONAL_PRESENTATION,,,,,[],SOURCE_UNVERIFIED,否
STD-AA98E274BE3BB85950FB06D2,GEN-6D8063145B507861C023564F,MED-2026-T089,八珍丸(颗粒、胶囊),,GRANULE,颗粒剂,每袋装 3.5g,TRADITIONAL_PRESENTATION,,,,,[],SOURCE_UNVERIFIED,否
STD-833043F74F04F9B33DDAAAA1,GEN-6D8063145B507861C023564F,MED-2026-T089,八珍丸(颗粒、胶囊),,GRANULE,颗粒剂,每袋装8g,TRADITIONAL_PRESENTATION,,,,,[],SOURCE_UNVERIFIED,否
STD-883AFB133719653230FD0A6A,GEN-6D8063145B507861C023564F,MED-2026-T089,八珍丸(颗粒、胶囊),,PILL,丸剂,每 8 丸相当于原生药 3g,TRADITIONAL_PRESENTATION,,,,,[],SOURCE_UNVERIFIED,否
STD-22A7FB17AC2CA335F5D95401,GEN-6D8063145B507861C023564F,MED-2026-T089,八珍丸(颗粒、胶囊),,PILL,丸剂,每丸重 9g,TRADITIONAL_PRESENTATION,,,,,[],SOURCE_UNVERIFIED,否
STD-29914B2AA17751CFE0E01A10,GEN-48908DB834AB404C97742CA2,MED-2026-T090,消渴丸,,PILL,丸剂,每 10 丸重 2.5g(含格列本脲 2.5mg),TRADITIONAL_PRESENTATION,,,,,[],SOURCE_UNVERIFIED,否
STD-21B5F23EA4CAEB05FFD28A70,GEN-45B3A314F6E177C0FA4F75B6,MED-2026-T091,贞芪扶正颗粒(胶囊),,CAPSULE,胶囊,每 6 粒相当于原生药 12.5g,TRADITIONAL_PRESENTATION,,,,,[],SOURCE_UNVERIFIED,否
STD-D5AA4434FDB3A71AF79F610F,GEN-45B3A314F6E177C0FA4F75B6,MED-2026-T091,贞芪扶正颗粒(胶囊),,CAPSULE,胶囊,每粒装 0.35g(相当于原药材 3.125g),TRADITIONAL_PRESENTATION,,,,,[],SOURCE_UNVERIFIED,否
STD-3ACB8585374F96F8A7E52934,GEN-45B3A314F6E177C0FA4F75B6,MED-2026-T091,贞芪扶正颗粒(胶囊),,GRANULE,颗粒剂,每袋装 5g,TRADITIONAL_PRESENTATION,,,,,[],SOURCE_UNVERIFIED,否
STD-72346BCF55445E2419B82DD8,GEN-45B3A314F6E177C0FA4F75B6,MED-2026-T091,贞芪扶正颗粒(胶囊),,GRANULE,颗粒剂,每袋装15g,TRADITIONAL_PRESENTATION,,,,,[],SOURCE_UNVERIFIED,否
STD-912E5D0E6BFF0BDC9779B17B,GEN-024C654DD0D602E35FB7835D,MED-2026-T092,参芪降糖颗粒(胶囊、片),,CAPSULE,胶囊,每粒装 0.35g,TRADITIONAL_PRESENTATION,,,,,[],SOURCE_UNVERIFIED,否
STD-62A255CABAE187C8B1F91C3E,GEN-024C654DD0D602E35FB7835D,MED-2026-T092,参芪降糖颗粒(胶囊、片),,GRANULE,颗粒剂,含人参茎叶总皂苷17.14mg,TRADITIONAL_PRESENTATION,,,,,[],SOURCE_UNVERIFIED,否
STD-4A5356C4F223A2461702074A,GEN-024C654DD0D602E35FB7835D,MED-2026-T092,参芪降糖颗粒(胶囊、片),,GRANULE,颗粒剂,每 1g 相当于饮片2.39g,TRADITIONAL_PRESENTATION,,,,,[],SOURCE_UNVERIFIED,否
STD-AD368A7ECB1C8AAF9BFFA2D4,GEN-024C654DD0D602E35FB7835D,MED-2026-T092,参芪降糖颗粒(胶囊、片),,TABLET,片剂,每片重 0.35g,TRADITIONAL_PRESENTATION,,,,,[],SOURCE_UNVERIFIED,否
STD-D290FFBD3DCCD924621AA819,GEN-2CE2857673AD6C04A40DF069,MED-2026-T093,天芪降糖胶囊,,CAPSULE,胶囊,每粒装 0.32g,TRADITIONAL_PRESENTATION,,,,,[],SOURCE_UNVERIFIED,否
STD-6586E8232B413EC679DCF3DE,GEN-8B1F385E68A0037AD02A79C3,MED-2026-T094,津力达颗粒,,GRANULE,颗粒剂,每袋装 9g,TRADITIONAL_PRESENTATION,,,,,[],SOURCE_UNVERIFIED,否
STD-C83710B6EA75948CC6653F82,GEN-9BD690514F8809443C7D3F53,MED-2026-T095,益气维血胶囊(片、颗粒),,CAPSULE,胶囊,每粒装 0.45g,TRADITIONAL_PRESENTATION,,,,,[],SOURCE_UNVERIFIED,否
STD-89A6F83D1F6D620B301D8910,GEN-9BD690514F8809443C7D3F53,MED-2026-T095,益气维血胶囊(片、颗粒),,GRANULE,颗粒剂,每袋装 10g,TRADITIONAL_PRESENTATION,,,,,[],SOURCE_UNVERIFIED,否
STD-763B9F10B3372B18210CB8A1,GEN-9BD690514F8809443C7D3F53,MED-2026-T095,益气维血胶囊(片、颗粒),,TABLET,片剂,每片重 0.57g,TRADITIONAL_PRESENTATION,,,,,[],SOURCE_UNVERIFIED,否
STD-E31E5A7C4FEBE38B6488632E,GEN-235B4E48F77B2D3B0889FE79,MED-2026-T096,玉泉胶囊(颗粒),,CAPSULE,胶囊,每粒装 0.5g,TRADITIONAL_PRESENTATION,,,,,[],SOURCE_UNVERIFIED,否
STD-1EE89B3C4B7C10CAB1BE556F,GEN-235B4E48F77B2D3B0889FE79,MED-2026-T096,玉泉胶囊(颗粒),,CAPSULE,胶囊,每粒装0.6g,TRADITIONAL_PRESENTATION,,,,,[],SOURCE_UNVERIFIED,否
STD-D5B44D8312201693C69EEA4C,GEN-235B4E48F77B2D3B0889FE79,MED-2026-T096,玉泉胶囊(颗粒),,GRANULE,颗粒剂,每袋装 5g,TRADITIONAL_PRESENTATION,,,,,[],SOURCE_UNVERIFIED,否
STD-2B60592F4B875D98C08EC4E8,GEN-430663BE5A48E5B03A717333,MED-2026-T097,芪苈强心胶囊,,CAPSULE,胶囊,每粒装 0.3g(相当于饮片 1.90g),TRADITIONAL_PRESENTATION,,,,,[],SOURCE_UNVERIFIED,否
STD-954750FED0758EB148EFCC6E,GEN-27D386D03E3565B40AF84D83,MED-2026-T098,养心定悸胶囊(颗粒),,CAPSULE,胶囊,每粒装 0.5g,TRADITIONAL_PRESENTATION,,,,,[],SOURCE_UNVERIFIED,否
STD-E9F0FDC9BC4F08A2DB8544EB,GEN-27D386D03E3565B40AF84D83,MED-2026-T098,养心定悸胶囊(颗粒),,GRANULE,颗粒剂,每袋装 12g,TRADITIONAL_PRESENTATION,,,,,[],SOURCE_UNVERIFIED,否
STD-1735FB2F3C9E64F3E9F9ABF9,GEN-11C3F617459761D7911C1C4F,MED-2026-T099,天王补心丸(片),,PILL,丸剂,每 8 丸相当于原生药(饮片)3g,TRADITIONAL_PRESENTATION,,,,,[],SOURCE_UNVERIFIED,否
STD-B528EA07B93E38D8DB3E1BD6,GEN-11C3F617459761D7911C1C4F,MED-2026-T099,天王补心丸(片),,PILL,丸剂,每丸重 9g,TRADITIONAL_PRESENTATION,,,,,[],SOURCE_UNVERIFIED,否
STD-1338CAAC552BC33B896E6F00,GEN-11C3F617459761D7911C1C4F,MED-2026-T099,天王补心丸(片),,PILL,丸剂,每袋装 6g,TRADITIONAL_PRESENTATION,,,,,[],SOURCE_UNVERIFIED,否
STD-CAC9B0CDE9E4E64EABA26214,GEN-11C3F617459761D7911C1C4F,MED-2026-T099,天王补心丸(片),,TABLET,片剂,每片重 0.5g,TRADITIONAL_PRESENTATION,,,,,[],SOURCE_UNVERIFIED,否
STD-6BE81EE099B3FE545511C0F7,GEN-8059C7C3F761E11D2474AB74,MED-2026-T100,柏子养心丸(片),,PILL,丸剂,每 5 丸重 1g,TRADITIONAL_PRESENTATION,,,,,[],SOURCE_UNVERIFIED,否
STD-E552962ECCC21452DFB57CCB,GEN-8059C7C3F761E11D2474AB74,MED-2026-T100,柏子养心丸(片),,PILL,丸剂,每丸重 9g,TRADITIONAL_PRESENTATION,,,,,[],SOURCE_UNVERIFIED,否
STD-D088955EB9992EEC19F44478,GEN-8059C7C3F761E11D2474AB74,MED-2026-T100,柏子养心丸(片),,PILL,丸剂,每瓶装 60g,TRADITIONAL_PRESENTATION,,,,,[],SOURCE_UNVERIFIED,否
STD-0009F6B72B0F780896D57528,GEN-8059C7C3F761E11D2474AB74,MED-2026-T100,柏子养心丸(片),,PILL,丸剂,每袋装 6g,TRADITIONAL_PRESENTATION,,,,,[],SOURCE_UNVERIFIED,否
STD-4BFA44186AD04D94D1CA8629,GEN-8059C7C3F761E11D2474AB74,MED-2026-T100,柏子养心丸(片),,PILL,丸剂,每袋装9g,TRADITIONAL_PRESENTATION,,,,,[],SOURCE_UNVERIFIED,否
STD-394387610CD23C94FC38AFCA,GEN-8059C7C3F761E11D2474AB74,MED-2026-T100,柏子养心丸(片),,TABLET,片剂,每片重 0.3g,TRADITIONAL_PRESENTATION,,,,,[],SOURCE_UNVERIFIED,否
STD-C6A7C98D098DF64D1F71B880,GEN-DCCD9524CBA5946C77A66D96,MED-2026-T101,枣仁安神颗粒(胶囊、液),,CAPSULE,胶囊,每粒装 0.45g,TRADITIONAL_PRESENTATION,,,,,[],SOURCE_UNVERIFIED,否
STD-CE9006E581AFB8A742120FDC,GEN-DCCD9524CBA5946C77A66D96,MED-2026-T101,枣仁安神颗粒(胶囊、液),,GRANULE,颗粒剂,每袋装 5g(相当于饮片 9.98g),TRADITIONAL_PRESENTATION,,,,,[],SOURCE_UNVERIFIED,否
STD-EE62A3981D29C3F97D4FFCCA,GEN-DCCD9524CBA5946C77A66D96,MED-2026-T101,枣仁安神颗粒(胶囊、液),,MIXTURE,合剂,每支装 10ml,TRADITIONAL_PRESENTATION,,,,,[],SOURCE_UNVERIFIED,否
STD-720E15F2BEB925F3337B12F8,GEN-215DF241C6FEA71FD5C9955E,MED-2026-T102,乌灵胶囊,,CAPSULE,胶囊,每粒装 0.33g,TRADITIONAL_PRESENTATION,,,,,[],SOURCE_UNVERIFIED,否
STD-208D09573B90EAD0DB2BB5AB,GEN-60F8C84918FF7645C3C8C8F8,MED-2026-T103,甜梦胶囊(口服液),,CAPSULE,胶囊,每粒装 0.4g(相当于饮片 2.18g),TRADITIONAL_PRESENTATION,,,,,[],SOURCE_UNVERIFIED,否
STD-A78108CD20B9EF4444A64D72,GEN-60F8C84918FF7645C3C8C8F8,MED-2026-T103,甜梦胶囊(口服液),,MIXTURE,合剂,每 1ml 相当于饮片0.65g,TRADITIONAL_PRESENTATION,,,,,[],SOURCE_UNVERIFIED,否
STD-9F05D0B09870AEBBFE645D53,GEN-511B6F08FD10FA09453CFB46,MED-2026-T104,安神补心六味丸,,PILL,丸剂,每 10 粒重 2g,TRADITIONAL_PRESENTATION,,,,,[],SOURCE_UNVERIFIED,否
STD-C59732B879A83BECA92F782F,GEN-86048DF86E4BF89E2C1DF23A,MED-2026-T105,槐角丸,,PILL,丸剂,每丸重 9g,TRADITIONAL_PRESENTATION,,,,,[],SOURCE_UNVERIFIED,否
STD-578C6459EABF446998EC1AEE,GEN-86048DF86E4BF89E2C1DF23A,MED-2026-T105,槐角丸,,PILL,丸剂,每瓶装 36g,TRADITIONAL_PRESENTATION,,,,,[],SOURCE_UNVERIFIED,否
STD-8E4A33101478DFAFFE075655,GEN-86048DF86E4BF89E2C1DF23A,MED-2026-T105,槐角丸,,PILL,丸剂,每袋装6g,TRADITIONAL_PRESENTATION,,,,,[],SOURCE_UNVERIFIED,否
STD-A3824BBF21E88D6435DDEB09,GEN-C7D193C96176768E477FC7E3,MED-2026-T106,升血小板胶囊,,CAPSULE,胶囊,每粒装 0.45g,TRADITIONAL_PRESENTATION,,,,,[],SOURCE_UNVERIFIED,否
STD-45E229C8812895C498CC3AD7,GEN-E6DEFDC06BC93CDA0CD8559E,MED-2026-T107,地榆升白片(胶囊),,CAPSULE,胶囊,每粒装 0.1g(相当于饮片 5mg),TRADITIONAL_PRESENTATION,,,,,[],SOURCE_UNVERIFIED,否
STD-5D3BABE7E5C802374B5182D1,GEN-E6DEFDC06BC93CDA0CD8559E,MED-2026-T107,地榆升白片(胶囊),,CAPSULE,胶囊,每粒装0.2g(相当于饮片 10mg),TRADITIONAL_PRESENTATION,,,,,[],SOURCE_UNVERIFIED,否
STD-AE5BBECC580A715351938053,GEN-E6DEFDC06BC93CDA0CD8559E,MED-2026-T107,地榆升白片(胶囊),,TABLET,片剂,每片重 0.1g(相当于饮片 5mg),TRADITIONAL_PRESENTATION,,,,,[],SOURCE_UNVERIFIED,否
STD-713D2B87667FEDD59B45C9BE,GEN-BAEEA49A4D17FD7C316E2986,MED-2026-T108,血栓通胶囊(注射液)、注射用血栓通(冻干),,CAPSULE,胶囊,每粒装 0.18g(含三七总皂苷 100mg),TRADITIONAL_PRESENTATION,,,,,[],SOURCE_UNVERIFIED,否
STD-276C9C431035C35A30161186,GEN-BAEEA49A4D17FD7C316E2986,MED-2026-T108,血栓通胶囊(注射液)、注射用血栓通(冻干),,INJECTION,注射液,每支装,TRADITIONAL_PRESENTATION,,,,,[],SOURCE_UNVERIFIED,否
STD-EF07CBDD069502C974D35165,GEN-BAEEA49A4D17FD7C316E2986,MED-2026-T108,血栓通胶囊(注射液)、注射用血栓通(冻干),,INJECTION,注射液,每支装2ml:70mg(三七总皂苷),TRADITIONAL_PRESENTATION,,,,,[],SOURCE_UNVERIFIED,否
STD-624D7FDE7A152DEED2E348F9,GEN-D9D31DCC6FF23746A1706F85,MED-2026-T109,血塞通胶囊(软胶囊、滴丸、注射液)、注射用血塞通(冻干),,CAPSULE,胶囊,100mg,TRADITIONAL_PRESENTATION,,,,,[],SOURCE_UNVERIFIED,否
STD-1DDA620359ACC00E53E8E79B,GEN-D9D31DCC6FF23746A1706F85,MED-2026-T109,血塞通胶囊(软胶囊、滴丸、注射液)、注射用血塞通(冻干),,CAPSULE,胶囊,50mg,TRADITIONAL_PRESENTATION,,,,,[],SOURCE_UNVERIFIED,否
STD-7C59CAF74D51EF160491AEBF,GEN-D9D31DCC6FF23746A1706F85,MED-2026-T109,血塞通胶囊(软胶囊、滴丸、注射液)、注射用血塞通(冻干),,DROPPING_PILL,滴丸剂,"每丸含三七总皂苷 5mg,每丸重 28mg(含三七总皂苷 10mg)、45mg(含三七总皂苷 10mg)",TRADITIONAL_PRESENTATION,,,,,[],SOURCE_UNVERIFIED,否
STD-AB1976B22525DC38B06B5BCD,GEN-D9D31DCC6FF23746A1706F85,MED-2026-T109,血塞通胶囊(软胶囊、滴丸、注射液)、注射用血塞通(冻干),,INJECTION,注射液,每支装 10ml:250mg,TRADITIONAL_PRESENTATION,,,,,[],SOURCE_UNVERIFIED,否
STD-97000C916922BFEDC6AFAC88,GEN-D9D31DCC6FF23746A1706F85,MED-2026-T109,血塞通胶囊(软胶囊、滴丸、注射液)、注射用血塞通(冻干),,INJECTION,注射液,每支装 2ml:100mg,TRADITIONAL_PRESENTATION,,,,,[],SOURCE_UNVERIFIED,否
STD-7D63B9D61A9A2898B8DDCAD6,GEN-D9D31DCC6FF23746A1706F85,MED-2026-T109,血塞通胶囊(软胶囊、滴丸、注射液)、注射用血塞通(冻干),,INJECTION,注射液,每支装 5ml:250mg,TRADITIONAL_PRESENTATION,,,,,[],SOURCE_UNVERIFIED,否
STD-C44B2BB9B196746FB9A1893E,GEN-D9D31DCC6FF23746A1706F85,MED-2026-T109,血塞通胶囊(软胶囊、滴丸、注射液)、注射用血塞通(冻干),,POWDER_FOR_INJECTION,注射用无菌粉末,每支装100mg,TRADITIONAL_PRESENTATION,,,,,[],SOURCE_UNVERIFIED,否
STD-BAAA85B9103ECF318686EB80,GEN-D9D31DCC6FF23746A1706F85,MED-2026-T109,血塞通胶囊(软胶囊、滴丸、注射液)、注射用血塞通(冻干),,POWDER_FOR_INJECTION,注射用无菌粉末,每支装200mg,TRADITIONAL_PRESENTATION,,,,,[],SOURCE_UNVERIFIED,否
STD-9D6BFEC966B811ABB08A8575,GEN-D9D31DCC6FF23746A1706F85,MED-2026-T109,血塞通胶囊(软胶囊、滴丸、注射液)、注射用血塞通(冻干),,POWDER_FOR_INJECTION,注射用无菌粉末,每支装400mg,TRADITIONAL_PRESENTATION,,,,,[],SOURCE_UNVERIFIED,否
STD-C778AFED48F9F4F57A52F3F9,GEN-D9D31DCC6FF23746A1706F85,MED-2026-T109,血塞通胶囊(软胶囊、滴丸、注射液)、注射用血塞通(冻干),,SOFT_CAPSULE,软胶囊,每粒装 0.33g(含三七总皂苷60mg)、0.33g(含三七总皂苷120mg)、0.55g(含三七总皂苷100mg),TRADITIONAL_PRESENTATION,,,,,[],SOURCE_UNVERIFIED,否
STD-8AA4DC0C260BEC356BCE5D03,GEN-3C899C435D2120834F74AD37,MED-2026-T110,丹参注射液,,INJECTION,注射液,每支装10ml,TRADITIONAL_PRESENTATION,,,,,[],SOURCE_UNVERIFIED,否
STD-ADE4F7EA7EC6512BEADF7A86,GEN-3C899C435D2120834F74AD37,MED-2026-T110,丹参注射液,,INJECTION,注射液,每支装2ml,TRADITIONAL_PRESENTATION,,,,,[],SOURCE_UNVERIFIED,否
STD-A9920EA0F0781CEF864D4EDA,GEN-56FD242E243CD97F68FA341F,MED-2026-T111,银杏叶胶囊(片、滴丸),,CAPSULE,胶囊,"每粒含总黄酮醇苷 9.6mg、萜类内酯 2.4mg ,每粒含总黄酮醇苷19.2mg、萜类内酯 4.8mg",TRADITIONAL_PRESENTATION,,,,,[],SOURCE_UNVERIFIED,否
STD-826AC9859EC4337748AD9F32,GEN-56FD242E243CD97F68FA341F,MED-2026-T111,银杏叶胶囊(片、滴丸),,DROPPING_PILL,滴丸剂,每丸重 60mg(相当于银杏叶提取物 16mg),TRADITIONAL_PRESENTATION,,,,,[],SOURCE_UNVERIFIED,否
STD-4E953C36D9D6CB678CE02C14,GEN-56FD242E243CD97F68FA341F,MED-2026-T111,银杏叶胶囊(片、滴丸),,DROPPING_PILL,滴丸剂,每丸重 63mg(相当于银杏叶提取物 16mg)(薄膜衣丸),TRADITIONAL_PRESENTATION,,,,,[],SOURCE_UNVERIFIED,否
STD-560CCD354BC9F10B59276C65,GEN-56FD242E243CD97F68FA341F,MED-2026-T111,银杏叶胶囊(片、滴丸),,TABLET,片剂,"每片含总黄酮醇苷 9.6mg、萜类内酯 2.4mg ,每片含总黄酮醇苷19.2mg、萜类内酯 4.8mg",TRADITIONAL_PRESENTATION,,,,,[],SOURCE_UNVERIFIED,否
STD-08DBFDB45C6EB94BFF037B89,GEN-2AE8103F96D64CFC184DDA96,MED-2026-T112,银丹心脑通软胶囊,,SOFT_CAPSULE,软胶囊,每粒装 0.4g,TRADITIONAL_PRESENTATION,,,,,[],SOURCE_UNVERIFIED,否
STD-DEDC8595D1F9D063218FE41F,GEN-8D00E6768E5A1A1E3A6368D0,MED-2026-T113,瘀血痹胶囊(颗粒、片剂),,CAPSULE,胶囊,每粒装 0.4g,TRADITIONAL_PRESENTATION,,,,,[],SOURCE_UNVERIFIED,否
STD-94C83BFE4B8EDDB2DF4E8D9B,GEN-8D00E6768E5A1A1E3A6368D0,MED-2026-T113,瘀血痹胶囊(颗粒、片剂),,GRANULE,颗粒剂,每袋装 10g,TRADITIONAL_PRESENTATION,,,,,[],SOURCE_UNVERIFIED,否
STD-76E7061A7348033E8635F646,GEN-8D00E6768E5A1A1E3A6368D0,MED-2026-T113,瘀血痹胶囊(颗粒、片剂),,TABLET,片剂,每片重 0.5g,TRADITIONAL_PRESENTATION,,,,,[],SOURCE_UNVERIFIED,否
STD-A72407099879E85CDFC046A7,GEN-B1AFA6D844F5BEC473EF5258,MED-2026-T114,麝香保心丸,,PILL,丸剂,每丸重 22.5mg,TRADITIONAL_PRESENTATION,,,,,[],SOURCE_UNVERIFIED,否
STD-893BCCB0FFD45539529F12E9,GEN-3952B03DFF6D4497C86FF86C,MED-2026-T115,脑心通丸(胶囊),,CAPSULE,胶囊,每粒装 0.4g,TRADITIONAL_PRESENTATION,,,,,[],SOURCE_UNVERIFIED,否
STD-4A0020862B9DE115C1EB0EDC,GEN-3952B03DFF6D4497C86FF86C,MED-2026-T115,脑心通丸(胶囊),,PILL,丸剂,每袋装 0.8g,TRADITIONAL_PRESENTATION,,,,,[],SOURCE_UNVERIFIED,否
STD-515F6D640754ECCAACB3CCC5,GEN-3FEB61574392E7AD10641656,MED-2026-T116,诺迪康胶囊(颗粒),,CAPSULE,胶囊,每粒装 0.28g,TRADITIONAL_PRESENTATION,,,,,[],SOURCE_UNVERIFIED,否
STD-8FBCD68DAF0C9E2E73E190EE,GEN-3FEB61574392E7AD10641656,MED-2026-T116,诺迪康胶囊(颗粒),,GRANULE,颗粒剂,每袋装 5g,TRADITIONAL_PRESENTATION,,,,,[],SOURCE_UNVERIFIED,否
STD-503480458DD94021B0779F13,GEN-9927A62A4644B195363B9566,MED-2026-T117,血栓心脉宁胶囊,,CAPSULE,胶囊,每粒装 0.5g,TRADITIONAL_PRESENTATION,,,,,[],SOURCE_UNVERIFIED,否
STD-43A154ADFC899F232F6B570A,GEN-67BE086BE0811D88BC78A2F2,MED-2026-T118,参松养心胶囊,,CAPSULE,胶囊,每粒装 0.4g,TRADITIONAL_PRESENTATION,,,,,[],SOURCE_UNVERIFIED,否
STD-AA059E3885AC981DE4582FFE,GEN-210FA3B4468CE5B32B2CC1F0,MED-2026-T119,益心舒颗粒(胶囊、片),,CAPSULE,胶囊,每粒装 0.4g,TRADITIONAL_PRESENTATION,,,,,[],SOURCE_UNVERIFIED,否
STD-AA43881674CBB62B5304FCEE,GEN-210FA3B4468CE5B32B2CC1F0,MED-2026-T119,益心舒颗粒(胶囊、片),,GRANULE,颗粒剂,每袋相当于饮片 4g,TRADITIONAL_PRESENTATION,,,,,[],SOURCE_UNVERIFIED,否
STD-3ED16B98689D01148E876753,GEN-210FA3B4468CE5B32B2CC1F0,MED-2026-T119,益心舒颗粒(胶囊、片),,GRANULE,颗粒剂,每袋装 4g,TRADITIONAL_PRESENTATION,,,,,[],SOURCE_UNVERIFIED,否
STD-D933A9CAEE9BF9064B95106E,GEN-210FA3B4468CE5B32B2CC1F0,MED-2026-T119,益心舒颗粒(胶囊、片),,TABLET,片剂,每片重 0.4g(相当于饮片 1g),TRADITIONAL_PRESENTATION,,,,,[],SOURCE_UNVERIFIED,否
STD-60D872F3337962759856D7B8,GEN-210FA3B4468CE5B32B2CC1F0,MED-2026-T119,益心舒颗粒(胶囊、片),,TABLET,片剂,每片重0.6g,TRADITIONAL_PRESENTATION,,,,,[],SOURCE_UNVERIFIED,否
STD-BF4AE43FE25B21D30914B77B,GEN-DD78CD9191166EF8838249C7,MED-2026-T120,补肺活血胶囊,,CAPSULE,胶囊,每粒装 0.35g,TRADITIONAL_PRESENTATION,,,,,[],SOURCE_UNVERIFIED,否
STD-E7BEE0CC52EFC77A7B697204,GEN-3E139753243C6111FEE62410,MED-2026-T121,灯盏生脉胶囊,,CAPSULE,胶囊,每粒装 0.18g,TRADITIONAL_PRESENTATION,,,,,[],SOURCE_UNVERIFIED,否
STD-E14A930EB36DF58A1FF7EF71,GEN-46F43242E6A398C822A5BE4E,MED-2026-T122,活心丸,,PILL,丸剂,每素丸重 20mg,TRADITIONAL_PRESENTATION,,,,,[],SOURCE_UNVERIFIED,否
STD-BA83926A721ADA917BA431FE,GEN-8707E8B02C4BABAB98059B7B,MED-2026-T123,芪参益气滴丸,,DROPPING_PILL,滴丸剂,每袋装 0.52g(每 38 丸重 1g),TRADITIONAL_PRESENTATION,,,,,[],SOURCE_UNVERIFIED,否
STD-6EBFCD6C2716AB7C492012A1,GEN-8707E8B02C4BABAB98059B7B,MED-2026-T123,芪参益气滴丸,,DROPPING_PILL,滴丸剂,每袋装 0.5g(每 40 丸重 1g),TRADITIONAL_PRESENTATION,,,,,[],SOURCE_UNVERIFIED,否
STD-51BE5D2AB84D4740A3AFC7A6,GEN-D23A157C7D913371424AEF11,MED-2026-T124,养心氏片,,TABLET,片剂,每片重 0.3g,TRADITIONAL_PRESENTATION,,,,,[],SOURCE_UNVERIFIED,否
STD-99EA9F5B4B0C17C1D07F30CC,GEN-D23A157C7D913371424AEF11,MED-2026-T124,养心氏片,,TABLET,片剂,每片重0.6g,TRADITIONAL_PRESENTATION,,,,,[],SOURCE_UNVERIFIED,否
STD-A9EE3A98AD0A8D8E034E10E2,GEN-35B5CCF9BF8273B2834B46B6,MED-2026-T125,救心丸,,PILL,丸剂,每 10 粒重 0.25g,TRADITIONAL_PRESENTATION,,,,,[],SOURCE_UNVERIFIED,否
STD-2415D5FD7502BAD064FEF4AE,GEN-2BA18798254FA0FF248EC8C4,MED-2026-T126,扶正化瘀片(胶囊),,CAPSULE,胶囊,每粒装 0.3g,TRADITIONAL_PRESENTATION,,,,,[],SOURCE_UNVERIFIED,否
STD-D6CC1FABF3453D941BFD9F76,GEN-2BA18798254FA0FF248EC8C4,MED-2026-T126,扶正化瘀片(胶囊),,CAPSULE,胶囊,每粒装0.5g,TRADITIONAL_PRESENTATION,,,,,[],SOURCE_UNVERIFIED,否
STD-01820762295DF5D759715877,GEN-2BA18798254FA0FF248EC8C4,MED-2026-T126,扶正化瘀片(胶囊),,TABLET,片剂,每片重 0.4g,TRADITIONAL_PRESENTATION,,,,,[],SOURCE_UNVERIFIED,否
STD-3D723DE99E3011D04A6A8F42,GEN-2BA18798254FA0FF248EC8C4,MED-2026-T126,扶正化瘀片(胶囊),,TABLET,片剂,每片重0.8g,TRADITIONAL_PRESENTATION,,,,,[],SOURCE_UNVERIFIED,否
STD-233AD52B40DF5FA8A1905ED7,GEN-6E12776F7BE12C9A671934BE,MED-2026-T128,冠心苏合丸(胶囊、软胶囊),,CAPSULE,胶囊,每粒装 0.35g,TRADITIONAL_PRESENTATION,,,,,[],SOURCE_UNVERIFIED,否
STD-A10C33444A0D36E3FEEFAC95,GEN-6E12776F7BE12C9A671934BE,MED-2026-T128,冠心苏合丸(胶囊、软胶囊),,PILL,丸剂,每丸重 1g,TRADITIONAL_PRESENTATION,,,,,[],SOURCE_UNVERIFIED,否
STD-AD867C688442580603B69D53,GEN-6E12776F7BE12C9A671934BE,MED-2026-T128,冠心苏合丸(胶囊、软胶囊),,SOFT_CAPSULE,软胶囊,每粒装 0.31g,TRADITIONAL_PRESENTATION,,,,,[],SOURCE_UNVERIFIED,否
STD-93C9545C543533BEEC3E5DAE,GEN-6E12776F7BE12C9A671934BE,MED-2026-T128,冠心苏合丸(胶囊、软胶囊),,SOFT_CAPSULE,软胶囊,每粒装0.5g,TRADITIONAL_PRESENTATION,,,,,[],SOURCE_UNVERIFIED,否
STD-F8D67D7DE2FE626AA5395FD3,GEN-7D92FFA51BA77389B3590ED3,MED-2026-T129,地奥心血康胶囊(软胶囊),,CAPSULE,胶囊,每粒含地奥心血康100mg,TRADITIONAL_PRESENTATION,,,,,[],SOURCE_UNVERIFIED,否
STD-60BF8C94EECC9E715CD5C406,GEN-7D92FFA51BA77389B3590ED3,MED-2026-T129,地奥心血康胶囊(软胶囊),,SOFT_CAPSULE,软胶囊,每粒装 0.35g(含甾体总皂苷 100mg),TRADITIONAL_PRESENTATION,,,,,[],SOURCE_UNVERIFIED,否
STD-9C69508C6CA2CA1342444697,GEN-909790517DFD3489E1F73625,MED-2026-T130,通心络胶囊,,CAPSULE,胶囊,每粒装 0.26g,TRADITIONAL_PRESENTATION,,,,,[],SOURCE_UNVERIFIED,否
STD-916315D371A1859CCBEF3543,GEN-1D17AB5C6D1B8AB8E7FB1333,MED-2026-T131,灯盏花素片,,TABLET,片剂,每片含灯盏花素20mg 、40mg,TRADITIONAL_PRESENTATION,,,,,[],SOURCE_UNVERIFIED,否
STD-EF5430A0E737EFEB9B505079,GEN-D58A28721DF87BA82A490C07,MED-2026-T132,脑安颗粒(胶囊、片、滴丸),,CAPSULE,胶囊,每粒装 0.4g,TRADITIONAL_PRESENTATION,,,,,[],SOURCE_UNVERIFIED,否
STD-D00537F2FC5398ED70D29A4B,GEN-D58A28721DF87BA82A490C07,MED-2026-T132,脑安颗粒(胶囊、片、滴丸),,DROPPING_PILL,滴丸剂,每丸重 50mg,TRADITIONAL_PRESENTATION,,,,,[],SOURCE_UNVERIFIED,否
STD-4AE1280FE53FA2BC5FEB7DDD,GEN-D58A28721DF87BA82A490C07,MED-2026-T132,脑安颗粒(胶囊、片、滴丸),,GRANULE,颗粒剂,每袋装 1.2g,TRADITIONAL_PRESENTATION,,,,,[],SOURCE_UNVERIFIED,否
STD-A4B33450125C9F26BD967773,GEN-D58A28721DF87BA82A490C07,MED-2026-T132,脑安颗粒(胶囊、片、滴丸),,TABLET,片剂,每片重 0.53g,TRADITIONAL_PRESENTATION,,,,,[],SOURCE_UNVERIFIED,否
STD-32699ACFF48278069669C6F4,GEN-5007C58F9193740417529E25,MED-2026-T133,脉血康胶囊,,CAPSULE,胶囊,每粒装 0.25g,TRADITIONAL_PRESENTATION,,,,,[],SOURCE_UNVERIFIED,否
STD-0EB0652790149D7CE8A271CD,GEN-331220551D578B64F88A0090,MED-2026-T134,大黄䗪虫丸(片、胶囊),,CAPSULE,胶囊,每粒装 0.4g,TRADITIONAL_PRESENTATION,,,,,[],SOURCE_UNVERIFIED,否
STD-97ADF5D451FE958BBF22B4B1,GEN-331220551D578B64F88A0090,MED-2026-T134,大黄䗪虫丸(片、胶囊),,PILL,丸剂,每丸重 3g,TRADITIONAL_PRESENTATION,,,,,[],SOURCE_UNVERIFIED,否
STD-00321969FE41CC3A0BE92D2F,GEN-331220551D578B64F88A0090,MED-2026-T134,大黄䗪虫丸(片、胶囊),,TABLET,片剂,每片重 0.52g,TRADITIONAL_PRESENTATION,,,,,[],SOURCE_UNVERIFIED,否
STD-A0406BE8ADF0A169A22903E7,GEN-7521E535B58B6F3F4F4BD357,MED-2026-T135,血府逐瘀丸(片、口服液、胶囊),,CAPSULE,胶囊,每粒装 0.4g,TRADITIONAL_PRESENTATION,,,,,[],SOURCE_UNVERIFIED,否
STD-C743D97F3D53571B13145D6D,GEN-7521E535B58B6F3F4F4BD357,MED-2026-T135,血府逐瘀丸(片、口服液、胶囊),,PILL,丸剂,每 10 丸重 2g,TRADITIONAL_PRESENTATION,,,,,[],SOURCE_UNVERIFIED,否
STD-EC7405A47A6B74D61B894AB7,GEN-7521E535B58B6F3F4F4BD357,MED-2026-T135,血府逐瘀丸(片、口服液、胶囊),,PILL,丸剂,每 60 粒重 6g,TRADITIONAL_PRESENTATION,,,,,[],SOURCE_UNVERIFIED,否
STD-374E7CDD8E65DB09A6708C1E,GEN-7521E535B58B6F3F4F4BD357,MED-2026-T135,血府逐瘀丸(片、口服液、胶囊),,PILL,丸剂,每丸重 9g,TRADITIONAL_PRESENTATION,,,,,[],SOURCE_UNVERIFIED,否
STD-2458541A2EA3E7BF8BDAA68C,GEN-7521E535B58B6F3F4F4BD357,MED-2026-T135,血府逐瘀丸(片、口服液、胶囊),,TABLET,片剂,每片重 0.4g,TRADITIONAL_PRESENTATION,,,,,[],SOURCE_UNVERIFIED,否
STD-104CEB6096E0B9D34C0A0BE9,GEN-7521E535B58B6F3F4F4BD357,MED-2026-T135,血府逐瘀丸(片、口服液、胶囊),,TABLET,片剂,每片重0.42g(相当于饮片 0.74g),TRADITIONAL_PRESENTATION,,,,,[],SOURCE_UNVERIFIED,否
STD-4B6F38555033F77246F21372,GEN-7521E535B58B6F3F4F4BD357,MED-2026-T135,血府逐瘀丸(片、口服液、胶囊),,TABLET,片剂,每片重0.45g合剂:每支装 10ml,TRADITIONAL_PRESENTATION,,,,,[],SOURCE_UNVERIFIED,否
STD-D9760035D1F23B73851FEF55,GEN-E0D783BF9A6008F965D68EE4,MED-2026-T136,复方丹参片(颗粒、胶囊、滴丸),,CAPSULE,胶囊,每粒装 0.3g,TRADITIONAL_PRESENTATION,,,,,[],SOURCE_UNVERIFIED,否
STD-568183728768B0A2EFDC9B38,GEN-E0D783BF9A6008F965D68EE4,MED-2026-T136,复方丹参片(颗粒、胶囊、滴丸),,DROPPING_PILL,滴丸剂,薄膜衣滴丸每丸重 27mg,TRADITIONAL_PRESENTATION,,,,,[],SOURCE_UNVERIFIED,否
STD-061AF16181809FE79D9C28EE,GEN-E0D783BF9A6008F965D68EE4,MED-2026-T136,复方丹参片(颗粒、胶囊、滴丸),,TABLET,片剂,每片重 0.3g,TRADITIONAL_PRESENTATION,,,,,[],SOURCE_UNVERIFIED,否
STD-6C7694582A6F26C7FDB0C93A,GEN-E0D783BF9A6008F965D68EE4,MED-2026-T136,复方丹参片(颗粒、胶囊、滴丸),,TABLET,片剂,每片重0.32g(相当于饮片 0.6g),TRADITIONAL_PRESENTATION,,,,,[],SOURCE_UNVERIFIED,否
STD-1375A4C12FC17949FB13908B,GEN-E0D783BF9A6008F965D68EE4,MED-2026-T136,复方丹参片(颗粒、胶囊、滴丸),,TABLET,片剂,每片重0.8g(相当于饮片 1.8g)颗粒剂:每袋装 1g,TRADITIONAL_PRESENTATION,,,,,[],SOURCE_UNVERIFIED,否
STD-2BE8B700810AD225266DC494,GEN-8F3651346CE9236718DC4D5E,MED-2026-T137,速效救心丸,,DROPPING_PILL,滴丸剂,每丸重 40mg,TRADITIONAL_PRESENTATION,,,,,[],SOURCE_UNVERIFIED,否
STD-9B68F51B2AD0A919A4C90EC0,GEN-927B22623E5D91DBFAF12B29,MED-2026-T138,心可舒胶囊(片),,CAPSULE,胶囊,每粒装 0.3g(相当于饮片 1.175g),TRADITIONAL_PRESENTATION,,,,,[],SOURCE_UNVERIFIED,否
STD-545E75CE79D1CD4F10BA9CC1,GEN-927B22623E5D91DBFAF12B29,MED-2026-T138,心可舒胶囊(片),,TABLET,片剂,每片重 0.31g,TRADITIONAL_PRESENTATION,,,,,[],SOURCE_UNVERIFIED,否
STD-B05AE59086625F51D4F27E6C,GEN-927B22623E5D91DBFAF12B29,MED-2026-T138,心可舒胶囊(片),,TABLET,片剂,每片重0.62g,TRADITIONAL_PRESENTATION,,,,,[],SOURCE_UNVERIFIED,否
STD-7E5EA31CE3FC146F6E16DC27,GEN-3FF8460F7B605C18211041FC,MED-2026-T139,脉络宁注射液,,INJECTION,注射液,每支装 10ml,TRADITIONAL_PRESENTATION,,,,,[],SOURCE_UNVERIFIED,否
STD-34C831A8A9F705B16BA6BE82,GEN-6C7C5EF142F9480FBA0C676A,MED-2026-T140,平消胶囊(片),,CAPSULE,胶囊,每粒装 0.23g,TRADITIONAL_PRESENTATION,,,,,[],SOURCE_UNVERIFIED,否
STD-2F4513A542A470E3E7D4F3EE,GEN-6C7C5EF142F9480FBA0C676A,MED-2026-T140,平消胶囊(片),,TABLET,片剂,每片重 0.23g,TRADITIONAL_PRESENTATION,,,,,[],SOURCE_UNVERIFIED,否
STD-77C220075AD340ED914C6EFA,GEN-6C7C5EF142F9480FBA0C676A,MED-2026-T140,平消胶囊(片),,TABLET,片剂,每片重0.24g(相当于饮片 0.405g),TRADITIONAL_PRESENTATION,,,,,[],SOURCE_UNVERIFIED,否
STD-BA3CC287224F763E0A718800,GEN-4550E1E6202C9845A4B28231,MED-2026-T141,华蟾素片(胶囊),,CAPSULE,胶囊,每粒装 0.25g(相当于饮片 3.5g),TRADITIONAL_PRESENTATION,,,,,[],SOURCE_UNVERIFIED,否
STD-BA8D0AFCCE9BC709380100BC,GEN-4550E1E6202C9845A4B28231,MED-2026-T141,华蟾素片(胶囊),,CAPSULE,胶囊,每粒装0.3g,TRADITIONAL_PRESENTATION,,,,,[],SOURCE_UNVERIFIED,否
STD-091F083FA74CEF1F05D79C80,GEN-4550E1E6202C9845A4B28231,MED-2026-T141,华蟾素片(胶囊),,TABLET,片剂,每片重 0.3g,TRADITIONAL_PRESENTATION,,,,,[],SOURCE_UNVERIFIED,否
STD-005DC3FFD4F72959EB38BCAB,GEN-EB43420858EBD10353F3C04B,MED-2026-T142,复方斑蝥胶囊,,CAPSULE,胶囊,每粒装 0.25g,TRADITIONAL_PRESENTATION,,,,,[],SOURCE_UNVERIFIED,否
STD-45972212E7E1C48596BE176F,GEN-9D1C4293AA4F9B7B278FFEF8,MED-2026-T143,通关藤(消癌平)片(胶囊、口服液),,CAPSULE,胶囊,每粒装 0.2g,TRADITIONAL_PRESENTATION,,,,,[],SOURCE_UNVERIFIED,否
STD-A17CC2EF12BD5D69335BE836,GEN-9D1C4293AA4F9B7B278FFEF8,MED-2026-T143,通关藤(消癌平)片(胶囊、口服液),,MIXTURE,合剂,每1ml 相当于饮片 1g,TRADITIONAL_PRESENTATION,,,,,[],SOURCE_UNVERIFIED,否
STD-4B51C309250917D44A2373A9,GEN-9D1C4293AA4F9B7B278FFEF8,MED-2026-T143,通关藤(消癌平)片(胶囊、口服液),,MIXTURE,合剂,每支装 10ml,TRADITIONAL_PRESENTATION,,,,,[],SOURCE_UNVERIFIED,否
STD-F321DAA4D996B809ABD9BC02,GEN-9D1C4293AA4F9B7B278FFEF8,MED-2026-T143,通关藤(消癌平)片(胶囊、口服液),,TABLET,片剂,每片重 0.3g,TRADITIONAL_PRESENTATION,,,,,[],SOURCE_UNVERIFIED,否
STD-F51A5891E97FBE30D1733BDC,GEN-9D1C4293AA4F9B7B278FFEF8,MED-2026-T143,通关藤(消癌平)片(胶囊、口服液),,TABLET,片剂,每片重0.32g,TRADITIONAL_PRESENTATION,,,,,[],SOURCE_UNVERIFIED,否
STD-D14A1C0B70A052D86B7B8FA9,GEN-A9D0C9A4EDF3D28188364744,MED-2026-T144,红金消结胶囊(片),,CAPSULE,胶囊,每粒装 0.4g,TRADITIONAL_PRESENTATION,,,,,[],SOURCE_UNVERIFIED,否
STD-DFDDF3AAEE85742DD7D8FB59,GEN-A9D0C9A4EDF3D28188364744,MED-2026-T144,红金消结胶囊(片),,TABLET,片剂,每片重 0.42g,TRADITIONAL_PRESENTATION,,,,,[],SOURCE_UNVERIFIED,否
STD-A56D79E9E2975CF8B1FA2C9B,GEN-A9D0C9A4EDF3D28188364744,MED-2026-T144,红金消结胶囊(片),,TABLET,片剂,每片重0.55g(相当于饮片 3.055g),TRADITIONAL_PRESENTATION,,,,,[],SOURCE_UNVERIFIED,否
STD-E65BEBF33CBAD0E49F63C04B,GEN-A9D0C9A4EDF3D28188364744,MED-2026-T144,红金消结胶囊(片),,TABLET,片剂,每片重0.5g,TRADITIONAL_PRESENTATION,,,,,[],SOURCE_UNVERIFIED,否
STD-E21EF8E20B6CB0F489E5DE5F,GEN-EBCD139269D5865AF0555E8B,MED-2026-T145,逍遥丸(颗粒),,PILL,丸剂,每 8 丸相当于原生药(原药材、饮片)3g,TRADITIONAL_PRESENTATION,,,,,[],SOURCE_UNVERIFIED,否
STD-2626B86AF3F20E6897CD3F92,GEN-EBCD139269D5865AF0555E8B,MED-2026-T145,逍遥丸(颗粒),,PILL,丸剂,每丸重 9g,TRADITIONAL_PRESENTATION,,,,,[],SOURCE_UNVERIFIED,否
STD-BEB036B6E43D452075B7E1B1,GEN-EBCD139269D5865AF0555E8B,MED-2026-T145,逍遥丸(颗粒),,PILL,丸剂,每袋装 6g,TRADITIONAL_PRESENTATION,,,,,[],SOURCE_UNVERIFIED,否
STD-29A4F79FD002AC4B36B43C24,GEN-EBCD139269D5865AF0555E8B,MED-2026-T145,逍遥丸(颗粒),,PILL,丸剂,每袋装15g,TRADITIONAL_PRESENTATION,,,,,[],SOURCE_UNVERIFIED,否
STD-89728F33F21796043CF74520,GEN-EBCD139269D5865AF0555E8B,MED-2026-T145,逍遥丸(颗粒),,PILL,丸剂,每袋装6g,TRADITIONAL_PRESENTATION,,,,,[],SOURCE_UNVERIFIED,否
STD-5426592021061721D1473AFE,GEN-EBCD139269D5865AF0555E8B,MED-2026-T145,逍遥丸(颗粒),,PILL,丸剂,每袋装9g颗粒剂:每袋装 5g(相当于饮片 10.0g),TRADITIONAL_PRESENTATION,,,,,[],SOURCE_UNVERIFIED,否
STD-08B05EFCFB9C369FDF18F2E6,GEN-59F4E71AFF6B1B5CB6FE4122,MED-2026-T146,丹栀逍遥丸,,PILL,丸剂,每袋装 6g,TRADITIONAL_PRESENTATION,,,,,[],SOURCE_UNVERIFIED,否
STD-B1D15E10A8836569C6A97C0C,GEN-FC228B9998B59F180B694293,MED-2026-T147,舒肝解郁胶囊,,CAPSULE,胶囊,每粒装 0.36g,TRADITIONAL_PRESENTATION,,,,,[],SOURCE_UNVERIFIED,否
STD-D58FF9D4199B6B50C2FD57AC,GEN-34560E387BEC3A743019D0DA,MED-2026-T148,解郁除烦胶囊,,CAPSULE,胶囊,每粒装 0.4g(相当于饮片 1.55g),TRADITIONAL_PRESENTATION,,,,,[],SOURCE_UNVERIFIED,否
STD-F4E1A13582F475520B53A079,GEN-8B4DBB94B8A8C576BA3C497F,MED-2026-T149,护肝片(颗粒、胶囊),,CAPSULE,胶囊,每粒装 0.35g,TRADITIONAL_PRESENTATION,,,,,[],SOURCE_UNVERIFIED,否
STD-18A10526753189AC93232014,GEN-8B4DBB94B8A8C576BA3C497F,MED-2026-T149,护肝片(颗粒、胶囊),,TABLET,片剂,每片重 0.35g(相当于饮片 1.255g),TRADITIONAL_PRESENTATION,,,,,[],SOURCE_UNVERIFIED,否
STD-200480F396DC387E5BFB0DB2,GEN-8B4DBB94B8A8C576BA3C497F,MED-2026-T149,护肝片(颗粒、胶囊),,TABLET,片剂,每片重0.36g(相当于饮片 1.255g),TRADITIONAL_PRESENTATION,,,,,[],SOURCE_UNVERIFIED,否
STD-0B9D9ACB8709AF975AC050A2,GEN-8B4DBB94B8A8C576BA3C497F,MED-2026-T149,护肝片(颗粒、胶囊),,TABLET,片剂,每片重0.38g颗粒剂:每袋装 2g,TRADITIONAL_PRESENTATION,,,,,[],SOURCE_UNVERIFIED,否
STD-4D036C77BCE653CBEAD65D5C,GEN-CD4ECD20C2528152604B6A37,MED-2026-T150,气滞胃痛颗粒(片),,GRANULE,颗粒剂,每袋装 2.5g,TRADITIONAL_PRESENTATION,,,,,[],SOURCE_UNVERIFIED,否
STD-50DB23F216AD1C391ED4D1AB,GEN-CD4ECD20C2528152604B6A37,MED-2026-T150,气滞胃痛颗粒(片),,GRANULE,颗粒剂,每袋装5g,TRADITIONAL_PRESENTATION,,,,,[],SOURCE_UNVERIFIED,否
STD-195D9C75155E0C88B6BA741E,GEN-CD4ECD20C2528152604B6A37,MED-2026-T150,气滞胃痛颗粒(片),,TABLET,片剂,每片重 0.5g,TRADITIONAL_PRESENTATION,,,,,[],SOURCE_UNVERIFIED,否
STD-822983DDB24946D8DFEA3D3E,GEN-4ABA18401CA5CBB93B815808,MED-2026-T151,胃苏颗粒,,GRANULE,颗粒剂,每袋相当于饮片16g,TRADITIONAL_PRESENTATION,,,,,[],SOURCE_UNVERIFIED,否
STD-51F619F15DF45F4A9BF16116,GEN-95EE6886E59F4B3A7F73FA46,MED-2026-T152,元胡止痛片(颗粒、胶囊、滴丸),,CAPSULE,胶囊,每粒装 0.25g,TRADITIONAL_PRESENTATION,,,,,[],SOURCE_UNVERIFIED,否
STD-8A7B68B1677204527F4C6CEB,GEN-95EE6886E59F4B3A7F73FA46,MED-2026-T152,元胡止痛片(颗粒、胶囊、滴丸),,CAPSULE,胶囊,每粒装0.45g,TRADITIONAL_PRESENTATION,,,,,[],SOURCE_UNVERIFIED,否
STD-49331D40F94787C1D2AF9B2F,GEN-95EE6886E59F4B3A7F73FA46,MED-2026-T152,元胡止痛片(颗粒、胶囊、滴丸),,DROPPING_PILL,滴丸剂,每 10 丸重 0.5g,TRADITIONAL_PRESENTATION,,,,,[],SOURCE_UNVERIFIED,否
STD-795D53DE823455204BA7CE14,GEN-95EE6886E59F4B3A7F73FA46,MED-2026-T152,元胡止痛片(颗粒、胶囊、滴丸),,GRANULE,颗粒剂,每袋装 5g,TRADITIONAL_PRESENTATION,,,,,[],SOURCE_UNVERIFIED,否
STD-5B67497EFD3CC4944BD963C3,GEN-95EE6886E59F4B3A7F73FA46,MED-2026-T152,元胡止痛片(颗粒、胶囊、滴丸),,TABLET,片剂,每片重 0.25g(相当于饮片 0.67g),TRADITIONAL_PRESENTATION,,,,,[],SOURCE_UNVERIFIED,否
STD-647BD2F7CE1A3DCEF3D39481,GEN-95EE6886E59F4B3A7F73FA46,MED-2026-T152,元胡止痛片(颗粒、胶囊、滴丸),,TABLET,片剂,每片重0.26g,TRADITIONAL_PRESENTATION,,,,,[],SOURCE_UNVERIFIED,否
STD-F3CBE8049E1EEEE6E34AE687,GEN-BC5D35DEC519883091A22D8D,MED-2026-T153,三九胃泰颗粒(胶囊),,CAPSULE,胶囊,每粒装 0.5g,TRADITIONAL_PRESENTATION,,,,,[],SOURCE_UNVERIFIED,否
STD-6BE0AECAA7B14FC283CF852E,GEN-BC5D35DEC519883091A22D8D,MED-2026-T153,三九胃泰颗粒(胶囊),,GRANULE,颗粒剂,每袋装10g,TRADITIONAL_PRESENTATION,,,,,[],SOURCE_UNVERIFIED,否
STD-850479E77444F483E0C6A09B,GEN-BC5D35DEC519883091A22D8D,MED-2026-T153,三九胃泰颗粒(胶囊),,GRANULE,颗粒剂,每袋装2.5g,TRADITIONAL_PRESENTATION,,,,,[],SOURCE_UNVERIFIED,否
STD-6EC7A89CB4A83ED9883597CF,GEN-BC5D35DEC519883091A22D8D,MED-2026-T153,三九胃泰颗粒(胶囊),,GRANULE,颗粒剂,每袋装20g,TRADITIONAL_PRESENTATION,,,,,[],SOURCE_UNVERIFIED,否
STD-0AC8E87214329D0649CB3C28,GEN-81CCC9DC8345333E2B273C82,MED-2026-T154,加味左金丸,,PILL,丸剂,每 100 丸重 6g,TRADITIONAL_PRESENTATION,,,,,[],SOURCE_UNVERIFIED,否
STD-8724DF7F1E9902CF5FFB41D1,GEN-F36C9CE1504ADCFBCBCC77BD,MED-2026-T155,荜铃胃痛颗粒,,GRANULE,颗粒剂,每袋相当于饮片20g,TRADITIONAL_PRESENTATION,,,,,[],SOURCE_UNVERIFIED,否
STD-0993F583F6D4F72F732F7E34,GEN-3E27172BDEDCD60BF1975D04,MED-2026-T156,荆花胃康胶丸,,CAPSULE,胶囊,每粒装 80mg,TRADITIONAL_PRESENTATION,,,,,[],SOURCE_UNVERIFIED,否
STD-265449905144FBB661AF6764,GEN-BE71F8EC047D1357F1120BCD,MED-2026-T157,颠茄片,,TABLET,片剂,每片含颠茄浸膏10mg,TRADITIONAL_PRESENTATION,,,,,[],SOURCE_UNVERIFIED,否
STD-6F33CF72A6DDE3611621DE2D,GEN-7A38CB8D22F9A0458F594892,MED-2026-T158,五灵胶囊,,CAPSULE,胶囊,每粒装 0.35g,TRADITIONAL_PRESENTATION,,,,,[],SOURCE_UNVERIFIED,否
STD-8011BDD2F7C7EFADCF7D9B43,GEN-7CDA2497FB50683DB7A79C2F,MED-2026-T159,枳术宽中胶囊,,CAPSULE,胶囊,每粒装 0.43g,TRADITIONAL_PRESENTATION,,,,,[],SOURCE_UNVERIFIED,否
STD-3744D7375DE5255407AF907B,GEN-405B854A499C87728036E6F4,MED-2026-T160,宽胸气雾剂,,AEROSOL,气雾剂,"每瓶含内容物5.8g,其中药液 2.7ml(含挥发油 0.6ml),每瓶 60揿,每揿重 69mg",TRADITIONAL_PRESENTATION,,,,,[],SOURCE_UNVERIFIED,否
STD-8EDC15809DD7F90B48325AE5,GEN-847FF9FE937D050B4F02AA16,MED-2026-T161,保和丸(颗粒、片),,GRANULE,颗粒剂,每袋装 4.5g,TRADITIONAL_PRESENTATION,,,,,[],SOURCE_UNVERIFIED,否
STD-1083407631108F5E9D3FB49B,GEN-847FF9FE937D050B4F02AA16,MED-2026-T161,保和丸(颗粒、片),,PILL,丸剂,每 8 丸相当于原生药 3g,TRADITIONAL_PRESENTATION,,,,,[],SOURCE_UNVERIFIED,否
STD-24BF2BAEA6446209EB040658,GEN-847FF9FE937D050B4F02AA16,MED-2026-T161,保和丸(颗粒、片),,PILL,丸剂,每丸重 9g,TRADITIONAL_PRESENTATION,,,,,[],SOURCE_UNVERIFIED,否
STD-494F2D222AF924049D0CDF0D,GEN-847FF9FE937D050B4F02AA16,MED-2026-T161,保和丸(颗粒、片),,PILL,丸剂,每袋装6g,TRADITIONAL_PRESENTATION,,,,,[],SOURCE_UNVERIFIED,否
STD-74DF2D8AB9874A50428A163B,GEN-847FF9FE937D050B4F02AA16,MED-2026-T161,保和丸(颗粒、片),,PILL,丸剂,每袋装9g,TRADITIONAL_PRESENTATION,,,,,[],SOURCE_UNVERIFIED,否
STD-F1161446E0D9A7BA987FA7EF,GEN-847FF9FE937D050B4F02AA16,MED-2026-T161,保和丸(颗粒、片),,TABLET,片剂,每片重 0.4g,TRADITIONAL_PRESENTATION,,,,,[],SOURCE_UNVERIFIED,否
STD-B19329C375B90BFD4541D5AB,GEN-BAB22B4EDF8411B8724B4C75,MED-2026-T162,六味安消散(胶囊),,CAPSULE,胶囊,每粒装 0.5g,TRADITIONAL_PRESENTATION,,,,,[],SOURCE_UNVERIFIED,否
STD-9BDB34862D6211B748D7CDF0,GEN-BAB22B4EDF8411B8724B4C75,MED-2026-T162,六味安消散(胶囊),,POWDER,散剂,每 1g相当于饮片 1g,TRADITIONAL_PRESENTATION,,,,,[],SOURCE_UNVERIFIED,否
STD-77DC15D60A1F9BD18631EDAD,GEN-BAB22B4EDF8411B8724B4C75,MED-2026-T162,六味安消散(胶囊),,POWDER,散剂,每袋装 18g,TRADITIONAL_PRESENTATION,,,,,[],SOURCE_UNVERIFIED,否
STD-8A64868C24C16BDE69B3ABDA,GEN-3EA4F02EDE1406D0A90302C5,MED-2026-T163,四磨汤口服液,,MIXTURE,合剂,每 1ml 相当于饮片0.15g,TRADITIONAL_PRESENTATION,,,,,[],SOURCE_UNVERIFIED,否
STD-3C44EB91A0E6BBE5DE832DEB,GEN-00DAE79AEA86F2D294A491C7,MED-2026-T164,川芎茶调丸(散、颗粒、片),,GRANULE,颗粒剂,每袋装 4g(相当于饮片 7.35g),TRADITIONAL_PRESENTATION,,,,,[],SOURCE_UNVERIFIED,否
STD-20F93A96C803E2246B4BE892,GEN-00DAE79AEA86F2D294A491C7,MED-2026-T164,川芎茶调丸(散、颗粒、片),,GRANULE,颗粒剂,每袋装7.8g,TRADITIONAL_PRESENTATION,,,,,[],SOURCE_UNVERIFIED,否
STD-6F11CC25AB5B652D264D133D,GEN-00DAE79AEA86F2D294A491C7,MED-2026-T164,川芎茶调丸(散、颗粒、片),,PILL,丸剂,每 8 丸相当于原药材 3g,TRADITIONAL_PRESENTATION,,,,,[],SOURCE_UNVERIFIED,否
STD-E2F5D7122CA064DA68A7CE20,GEN-00DAE79AEA86F2D294A491C7,MED-2026-T164,川芎茶调丸(散、颗粒、片),,PILL,丸剂,每袋装 6g,TRADITIONAL_PRESENTATION,,,,,[],SOURCE_UNVERIFIED,否
STD-0C903186B3F856301F426309,GEN-00DAE79AEA86F2D294A491C7,MED-2026-T164,川芎茶调丸(散、颗粒、片),,POWDER,散剂,每袋装 3g,TRADITIONAL_PRESENTATION,,,,,[],SOURCE_UNVERIFIED,否
STD-66AA22F0513B75C004012131,GEN-00DAE79AEA86F2D294A491C7,MED-2026-T164,川芎茶调丸(散、颗粒、片),,POWDER,散剂,每袋装6g,TRADITIONAL_PRESENTATION,,,,,[],SOURCE_UNVERIFIED,否
STD-1C6F249756256D2B97D6DFFD,GEN-00DAE79AEA86F2D294A491C7,MED-2026-T164,川芎茶调丸(散、颗粒、片),,TABLET,片剂,每片重 0.48g,TRADITIONAL_PRESENTATION,,,,,[],SOURCE_UNVERIFIED,否
STD-CD079613845DB876E83A24A5,GEN-C8376AD8E8ACC04A7771C15D,MED-2026-T165,通天口服液,,MIXTURE,合剂,每 1ml 相当于饮片0.53g,TRADITIONAL_PRESENTATION,,,,,[],SOURCE_UNVERIFIED,否
STD-36F0EDCD3E4E8EBFEE058DB8,GEN-9CDBCC7D04F8C98C58345C1F,MED-2026-T166,都梁滴丸(软胶囊),,DROPPING_PILL,滴丸剂,每丸重 30mg,TRADITIONAL_PRESENTATION,,,,,[],SOURCE_UNVERIFIED,否
STD-6D569F9C82FA5BB133E2C784,GEN-9CDBCC7D04F8C98C58345C1F,MED-2026-T166,都梁滴丸(软胶囊),,SOFT_CAPSULE,软胶囊,每粒装 0.54g,TRADITIONAL_PRESENTATION,,,,,[],SOURCE_UNVERIFIED,否
STD-225862AACFE0492CA491291A,GEN-3ED38348AF6B24153F212658,MED-2026-T167,松龄血脉康胶囊,,CAPSULE,胶囊,每粒装 0.5g,TRADITIONAL_PRESENTATION,,,,,[],SOURCE_UNVERIFIED,否
STD-3BDD977FF850A0D9049EDD25,GEN-55C428BD3715163FA3574959,MED-2026-T168,丹珍头痛胶囊,,CAPSULE,胶囊,每粒装 0.5g,TRADITIONAL_PRESENTATION,,,,,[],SOURCE_UNVERIFIED,否
STD-1995B3F1A1F13DD872996E9B,GEN-60321718AA200C37B1924F13,MED-2026-T169,强力定眩片(胶囊),,CAPSULE,胶囊,每粒装 0.4g,TRADITIONAL_PRESENTATION,,,,,[],SOURCE_UNVERIFIED,否
STD-2FB99108618003052F145309,GEN-60321718AA200C37B1924F13,MED-2026-T169,强力定眩片(胶囊),,TABLET,片剂,每片重 0.35g(相当于饮片 2.39g),TRADITIONAL_PRESENTATION,,,,,[],SOURCE_UNVERIFIED,否
STD-EBB0BEEF2F061FCDFF550E3C,GEN-4D9B58BDB058BDE312C1AE8D,MED-2026-T170,正天丸(胶囊),,CAPSULE,胶囊,每粒装 0.45g,TRADITIONAL_PRESENTATION,,,,,[],SOURCE_UNVERIFIED,否
STD-3003E3043E6EE6AE86204847,GEN-4D9B58BDB058BDE312C1AE8D,MED-2026-T170,正天丸(胶囊),,PILL,丸剂,每袋装 6g,TRADITIONAL_PRESENTATION,,,,,[],SOURCE_UNVERIFIED,否
STD-2CD0087E9B0484182545837F,GEN-1BC4263584F6165C489BDC5D,MED-2026-T171,养血清脑丸(颗粒),,GRANULE,颗粒剂,每袋装 4g,TRADITIONAL_PRESENTATION,,,,,[],SOURCE_UNVERIFIED,否
STD-C127B7E0260E6E7C898E8B62,GEN-1BC4263584F6165C489BDC5D,MED-2026-T171,养血清脑丸(颗粒),,PILL,丸剂,每袋装 2.5g,TRADITIONAL_PRESENTATION,,,,,[],SOURCE_UNVERIFIED,否
STD-7E20F682AA73604EA9413071,GEN-B55AA02BDD5B888A8BD5D9B2,MED-2026-T172,消银颗粒(片),,GRANULE,颗粒剂,3.5g/ 袋,TRADITIONAL_PRESENTATION,,,,,[],SOURCE_UNVERIFIED,否
STD-B91CEEFF9D6FD1C7D4FDBDEF,GEN-B55AA02BDD5B888A8BD5D9B2,MED-2026-T172,消银颗粒(片),,TABLET,片剂,每片重 0.3g,TRADITIONAL_PRESENTATION,,,,,[],SOURCE_UNVERIFIED,否
STD-E7C7F628CAB96FC9F1E8274F,GEN-B55AA02BDD5B888A8BD5D9B2,MED-2026-T172,消银颗粒(片),,TABLET,片剂,每片重0.32g,TRADITIONAL_PRESENTATION,,,,,[],SOURCE_UNVERIFIED,否
STD-AA4FEF2EA48518907E775931,GEN-560F1E48A283DA5A6F1AF0DF,MED-2026-T173,润燥止痒胶囊,,CAPSULE,胶囊,每粒装 0.5g,TRADITIONAL_PRESENTATION,,,,,[],SOURCE_UNVERIFIED,否
STD-1A603FFA2B6AB4F17A1CB711,GEN-06EFEA7787EDA6C413F6C08C,MED-2026-T175,小活络丸,,PILL,丸剂,每 6 丸相当于原生药(原药材)2.3g,TRADITIONAL_PRESENTATION,,,,,[],SOURCE_UNVERIFIED,否
STD-86D7FE06622596CC5309AD81,GEN-06EFEA7787EDA6C413F6C08C,MED-2026-T175,小活络丸,,PILL,丸剂,每丸重 3g,TRADITIONAL_PRESENTATION,,,,,[],SOURCE_UNVERIFIED,否
STD-3C7171C0E446B937BBB01CE8,GEN-D9B918854AA2EB8FFC90BBD3,MED-2026-T176,复方风湿宁胶囊(片),,CAPSULE,胶囊,每粒装 0.3g,TRADITIONAL_PRESENTATION,,,,,[],SOURCE_UNVERIFIED,否
STD-144068D3D22E3DBD78EC2C02,GEN-D9B918854AA2EB8FFC90BBD3,MED-2026-T176,复方风湿宁胶囊(片),,TABLET,片剂,每片重 0.2g,TRADITIONAL_PRESENTATION,,,,,[],SOURCE_UNVERIFIED,否
STD-A4A8C13B2A9824F1F5585D75,GEN-D9B918854AA2EB8FFC90BBD3,MED-2026-T176,复方风湿宁胶囊(片),,TABLET,片剂,每片重0.21g,TRADITIONAL_PRESENTATION,,,,,[],SOURCE_UNVERIFIED,否
STD-E7300021CF0FC004FD89F1FB,GEN-D9B918854AA2EB8FFC90BBD3,MED-2026-T176,复方风湿宁胶囊(片),,TABLET,片剂,每片重0.48g,TRADITIONAL_PRESENTATION,,,,,[],SOURCE_UNVERIFIED,否
STD-E82CD6140C5D03ABC411191D,GEN-F480DA95150C2C2E958205EA,MED-2026-T177,风湿骨痛胶囊(片),,CAPSULE,胶囊,每粒装 0.3g,TRADITIONAL_PRESENTATION,,,,,[],SOURCE_UNVERIFIED,否
STD-2A11B2876148FB45ABC14D04,GEN-F480DA95150C2C2E958205EA,MED-2026-T177,风湿骨痛胶囊(片),,TABLET,片剂,每片重 0.36g,TRADITIONAL_PRESENTATION,,,,,[],SOURCE_UNVERIFIED,否
STD-1407CA43B4CD76159EEB95FC,GEN-F480DA95150C2C2E958205EA,MED-2026-T177,风湿骨痛胶囊(片),,TABLET,片剂,每片重0.37g,TRADITIONAL_PRESENTATION,,,,,[],SOURCE_UNVERIFIED,否
STD-17379035E3C426721CB45AC5,GEN-4B997587F974E50F6E7981F1,MED-2026-T178,追风透骨丸,,PILL,丸剂,每 10 丸重 1g,TRADITIONAL_PRESENTATION,,,,,[],SOURCE_UNVERIFIED,否
STD-69B0A60BBE032B60F9FA7927,GEN-39C29E1D9C8EBAF398AAD009,MED-2026-T179,正清风痛宁缓释片(片、肠溶片),,ENTERIC_TABLET,肠溶片,每片含盐酸青藤碱 20mg,TRADITIONAL_PRESENTATION,,,,,[],SOURCE_UNVERIFIED,否
STD-D07084BAA15BCF822839B425,GEN-39C29E1D9C8EBAF398AAD009,MED-2026-T179,正清风痛宁缓释片(片、肠溶片),,EXTENDED_RELEASE_TABLET,缓释片,每片含盐酸青藤碱 60mg,TRADITIONAL_PRESENTATION,,,,,[],SOURCE_UNVERIFIED,否
STD-96D0D65D38EB98A6657864CE,GEN-39C29E1D9C8EBAF398AAD009,MED-2026-T179,正清风痛宁缓释片(片、肠溶片),,TABLET,片剂,每片含盐酸青藤碱20mg,TRADITIONAL_PRESENTATION,,,,,[],SOURCE_UNVERIFIED,否
STD-71A245D7D2E08940CE5EB3D8,GEN-0BB9C0AF9773515D54BBF246,MED-2026-T180,雷公藤多苷片,,TABLET,片剂,10mg,TRADITIONAL_PRESENTATION,,,,,[],SOURCE_UNVERIFIED,否
STD-992EA0A29A6690E37DE68CF2,GEN-A38D91B0B1E4A74C87A9E5CC,MED-2026-T181,五苓散(胶囊、片),,CAPSULE,胶囊,每粒装 0.45g,TRADITIONAL_PRESENTATION,,,,,[],SOURCE_UNVERIFIED,否
STD-2B4C3607E34E01E77DECF247,GEN-A38D91B0B1E4A74C87A9E5CC,MED-2026-T181,五苓散(胶囊、片),,POWDER,散剂,每袋装 6g,TRADITIONAL_PRESENTATION,,,,,[],SOURCE_UNVERIFIED,否
STD-A2A6239A564D1EF2F16609DB,GEN-A38D91B0B1E4A74C87A9E5CC,MED-2026-T181,五苓散(胶囊、片),,POWDER,散剂,每袋装9g,TRADITIONAL_PRESENTATION,,,,,[],SOURCE_UNVERIFIED,否
STD-3EEE679012BCACAE916AA6E7,GEN-A38D91B0B1E4A74C87A9E5CC,MED-2026-T181,五苓散(胶囊、片),,TABLET,片剂,每片重 0.35g,TRADITIONAL_PRESENTATION,,,,,[],SOURCE_UNVERIFIED,否
STD-4AF5A6FC63BD8B8A6ABF6B21,GEN-3CE626E8C6DBACEEB4ADFC64,MED-2026-T182,肾炎康复片,,TABLET,片剂,每片重 0.3g,TRADITIONAL_PRESENTATION,,,,,[],SOURCE_UNVERIFIED,否
STD-F9173F9B095FB585A99ACD32,GEN-3CE626E8C6DBACEEB4ADFC64,MED-2026-T182,肾炎康复片,,TABLET,片剂,每片重0.48g,TRADITIONAL_PRESENTATION,,,,,[],SOURCE_UNVERIFIED,否
STD-7C6E2A58BBF97B9E28B9E568,GEN-A8202D239EA370A2965A363C,MED-2026-T183,尿毒清颗粒,,GRANULE,颗粒剂,每袋装 5g,TRADITIONAL_PRESENTATION,,,,,[],SOURCE_UNVERIFIED,否
STD-F43AE2DDA76F5E2B1CDD7C88,GEN-CA1FB8FB02715CADBB6784D5,MED-2026-T184,黄葵胶囊,,CAPSULE,胶囊,每粒装 0.43g(相当于饮片 2g),TRADITIONAL_PRESENTATION,,,,,[],SOURCE_UNVERIFIED,否
STD-B1A1BFB131140396733FC9DE,GEN-1A3A99E92B539D17FCEE91F6,MED-2026-T185,癃清片(胶囊),,CAPSULE,胶囊,每粒装 0.4g,TRADITIONAL_PRESENTATION,,,,,[],SOURCE_UNVERIFIED,否
STD-AB18B98D97BCA4B1E2B81F93,GEN-1A3A99E92B539D17FCEE91F6,MED-2026-T185,癃清片(胶囊),,CAPSULE,胶囊,每粒装0.5g,TRADITIONAL_PRESENTATION,,,,,[],SOURCE_UNVERIFIED,否
STD-F2BAA00E2593BBB2A913630C,GEN-1A3A99E92B539D17FCEE91F6,MED-2026-T185,癃清片(胶囊),,TABLET,片剂,每片重 0.6g,TRADITIONAL_PRESENTATION,,,,,[],SOURCE_UNVERIFIED,否
STD-82AD32744A58FC627902C0DB,GEN-5CBBBD03C501B90344550139,MED-2026-T186,三金片,,TABLET,片剂,每片重 0.17g(相当于饮片2.1g),TRADITIONAL_PRESENTATION,,,,,[],SOURCE_UNVERIFIED,否
STD-4D6FC3C3C170842A3CBBE20D,GEN-5CBBBD03C501B90344550139,MED-2026-T186,三金片,,TABLET,片剂,每片重0.18g(相当于饮片2.1g),TRADITIONAL_PRESENTATION,,,,,[],SOURCE_UNVERIFIED,否
STD-12EF1C4AC224FDF902D87725,GEN-5CBBBD03C501B90344550139,MED-2026-T186,三金片,,TABLET,片剂,每片重0.28g(相当于饮片 3.5g),TRADITIONAL_PRESENTATION,,,,,[],SOURCE_UNVERIFIED,否
STD-1F16C6ECA4CAA1EE8A49B866,GEN-5CBBBD03C501B90344550139,MED-2026-T186,三金片,,TABLET,片剂,每片重0.32g(相当于饮片 3.5g),TRADITIONAL_PRESENTATION,,,,,[],SOURCE_UNVERIFIED,否
STD-DD37CC566E1D78BB68CED097,GEN-7C28ECB0CE72A9E4C70C7A04,MED-2026-T187,银花泌炎灵片,,TABLET,片剂,每片重 0.25g,TRADITIONAL_PRESENTATION,,,,,[],SOURCE_UNVERIFIED,否
STD-3654703EB6FA87C496A9EC54,GEN-7C28ECB0CE72A9E4C70C7A04,MED-2026-T187,银花泌炎灵片,,TABLET,片剂,每片重0.5g,TRADITIONAL_PRESENTATION,,,,,[],SOURCE_UNVERIFIED,否
STD-211D110A9748B1969EDCEF3C,GEN-118870F981F2215D3B160A3F,MED-2026-T188,癃闭舒胶囊(片),,CAPSULE,胶囊,每粒装 0.3g,TRADITIONAL_PRESENTATION,,,,,[],SOURCE_UNVERIFIED,否
STD-C8D4EE0DE5AB63E93B91AAFB,GEN-118870F981F2215D3B160A3F,MED-2026-T188,癃闭舒胶囊(片),,CAPSULE,胶囊,每粒装0.45g,TRADITIONAL_PRESENTATION,,,,,[],SOURCE_UNVERIFIED,否
STD-1A737268181BDCAC551D69EB,GEN-118870F981F2215D3B160A3F,MED-2026-T188,癃闭舒胶囊(片),,TABLET,片剂,每片重 0.3g,TRADITIONAL_PRESENTATION,,,,,[],SOURCE_UNVERIFIED,否
STD-A35E4854DC2FE54EFEC8EA1A,GEN-118870F981F2215D3B160A3F,MED-2026-T188,癃闭舒胶囊(片),,TABLET,片剂,每片重0.31g,TRADITIONAL_PRESENTATION,,,,,[],SOURCE_UNVERIFIED,否
STD-05785B02A336C34EBB503E58,GEN-ABB54C9242B281E3E5D98F87,MED-2026-T189,海昆肾喜胶囊,,CAPSULE,胶囊,每粒装 0.22g(含褐藻多糖硫酸酯 100mg),TRADITIONAL_PRESENTATION,,,,,[],SOURCE_UNVERIFIED,否
STD-42CD74CFF590B0EF4179E9E2,GEN-8028028174B5765C0818498A,MED-2026-T190,尿通卡克乃其片,,TABLET,片剂,每片重 0.5g,TRADITIONAL_PRESENTATION,,,,,[],SOURCE_UNVERIFIED,否
STD-616EF1778EFB11323306C634,GEN-F1283A6DF59B93D70D128215,MED-2026-T191,尪痹颗粒(胶囊、片),,CAPSULE,胶囊,每粒 0.55g,TRADITIONAL_PRESENTATION,,,,,[],SOURCE_UNVERIFIED,否
STD-BE9D849760EB49FA5A4930B1,GEN-F1283A6DF59B93D70D128215,MED-2026-T191,尪痹颗粒(胶囊、片),,GRANULE,颗粒剂,每袋装 3g,TRADITIONAL_PRESENTATION,,,,,[],SOURCE_UNVERIFIED,否
STD-228E95032D2244ABF1C52F92,GEN-F1283A6DF59B93D70D128215,MED-2026-T191,尪痹颗粒(胶囊、片),,GRANULE,颗粒剂,每袋装6g,TRADITIONAL_PRESENTATION,,,,,[],SOURCE_UNVERIFIED,否
STD-E053A22ED710EAE93D5F8DDA,GEN-F1283A6DF59B93D70D128215,MED-2026-T191,尪痹颗粒(胶囊、片),,TABLET,片剂,每片重 0.25g,TRADITIONAL_PRESENTATION,,,,,[],SOURCE_UNVERIFIED,否
STD-83BE9FC063373C1B5B3ABB3C,GEN-F1283A6DF59B93D70D128215,MED-2026-T191,尪痹颗粒(胶囊、片),,TABLET,片剂,每片重0.5g,TRADITIONAL_PRESENTATION,,,,,[],SOURCE_UNVERIFIED,否
STD-8E1A3830449E90B05C75F3F8,GEN-B39FDABA61F1677A19644B2E,MED-2026-T192,风湿液,,MEDICINAL_WINE,酒剂,每瓶装100ml,TRADITIONAL_PRESENTATION,,,,,[],SOURCE_UNVERIFIED,否
STD-3CA93A7391D19B1A9074482F,GEN-B39FDABA61F1677A19644B2E,MED-2026-T192,风湿液,,MEDICINAL_WINE,酒剂,每瓶装10ml,TRADITIONAL_PRESENTATION,,,,,[],SOURCE_UNVERIFIED,否
STD-3B1F403BF9B1D0B9F67E8B72,GEN-B39FDABA61F1677A19644B2E,MED-2026-T192,风湿液,,MEDICINAL_WINE,酒剂,每瓶装250ml,TRADITIONAL_PRESENTATION,,,,,[],SOURCE_UNVERIFIED,否
STD-E7F666441DD9AEA1DE51B619,GEN-94D9EA32D1EBC1CF3D3B1C21,MED-2026-T193,普乐安胶囊(片),,CAPSULE,胶囊,每粒装 0.375g,TRADITIONAL_PRESENTATION,,,,,[],SOURCE_UNVERIFIED,否
STD-616DA5917DCC0FA5E5476276,GEN-94D9EA32D1EBC1CF3D3B1C21,MED-2026-T193,普乐安胶囊(片),,TABLET,片剂,每片重 0.57g(含油菜花粉 0.5g)、0.64g(含油菜花粉 0.5g),TRADITIONAL_PRESENTATION,,,,,[],SOURCE_UNVERIFIED,否
STD-03F45B12865A61EA5E1B9609,GEN-E0B6881CEE0F49E9A8D0DB20,MED-2026-T194,克痢痧胶囊,,CAPSULE,胶囊,每粒装 0.28g,TRADITIONAL_PRESENTATION,,,,,[],SOURCE_UNVERIFIED,否
STD-781034DD6EA20B5263F21B16,GEN-BA6F6D521515E52818536455,MED-2026-T195,血脂康胶囊,,CAPSULE,胶囊,每粒装 0.3g,TRADITIONAL_PRESENTATION,,,,,[],SOURCE_UNVERIFIED,否
STD-5909BDEB2292CBC26337D854,GEN-766333BABCD3986FAB4E31C3,MED-2026-T196,荷丹片(胶囊),,CAPSULE,胶囊,每粒装 0.33g(相当于饮片 7.06g),TRADITIONAL_PRESENTATION,,,,,[],SOURCE_UNVERIFIED,否
STD-3BE759939A52D7C437FD1142,GEN-766333BABCD3986FAB4E31C3,MED-2026-T196,荷丹片(胶囊),,TABLET,片剂,每片重 0.73g(相当于饮片 14.125g),TRADITIONAL_PRESENTATION,,,,,[],SOURCE_UNVERIFIED,否
STD-5D9EFC31623BB43D61A39B15,GEN-08DFB32529996201D556AA9C,MED-2026-T197,缩泉丸(胶囊),,CAPSULE,胶囊,每粒装 0.3g,TRADITIONAL_PRESENTATION,,,,,[],SOURCE_UNVERIFIED,否
STD-67EF541760DDFE8D03BD6E8B,GEN-08DFB32529996201D556AA9C,MED-2026-T197,缩泉丸(胶囊),,PILL,丸剂,每 20 粒重 1g,TRADITIONAL_PRESENTATION,,,,,[],SOURCE_UNVERIFIED,否
STD-33D9F0F197666CDCEDF31D7A,GEN-3B6E25944D13274F3FD40717,MED-2026-T198,消炎利胆片(颗粒、胶囊),,CAPSULE,胶囊,每粒装 0.45g,TRADITIONAL_PRESENTATION,,,,,[],SOURCE_UNVERIFIED,否
STD-4BE0D327AFE50863AA2569A0,GEN-3B6E25944D13274F3FD40717,MED-2026-T198,消炎利胆片(颗粒、胶囊),,TABLET,片剂,每片重 0.24g,TRADITIONAL_PRESENTATION,,,,,[],SOURCE_UNVERIFIED,否
STD-E62DAA87352CD8168D386CE7,GEN-3B6E25944D13274F3FD40717,MED-2026-T198,消炎利胆片(颗粒、胶囊),,TABLET,片剂,每片重0.25g(相当于饮片 2.6g),TRADITIONAL_PRESENTATION,,,,,[],SOURCE_UNVERIFIED,否
STD-47111B2F48FF743CD8DC67BB,GEN-3B6E25944D13274F3FD40717,MED-2026-T198,消炎利胆片(颗粒、胶囊),,TABLET,片剂,每片重0.26g(相当于饮片 2.6g)颗粒剂:每袋装 2.5g,TRADITIONAL_PRESENTATION,,,,,[],SOURCE_UNVERIFIED,否
STD-6E5C43A36156E15B50E7C2AE,GEN-2F0FDE72A50226449A49A8C3,MED-2026-T199,金钱胆通颗粒,,GRANULE,颗粒剂,每 1g 相当于饮片3.56g,TRADITIONAL_PRESENTATION,,,,,[],SOURCE_UNVERIFIED,否
STD-E16941BEEE17E8DC3EE3E77D,GEN-CD96D07C3193606DDB6CB57E,MED-2026-T200,银屑胶囊(颗粒),,CAPSULE,胶囊,每粒装 0.45g(相当于饮片 6.75g),TRADITIONAL_PRESENTATION,,,,,[],SOURCE_UNVERIFIED,否
STD-BFD855C871C896B6A30F66A0,GEN-CD96D07C3193606DDB6CB57E,MED-2026-T200,银屑胶囊(颗粒),,GRANULE,颗粒剂,每袋装 6g(相当于饮片27g),TRADITIONAL_PRESENTATION,,,,,[],SOURCE_UNVERIFIED,否
STD-FF7359A768D1505E21040B23,GEN-CD96D07C3193606DDB6CB57E,MED-2026-T200,银屑胶囊(颗粒),,GRANULE,颗粒剂,每袋装15g(相当于原药材 27g),TRADITIONAL_PRESENTATION,,,,,[],SOURCE_UNVERIFIED,否
STD-1AE970CC39383B37627ECD7F,GEN-B30A776E837EE02323425B7C,MED-2026-T201,除湿止痒软膏,,OINTMENT,软膏剂,每支装 10g,TRADITIONAL_PRESENTATION,,,,,[],SOURCE_UNVERIFIED,否
STD-F33C2CE333CBAD809582C385,GEN-B30A776E837EE02323425B7C,MED-2026-T201,除湿止痒软膏,,OINTMENT,软膏剂,每支装20g,TRADITIONAL_PRESENTATION,,,,,[],SOURCE_UNVERIFIED,否
STD-FD4D81D1BF18EDFB4BDD12BE,GEN-F6A75F96AFE6120B47E940EC,MED-2026-T202,金蝉止痒胶囊,,CAPSULE,胶囊,每粒装 0.5g,TRADITIONAL_PRESENTATION,,,,,[],SOURCE_UNVERIFIED,否
STD-00829C333003E52193B37ACB,GEN-BD3F750732BF7C772D4F2FAD,MED-2026-T203,季德胜蛇药片,,TABLET,片剂,每片重 0.4g,TRADITIONAL_PRESENTATION,,,,,[],SOURCE_UNVERIFIED,否
STD-97715BA6FBF0C9EDDFE61051,GEN-92E4485B6CB87D0828AEB18C,MED-2026-T204,肛泰栓(软膏),,SUPPOSITORY,栓剂,含盐酸小檗碱 36mg,TRADITIONAL_PRESENTATION,,,,,[],SOURCE_UNVERIFIED,否
STD-59EFFFCF1A75921382EDC402,GEN-92E4485B6CB87D0828AEB18C,MED-2026-T204,肛泰栓(软膏),,SUPPOSITORY,栓剂,含盐酸小檗碱36mg,TRADITIONAL_PRESENTATION,,,,,[],SOURCE_UNVERIFIED,否
STD-2EA20441E28DFE8FBA20C93B,GEN-92E4485B6CB87D0828AEB18C,MED-2026-T204,肛泰栓(软膏),,SUPPOSITORY,栓剂,每粒相当于饮片0.086g,TRADITIONAL_PRESENTATION,,,,,[],SOURCE_UNVERIFIED,否
STD-354530524284FB9E2230256B,GEN-92E4485B6CB87D0828AEB18C,MED-2026-T204,肛泰栓(软膏),,SUPPOSITORY,栓剂,盐酸罂粟碱 7mg,TRADITIONAL_PRESENTATION,,,,,[],SOURCE_UNVERIFIED,否
STD-8887E8C8E68C615A1B056248,GEN-92E4485B6CB87D0828AEB18C,MED-2026-T204,肛泰栓(软膏),,SUPPOSITORY,栓剂,盐酸罂粟碱 7mg软膏剂:每 1g 相当于饮片 86mg,TRADITIONAL_PRESENTATION,,,,,[],SOURCE_UNVERIFIED,否
STD-AEB1449D72DAE2D97FAE71FD,GEN-306DD45758F1516D440AF1A6,MED-2026-T205,复方黄柏液涂剂(复方黄柏液),,LINIMENT,涂剂,每 1ml 相当于饮片0.2g,TRADITIONAL_PRESENTATION,,,,,[],SOURCE_UNVERIFIED,否
STD-2A656B9B2D23FD6F4603C3EA,GEN-A9C8595F4299133A7611967A,MED-2026-T206,连翘败毒丸(膏、片),,ELECTUARY,煎膏剂,每瓶装 60g,TRADITIONAL_PRESENTATION,,,,,[],SOURCE_UNVERIFIED,否
STD-BD02149C320CBEDACBA6CBC0,GEN-A9C8595F4299133A7611967A,MED-2026-T206,连翘败毒丸(膏、片),,ELECTUARY,煎膏剂,每瓶装120g,TRADITIONAL_PRESENTATION,,,,,[],SOURCE_UNVERIFIED,否
STD-9C52A0E34A100BC7F6919237,GEN-A9C8595F4299133A7611967A,MED-2026-T206,连翘败毒丸(膏、片),,ELECTUARY,煎膏剂,每袋装 15g,TRADITIONAL_PRESENTATION,,,,,[],SOURCE_UNVERIFIED,否
STD-0D613436E9BC2DEE9BBE1122,GEN-A9C8595F4299133A7611967A,MED-2026-T206,连翘败毒丸(膏、片),,PILL,丸剂,每 100粒重 6g,TRADITIONAL_PRESENTATION,,,,,[],SOURCE_UNVERIFIED,否
STD-59FC3409A8E4E533F29F9323,GEN-A9C8595F4299133A7611967A,MED-2026-T206,连翘败毒丸(膏、片),,PILL,丸剂,每袋装 9g,TRADITIONAL_PRESENTATION,,,,,[],SOURCE_UNVERIFIED,否
STD-913E47434E8A77413E939CD0,GEN-A9C8595F4299133A7611967A,MED-2026-T206,连翘败毒丸(膏、片),,TABLET,片剂,每片重 0.6g,TRADITIONAL_PRESENTATION,,,,,[],SOURCE_UNVERIFIED,否
STD-A2F9132C237E730955C48A40,GEN-C2C15B6C64F5E9FAAC10BEF6,MED-2026-T207,如意金黄散,,POWDER,散剂,每袋(瓶)装 6g,TRADITIONAL_PRESENTATION,,,,,[],SOURCE_UNVERIFIED,否
STD-BCAF747BD7A501DCA9674355,GEN-C2C15B6C64F5E9FAAC10BEF6,MED-2026-T207,如意金黄散,,POWDER,散剂,每袋(瓶)装12g,TRADITIONAL_PRESENTATION,,,,,[],SOURCE_UNVERIFIED,否
STD-D7BFECD71A05B2A063D23C29,GEN-C2C15B6C64F5E9FAAC10BEF6,MED-2026-T207,如意金黄散,,POWDER,散剂,每袋(瓶)装9g,TRADITIONAL_PRESENTATION,,,,,[],SOURCE_UNVERIFIED,否
STD-0C49FC000EEE9B16F270DAD8,GEN-0BD974C4753D0346B516198A,MED-2026-T208,地榆槐角丸,,PILL,丸剂,每 100丸重 10g,TRADITIONAL_PRESENTATION,,,,,[],SOURCE_UNVERIFIED,否
STD-CCF634D5208105A0D37BD90C,GEN-0BD974C4753D0346B516198A,MED-2026-T208,地榆槐角丸,,PILL,丸剂,每丸重 9g,TRADITIONAL_PRESENTATION,,,,,[],SOURCE_UNVERIFIED,否
STD-324D6BFD092ED6FACEA3B448,GEN-292981CBA0C31568532E63D8,MED-2026-T209,湿润烧伤膏,,OINTMENT,软膏剂,每 1g 相当于饮片0.21g,TRADITIONAL_PRESENTATION,,,,,[],SOURCE_UNVERIFIED,否
STD-F704E04CD3C1169D70A2E005,GEN-AE1FE96D7D1AE818D4E70EFC,MED-2026-T210,康复新液,,MIXTURE,合剂,"每瓶装 10ml、50ml、 100ml,每1ml含美洲大蠊干燥虫体的乙醇提取物(含总氨基酸以丙氨酸计)1mg",TRADITIONAL_PRESENTATION,,,,,[],SOURCE_UNVERIFIED,否
STD-2E17ECD8A729C13C19F197A7,GEN-8AD0C44137DAD55FBE275C62,MED-2026-T211,肤痔清软膏,,OINTMENT,软膏剂,含薄荷脑 3mg,TRADITIONAL_PRESENTATION,,,,,[],SOURCE_UNVERIFIED,否
STD-94754476C2F9766027A12218,GEN-8AD0C44137DAD55FBE275C62,MED-2026-T211,肤痔清软膏,,OINTMENT,软膏剂,每 1g 相当于饮片0.436g,TRADITIONAL_PRESENTATION,,,,,[],SOURCE_UNVERIFIED,否
STD-443C3A11201FECB3A0CFA3E1,GEN-88CC736C2F2380BE7FF4D894,MED-2026-T212,排石颗粒,,GRANULE,颗粒剂,每袋装 5g,TRADITIONAL_PRESENTATION,,,,,[],SOURCE_UNVERIFIED,否
STD-3F705D3CF80EF6CE19986EB7,GEN-88CC736C2F2380BE7FF4D894,MED-2026-T212,排石颗粒,,GRANULE,颗粒剂,每袋装20g,TRADITIONAL_PRESENTATION,,,,,[],SOURCE_UNVERIFIED,否
STD-197D2A8D5A5C6A9F39D10C28,GEN-E5B3A4D05A80C36E91F3811B,MED-2026-T213,双石通淋胶囊,,CAPSULE,胶囊,每粒装 0.5g,TRADITIONAL_PRESENTATION,,,,,[],SOURCE_UNVERIFIED,否
STD-6DE3D98FAF7ADE5D4506FE24,GEN-60F9D98512AF7485CA3D98B1,MED-2026-T215,内消瘰疬丸,,PILL,丸剂,每 10 丸重 1.85g,TRADITIONAL_PRESENTATION,,,,,[],SOURCE_UNVERIFIED,否
STD-D70203433EEA41D2DA206932,GEN-60F9D98512AF7485CA3D98B1,MED-2026-T215,内消瘰疬丸,,PILL,丸剂,每 100 粒重 6g,TRADITIONAL_PRESENTATION,,,,,[],SOURCE_UNVERIFIED,否
STD-9CFFAC2C3FAFA1EE20487666,GEN-60F9D98512AF7485CA3D98B1,MED-2026-T215,内消瘰疬丸,,PILL,丸剂,每瓶装 9g,TRADITIONAL_PRESENTATION,,,,,[],SOURCE_UNVERIFIED,否
STD-69409EC335E6F31B1AFC4855,GEN-D6A248E882AEDC02F8726984,MED-2026-T216,小金丸(胶囊、片),,CAPSULE,胶囊,每粒装 0.3g,TRADITIONAL_PRESENTATION,,,,,[],SOURCE_UNVERIFIED,否
STD-609D28F29157E8F976DB303D,GEN-D6A248E882AEDC02F8726984,MED-2026-T216,小金丸(胶囊、片),,CAPSULE,胶囊,每粒装0.35g,TRADITIONAL_PRESENTATION,,,,,[],SOURCE_UNVERIFIED,否
STD-B3C1F31ECCA388354C817415,GEN-D6A248E882AEDC02F8726984,MED-2026-T216,小金丸(胶囊、片),,PILL,丸剂,每 10 丸重 6g,TRADITIONAL_PRESENTATION,,,,,[],SOURCE_UNVERIFIED,否
STD-A01D84AE36137BF7EA270601,GEN-D6A248E882AEDC02F8726984,MED-2026-T216,小金丸(胶囊、片),,PILL,丸剂,每100 丸重 3g,TRADITIONAL_PRESENTATION,,,,,[],SOURCE_UNVERIFIED,否
STD-E9E53C54643C1E022592C816,GEN-D6A248E882AEDC02F8726984,MED-2026-T216,小金丸(胶囊、片),,PILL,丸剂,每100 丸重6g,TRADITIONAL_PRESENTATION,,,,,[],SOURCE_UNVERIFIED,否
STD-9978355302E40BA54A85D0AC,GEN-D6A248E882AEDC02F8726984,MED-2026-T216,小金丸(胶囊、片),,TABLET,片剂,每片重 0.36g,TRADITIONAL_PRESENTATION,,,,,[],SOURCE_UNVERIFIED,否
STD-A4DBB9EC3AB2BC07EF928633,GEN-5E5934B1A01095A11E6D71CC,MED-2026-T217,西黄丸(胶囊),,CAPSULE,胶囊,每粒装 0.25g,TRADITIONAL_PRESENTATION,,,,,[],SOURCE_UNVERIFIED,否
STD-9643C9633B00E6FFFCAFC60C,GEN-5E5934B1A01095A11E6D71CC,MED-2026-T217,西黄丸(胶囊),,PILL,丸剂,每 20 丸重 1g,TRADITIONAL_PRESENTATION,,,,,[],SOURCE_UNVERIFIED,否
STD-877A28D215836ECDE48DCCBB,GEN-369301022D13A7770F097841,MED-2026-T218,脉管复康片(胶囊),,CAPSULE,胶囊,每粒装 0.45g,TRADITIONAL_PRESENTATION,,,,,[],SOURCE_UNVERIFIED,否
STD-F49815432D513E3C552D0566,GEN-369301022D13A7770F097841,MED-2026-T218,脉管复康片(胶囊),,TABLET,片剂,每片重 0.3g,TRADITIONAL_PRESENTATION,,,,,[],SOURCE_UNVERIFIED,否
STD-2ED4FAE1EEB6C31547CCE293,GEN-369301022D13A7770F097841,MED-2026-T218,脉管复康片(胶囊),,TABLET,片剂,每片重0.6g,TRADITIONAL_PRESENTATION,,,,,[],SOURCE_UNVERIFIED,否
STD-64EA033FC61E4EAF0BF85281,GEN-C2D36BA370B9D5FC2056D66F,MED-2026-T219,木丹颗粒,,GRANULE,颗粒剂,每袋装 7g,TRADITIONAL_PRESENTATION,,,,,[],SOURCE_UNVERIFIED,否
STD-93DE1247F1E36B6E868D6D77,GEN-B5222AC0A80A338337665F39,MED-2026-T220,京万红软膏,,OINTMENT,软膏剂,每 1g 相当于饮片 0.161g,TRADITIONAL_PRESENTATION,,,,,[],SOURCE_UNVERIFIED,否
STD-2A8EAA5F25D4DE176DB52627,GEN-B5222AC0A80A338337665F39,MED-2026-T220,京万红软膏,,OINTMENT,软膏剂,每支装 10g,TRADITIONAL_PRESENTATION,,,,,[],SOURCE_UNVERIFIED,否
STD-30E36EE6B91C9A22CD0663F7,GEN-B5222AC0A80A338337665F39,MED-2026-T220,京万红软膏,,OINTMENT,软膏剂,每支装20g,TRADITIONAL_PRESENTATION,,,,,[],SOURCE_UNVERIFIED,否
STD-821A036A4C432F23B4572058,GEN-B5222AC0A80A338337665F39,MED-2026-T220,京万红软膏,,OINTMENT,软膏剂,每支装50g,TRADITIONAL_PRESENTATION,,,,,[],SOURCE_UNVERIFIED,否
STD-E95937F184541FAC115B4B5C,GEN-01423EEFC54775A65E821212,MED-2026-T221,灵泽片,,TABLET,片剂,每片重 0.58g,TRADITIONAL_PRESENTATION,,,,,[],SOURCE_UNVERIFIED,否
STD-B76182A73FE253BB2064B922,GEN-0C85774047A74609E542C896,MED-2026-T222,白灵片(胶囊),,CAPSULE,胶囊,每粒装 0.33g,TRADITIONAL_PRESENTATION,,,,,[],SOURCE_UNVERIFIED,否
STD-C15AE1585206201164EDF76A,GEN-0C85774047A74609E542C896,MED-2026-T222,白灵片(胶囊),,TABLET,片剂,每片重 0.34g(相当于饮片 1.64g),TRADITIONAL_PRESENTATION,,,,,[],SOURCE_UNVERIFIED,否
STD-EE6E5D1F298CB982F3C499D2,GEN-8A61DD973BD255C9BCA2C3CB,MED-2026-T223,益母草膏(颗粒、胶囊、片),,CAPSULE,胶囊,每粒装 0.36g,TRADITIONAL_PRESENTATION,,,,,[],SOURCE_UNVERIFIED,否
STD-DC5983C39B8974F0D10FAC51,GEN-8A61DD973BD255C9BCA2C3CB,MED-2026-T223,益母草膏(颗粒、胶囊、片),,ELECTUARY,煎膏剂,每瓶装 125g,TRADITIONAL_PRESENTATION,,,,,[],SOURCE_UNVERIFIED,否
STD-D44A3E504B248B51D2840DD3,GEN-8A61DD973BD255C9BCA2C3CB,MED-2026-T223,益母草膏(颗粒、胶囊、片),,ELECTUARY,煎膏剂,每瓶装250g,TRADITIONAL_PRESENTATION,,,,,[],SOURCE_UNVERIFIED,否
STD-A7FCE8BAB636A602A4D8C3C3,GEN-8A61DD973BD255C9BCA2C3CB,MED-2026-T223,益母草膏(颗粒、胶囊、片),,GRANULE,颗粒剂,每袋装 15g,TRADITIONAL_PRESENTATION,,,,,[],SOURCE_UNVERIFIED,否
STD-0EF16BD17B793D76A87AA19C,GEN-8A61DD973BD255C9BCA2C3CB,MED-2026-T223,益母草膏(颗粒、胶囊、片),,TABLET,片剂,每片重0.25g,TRADITIONAL_PRESENTATION,,,,,[],SOURCE_UNVERIFIED,否
STD-A067D6B62E1B4BDC494D1A1F,GEN-8A61DD973BD255C9BCA2C3CB,MED-2026-T223,益母草膏(颗粒、胶囊、片),,TABLET,片剂,每片重0.28g,TRADITIONAL_PRESENTATION,,,,,[],SOURCE_UNVERIFIED,否
STD-EB3EBF0FA2383AFD517BB188,GEN-8A61DD973BD255C9BCA2C3CB,MED-2026-T223,益母草膏(颗粒、胶囊、片),,TABLET,片剂,每片重0.6g,TRADITIONAL_PRESENTATION,,,,,[],SOURCE_UNVERIFIED,否
STD-CCCA6E21CD261C0B11F5B8F5,GEN-4D9E45CEB5F047265B8FC23B,MED-2026-T224,少腹逐瘀丸(颗粒、胶囊),,CAPSULE,胶囊,每粒装 0.45g,TRADITIONAL_PRESENTATION,,,,,[],SOURCE_UNVERIFIED,否
STD-3F74F3E19EA8FF210D3FCB70,GEN-4D9E45CEB5F047265B8FC23B,MED-2026-T224,少腹逐瘀丸(颗粒、胶囊),,GRANULE,颗粒剂,每袋装 1.6g,TRADITIONAL_PRESENTATION,,,,,[],SOURCE_UNVERIFIED,否
STD-4CC8A9859FC520270A46C5B5,GEN-4D9E45CEB5F047265B8FC23B,MED-2026-T224,少腹逐瘀丸(颗粒、胶囊),,GRANULE,颗粒剂,每袋装5g,TRADITIONAL_PRESENTATION,,,,,[],SOURCE_UNVERIFIED,否
STD-0ED447236FBD1934B7EABB4B,GEN-4D9E45CEB5F047265B8FC23B,MED-2026-T224,少腹逐瘀丸(颗粒、胶囊),,PILL,丸剂,每丸重 9g,TRADITIONAL_PRESENTATION,,,,,[],SOURCE_UNVERIFIED,否
STD-98ED06F3A947C1CFE87820C7,GEN-55ADAEA26518562B00A6DA17,MED-2026-T225,茜芷胶囊,,CAPSULE,胶囊,每粒装 0.4g,TRADITIONAL_PRESENTATION,,,,,[],SOURCE_UNVERIFIED,否
STD-800F3C6453E97DCAFAD6D406,GEN-8396B2062949487CEDDA44A9,MED-2026-T226,坤宁颗粒(口服液),,GRANULE,颗粒剂,每袋装 8g(相当于饮片 25g),TRADITIONAL_PRESENTATION,,,,,[],SOURCE_UNVERIFIED,否
STD-35736B16F157B11ED0C7A390,GEN-8396B2062949487CEDDA44A9,MED-2026-T226,坤宁颗粒(口服液),,GRANULE,颗粒剂,每袋装15g,TRADITIONAL_PRESENTATION,,,,,[],SOURCE_UNVERIFIED,否
STD-6558AAD28D3416A2F9B91092,GEN-8396B2062949487CEDDA44A9,MED-2026-T226,坤宁颗粒(口服液),,MIXTURE,合剂,每 1ml 相当于饮片1.25g,TRADITIONAL_PRESENTATION,,,,,[],SOURCE_UNVERIFIED,否
STD-D8563D2B871263490550E2F6,GEN-B6A3862057C912164B19E4B0,MED-2026-T227,安宫止血颗粒,,GRANULE,颗粒剂,每袋装 5g,TRADITIONAL_PRESENTATION,,,,,[],SOURCE_UNVERIFIED,否
STD-CACED04550064E42920A2367,GEN-CAF42D8E8C9C0BBD99F8F2A5,MED-2026-T228,葆宫止血颗粒,,GRANULE,颗粒剂,每袋装 15g(每1g 相当于饮片 3.433g),TRADITIONAL_PRESENTATION,,,,,[],SOURCE_UNVERIFIED,否
STD-9366E318A4FE9F4FE5909722,GEN-EF6CF14EACCA41EF7FEEF94F,MED-2026-T229,妇科十味片,,TABLET,片剂,"每片重 0.3g(相当于饮片 0.32g,含碳酸钙21.67mg)",TRADITIONAL_PRESENTATION,,,,,[],SOURCE_UNVERIFIED,否
STD-C366972751AF83ABAF9D514E,GEN-ED7C6933A2BF69A1DFA795A5,MED-2026-T230,妇科千金片(胶囊),,CAPSULE,胶囊,每粒装 0.4g,TRADITIONAL_PRESENTATION,,,,,[],SOURCE_UNVERIFIED,否
STD-468B5F9F4CE37954CE66D880,GEN-64A804992D68ECF22E12682B,MED-2026-T231,花红片(颗粒、胶囊),,CAPSULE,胶囊,每粒装 0.25g(相当于饮片 9.334g),TRADITIONAL_PRESENTATION,,,,,[],SOURCE_UNVERIFIED,否
STD-D49B825173F70120A8B64581,GEN-64A804992D68ECF22E12682B,MED-2026-T231,花红片(颗粒、胶囊),,GRANULE,颗粒剂,每袋装 2.5g,TRADITIONAL_PRESENTATION,,,,,[],SOURCE_UNVERIFIED,否
STD-40B289F5A8E037844F8AE03F,GEN-64A804992D68ECF22E12682B,MED-2026-T231,花红片(颗粒、胶囊),,GRANULE,颗粒剂,每袋装10g,TRADITIONAL_PRESENTATION,,,,,[],SOURCE_UNVERIFIED,否
STD-92FC92CE80F2216D23F8B47E,GEN-64A804992D68ECF22E12682B,MED-2026-T231,花红片(颗粒、胶囊),,TABLET,片剂,每片重 0.28g,TRADITIONAL_PRESENTATION,,,,,[],SOURCE_UNVERIFIED,否
STD-46ADB5E81FA818CA6E8F5D1D,GEN-64A804992D68ECF22E12682B,MED-2026-T231,花红片(颗粒、胶囊),,TABLET,片剂,每片重0.29g,TRADITIONAL_PRESENTATION,,,,,[],SOURCE_UNVERIFIED,否
STD-F4D3BF3B628CD50AD7223EB9,GEN-54486D39957155B7F6A737F5,MED-2026-T232,宫炎平片(胶囊),,CAPSULE,胶囊,每粒装 0.2g,TRADITIONAL_PRESENTATION,,,,,[],SOURCE_UNVERIFIED,否
STD-009BC7B14148C323BEEAECD6,GEN-54486D39957155B7F6A737F5,MED-2026-T232,宫炎平片(胶囊),,CAPSULE,胶囊,每粒装0.25g(相当于饮片 1g),TRADITIONAL_PRESENTATION,,,,,[],SOURCE_UNVERIFIED,否
STD-08DBA87BDC00397C6F26004F,GEN-54486D39957155B7F6A737F5,MED-2026-T232,宫炎平片(胶囊),,CAPSULE,胶囊,每粒装0.35g,TRADITIONAL_PRESENTATION,,,,,[],SOURCE_UNVERIFIED,否
STD-0AAFC53F5E01E4374DBBA5B3,GEN-54486D39957155B7F6A737F5,MED-2026-T232,宫炎平片(胶囊),,TABLET,片剂,每片重 0.25g,TRADITIONAL_PRESENTATION,,,,,[],SOURCE_UNVERIFIED,否
STD-397EC2905A85D5123281526E,GEN-54486D39957155B7F6A737F5,MED-2026-T232,宫炎平片(胶囊),,TABLET,片剂,每片重0.26g,TRADITIONAL_PRESENTATION,,,,,[],SOURCE_UNVERIFIED,否
STD-7B33972186E1405518441F43,GEN-F4814D033EE2F76861116028,MED-2026-T233,妇炎消胶囊,,CAPSULE,胶囊,每粒装 0.45g,TRADITIONAL_PRESENTATION,,,,,[],SOURCE_UNVERIFIED,否
STD-2351F1839DB3434548A23C8B,GEN-635E61214DB6E4AE2196E9E0,MED-2026-T234,金刚藤糖浆,,SYRUP,糖浆剂,每瓶装 150ml,TRADITIONAL_PRESENTATION,,,,,[],SOURCE_UNVERIFIED,否
STD-D52470855FEF8D26DE988E33,GEN-A198F5ACDAAF4D471B5EA22E,MED-2026-T235,康妇消炎栓,,SUPPOSITORY,栓剂,每粒重 2.0g,TRADITIONAL_PRESENTATION,,,,,[],SOURCE_UNVERIFIED,否
STD-DDB3BE59C0A2A5D85485DBBB,GEN-51CBA0CD11C28A1C6816B4F9,MED-2026-T236,康妇炎胶囊,,CAPSULE,胶囊,每粒装 0.4g(相当于饮片 3.144g),TRADITIONAL_PRESENTATION,,,,,[],SOURCE_UNVERIFIED,否
STD-CC0D74A907C289C4B64189BE,GEN-2FC980D4DF9374BD5155AB01,MED-2026-T237,保妇康栓,,SUPPOSITORY,栓剂,"每粒重 1.74g(含莪术油 82mg,冰片 75mg)",TRADITIONAL_PRESENTATION,,,,,[],SOURCE_UNVERIFIED,否
STD-6E822B9372F92756B136884E,GEN-6F239674558A72198473E28F,MED-2026-T238,艾附暖宫丸,,PILL,丸剂,每 100 丸重 4g,TRADITIONAL_PRESENTATION,,,,,[],SOURCE_UNVERIFIED,否
STD-717FECDD316C3E9C9A5B3369,GEN-6F239674558A72198473E28F,MED-2026-T238,艾附暖宫丸,,PILL,丸剂,每 100 丸重10g,TRADITIONAL_PRESENTATION,,,,,[],SOURCE_UNVERIFIED,否
STD-EA4E274190CFD34CA77561B8,GEN-6F239674558A72198473E28F,MED-2026-T238,艾附暖宫丸,,PILL,丸剂,每 45丸重 9g,TRADITIONAL_PRESENTATION,,,,,[],SOURCE_UNVERIFIED,否
STD-2D40F19397984BAB18AC86DC,GEN-6F239674558A72198473E28F,MED-2026-T238,艾附暖宫丸,,PILL,丸剂,每丸重 9g,TRADITIONAL_PRESENTATION,,,,,[],SOURCE_UNVERIFIED,否
STD-18BE73CA77E746FA3B6F17F4,GEN-6F239674558A72198473E28F,MED-2026-T238,艾附暖宫丸,,PILL,丸剂,每瓶装45g,TRADITIONAL_PRESENTATION,,,,,[],SOURCE_UNVERIFIED,否
STD-993ADB261073AB6FEAA50AF9,GEN-6F239674558A72198473E28F,MED-2026-T238,艾附暖宫丸,,PILL,丸剂,每袋装 9g,TRADITIONAL_PRESENTATION,,,,,[],SOURCE_UNVERIFIED,否
STD-4237995F0BA8B44F32C3ECCA,GEN-6D34D29C7285E36D339DD8A9,MED-2026-T239,乌鸡白凤丸(胶囊、片),,CAPSULE,胶囊,每粒装 0.3g,TRADITIONAL_PRESENTATION,,,,,[],SOURCE_UNVERIFIED,否
STD-CE499132F55F7AF0463088B3,GEN-6D34D29C7285E36D339DD8A9,MED-2026-T239,乌鸡白凤丸(胶囊、片),,PILL,丸剂,每 10 丸重 1g,TRADITIONAL_PRESENTATION,,,,,[],SOURCE_UNVERIFIED,否
STD-C0CD82372C97C3B3D59D11F6,GEN-6D34D29C7285E36D339DD8A9,MED-2026-T239,乌鸡白凤丸(胶囊、片),,PILL,丸剂,每丸重 9g,TRADITIONAL_PRESENTATION,,,,,[],SOURCE_UNVERIFIED,否
STD-2A9EA1E1C0CF43A246234947,GEN-6D34D29C7285E36D339DD8A9,MED-2026-T239,乌鸡白凤丸(胶囊、片),,PILL,丸剂,每袋装 6g,TRADITIONAL_PRESENTATION,,,,,[],SOURCE_UNVERIFIED,否
STD-E0F24940CE4BEBC17C2801CA,GEN-6D34D29C7285E36D339DD8A9,MED-2026-T239,乌鸡白凤丸(胶囊、片),,PILL,丸剂,每袋装9g,TRADITIONAL_PRESENTATION,,,,,[],SOURCE_UNVERIFIED,否
STD-F342ED340B62313EE4296137,GEN-6D34D29C7285E36D339DD8A9,MED-2026-T239,乌鸡白凤丸(胶囊、片),,TABLET,片剂,每片重 0.5g,TRADITIONAL_PRESENTATION,,,,,[],SOURCE_UNVERIFIED,否
STD-1C395544364C27A409E1ECD2,GEN-D6F576EC7D161072A33C3D69,MED-2026-T240,八珍益母丸(胶囊),,CAPSULE,胶囊,每粒装 0.35g(相当于饮片 0.921g),TRADITIONAL_PRESENTATION,,,,,[],SOURCE_UNVERIFIED,否
STD-1701D85A7028DA9647D61F0A,GEN-D6F576EC7D161072A33C3D69,MED-2026-T240,八珍益母丸(胶囊),,PILL,丸剂,每丸重 9g,TRADITIONAL_PRESENTATION,,,,,[],SOURCE_UNVERIFIED,否
STD-0F247C1B2B6E65B0451804D5,GEN-D6F576EC7D161072A33C3D69,MED-2026-T240,八珍益母丸(胶囊),,PILL,丸剂,每袋装6g,TRADITIONAL_PRESENTATION,,,,,[],SOURCE_UNVERIFIED,否
STD-DBFC3599240E511553972DB5,GEN-D6F576EC7D161072A33C3D69,MED-2026-T240,八珍益母丸(胶囊),,PILL,丸剂,每袋装9g,TRADITIONAL_PRESENTATION,,,,,[],SOURCE_UNVERIFIED,否
STD-C9EB6B410A903FF3C8443253,GEN-4698DC75E338E9EE6459C9AA,MED-2026-T241,补血益母丸(颗粒),,GRANULE,颗粒剂,每 1g 相当于饮片1.5959g,TRADITIONAL_PRESENTATION,,,,,[],SOURCE_UNVERIFIED,否
STD-6641968041AD145107D1E901,GEN-4698DC75E338E9EE6459C9AA,MED-2026-T241,补血益母丸(颗粒),,PILL,丸剂,每袋装 12g(每 200丸重 12g),TRADITIONAL_PRESENTATION,,,,,[],SOURCE_UNVERIFIED,否
STD-E5F45C3D3592B1F5E6E5D133,GEN-E417FAA713ADC78FF6169CEE,MED-2026-T242,定坤丹,,PILL,丸剂,"每丸重 10.8g(相当于饮片4.78g,含复方滇鸡血藤膏 0.25g)",TRADITIONAL_PRESENTATION,,,,,[],SOURCE_UNVERIFIED,否
STD-A24A4B8D446BE6DD9FC45A77,GEN-E417FAA713ADC78FF6169CEE,MED-2026-T242,定坤丹,,PILL,丸剂,每瓶装 7g(相当于饮片 5.4g),TRADITIONAL_PRESENTATION,,,,,[],SOURCE_UNVERIFIED,否
STD-10784B6236A965C5EFC01219,GEN-875BD7EBFA4FE334D878904C,MED-2026-T243,更年安片(胶囊),,CAPSULE,胶囊,每粒装 0.3g,TRADITIONAL_PRESENTATION,,,,,[],SOURCE_UNVERIFIED,否
STD-67A148D2517B657C100842BA,GEN-875BD7EBFA4FE334D878904C,MED-2026-T243,更年安片(胶囊),,TABLET,片剂,每片重 0.3g,TRADITIONAL_PRESENTATION,,,,,[],SOURCE_UNVERIFIED,否
STD-BCCB7EB51DE8B2F1A34FF955,GEN-875BD7EBFA4FE334D878904C,MED-2026-T243,更年安片(胶囊),,TABLET,片剂,每片重0.31g,TRADITIONAL_PRESENTATION,,,,,[],SOURCE_UNVERIFIED,否
STD-21D0BC11DCECC8BCCE8675F5,GEN-A0D4FAD6012277AD8908A0A2,MED-2026-T244,坤泰胶囊,,CAPSULE,胶囊,每粒装 0.5g,TRADITIONAL_PRESENTATION,,,,,[],SOURCE_UNVERIFIED,否
STD-8AC2CB6AB75BB58E806B2B93,GEN-8F66EDC39DE2E61B5D4A899B,MED-2026-T246,乳癖消颗粒(胶囊、片),,CAPSULE,胶囊,每粒装 0.32g,TRADITIONAL_PRESENTATION,,,,,[],SOURCE_UNVERIFIED,否
STD-31A007F9BF26F961BCA8BC87,GEN-8F66EDC39DE2E61B5D4A899B,MED-2026-T246,乳癖消颗粒(胶囊、片),,GRANULE,颗粒剂,每袋装 8g(相当于原药材 6g),TRADITIONAL_PRESENTATION,,,,,[],SOURCE_UNVERIFIED,否
STD-7E335BF22960E85213E8B212,GEN-8F66EDC39DE2E61B5D4A899B,MED-2026-T246,乳癖消颗粒(胶囊、片),,TABLET,片剂,每片重 0.32g,TRADITIONAL_PRESENTATION,,,,,[],SOURCE_UNVERIFIED,否
STD-0E9EE6C3014B77C32B107D8D,GEN-8F66EDC39DE2E61B5D4A899B,MED-2026-T246,乳癖消颗粒(胶囊、片),,TABLET,片剂,每片重0.34g,TRADITIONAL_PRESENTATION,,,,,[],SOURCE_UNVERIFIED,否
STD-B32DC3F97067B1442F6D990B,GEN-8F66EDC39DE2E61B5D4A899B,MED-2026-T246,乳癖消颗粒(胶囊、片),,TABLET,片剂,每片重0.67g,TRADITIONAL_PRESENTATION,,,,,[],SOURCE_UNVERIFIED,否
STD-5A85433D4BA8DCBC4D55D4F2,GEN-ABF8E26953F7AF3F1E98A023,MED-2026-T247,桂枝茯苓丸(胶囊),,CAPSULE,胶囊,每粒装 0.31g,TRADITIONAL_PRESENTATION,,,,,[],SOURCE_UNVERIFIED,否
STD-B6F7B56B6EC1D36C027A90CF,GEN-ABF8E26953F7AF3F1E98A023,MED-2026-T247,桂枝茯苓丸(胶囊),,PILL,丸剂,2.2g,TRADITIONAL_PRESENTATION,,,,,[],SOURCE_UNVERIFIED,否
STD-FD344EDFCA52CF0A941513F3,GEN-ABF8E26953F7AF3F1E98A023,MED-2026-T247,桂枝茯苓丸(胶囊),,PILL,丸剂,每 100丸重 10g,TRADITIONAL_PRESENTATION,,,,,[],SOURCE_UNVERIFIED,否
STD-C9DF578A1284424DAD144E8F,GEN-ABF8E26953F7AF3F1E98A023,MED-2026-T247,桂枝茯苓丸(胶囊),,PILL,丸剂,每丸重 6g,TRADITIONAL_PRESENTATION,,,,,[],SOURCE_UNVERIFIED,否
STD-C88225B4EA8FEDB4AF77CEB6,GEN-ABF8E26953F7AF3F1E98A023,MED-2026-T247,桂枝茯苓丸(胶囊),,PILL,丸剂,素丸每10 丸重 1.5g,TRADITIONAL_PRESENTATION,,,,,[],SOURCE_UNVERIFIED,否
STD-523C594DD804C39459981DDC,GEN-4464A9C08EA9500259B368FF,MED-2026-T248,乳块消颗粒(胶囊、片),,CAPSULE,胶囊,每粒装 0.3g,TRADITIONAL_PRESENTATION,,,,,[],SOURCE_UNVERIFIED,否
STD-8C7249B61AE0D35CA4F49B3D,GEN-4464A9C08EA9500259B368FF,MED-2026-T248,乳块消颗粒(胶囊、片),,GRANULE,颗粒剂,每袋装 5g,TRADITIONAL_PRESENTATION,,,,,[],SOURCE_UNVERIFIED,否
STD-DE5DF0B9ECC85A270E32F23A,GEN-4464A9C08EA9500259B368FF,MED-2026-T248,乳块消颗粒(胶囊、片),,GRANULE,颗粒剂,每袋装10g,TRADITIONAL_PRESENTATION,,,,,[],SOURCE_UNVERIFIED,否
STD-6C5F8BC2A67BD6F7233BC112,GEN-4464A9C08EA9500259B368FF,MED-2026-T248,乳块消颗粒(胶囊、片),,TABLET,片剂,每片重 0.32g,TRADITIONAL_PRESENTATION,,,,,[],SOURCE_UNVERIFIED,否
STD-8B17EE3F759BEA2E4590978D,GEN-4464A9C08EA9500259B368FF,MED-2026-T248,乳块消颗粒(胶囊、片),,TABLET,片剂,每片重0.36g(相当于饮片 3.85g),TRADITIONAL_PRESENTATION,,,,,[],SOURCE_UNVERIFIED,否
STD-BA89294ED64CCD48D8B86640,GEN-5F6706ABA3700C68ECA60A6C,MED-2026-T249,宫瘤清胶囊(颗粒),,CAPSULE,胶囊,每粒装 0.37g,TRADITIONAL_PRESENTATION,,,,,[],SOURCE_UNVERIFIED,否
STD-E328C1E68BAAFA0147EF267B,GEN-5F6706ABA3700C68ECA60A6C,MED-2026-T249,宫瘤清胶囊(颗粒),,GRANULE,颗粒剂,每袋装 4g,TRADITIONAL_PRESENTATION,,,,,[],SOURCE_UNVERIFIED,否
STD-52070601EC8A7637A798E50D,GEN-3F008FBF162B9C68B03CD365,MED-2026-T250,散结镇痛胶囊,,CAPSULE,胶囊,每粒装 0.4g,TRADITIONAL_PRESENTATION,,,,,[],SOURCE_UNVERIFIED,否
STD-CF9A44EB73BA616E52BEE178,GEN-2D4C707E8736720AA72D8441,MED-2026-T251,明目上清丸(片),,PILL,丸剂,每袋(瓶)装 9g,TRADITIONAL_PRESENTATION,,,,,[],SOURCE_UNVERIFIED,否
STD-35B7243B8F48462CFAFBCF84,GEN-2D4C707E8736720AA72D8441,MED-2026-T251,明目上清丸(片),,TABLET,片剂,每片重 0.6g,TRADITIONAL_PRESENTATION,,,,,[],SOURCE_UNVERIFIED,否
STD-06D1D25B573EFFBE95C386CE,GEN-2D4C707E8736720AA72D8441,MED-2026-T251,明目上清丸(片),,TABLET,片剂,每片重0.63g,TRADITIONAL_PRESENTATION,,,,,[],SOURCE_UNVERIFIED,否
STD-0A830984EE74B9FD8BDF553D,GEN-DEAC5E78DD550430CF50DAF8,MED-2026-T252,马应龙八宝眼膏,,EYE_OINTMENT,眼膏剂,每 1g 相当于饮片0.05g,TRADITIONAL_PRESENTATION,,,,,[],SOURCE_UNVERIFIED,否
STD-D897D1C7DBAC972590B19E4F,GEN-72CFDFEB77E7684F9B7D7C83,MED-2026-T253,黄连羊肝丸,,PILL,丸剂,每 100 丸重 20g,TRADITIONAL_PRESENTATION,,,,,[],SOURCE_UNVERIFIED,否
STD-66B214A9C0F2803A01B4EB7E,GEN-72CFDFEB77E7684F9B7D7C83,MED-2026-T253,黄连羊肝丸,,PILL,丸剂,每 20 丸重 1g,TRADITIONAL_PRESENTATION,,,,,[],SOURCE_UNVERIFIED,否
STD-68FED76E03271094609A1ABF,GEN-72CFDFEB77E7684F9B7D7C83,MED-2026-T253,黄连羊肝丸,,PILL,丸剂,每丸重 9g,TRADITIONAL_PRESENTATION,,,,,[],SOURCE_UNVERIFIED,否
STD-C7BB994F32E20A0FE8498A87,GEN-022BD254144B555103547466,MED-2026-T254,珍珠明目滴眼液,,EYE_DROPS,滴眼剂,含珍珠液 0.02ml,TRADITIONAL_PRESENTATION,,,,,[],SOURCE_UNVERIFIED,否
STD-264A37088BB22926CF74B85D,GEN-022BD254144B555103547466,MED-2026-T254,珍珠明目滴眼液,,EYE_DROPS,滴眼剂,每 1ml 相当于饮片 1mg,TRADITIONAL_PRESENTATION,,,,,[],SOURCE_UNVERIFIED,否
STD-12529C6C052D00EB554D4DA0,GEN-59B65AED849DFECFC89DEEA6,MED-2026-T255,明目地黄丸,,PILL,丸剂,每 8 丸相当于原生药 3g,TRADITIONAL_PRESENTATION,,,,,[],SOURCE_UNVERIFIED,否
STD-39949D6AF812FAF18CD5BC80,GEN-59B65AED849DFECFC89DEEA6,MED-2026-T255,明目地黄丸,,PILL,丸剂,每丸重 9g,TRADITIONAL_PRESENTATION,,,,,[],SOURCE_UNVERIFIED,否
STD-BC6AEA24432652092D08BF13,GEN-59B65AED849DFECFC89DEEA6,MED-2026-T255,明目地黄丸,,PILL,丸剂,每袋装6g,TRADITIONAL_PRESENTATION,,,,,[],SOURCE_UNVERIFIED,否
STD-93C9D91BD8C32CDB3073BF18,GEN-59B65AED849DFECFC89DEEA6,MED-2026-T255,明目地黄丸,,PILL,丸剂,每袋装9g,TRADITIONAL_PRESENTATION,,,,,[],SOURCE_UNVERIFIED,否
STD-F6AED408A8762410DB1CAFA7,GEN-B5C5F3E4EE7135EDE8947689,MED-2026-T256,障眼明片(胶囊),,CAPSULE,胶囊,每粒装 0.25g,TRADITIONAL_PRESENTATION,,,,,[],SOURCE_UNVERIFIED,否
STD-189081292960293B15522B20,GEN-B5C5F3E4EE7135EDE8947689,MED-2026-T256,障眼明片(胶囊),,CAPSULE,胶囊,每粒装0.4g,TRADITIONAL_PRESENTATION,,,,,[],SOURCE_UNVERIFIED,否
STD-53D0123A5C0AF6EA772BC1E0,GEN-B5C5F3E4EE7135EDE8947689,MED-2026-T256,障眼明片(胶囊),,TABLET,片剂,每片重 0.21g,TRADITIONAL_PRESENTATION,,,,,[],SOURCE_UNVERIFIED,否
STD-AEE55DCEEFF44290EA83E80C,GEN-B5C5F3E4EE7135EDE8947689,MED-2026-T256,障眼明片(胶囊),,TABLET,片剂,每片重0.42g,TRADITIONAL_PRESENTATION,,,,,[],SOURCE_UNVERIFIED,否
STD-63AA1338497DB2B4C15338CE,GEN-26CA1F85DF4E1E6E46ED489A,MED-2026-T257,石斛夜光丸,,PILL,丸剂,每 100 粒重 10g,TRADITIONAL_PRESENTATION,,,,,[],SOURCE_UNVERIFIED,否
STD-7443E2EE37D5C61B09723052,GEN-26CA1F85DF4E1E6E46ED489A,MED-2026-T257,石斛夜光丸,,PILL,丸剂,每丸重 5.5g,TRADITIONAL_PRESENTATION,,,,,[],SOURCE_UNVERIFIED,否
STD-9511431EAFA8601A60F88503,GEN-26CA1F85DF4E1E6E46ED489A,MED-2026-T257,石斛夜光丸,,PILL,丸剂,每丸重9g,TRADITIONAL_PRESENTATION,,,,,[],SOURCE_UNVERIFIED,否
STD-A2C0FC0D3A4A3A365CFCF9A1,GEN-26CA1F85DF4E1E6E46ED489A,MED-2026-T257,石斛夜光丸,,PILL,丸剂,每袋装6g,TRADITIONAL_PRESENTATION,,,,,[],SOURCE_UNVERIFIED,否
STD-603E7588916F8A6BF12D4FE5,GEN-26CA1F85DF4E1E6E46ED489A,MED-2026-T257,石斛夜光丸,,PILL,丸剂,每袋装7.3g,TRADITIONAL_PRESENTATION,,,,,[],SOURCE_UNVERIFIED,否
STD-D2CBCEAD999711B2DA7E3549,GEN-0AF30AAB8B0B163C656A224F,MED-2026-T258,和血明目片,,TABLET,片剂,每片重 0.3g,TRADITIONAL_PRESENTATION,,,,,[],SOURCE_UNVERIFIED,否
STD-082C7848038A5D1E990A665D,GEN-0AF30AAB8B0B163C656A224F,MED-2026-T258,和血明目片,,TABLET,片剂,每片重0.31g,TRADITIONAL_PRESENTATION,,,,,[],SOURCE_UNVERIFIED,否
STD-CE5BB66193EF6B154F18A799,GEN-54D2E7F3154339C56893FF77,MED-2026-T259,止血祛瘀明目片,,TABLET,片剂,每片重 0.3g,TRADITIONAL_PRESENTATION,,,,,[],SOURCE_UNVERIFIED,否
STD-F7E8C863E002A43AA4766A9F,GEN-D01EBADDE12303C2598CAFAE,MED-2026-T260,复方血栓通胶囊(片),,CAPSULE,胶囊,每粒装 0.5g,TRADITIONAL_PRESENTATION,,,,,[],SOURCE_UNVERIFIED,否
STD-20152D741BE3DECF7A6A2A38,GEN-D01EBADDE12303C2598CAFAE,MED-2026-T260,复方血栓通胶囊(片),,TABLET,片剂,每片重 0.35g,TRADITIONAL_PRESENTATION,,,,,[],SOURCE_UNVERIFIED,否
STD-2D797D834C1086C1347A23F2,GEN-D01EBADDE12303C2598CAFAE,MED-2026-T260,复方血栓通胶囊(片),,TABLET,片剂,每片重0.4g,TRADITIONAL_PRESENTATION,,,,,[],SOURCE_UNVERIFIED,否
STD-911D043F39B74854BFC6806F,GEN-EB6154BB3503D0BC879BCFD4,MED-2026-T261,耳聋左慈丸,,PILL,丸剂,每 10 丸重 1g,TRADITIONAL_PRESENTATION,,,,,[],SOURCE_UNVERIFIED,否
STD-6170E2BE76EDAB77941A6E6D,GEN-EB6154BB3503D0BC879BCFD4,MED-2026-T261,耳聋左慈丸,,PILL,丸剂,每 8 丸相当于原生药 3g,TRADITIONAL_PRESENTATION,,,,,[],SOURCE_UNVERIFIED,否
STD-47270AEAC3A95BB4F92824DB,GEN-EB6154BB3503D0BC879BCFD4,MED-2026-T261,耳聋左慈丸,,PILL,丸剂,每丸重 9g,TRADITIONAL_PRESENTATION,,,,,[],SOURCE_UNVERIFIED,否
STD-493807E66725D01B40A09713,GEN-C7FAA3D4E6D5519736B1352D,MED-2026-T262,通窍耳聋丸,,PILL,丸剂,每 100 粒重 6g(相当于饮片 4.8g),TRADITIONAL_PRESENTATION,,,,,[],SOURCE_UNVERIFIED,否
STD-558E4EE98FEE86E6414E9946,GEN-E41D51D9377E6451B80B4699,MED-2026-T263,鼻炎康片,,TABLET,片剂,每片重 0.37g(含马来酸氯苯那敏 1mg),TRADITIONAL_PRESENTATION,,,,,[],SOURCE_UNVERIFIED,否
STD-DE51FCC1CC84EC129083A306,GEN-AD9F0CE964E24AAACEE0DE18,MED-2026-T264,鼻渊通窍颗粒,,GRANULE,颗粒剂,每袋相当于饮片8.4g,TRADITIONAL_PRESENTATION,,,,,[],SOURCE_UNVERIFIED,否
STD-FA92B264D54334D277C4135D,GEN-86E70DA2CF9B8523D708C0C8,MED-2026-T265,藿胆丸(片、滴丸),,DROPPING_PILL,滴丸剂,每丸重 50mg(每1g 含猪胆酸 100mg、广藿香油 100mg),TRADITIONAL_PRESENTATION,,,,,[],SOURCE_UNVERIFIED,否
STD-6F37E014F5843EFD0CA6C6CF,GEN-86E70DA2CF9B8523D708C0C8,MED-2026-T265,藿胆丸(片、滴丸),,PILL,丸剂,每 10 丸重 0.17g(每1g 相当于饮片 1g),TRADITIONAL_PRESENTATION,,,,,[],SOURCE_UNVERIFIED,否
STD-046C27964591F76545A75291,GEN-86E70DA2CF9B8523D708C0C8,MED-2026-T265,藿胆丸(片、滴丸),,PILL,丸剂,每 195粒约重 3g,TRADITIONAL_PRESENTATION,,,,,[],SOURCE_UNVERIFIED,否
STD-6B6F8D6EF0DD0256E50BB5AF,GEN-86E70DA2CF9B8523D708C0C8,MED-2026-T265,藿胆丸(片、滴丸),,PILL,丸剂,每瓶装 36g片剂,TRADITIONAL_PRESENTATION,,,,,[],SOURCE_UNVERIFIED,否
STD-D80023ECAAD675D013A824AB,GEN-2B8B3AEDBB26EAC12F87B3D5,MED-2026-T266,辛夷鼻炎丸,,PILL,丸剂,每 10 丸重 0.75g,TRADITIONAL_PRESENTATION,,,,,[],SOURCE_UNVERIFIED,否
STD-7B41D363D06830446C8912F4,GEN-69422C003FAE8BB12B101466,MED-2026-T267,香菊胶囊(片),,CAPSULE,胶囊,每粒装 0.3g(相当于饮片 3.186g),TRADITIONAL_PRESENTATION,,,,,[],SOURCE_UNVERIFIED,否
STD-FF908FCFEAF78B14C98CE48F,GEN-69422C003FAE8BB12B101466,MED-2026-T267,香菊胶囊(片),,TABLET,片剂,每片重 0.3g,TRADITIONAL_PRESENTATION,,,,,[],SOURCE_UNVERIFIED,否
STD-9C5181B5B5C2CAB984D1C78C,GEN-69422C003FAE8BB12B101466,MED-2026-T267,香菊胶囊(片),,TABLET,片剂,每片重0.32g,TRADITIONAL_PRESENTATION,,,,,[],SOURCE_UNVERIFIED,否
STD-8AD6FABD22E98ECE975C8998,GEN-DA9BEFDA8E4EA303109AF104,MED-2026-T268,鼻窦炎口服液,,MIXTURE,合剂,每 1ml 相当于饮片1.97g,TRADITIONAL_PRESENTATION,,,,,[],SOURCE_UNVERIFIED,否
STD-5AD4BB84E34C857AD22CEF8A,GEN-3D0E3ECEEC91C457B5FFF08D,MED-2026-T269,辛芩颗粒,,GRANULE,颗粒剂,每袋装 5g,TRADITIONAL_PRESENTATION,,,,,[],SOURCE_UNVERIFIED,否
STD-B0BB4563004B3EC1149DB428,GEN-3D0E3ECEEC91C457B5FFF08D,MED-2026-T269,辛芩颗粒,,GRANULE,颗粒剂,每袋装20g,TRADITIONAL_PRESENTATION,,,,,[],SOURCE_UNVERIFIED,否
STD-EDE75FE6FABA3C5F4D07C0B7,GEN-ADCD4185DA264EA9308AD4E4,MED-2026-T270,黄氏响声丸,,PILL,丸剂,0.133g,TRADITIONAL_PRESENTATION,,,,,[],SOURCE_UNVERIFIED,否
STD-7793320EC8B43362F5F2AFE3,GEN-ADCD4185DA264EA9308AD4E4,MED-2026-T270,黄氏响声丸,,PILL,丸剂,炭衣丸每丸重 0.1g,TRADITIONAL_PRESENTATION,,,,,[],SOURCE_UNVERIFIED,否
STD-5E8FBE6A2B8B81D4A1646F39,GEN-ADCD4185DA264EA9308AD4E4,MED-2026-T270,黄氏响声丸,,PILL,丸剂,糖衣丸每瓶装400 丸,TRADITIONAL_PRESENTATION,,,,,[],SOURCE_UNVERIFIED,否
STD-94AA89CC7B984A0CAE5A28EC,GEN-6DA10A636F83ABC8911D773C,MED-2026-T271,清咽滴丸,,DROPPING_PILL,滴丸剂,每丸重 20mg,TRADITIONAL_PRESENTATION,,,,,[],SOURCE_UNVERIFIED,否
STD-1E9E726A1DD65CA828E1FC08,GEN-D0D64A9F83798F7E4115345D,MED-2026-T272,金嗓散结胶囊(颗粒、丸),,CAPSULE,胶囊,每粒装 0.4g,TRADITIONAL_PRESENTATION,,,,,[],SOURCE_UNVERIFIED,否
STD-6E2DF234E593BACF9F2FE5B5,GEN-D0D64A9F83798F7E4115345D,MED-2026-T272,金嗓散结胶囊(颗粒、丸),,GRANULE,颗粒剂,每 1g 相当于饮片1.67g,TRADITIONAL_PRESENTATION,,,,,[],SOURCE_UNVERIFIED,否
STD-12A802C461C5E47521E8D36B,GEN-D0D64A9F83798F7E4115345D,MED-2026-T272,金嗓散结胶囊(颗粒、丸),,PILL,丸剂,每 10 丸重 1g,TRADITIONAL_PRESENTATION,,,,,[],SOURCE_UNVERIFIED,否
STD-34277E7CF87392124C0C8A08,GEN-77196D4D0F1EF381F1D53A64,MED-2026-T273,口炎清颗粒,,GRANULE,颗粒剂,每袋装 3g,TRADITIONAL_PRESENTATION,,,,,[],SOURCE_UNVERIFIED,否
STD-878B9DD85660255322E9D873,GEN-77196D4D0F1EF381F1D53A64,MED-2026-T273,口炎清颗粒,,GRANULE,颗粒剂,每袋装10g,TRADITIONAL_PRESENTATION,,,,,[],SOURCE_UNVERIFIED,否
STD-2C90781039AFAD9D74BCEABB,GEN-940BCC40949BB2943073CA1E,MED-2026-T274,玄麦甘桔颗粒(胶囊),,CAPSULE,胶囊,每粒装 0.35g,TRADITIONAL_PRESENTATION,,,,,[],SOURCE_UNVERIFIED,否
STD-54928396BFCA498E10830C22,GEN-940BCC40949BB2943073CA1E,MED-2026-T274,玄麦甘桔颗粒(胶囊),,GRANULE,颗粒剂,每袋装 10g,TRADITIONAL_PRESENTATION,,,,,[],SOURCE_UNVERIFIED,否
STD-830B65BE1B81BB20F5372833,GEN-5423FEC2BD265F0838221E0D,MED-2026-T275,口腔溃疡散,,POWDER,散剂,每瓶装 3g,TRADITIONAL_PRESENTATION,,,,,[],SOURCE_UNVERIFIED,否
STD-ADA1C8CFF66C28F475D54E11,GEN-A0A1B5703CC06C6738C2F6E2,MED-2026-T276,西帕依固龈液,,MIXTURE,合剂,每 1ml 相当于饮片0.02g,TRADITIONAL_PRESENTATION,,,,,[],SOURCE_UNVERIFIED,否
STD-FE14C4A2637FE37726280C89,GEN-5232BD76CEE7A70560690C85,MED-2026-T277,冰硼散,,POWDER,散剂,每瓶(支)装0.6g,TRADITIONAL_PRESENTATION,,,,,[],SOURCE_UNVERIFIED,否
STD-F9FCC34A6494D93AC3B9211D,GEN-5232BD76CEE7A70560690C85,MED-2026-T277,冰硼散,,POWDER,散剂,每瓶(支)装1.5g,TRADITIONAL_PRESENTATION,,,,,[],SOURCE_UNVERIFIED,否
STD-08A271FCDB1D77BE06407408,GEN-5232BD76CEE7A70560690C85,MED-2026-T277,冰硼散,,POWDER,散剂,每瓶(支)装2g,TRADITIONAL_PRESENTATION,,,,,[],SOURCE_UNVERIFIED,否
STD-D59FBB6383420AA64B0651E5,GEN-5232BD76CEE7A70560690C85,MED-2026-T277,冰硼散,,POWDER,散剂,每瓶(支)装3g,TRADITIONAL_PRESENTATION,,,,,[],SOURCE_UNVERIFIED,否
STD-950C0342B732DF312E6D025A,GEN-0C8B6E48CB76D9329E87D757,MED-2026-T278,六神丸(胶囊、凝胶),,CAPSULE,胶囊,每粒装 0.19g,TRADITIONAL_PRESENTATION,,,,,[],SOURCE_UNVERIFIED,否
STD-51FA7860DE7358922498D04E,GEN-0C8B6E48CB76D9329E87D757,MED-2026-T278,六神丸(胶囊、凝胶),,GEL,凝胶剂,每支装 10g,TRADITIONAL_PRESENTATION,,,,,[],SOURCE_UNVERIFIED,否
STD-E59A04783D1BC0CEFAEE7D30,GEN-0C8B6E48CB76D9329E87D757,MED-2026-T278,六神丸(胶囊、凝胶),,PILL,丸剂,每 1000 粒重 3.125g,TRADITIONAL_PRESENTATION,,,,,[],SOURCE_UNVERIFIED,否
STD-44925887B383102D4CED066F,GEN-F089C7B68207CB8F40BE965A,MED-2026-T279,百蕊颗粒,,GRANULE,颗粒剂,每 1g 相当于饮片2.4g,TRADITIONAL_PRESENTATION,,,,,[],SOURCE_UNVERIFIED,否
STD-D0FF66E0BC3B96A9BF9C62B1,GEN-CB2F7620E993337B70C674DA,MED-2026-T280,甘桔冰梅片,,TABLET,片剂,每片重 0.2g,TRADITIONAL_PRESENTATION,,,,,[],SOURCE_UNVERIFIED,否
STD-E232564E49A4FCB2DDF530EF,GEN-0563BF4E69001EEB44019C44,MED-2026-T281,接骨七厘散(丸、片),,PILL,丸剂,每袋装 1.5g,TRADITIONAL_PRESENTATION,,,,,[],SOURCE_UNVERIFIED,否
STD-35EAE3269DF98C6F1AF40EC0,GEN-0563BF4E69001EEB44019C44,MED-2026-T281,接骨七厘散(丸、片),,PILL,丸剂,每袋装2g,TRADITIONAL_PRESENTATION,,,,,[],SOURCE_UNVERIFIED,否
STD-2BD80DC2B920FF4F9AECD4E7,GEN-0563BF4E69001EEB44019C44,MED-2026-T281,接骨七厘散(丸、片),,POWDER,散剂,每袋装 1.5g,TRADITIONAL_PRESENTATION,,,,,[],SOURCE_UNVERIFIED,否
STD-40A6CEBF527648C480320C5B,GEN-0563BF4E69001EEB44019C44,MED-2026-T281,接骨七厘散(丸、片),,TABLET,片剂,每片相当于原生药量 0.3g,TRADITIONAL_PRESENTATION,,,,,[],SOURCE_UNVERIFIED,否
STD-98888BBED0FEADE137B60AD8,GEN-D4288ECFD2DCCDE166073C23,MED-2026-T282,伤科接骨片,,TABLET,片剂,每片重 0.33g,TRADITIONAL_PRESENTATION,,,,,[],SOURCE_UNVERIFIED,否
STD-CC48422CD5C1891FF8218AF3,GEN-08869AAE997F63889795B3E3,MED-2026-T284,活血止痛散(胶囊、软胶囊),,CAPSULE,胶囊,每粒装 0.25g,TRADITIONAL_PRESENTATION,,,,,[],SOURCE_UNVERIFIED,否
STD-6D20B0F056602CDA3DD190B3,GEN-08869AAE997F63889795B3E3,MED-2026-T284,活血止痛散(胶囊、软胶囊),,CAPSULE,胶囊,每粒装0.5g,TRADITIONAL_PRESENTATION,,,,,[],SOURCE_UNVERIFIED,否
STD-9DD1901813A00EB425FD365D,GEN-08869AAE997F63889795B3E3,MED-2026-T284,活血止痛散(胶囊、软胶囊),,POWDER,散剂,每袋(瓶)装 1.5g,TRADITIONAL_PRESENTATION,,,,,[],SOURCE_UNVERIFIED,否
STD-699B58BABC5C77B65417BBA3,GEN-08869AAE997F63889795B3E3,MED-2026-T284,活血止痛散(胶囊、软胶囊),,SOFT_CAPSULE,软胶囊,每粒装 0.65g(相当于饮片 0.5g),TRADITIONAL_PRESENTATION,,,,,[],SOURCE_UNVERIFIED,否
STD-02FB7953B432A0E9888C56A8,GEN-CA42CF16EB6544C09AE744A3,MED-2026-T285,七厘散(胶囊),,CAPSULE,胶囊,每粒装 0.5g,TRADITIONAL_PRESENTATION,,,,,[],SOURCE_UNVERIFIED,否
STD-A6FE7A2A0DC19C367D30ED44,GEN-CA42CF16EB6544C09AE744A3,MED-2026-T285,七厘散(胶囊),,POWDER,散剂,每瓶装 1.5g,TRADITIONAL_PRESENTATION,,,,,[],SOURCE_UNVERIFIED,否
STD-7608C5155F468AEC67C9ECB6,GEN-CA42CF16EB6544C09AE744A3,MED-2026-T285,七厘散(胶囊),,POWDER,散剂,每瓶装3g,TRADITIONAL_PRESENTATION,,,,,[],SOURCE_UNVERIFIED,否
STD-E2E042C45A53402C25CE3AC4,GEN-EC6AF848C5692F6320254323,MED-2026-T286,消痛贴膏,,PLASTER,贴膏剂,每贴装 1.0g,TRADITIONAL_PRESENTATION,,,,,[],SOURCE_UNVERIFIED,否
STD-22AB6606BA3CA1406454903A,GEN-EC6AF848C5692F6320254323,MED-2026-T286,消痛贴膏,,PLASTER,贴膏剂,每贴装1.2g,TRADITIONAL_PRESENTATION,,,,,[],SOURCE_UNVERIFIED,否
STD-F04656C4B16A17E95EA23FD4,GEN-80F01ED49509EB6419DD0E15,MED-2026-T287,独一味胶囊(片),,CAPSULE,胶囊,每粒装 0.3g(相当于饮片 1.0g),TRADITIONAL_PRESENTATION,,,,,[],SOURCE_UNVERIFIED,否
STD-DDBC32AFC5CC600A1A2AF01E,GEN-80F01ED49509EB6419DD0E15,MED-2026-T287,独一味胶囊(片),,TABLET,片剂,每片重 0.26g,TRADITIONAL_PRESENTATION,,,,,[],SOURCE_UNVERIFIED,否
STD-571FC8A85EA64B75E8521E30,GEN-80F01ED49509EB6419DD0E15,MED-2026-T287,独一味胶囊(片),,TABLET,片剂,每片重0.28g,TRADITIONAL_PRESENTATION,,,,,[],SOURCE_UNVERIFIED,否
STD-C0495E06A341850A4D33BE18,GEN-4539AC94FB872DA9A5835893,MED-2026-T288,盘龙七片,,TABLET,片剂,每片重 0.3g,TRADITIONAL_PRESENTATION,,,,,[],SOURCE_UNVERIFIED,否
STD-780FC8E49ABE73326E2DA16E,GEN-5C7EE4A4C5A26C216D8C73DB,MED-2026-T289,复方伤痛胶囊,,CAPSULE,胶囊,每粒装 0.3g,TRADITIONAL_PRESENTATION,,,,,[],SOURCE_UNVERIFIED,否
STD-946FD5F071D165614D30511B,GEN-5EA8F2B5E0F07302AF61D53F,MED-2026-T290,颈舒颗粒,,GRANULE,颗粒剂,每袋装 6g,TRADITIONAL_PRESENTATION,,,,,[],SOURCE_UNVERIFIED,否
STD-5EC87C63B4C78CA7F0B5A180,GEN-B53357ECB5A38FEC23BFD3DE,MED-2026-T291,颈复康颗粒,,GRANULE,颗粒剂,每袋装 5g,TRADITIONAL_PRESENTATION,,,,,[],SOURCE_UNVERIFIED,否
STD-44D42EEDC2DF5F2FB22EB5A6,GEN-DB99DA1AA24BEBA6530CAA7A,MED-2026-T292,腰痹通胶囊,,CAPSULE,胶囊,每粒装 0.42g,TRADITIONAL_PRESENTATION,,,,,[],SOURCE_UNVERIFIED,否
STD-BEDB567A46FFBC9CEB2E3CF1,GEN-213041AE3AA2F11F1199B78C,MED-2026-T293,滑膜炎颗粒(片),,GRANULE,颗粒剂,每 1g 相当于饮片3g,TRADITIONAL_PRESENTATION,,,,,[],SOURCE_UNVERIFIED,否
STD-A73CBC2F41AD440227B62E56,GEN-213041AE3AA2F11F1199B78C,MED-2026-T293,滑膜炎颗粒(片),,TABLET,片剂,每片重 0.5g,TRADITIONAL_PRESENTATION,,,,,[],SOURCE_UNVERIFIED,否
STD-822E72D30338A8AEA2BDC557,GEN-213041AE3AA2F11F1199B78C,MED-2026-T293,滑膜炎颗粒(片),,TABLET,片剂,每片重0.6g,TRADITIONAL_PRESENTATION,,,,,[],SOURCE_UNVERIFIED,否
STD-C341CD4A6105BAFD559AB26C,GEN-53AF67CFCE8BABD1E9C3263F,MED-2026-T294,舒筋活血丸(片),,PILL,丸剂,每丸重 6g,TRADITIONAL_PRESENTATION,,,,,[],SOURCE_UNVERIFIED,否
STD-219BF9DB1E12AFABC1A6ABFB,GEN-53AF67CFCE8BABD1E9C3263F,MED-2026-T294,舒筋活血丸(片),,TABLET,片剂,每片重 0.3g,TRADITIONAL_PRESENTATION,,,,,[],SOURCE_UNVERIFIED,否
STD-8A3AD2B9F973ACE633442372,GEN-0B78A676E9CD371F02F7292D,MED-2026-T295,狗皮膏,,MEDICATED_PLASTER,膏药,每张净重12g,TRADITIONAL_PRESENTATION,,,,,[],SOURCE_UNVERIFIED,否
STD-7DA043BBFF12E4CCE89C7D98,GEN-0B78A676E9CD371F02F7292D,MED-2026-T295,狗皮膏,,MEDICATED_PLASTER,膏药,每张净重15g,TRADITIONAL_PRESENTATION,,,,,[],SOURCE_UNVERIFIED,否
STD-036A3EFA9289527C700593DC,GEN-0B78A676E9CD371F02F7292D,MED-2026-T295,狗皮膏,,MEDICATED_PLASTER,膏药,每张净重24g,TRADITIONAL_PRESENTATION,,,,,[],SOURCE_UNVERIFIED,否
STD-91BB102C19D6FECB77ED1642,GEN-0B78A676E9CD371F02F7292D,MED-2026-T295,狗皮膏,,MEDICATED_PLASTER,膏药,每张净重30g,TRADITIONAL_PRESENTATION,,,,,[],SOURCE_UNVERIFIED,否
STD-BB4A3699F72A09E15CEC214B,GEN-E4FD6C14D699114815B0ADCA,MED-2026-T296,骨痛灵酊,,TINCTURE,酊剂,每瓶装 30ml,TRADITIONAL_PRESENTATION,,,,,[],SOURCE_UNVERIFIED,否
STD-EA9C3F6FB4A0538E5507A434,GEN-E4FD6C14D699114815B0ADCA,MED-2026-T296,骨痛灵酊,,TINCTURE,酊剂,每瓶装100ml,TRADITIONAL_PRESENTATION,,,,,[],SOURCE_UNVERIFIED,否
STD-0CA352A34BCA9F5877C9A861,GEN-E4FD6C14D699114815B0ADCA,MED-2026-T296,骨痛灵酊,,TINCTURE,酊剂,每瓶装250ml,TRADITIONAL_PRESENTATION,,,,,[],SOURCE_UNVERIFIED,否
STD-FD545AA12E061E6976CF0873,GEN-E4FD6C14D699114815B0ADCA,MED-2026-T296,骨痛灵酊,,TINCTURE,酊剂,每瓶装60ml,TRADITIONAL_PRESENTATION,,,,,[],SOURCE_UNVERIFIED,否
STD-7E7ECC698F1312A5C2A31812,GEN-E4FD6C14D699114815B0ADCA,MED-2026-T296,骨痛灵酊,,TINCTURE,酊剂,每袋装 10ml,TRADITIONAL_PRESENTATION,,,,,[],SOURCE_UNVERIFIED,否
STD-FE0ED7D5322BD704BD4958F2,GEN-54F17DBE6F395AFF8CF28805,MED-2026-T297,通络祛痛膏,,PLASTER,贴膏剂,7cm × 10cm,TRADITIONAL_PRESENTATION,,,,,[],SOURCE_UNVERIFIED,否
STD-C63EF067118E2CD9C6E5E6FF,GEN-B72280A3277562722CC69F3C,MED-2026-T298,复方南星止痛膏,,PLASTER,贴膏剂,10cm × 13cm,TRADITIONAL_PRESENTATION,,,,,[],SOURCE_UNVERIFIED,否
STD-41F499EA3715EEE2ED804ED9,GEN-554C28F7D583F464BAD2E267,MED-2026-T299,麝香追风止痛膏,,PLASTER,贴膏剂,7cm × 10cm,TRADITIONAL_PRESENTATION,,,,,[],SOURCE_UNVERIFIED,否
STD-3A0795E77BD33541534EE0C6,GEN-CF9E04617FEFB6658EEC7EBB,MED-2026-T300,仙灵骨葆胶囊(片),,CAPSULE,胶囊,每粒装 0.5g,TRADITIONAL_PRESENTATION,,,,,[],SOURCE_UNVERIFIED,否
STD-232E3F254EA9BFB80DA6E073,GEN-CF9E04617FEFB6658EEC7EBB,MED-2026-T300,仙灵骨葆胶囊(片),,TABLET,片剂,每片重 0.3g,TRADITIONAL_PRESENTATION,,,,,[],SOURCE_UNVERIFIED,否
STD-02EDB01193C5748322523EE6,GEN-AC0C18594005EBDE60C70B17,MED-2026-T301,恒古骨伤愈合剂,,MIXTURE,合剂,12.5ml/瓶,TRADITIONAL_PRESENTATION,,,,,[],SOURCE_UNVERIFIED,否
STD-48C0FC73AC37271CB74E13C2,GEN-AC0C18594005EBDE60C70B17,MED-2026-T301,恒古骨伤愈合剂,,MIXTURE,合剂,25ml/ 瓶,TRADITIONAL_PRESENTATION,,,,,[],SOURCE_UNVERIFIED,否
STD-CBDCF49BA440355EBE477A11,GEN-D688A63E3B4203370A82B6A3,MED-2026-T302,小儿柴桂退热颗粒(口服液),,GRANULE,颗粒剂,每袋装 2.5g(每 1g 相当于饮片1.0g),TRADITIONAL_PRESENTATION,,,,,[],SOURCE_UNVERIFIED,否
STD-BA07613C27AA95E0134AD8F1,GEN-D688A63E3B4203370A82B6A3,MED-2026-T302,小儿柴桂退热颗粒(口服液),,GRANULE,颗粒剂,每袋装4g(每 1g 相当于饮片1.25g),TRADITIONAL_PRESENTATION,,,,,[],SOURCE_UNVERIFIED,否
STD-4DA0D7A9D243710A1DEF8059,GEN-D688A63E3B4203370A82B6A3,MED-2026-T302,小儿柴桂退热颗粒(口服液),,GRANULE,颗粒剂,每袋装5g(每 1g 相当于饮片 1.0g)合剂:每 1ml 相当于饮片 0.5g,TRADITIONAL_PRESENTATION,,,,,[],SOURCE_UNVERIFIED,否
STD-66958D9927ADF7825D2ABA3C,GEN-4341BE0D94CFE4DAFB65E3F8,MED-2026-T303,小儿青翘颗粒,,GRANULE,颗粒剂,每袋装 5g,TRADITIONAL_PRESENTATION,,,,,[],SOURCE_UNVERIFIED,否
STD-1D02FDBC391390BA6DA978B6,GEN-4341BE0D94CFE4DAFB65E3F8,MED-2026-T303,小儿青翘颗粒,,GRANULE,颗粒剂,每袋装7.5g,TRADITIONAL_PRESENTATION,,,,,[],SOURCE_UNVERIFIED,否
STD-2AE2AB4A33D40B29EBCD2525,GEN-8649E2DCB74FE84863B87D61,MED-2026-T304,小儿宝泰康颗粒,,GRANULE,颗粒剂,每袋装 2.6g,TRADITIONAL_PRESENTATION,,,,,[],SOURCE_UNVERIFIED,否
STD-BC30667F1F10CB52770EE627,GEN-8649E2DCB74FE84863B87D61,MED-2026-T304,小儿宝泰康颗粒,,GRANULE,颗粒剂,每袋装4g,TRADITIONAL_PRESENTATION,,,,,[],SOURCE_UNVERIFIED,否
STD-A236CF287142ECD77125931B,GEN-8649E2DCB74FE84863B87D61,MED-2026-T304,小儿宝泰康颗粒,,GRANULE,颗粒剂,每袋装8g,TRADITIONAL_PRESENTATION,,,,,[],SOURCE_UNVERIFIED,否
STD-88F6D000758E0C9990FA92E3,GEN-25D0EFDC3B8D6795D256B6D8,MED-2026-T305,小儿热速清口服液(颗粒),,MIXTURE,合剂,每支装 10ml(每 1ml 相当于饮片 1.1625g)颗粒剂:每袋装 2g,TRADITIONAL_PRESENTATION,,,,,[],SOURCE_UNVERIFIED,否
STD-2DE0F0B5372D142FFCA6664D,GEN-25D0EFDC3B8D6795D256B6D8,MED-2026-T305,小儿热速清口服液(颗粒),,MIXTURE,合剂,每支装6g,TRADITIONAL_PRESENTATION,,,,,[],SOURCE_UNVERIFIED,否
STD-253657570B2F0D449C797C6A,GEN-065EF778EB5247F0134B47F6,MED-2026-T306,小儿豉翘清热颗粒,,GRANULE,颗粒剂,每袋装 2g,TRADITIONAL_PRESENTATION,,,,,[],SOURCE_UNVERIFIED,否
STD-70637921B2ACC1F2990D742F,GEN-065EF778EB5247F0134B47F6,MED-2026-T306,小儿豉翘清热颗粒,,GRANULE,颗粒剂,每袋装4g,TRADITIONAL_PRESENTATION,,,,,[],SOURCE_UNVERIFIED,否
STD-60C1E27041F2D87B1A9D51C0,GEN-3F70824FFDBC49926145510E,MED-2026-T307,小儿泻速停颗粒,,GRANULE,颗粒剂,每袋装 3g,TRADITIONAL_PRESENTATION,,,,,[],SOURCE_UNVERIFIED,否
STD-BF31ABBDBA562E61E72EBBAE,GEN-3F70824FFDBC49926145510E,MED-2026-T307,小儿泻速停颗粒,,GRANULE,颗粒剂,每袋装10g,TRADITIONAL_PRESENTATION,,,,,[],SOURCE_UNVERIFIED,否
STD-A606B8D71981CC13104752C9,GEN-3F70824FFDBC49926145510E,MED-2026-T307,小儿泻速停颗粒,,GRANULE,颗粒剂,每袋装5g,TRADITIONAL_PRESENTATION,,,,,[],SOURCE_UNVERIFIED,否
STD-33F86CF0DAFC92AD68A1DAD9,GEN-D91549CA62289C60154FBBB3,MED-2026-T308,小儿肺热咳喘颗粒(口服液),,GRANULE,颗粒剂,每袋装 3g,TRADITIONAL_PRESENTATION,,,,,[],SOURCE_UNVERIFIED,否
STD-E508757E0F8D0E129C00EF08,GEN-D91549CA62289C60154FBBB3,MED-2026-T308,小儿肺热咳喘颗粒(口服液),,GRANULE,颗粒剂,每袋装4g(相当于饮片 10.6g),TRADITIONAL_PRESENTATION,,,,,[],SOURCE_UNVERIFIED,否
STD-B380AE9721F9358046B95D8F,GEN-D91549CA62289C60154FBBB3,MED-2026-T308,小儿肺热咳喘颗粒(口服液),,MIXTURE,合剂,每支装 10ml(每1ml 相当于饮片 1.77g),TRADITIONAL_PRESENTATION,,,,,[],SOURCE_UNVERIFIED,否
STD-2C9231D85CEBBBC3D7CD0AAD,GEN-8DF143FB2AE94ABA464D9625,MED-2026-T309,金振口服液,,MIXTURE,合剂,每支装 10ml(每1ml 相当于饮片 0.27g),TRADITIONAL_PRESENTATION,,,,,[],SOURCE_UNVERIFIED,否
STD-309A117E97DC64C9F6D382CC,GEN-C288A690920615D509BB780D,MED-2026-T310,小儿定喘口服液,,MIXTURE,合剂,每 1ml 相当于饮片1.0g,TRADITIONAL_PRESENTATION,,,,,[],SOURCE_UNVERIFIED,否
STD-051A5D6B4405B13D5B19336E,GEN-B4738869D62A81B046A9D80C,MED-2026-T311,清宣止咳颗粒,,GRANULE,颗粒剂,每袋装 10g,TRADITIONAL_PRESENTATION,,,,,[],SOURCE_UNVERIFIED,否
STD-55F77F37A2ACD9047C9D8689,GEN-0F41558436DD754B52FBAB08,MED-2026-T312,小儿消积止咳口服液,,MIXTURE,合剂,每 1ml 相当于饮片1.0g,TRADITIONAL_PRESENTATION,,,,,[],SOURCE_UNVERIFIED,否
STD-D3F4920EDBEA4FFF7E854FAC,GEN-7DF54BD72F19FCC186B5A889,MED-2026-T313,小儿肺咳颗粒,,GRANULE,颗粒剂,每袋装 2g,TRADITIONAL_PRESENTATION,,,,,[],SOURCE_UNVERIFIED,否
STD-C82C21129B85916BA6AB2D69,GEN-7DF54BD72F19FCC186B5A889,MED-2026-T313,小儿肺咳颗粒,,GRANULE,颗粒剂,每袋装3g,TRADITIONAL_PRESENTATION,,,,,[],SOURCE_UNVERIFIED,否
STD-F382F488D54CE341CF846F50,GEN-7DF54BD72F19FCC186B5A889,MED-2026-T313,小儿肺咳颗粒,,GRANULE,颗粒剂,每袋装6g,TRADITIONAL_PRESENTATION,,,,,[],SOURCE_UNVERIFIED,否
STD-71A60092553C9C873B1A19CA,GEN-4C4B89273406235A9F0DDF50,MED-2026-T314,健儿消食口服液,,MIXTURE,合剂,每 1ml 相当于饮片 0.3g,TRADITIONAL_PRESENTATION,,,,,[],SOURCE_UNVERIFIED,否
STD-801996DEE94E2EE6AEC77462,GEN-4C4B89273406235A9F0DDF50,MED-2026-T314,健儿消食口服液,,MIXTURE,合剂,每支装 10ml(相当于饮片 3g),TRADITIONAL_PRESENTATION,,,,,[],SOURCE_UNVERIFIED,否
STD-429FDBD8031609EC981050A2,GEN-D8A081D166DF52ED0AB5AF3A,MED-2026-T315,醒脾养儿颗粒,,GRANULE,颗粒剂,每袋装 2g,TRADITIONAL_PRESENTATION,,,,,[],SOURCE_UNVERIFIED,否
STD-17AF631F9E75FE800FFF685C,GEN-502A0ADBE50C4F898FDA5259,MED-2026-T316,小儿黄龙颗粒,,GRANULE,颗粒剂,每袋装 5g,TRADITIONAL_PRESENTATION,,,,,[],SOURCE_UNVERIFIED,否
STD-9ECB4195D81CB1E7A8716E7C,GEN-6878D23F96ECD558937C5109,MED-2026-T317,芍麻止痉颗粒,,GRANULE,颗粒剂,每袋装 2.5g(相当于饮片 9.4g),TRADITIONAL_PRESENTATION,,,,,[],SOURCE_UNVERIFIED,否
STD-D74AFCE7378386B718F84AA1,GEN-6878D23F96ECD558937C5109,MED-2026-T317,芍麻止痉颗粒,,GRANULE,颗粒剂,每袋装 5g(相当于饮片 18.8g),TRADITIONAL_PRESENTATION,,,,,[],SOURCE_UNVERIFIED,否
STD-68E30BB7F447199A6E4E7A1C,GEN-A82F8BC9FC3A8F2DFBEC07FB,MED-2026-T318,小儿化食丸(口服液),,MIXTURE,合剂,每支装 10ml,TRADITIONAL_PRESENTATION,,,,,[],SOURCE_UNVERIFIED,否
STD-AC6565482730A1D434E1E3B8,GEN-A82F8BC9FC3A8F2DFBEC07FB,MED-2026-T318,小儿化食丸(口服液),,PILL,丸剂,每丸重 1.5g,TRADITIONAL_PRESENTATION,,,,,[],SOURCE_UNVERIFIED,否
STD-C55CEB01BBC5813B4BFCA822,GEN-0338198C863CD64BA0057A39,MED-2026-W001,青霉素,钠盐,POWDER_FOR_INJECTION,注射用无菌粉末,0.24g(40万单位),AMOUNT_PER_PRESENTATION,0.24,g,,,[],SOURCE_UNVERIFIED,否
STD-D3AB1D9EE93E52C959DB81C6,GEN-0338198C863CD64BA0057A39,MED-2026-W001,青霉素,钾盐,POWDER_FOR_INJECTION,注射用无菌粉末,0.25g(40万单位),AMOUNT_PER_PRESENTATION,0.25,g,,,[],SOURCE_UNVERIFIED,否
STD-44C883D3AD5242C84A67C5A9,GEN-0338198C863CD64BA0057A39,MED-2026-W001,青霉素,钠盐,POWDER_FOR_INJECTION,注射用无菌粉末,0.48g(80万单位),AMOUNT_PER_PRESENTATION,0.48,g,,,[],SOURCE_UNVERIFIED,否
STD-D343A90164426D22B137BBD2,GEN-0338198C863CD64BA0057A39,MED-2026-W001,青霉素,钾盐,POWDER_FOR_INJECTION,注射用无菌粉末,0.5g(80万单位),AMOUNT_PER_PRESENTATION,0.5,g,,,[],SOURCE_UNVERIFIED,否
STD-55A093EF29E4E254A1AEA399,GEN-0338198C863CD64BA0057A39,MED-2026-W001,青霉素,钠盐,POWDER_FOR_INJECTION,注射用无菌粉末,0.96g(160万单位),AMOUNT_PER_PRESENTATION,0.96,g,,,[],SOURCE_UNVERIFIED,否
STD-55B37DA3C60AE6BB4F096CD6,GEN-0338198C863CD64BA0057A39,MED-2026-W001,青霉素,钠盐,POWDER_FOR_INJECTION,注射用无菌粉末,2.4g(400万单位),AMOUNT_PER_PRESENTATION,2.4,g,,,[],SOURCE_UNVERIFIED,否
STD-85702A744EE68E196BC21631,GEN-002F0CDAAF45F439DD267461,MED-2026-W002,苄星青霉素,,POWDER_FOR_INJECTION,注射用无菌粉末,120万单位,AMOUNT_PER_PRESENTATION,120,万单位,,,[],SOURCE_UNVERIFIED,否
STD-4C3A7E2D50D6D5FA0487D3E4,GEN-002F0CDAAF45F439DD267461,MED-2026-W002,苄星青霉素,,POWDER_FOR_INJECTION,注射用无菌粉末,60万单位,AMOUNT_PER_PRESENTATION,60,万单位,,,[],SOURCE_UNVERIFIED,否
STD-900C820732342F6C2D7F90AE,GEN-6580D9C759B535F22780DCF6,MED-2026-W003,苯唑西林,,CAPSULE,胶囊,0.25g,AMOUNT_PER_PRESENTATION,0.25,g,,,[],SOURCE_UNVERIFIED,否
STD-596C605D8EA295AFE4177A6C,GEN-6580D9C759B535F22780DCF6,MED-2026-W003,苯唑西林,,POWDER_FOR_INJECTION,注射用无菌粉末,0.5g,AMOUNT_PER_PRESENTATION,0.5,g,,,[],SOURCE_UNVERIFIED,否
STD-1003788B92D66265A7005F07,GEN-6580D9C759B535F22780DCF6,MED-2026-W003,苯唑西林,,POWDER_FOR_INJECTION,注射用无菌粉末,1.0g,AMOUNT_PER_PRESENTATION,1,g,,,[],SOURCE_UNVERIFIED,否
STD-A214973C8D419476AF285DBE,GEN-6580D9C759B535F22780DCF6,MED-2026-W003,苯唑西林,,POWDER_FOR_INJECTION,注射用无菌粉末,2.0g,AMOUNT_PER_PRESENTATION,2,g,,,[],SOURCE_UNVERIFIED,否
STD-B1E073FBEF7AEA2941E68692,GEN-6580D9C759B535F22780DCF6,MED-2026-W003,苯唑西林,,TABLET,片剂,0.25g,AMOUNT_PER_PRESENTATION,0.25,g,,,[],SOURCE_UNVERIFIED,否
STD-00F9B066DE7E217A6CF5769D,GEN-C02E6E9A82A65CC20D7C30C2,MED-2026-W004,氨苄西林,,POWDER_FOR_INJECTION,注射用无菌粉末,0.5g,AMOUNT_PER_PRESENTATION,0.5,g,,,[],SOURCE_UNVERIFIED,否
STD-C6999D7FE3A54353CF0D8732,GEN-C02E6E9A82A65CC20D7C30C2,MED-2026-W004,氨苄西林,,POWDER_FOR_INJECTION,注射用无菌粉末,1.0g,AMOUNT_PER_PRESENTATION,1,g,,,[],SOURCE_UNVERIFIED,否
STD-9332DE31D9B317944C92704C,GEN-C02E6E9A82A65CC20D7C30C2,MED-2026-W004,氨苄西林,,POWDER_FOR_INJECTION,注射用无菌粉末,2.0g,AMOUNT_PER_PRESENTATION,2,g,,,[],SOURCE_UNVERIFIED,否
STD-B00049684C3C246DC849127A,GEN-832B7C4EF820CFB449104271,MED-2026-W005,哌拉西林,,POWDER_FOR_INJECTION,注射用无菌粉末,0.5g,AMOUNT_PER_PRESENTATION,0.5,g,,,[],SOURCE_UNVERIFIED,否
STD-07C0E83732A847178CB5A872,GEN-832B7C4EF820CFB449104271,MED-2026-W005,哌拉西林,,POWDER_FOR_INJECTION,注射用无菌粉末,1.0g,AMOUNT_PER_PRESENTATION,1,g,,,[],SOURCE_UNVERIFIED,否
STD-2B34BB94112BB56DB5987AE8,GEN-832B7C4EF820CFB449104271,MED-2026-W005,哌拉西林,,POWDER_FOR_INJECTION,注射用无菌粉末,2.0g,AMOUNT_PER_PRESENTATION,2,g,,,[],SOURCE_UNVERIFIED,否
STD-64A0CBCE664FB35B94692C68,GEN-832B7C4EF820CFB449104271,MED-2026-W005,哌拉西林,,POWDER_FOR_INJECTION,注射用无菌粉末,4.0g,AMOUNT_PER_PRESENTATION,4,g,,,[],SOURCE_UNVERIFIED,否
STD-C77DF2D9D2C0F74689588376,GEN-33AF7A83AD073B960F8B3B32,MED-2026-W006,阿莫西林,,CAPSULE,胶囊,0.125g,AMOUNT_PER_PRESENTATION,0.125,g,,,[],SOURCE_UNVERIFIED,否
STD-9405B86DD5B404C44E1B92B5,GEN-33AF7A83AD073B960F8B3B32,MED-2026-W006,阿莫西林,,CAPSULE,胶囊,0.25g,AMOUNT_PER_PRESENTATION,0.25,g,,,[],SOURCE_UNVERIFIED,否
STD-78A32869C76B61EE93F29736,GEN-33AF7A83AD073B960F8B3B32,MED-2026-W006,阿莫西林,,DRY_SUSPENSION,干混悬剂,0.125g,AMOUNT_PER_PRESENTATION,0.125,g,,,[],SOURCE_UNVERIFIED,否
STD-73CF27B94C81A60419C56187,GEN-33AF7A83AD073B960F8B3B32,MED-2026-W006,阿莫西林,,DRY_SUSPENSION,干混悬剂,0.25g,AMOUNT_PER_PRESENTATION,0.25,g,,,[],SOURCE_UNVERIFIED,否
STD-BF4FA4C985C977DC3C45C517,GEN-33AF7A83AD073B960F8B3B32,MED-2026-W006,阿莫西林,,GRANULE,颗粒剂,0.125g,AMOUNT_PER_PRESENTATION,0.125,g,,,[],SOURCE_UNVERIFIED,否
STD-BE2A026FAC5847BF2114FBA2,GEN-33AF7A83AD073B960F8B3B32,MED-2026-W006,阿莫西林,,GRANULE,颗粒剂,0.25g,AMOUNT_PER_PRESENTATION,0.25,g,,,[],SOURCE_UNVERIFIED,否
STD-8D9C731552FDDC51B60ADE72,GEN-33AF7A83AD073B960F8B3B32,MED-2026-W006,阿莫西林,,TABLET,片剂,0.125g,AMOUNT_PER_PRESENTATION,0.125,g,,,[],SOURCE_UNVERIFIED,否
STD-B049BB8576E2EC9B2250FC43,GEN-33AF7A83AD073B960F8B3B32,MED-2026-W006,阿莫西林,,TABLET,片剂,0.25g,AMOUNT_PER_PRESENTATION,0.25,g,,,[],SOURCE_UNVERIFIED,否
STD-185EE1527B3EF6398986327C,GEN-511C46465C2B688160D872D0,MED-2026-W007,阿莫西林克拉维酸钾,,DRY_SUSPENSION,干混悬剂,200mg:28.5mg(7:1)(阿莫西林:克拉维酸),MULTI_COMPONENT,,,,,"[{""ordinal"": 1, ""value"": ""200"", ""unit"": ""mg""}, {""ordinal"": 2, ""value"": ""28.5"", ""unit"": ""mg""}]",SOURCE_UNVERIFIED,否
STD-3B4F1E08ACF9C5C26646E002,GEN-511C46465C2B688160D872D0,MED-2026-W007,阿莫西林克拉维酸钾,,DRY_SUSPENSION,干混悬剂,250mg:62.5mg(4:1),MULTI_COMPONENT,,,,,"[{""ordinal"": 1, ""value"": ""250"", ""unit"": ""mg""}, {""ordinal"": 2, ""value"": ""62.5"", ""unit"": ""mg""}]",SOURCE_UNVERIFIED,否
STD-0B69C91083B9FF966EF8B144,GEN-511C46465C2B688160D872D0,MED-2026-W007,阿莫西林克拉维酸钾,,GRANULE,颗粒剂,125mg:31.25mg(4:1),MULTI_COMPONENT,,,,,"[{""ordinal"": 1, ""value"": ""125"", ""unit"": ""mg""}, {""ordinal"": 2, ""value"": ""31.25"", ""unit"": ""mg""}]",SOURCE_UNVERIFIED,否
STD-658BA797A4E98800BF5FCA51,GEN-511C46465C2B688160D872D0,MED-2026-W007,阿莫西林克拉维酸钾,,GRANULE,颗粒剂,200mg:28.5mg(7:1)(阿莫西林:克拉维酸),MULTI_COMPONENT,,,,,"[{""ordinal"": 1, ""value"": ""200"", ""unit"": ""mg""}, {""ordinal"": 2, ""value"": ""28.5"", ""unit"": ""mg""}]",SOURCE_UNVERIFIED,否
STD-D8522E9B574A6DB20E1B3824,GEN-511C46465C2B688160D872D0,MED-2026-W007,阿莫西林克拉维酸钾,,POWDER_FOR_INJECTION,注射用无菌粉末,1000mg:200mg(5:1)(阿莫西林:克拉维酸),MULTI_COMPONENT,,,,,"[{""ordinal"": 1, ""value"": ""1000"", ""unit"": ""mg""}, {""ordinal"": 2, ""value"": ""200"", ""unit"": ""mg""}]",SOURCE_UNVERIFIED,否
STD-A780934C5FD73B2257C7657D,GEN-511C46465C2B688160D872D0,MED-2026-W007,阿莫西林克拉维酸钾,,POWDER_FOR_INJECTION,注射用无菌粉末,250mg:50mg(5:1),MULTI_COMPONENT,,,,,"[{""ordinal"": 1, ""value"": ""250"", ""unit"": ""mg""}, {""ordinal"": 2, ""value"": ""50"", ""unit"": ""mg""}]",SOURCE_UNVERIFIED,否
STD-3E18D87ABEF12424B322073A,GEN-511C46465C2B688160D872D0,MED-2026-W007,阿莫西林克拉维酸钾,,POWDER_FOR_INJECTION,注射用无菌粉末,500mg:100mg(5:1),MULTI_COMPONENT,,,,,"[{""ordinal"": 1, ""value"": ""500"", ""unit"": ""mg""}, {""ordinal"": 2, ""value"": ""100"", ""unit"": ""mg""}]",SOURCE_UNVERIFIED,否
STD-E5ECB24E5709FE98BDD02477,GEN-511C46465C2B688160D872D0,MED-2026-W007,阿莫西林克拉维酸钾,,TABLET,片剂,4:1,TEXT_REQUIRES_REVIEW,,,,,[],SOURCE_UNVERIFIED,否
STD-3C4F97539BBF80705F3244D1,GEN-511C46465C2B688160D872D0,MED-2026-W007,阿莫西林克拉维酸钾,,TABLET,片剂,7:1,TEXT_REQUIRES_REVIEW,,,,,[],SOURCE_UNVERIFIED,否
STD-39D21E1F731FA3312E10C9FD,GEN-511C46465C2B688160D872D0,MED-2026-W007,阿莫西林克拉维酸钾,,TABLET,片剂,阿莫西林:克拉维酸=2:1,TEXT_REQUIRES_REVIEW,,,,,[],SOURCE_UNVERIFIED,否
STD-0C6E3B8613381D4C21B2DA73,GEN-6DA69D6939FA592E68ADB97B,MED-2026-W008,哌拉西林钠他唑巴坦钠,,POWDER_FOR_INJECTION,注射用无菌粉末,2.25g(哌拉西林 2.0g 与他唑巴坦 0.25g),AMOUNT_PER_PRESENTATION,2.25,g,,,[],SOURCE_UNVERIFIED,否
STD-C7AB42432638303FE876FEF2,GEN-6DA69D6939FA592E68ADB97B,MED-2026-W008,哌拉西林钠他唑巴坦钠,,POWDER_FOR_INJECTION,注射用无菌粉末,4.5g(哌拉西林 4.0g 与他唑巴坦 0.5g),AMOUNT_PER_PRESENTATION,4.5,g,,,[],SOURCE_UNVERIFIED,否
STD-01DC517F1501760111A8F222,GEN-ADEC5396136C53910A947A12,MED-2026-W009,头孢唑林,,POWDER_FOR_INJECTION,注射用无菌粉末,0.5g,AMOUNT_PER_PRESENTATION,0.5,g,,,[],SOURCE_UNVERIFIED,否
STD-B41EFC097D7CD491D420723B,GEN-ADEC5396136C53910A947A12,MED-2026-W009,头孢唑林,,POWDER_FOR_INJECTION,注射用无菌粉末,1.0g,AMOUNT_PER_PRESENTATION,1,g,,,[],SOURCE_UNVERIFIED,否
STD-F38A23A4B975DFE954D61E7C,GEN-B50E91897684DEAF7DFD6461,MED-2026-W010,头孢拉定,,CAPSULE,胶囊,0.25g,AMOUNT_PER_PRESENTATION,0.25,g,,,[],SOURCE_UNVERIFIED,否
STD-38F54E666093C3A26BC18F35,GEN-B50E91897684DEAF7DFD6461,MED-2026-W010,头孢拉定,,CAPSULE,胶囊,0.5g,AMOUNT_PER_PRESENTATION,0.5,g,,,[],SOURCE_UNVERIFIED,否
STD-3B80C3B6697F63294FCF2BE8,GEN-E2F6067422A951C28D369A90,MED-2026-W011,头孢氨苄,,CAPSULE,胶囊,0.125g,AMOUNT_PER_PRESENTATION,0.125,g,,,[],SOURCE_UNVERIFIED,否
STD-650195B7A774DA5761D99A7B,GEN-E2F6067422A951C28D369A90,MED-2026-W011,头孢氨苄,,CAPSULE,胶囊,0.25g,AMOUNT_PER_PRESENTATION,0.25,g,,,[],SOURCE_UNVERIFIED,否
STD-8F0FD148B59E30BBE9734CD6,GEN-E2F6067422A951C28D369A90,MED-2026-W011,头孢氨苄,,GRANULE,颗粒剂,0.05g,AMOUNT_PER_PRESENTATION,0.05,g,,,[],SOURCE_UNVERIFIED,否
STD-2BDA9F52988C9BECE2FFBC1F,GEN-E2F6067422A951C28D369A90,MED-2026-W011,头孢氨苄,,GRANULE,颗粒剂,0.125g,AMOUNT_PER_PRESENTATION,0.125,g,,,[],SOURCE_UNVERIFIED,否
STD-C02D5E9B8D1A94BE9FF2E667,GEN-E2F6067422A951C28D369A90,MED-2026-W011,头孢氨苄,,TABLET,片剂,0.125g,AMOUNT_PER_PRESENTATION,0.125,g,,,[],SOURCE_UNVERIFIED,否
STD-F4A678A2A67624E13E996340,GEN-E2F6067422A951C28D369A90,MED-2026-W011,头孢氨苄,,TABLET,片剂,0.25g,AMOUNT_PER_PRESENTATION,0.25,g,,,[],SOURCE_UNVERIFIED,否
STD-7078D15EF8FB24C818D15BEF,GEN-D8B5A2C87BE8E07F3B587A5E,MED-2026-W012,头孢呋辛,头孢呋辛酯,CAPSULE,胶囊,0.125g,AMOUNT_PER_PRESENTATION,0.125,g,,,[],SOURCE_UNVERIFIED,否
STD-D8B770D9559E93EA5045AD84,GEN-D8B5A2C87BE8E07F3B587A5E,MED-2026-W012,头孢呋辛,头孢呋辛酯,CAPSULE,胶囊,0.25g,AMOUNT_PER_PRESENTATION,0.25,g,,,[],SOURCE_UNVERIFIED,否
STD-8F5A5671E5D016A8573C83A1,GEN-D8B5A2C87BE8E07F3B587A5E,MED-2026-W012,头孢呋辛,头孢呋辛酯,DISPERSIBLE_TABLET,分散片,0.125g,AMOUNT_PER_PRESENTATION,0.125,g,,,[],SOURCE_UNVERIFIED,否
STD-FD5F4B8A26F29C089199A643,GEN-D8B5A2C87BE8E07F3B587A5E,MED-2026-W012,头孢呋辛,头孢呋辛酯,DISPERSIBLE_TABLET,分散片,0.25g,AMOUNT_PER_PRESENTATION,0.25,g,,,[],SOURCE_UNVERIFIED,否
STD-72509FF7B34CB5DFD70FADA0,GEN-D8B5A2C87BE8E07F3B587A5E,MED-2026-W012,头孢呋辛,头孢呋辛酯,DRY_SUSPENSION,干混悬剂,0.125g,AMOUNT_PER_PRESENTATION,0.125,g,,,[],SOURCE_UNVERIFIED,否
STD-551E5DAD3C6251EA2E18D599,GEN-D8B5A2C87BE8E07F3B587A5E,MED-2026-W012,头孢呋辛,头孢呋辛酯,DRY_SUSPENSION,干混悬剂,0.25g,AMOUNT_PER_PRESENTATION,0.25,g,,,[],SOURCE_UNVERIFIED,否
STD-AB868A755C3263D0C78767C8,GEN-D8B5A2C87BE8E07F3B587A5E,MED-2026-W012,头孢呋辛,钠盐,POWDER_FOR_INJECTION,注射用无菌粉末,0.25g,AMOUNT_PER_PRESENTATION,0.25,g,,,[],SOURCE_UNVERIFIED,否
STD-E98EF07381F5D9CEC3E3E9A3,GEN-D8B5A2C87BE8E07F3B587A5E,MED-2026-W012,头孢呋辛,钠盐,POWDER_FOR_INJECTION,注射用无菌粉末,0.5g,AMOUNT_PER_PRESENTATION,0.5,g,,,[],SOURCE_UNVERIFIED,否
STD-FB62D1706B479E2D2135B36C,GEN-D8B5A2C87BE8E07F3B587A5E,MED-2026-W012,头孢呋辛,钠盐,POWDER_FOR_INJECTION,注射用无菌粉末,0.75g,AMOUNT_PER_PRESENTATION,0.75,g,,,[],SOURCE_UNVERIFIED,否
STD-D657BD46DD75479E4399C650,GEN-D8B5A2C87BE8E07F3B587A5E,MED-2026-W012,头孢呋辛,钠盐,POWDER_FOR_INJECTION,注射用无菌粉末,1.5g,AMOUNT_PER_PRESENTATION,1.5,g,,,[],SOURCE_UNVERIFIED,否
STD-FBE75C354925ED704DCB7A1C,GEN-D8B5A2C87BE8E07F3B587A5E,MED-2026-W012,头孢呋辛,头孢呋辛酯,TABLET,片剂,0.125g,AMOUNT_PER_PRESENTATION,0.125,g,,,[],SOURCE_UNVERIFIED,否
STD-1098B6F4972532616C7C91E1,GEN-D8B5A2C87BE8E07F3B587A5E,MED-2026-W012,头孢呋辛,头孢呋辛酯,TABLET,片剂,0.25g,AMOUNT_PER_PRESENTATION,0.25,g,,,[],SOURCE_UNVERIFIED,否
STD-427FCBB6E7C90E19E0B4704A,GEN-B00DD549E448C13815734CBC,MED-2026-W013,头孢克肟,,CAPSULE,胶囊,100mg,AMOUNT_PER_PRESENTATION,100,mg,,,[],SOURCE_UNVERIFIED,否
STD-E92F2DD29FB41BB0F59CF99A,GEN-B00DD549E448C13815734CBC,MED-2026-W013,头孢克肟,,DISPERSIBLE_TABLET,分散片,100mg,AMOUNT_PER_PRESENTATION,100,mg,,,[],SOURCE_UNVERIFIED,否
STD-F766BB675AD7324558FD92E5,GEN-B00DD549E448C13815734CBC,MED-2026-W013,头孢克肟,,DRY_SUSPENSION,干混悬剂,100mg,AMOUNT_PER_PRESENTATION,100,mg,,,[],SOURCE_UNVERIFIED,否
STD-C9E4511DD6031FA0E173FE8F,GEN-B00DD549E448C13815734CBC,MED-2026-W013,头孢克肟,,DRY_SUSPENSION,干混悬剂,50mg,AMOUNT_PER_PRESENTATION,50,mg,,,[],SOURCE_UNVERIFIED,否
STD-7C0936A9C0A79A8CEC167ED8,GEN-B00DD549E448C13815734CBC,MED-2026-W013,头孢克肟,,GRANULE,颗粒剂,50mg,AMOUNT_PER_PRESENTATION,50,mg,,,[],SOURCE_UNVERIFIED,否
STD-E096658F004A81E976C7B5C7,GEN-B00DD549E448C13815734CBC,MED-2026-W013,头孢克肟,,TABLET,片剂,100mg,AMOUNT_PER_PRESENTATION,100,mg,,,[],SOURCE_UNVERIFIED,否
STD-2DEEC36A18432FB0F4DBC8DE,GEN-B00DD549E448C13815734CBC,MED-2026-W013,头孢克肟,,TABLET,片剂,50mg,AMOUNT_PER_PRESENTATION,50,mg,,,[],SOURCE_UNVERIFIED,否
STD-3FE008AEB343C0D0A00B3FC6,GEN-92B1D597DEAC50C6DF45AC4F,MED-2026-W014,头孢曲松,,POWDER_FOR_INJECTION,注射用无菌粉末,0.25g,AMOUNT_PER_PRESENTATION,0.25,g,,,[],SOURCE_UNVERIFIED,否
STD-D9FD98987BE1D7D08F352FA9,GEN-92B1D597DEAC50C6DF45AC4F,MED-2026-W014,头孢曲松,,POWDER_FOR_INJECTION,注射用无菌粉末,0.5g,AMOUNT_PER_PRESENTATION,0.5,g,,,[],SOURCE_UNVERIFIED,否
STD-BDA260D683D39C08072D7FAB,GEN-92B1D597DEAC50C6DF45AC4F,MED-2026-W014,头孢曲松,,POWDER_FOR_INJECTION,注射用无菌粉末,1.0g,AMOUNT_PER_PRESENTATION,1,g,,,[],SOURCE_UNVERIFIED,否
STD-D1DCD252E121CB6E3FF6B61E,GEN-92B1D597DEAC50C6DF45AC4F,MED-2026-W014,头孢曲松,,POWDER_FOR_INJECTION,注射用无菌粉末,2.0g,AMOUNT_PER_PRESENTATION,2,g,,,[],SOURCE_UNVERIFIED,否
STD-CD3C0088CAD4D53B0E3E577C,GEN-A4CBCEAD896997078B85D1DF,MED-2026-W015,头孢他啶,,POWDER_FOR_INJECTION,注射用无菌粉末,0.25g,AMOUNT_PER_PRESENTATION,0.25,g,,,[],SOURCE_UNVERIFIED,否
STD-699BA34F74FF97C9CA22DA1A,GEN-A4CBCEAD896997078B85D1DF,MED-2026-W015,头孢他啶,,POWDER_FOR_INJECTION,注射用无菌粉末,0.5g,AMOUNT_PER_PRESENTATION,0.5,g,,,[],SOURCE_UNVERIFIED,否
STD-936B48255EDC253082FBECC6,GEN-A4CBCEAD896997078B85D1DF,MED-2026-W015,头孢他啶,,POWDER_FOR_INJECTION,注射用无菌粉末,1.0g,AMOUNT_PER_PRESENTATION,1,g,,,[],SOURCE_UNVERIFIED,否
STD-052B43969BFA123874E2B6B3,GEN-A4CBCEAD896997078B85D1DF,MED-2026-W015,头孢他啶,,POWDER_FOR_INJECTION,注射用无菌粉末,2.0g,AMOUNT_PER_PRESENTATION,2,g,,,[],SOURCE_UNVERIFIED,否
STD-01DA2F4B12655FB389688C18,GEN-B6DE5F570214ED37C7695380,MED-2026-W016,阿米卡星,,INJECTION,注射液,1ml:0.1g(10万单位),CONCENTRATION,0.1,g,1,mL,[],SOURCE_UNVERIFIED,否
STD-96D8AEFEC46C33E28C214E12,GEN-B6DE5F570214ED37C7695380,MED-2026-W016,阿米卡星,,INJECTION,注射液,2ml:0.2g(20万单位),CONCENTRATION,0.2,g,2,mL,[],SOURCE_UNVERIFIED,否
STD-DEAB789EF993C052CEEA18C5,GEN-0FBCC9619B3DF8F429F8D8CE,MED-2026-W017,庆大霉素,,INJECTION,注射液,1ml:40mg(4万单位),CONCENTRATION,40,mg,1,mL,[],SOURCE_UNVERIFIED,否
STD-3E184C02B80098829211DCB2,GEN-0FBCC9619B3DF8F429F8D8CE,MED-2026-W017,庆大霉素,,INJECTION,注射液,2ml:80mg(8万单位),CONCENTRATION,80,mg,2,mL,[],SOURCE_UNVERIFIED,否
STD-510652CE6A22C6825F4590ED,GEN-D83AB4D2C503E683ECFCC581,MED-2026-W018,多西环素,,TABLET,片剂,100mg,AMOUNT_PER_PRESENTATION,100,mg,,,[],SOURCE_UNVERIFIED,否
STD-FC5FF66330C2500C8AFAFCCB,GEN-D83AB4D2C503E683ECFCC581,MED-2026-W018,多西环素,,TABLET,片剂,50mg,AMOUNT_PER_PRESENTATION,50,mg,,,[],SOURCE_UNVERIFIED,否
STD-E266BAEA97C3D1DA86D6B80C,GEN-D28D48F56886BB8322BF1CBE,MED-2026-W019,米诺环素,,CAPSULE,胶囊,100mg,AMOUNT_PER_PRESENTATION,100,mg,,,[],SOURCE_UNVERIFIED,否
STD-D97E4AF41F164EEA12719927,GEN-D28D48F56886BB8322BF1CBE,MED-2026-W019,米诺环素,,CAPSULE,胶囊,50mg,AMOUNT_PER_PRESENTATION,50,mg,,,[],SOURCE_UNVERIFIED,否
STD-C05379476DFCA1BD44820B90,GEN-D28D48F56886BB8322BF1CBE,MED-2026-W019,米诺环素,,TABLET,片剂,50mg,AMOUNT_PER_PRESENTATION,50,mg,,,[],SOURCE_UNVERIFIED,否
STD-6E07440BF09806DB257C950D,GEN-8DA773C17EBB58130AB5E12D,MED-2026-W020,红霉素,琥珀酸乙酯,CAPSULE,胶囊,0.125g(12.5万单位),AMOUNT_PER_PRESENTATION,0.125,g,,,[],SOURCE_UNVERIFIED,否
STD-81A5E9EB793A370A4C66B6FA,GEN-8DA773C17EBB58130AB5E12D,MED-2026-W020,红霉素,琥珀酸乙酯,CAPSULE,胶囊,0.25g(25万单位),AMOUNT_PER_PRESENTATION,0.25,g,,,[],SOURCE_UNVERIFIED,否
STD-DA498A058B599C94ADFFC941,GEN-8DA773C17EBB58130AB5E12D,MED-2026-W020,红霉素,,ENTERIC_CAPSULE,肠溶胶囊,0.125g(12.5万单位),AMOUNT_PER_PRESENTATION,0.125,g,,,[],SOURCE_UNVERIFIED,否
STD-4F562ACDADAFD789A7A8727F,GEN-8DA773C17EBB58130AB5E12D,MED-2026-W020,红霉素,,ENTERIC_CAPSULE,肠溶胶囊,0.25g(25万单位),AMOUNT_PER_PRESENTATION,0.25,g,,,[],SOURCE_UNVERIFIED,否
STD-488B894B4592087C60002BBC,GEN-8DA773C17EBB58130AB5E12D,MED-2026-W020,红霉素,,ENTERIC_TABLET,肠溶片,0.125g(12.5万单位),AMOUNT_PER_PRESENTATION,0.125,g,,,[],SOURCE_UNVERIFIED,否
STD-98DA5FE3E49FBA5924AF52C4,GEN-8DA773C17EBB58130AB5E12D,MED-2026-W020,红霉素,,ENTERIC_TABLET,肠溶片,0.25g(25万单位),AMOUNT_PER_PRESENTATION,0.25,g,,,[],SOURCE_UNVERIFIED,否
STD-D2B3B3867837AC92F2B3FF2E,GEN-8DA773C17EBB58130AB5E12D,MED-2026-W020,红霉素,,POWDER_FOR_INJECTION,注射用无菌粉末,0.25g(25万单位),AMOUNT_PER_PRESENTATION,0.25,g,,,[],SOURCE_UNVERIFIED,否
STD-AB752BC7B3C794240483D1B9,GEN-8DA773C17EBB58130AB5E12D,MED-2026-W020,红霉素,,POWDER_FOR_INJECTION,注射用无菌粉末,0.3g(30万单位),AMOUNT_PER_PRESENTATION,0.3,g,,,[],SOURCE_UNVERIFIED,否
STD-16275E9D91B8734C1A7A022B,GEN-8DA773C17EBB58130AB5E12D,MED-2026-W020,红霉素,,POWDER_FOR_INJECTION,注射用无菌粉末,0.5g(50万单位),AMOUNT_PER_PRESENTATION,0.5,g,,,[],SOURCE_UNVERIFIED,否
STD-FF7237D2B081DD4956152BBD,GEN-8DA773C17EBB58130AB5E12D,MED-2026-W020,红霉素,琥珀酸乙酯,TABLET,片剂,0.125g(12.5万单位),AMOUNT_PER_PRESENTATION,0.125,g,,,[],SOURCE_UNVERIFIED,否
STD-446F61C88FB6F7ED1E223865,GEN-8DA773C17EBB58130AB5E12D,MED-2026-W020,红霉素,琥珀酸乙酯,TABLET,片剂,0.25g(25万单位),AMOUNT_PER_PRESENTATION,0.25,g,,,[],SOURCE_UNVERIFIED,否
STD-8B96B5B25F012CF1A9DF131F,GEN-17AB31AA7B1DF8ED62B235E5,MED-2026-W021,阿奇霉素,,CAPSULE,胶囊,0.25g(25万单位),AMOUNT_PER_PRESENTATION,0.25,g,,,[],SOURCE_UNVERIFIED,否
STD-3B0084DDBBAEF8928E80F475,GEN-17AB31AA7B1DF8ED62B235E5,MED-2026-W021,阿奇霉素,,DRY_SUSPENSION,干混悬剂,0.1g(10万单位),AMOUNT_PER_PRESENTATION,0.1,g,,,[],SOURCE_UNVERIFIED,否
STD-416E3B329161DC1AF44CEF33,GEN-17AB31AA7B1DF8ED62B235E5,MED-2026-W021,阿奇霉素,,GRANULE,颗粒剂,0.1g(10万单位),AMOUNT_PER_PRESENTATION,0.1,g,,,[],SOURCE_UNVERIFIED,否
STD-E760C03E4803FF6939CD086E,GEN-17AB31AA7B1DF8ED62B235E5,MED-2026-W021,阿奇霉素,,POWDER_FOR_INJECTION,注射用无菌粉末,0.5g(50万单位),AMOUNT_PER_PRESENTATION,0.5,g,,,[],SOURCE_UNVERIFIED,否
STD-708A743A3D2371B1059B6A7F,GEN-17AB31AA7B1DF8ED62B235E5,MED-2026-W021,阿奇霉素,,TABLET,片剂,0.25g(25万单位),AMOUNT_PER_PRESENTATION,0.25,g,,,[],SOURCE_UNVERIFIED,否
STD-A40222867062059309CB0C60,GEN-73C6B829069DEF103FB125D0,MED-2026-W022,克拉霉素,,GRANULE,颗粒剂,0.125g(12.5万单位),AMOUNT_PER_PRESENTATION,0.125,g,,,[],SOURCE_UNVERIFIED,否
STD-7D9C90DE10CF026DB8C101EF,GEN-73C6B829069DEF103FB125D0,MED-2026-W022,克拉霉素,,GRANULE,颗粒剂,0.25g(25万单位),AMOUNT_PER_PRESENTATION,0.25,g,,,[],SOURCE_UNVERIFIED,否
STD-4B58772B4222F3DE597D3E5F,GEN-73C6B829069DEF103FB125D0,MED-2026-W022,克拉霉素,,TABLET,片剂,0.125g(12.5万单位),AMOUNT_PER_PRESENTATION,0.125,g,,,[],SOURCE_UNVERIFIED,否
STD-CE0B9F77222F0E14AC9A121A,GEN-73C6B829069DEF103FB125D0,MED-2026-W022,克拉霉素,,TABLET,片剂,0.25g(25万单位),AMOUNT_PER_PRESENTATION,0.25,g,,,[],SOURCE_UNVERIFIED,否
STD-0521AC6A26153CC5C73C889A,GEN-1908503B17E507A331753600,MED-2026-W023,克林霉素,盐酸盐,CAPSULE,胶囊,0.075g,AMOUNT_PER_PRESENTATION,0.075,g,,,[],SOURCE_UNVERIFIED,否
STD-4F28D18FC637BF59AA585993,GEN-1908503B17E507A331753600,MED-2026-W023,克林霉素,盐酸盐,CAPSULE,胶囊,0.15g,AMOUNT_PER_PRESENTATION,0.15,g,,,[],SOURCE_UNVERIFIED,否
STD-B1376F0D04F0160B8783C156,GEN-1908503B17E507A331753600,MED-2026-W023,克林霉素,盐酸盐棕榈酸酯,GRANULE,颗粒剂,75mg,AMOUNT_PER_PRESENTATION,75,mg,,,[],SOURCE_UNVERIFIED,否
STD-7D4105CE45430D8CA010E3F1,GEN-1908503B17E507A331753600,MED-2026-W023,克林霉素,磷酸酯,INJECTION,注射液,1ml:150mg,CONCENTRATION,150,mg,1,mL,[],SOURCE_UNVERIFIED,否
STD-84C735960E9C4A2D4656ECAE,GEN-1908503B17E507A331753600,MED-2026-W023,克林霉素,磷酸酯,INJECTION,注射液,2ml:300mg,CONCENTRATION,300,mg,2,mL,[],SOURCE_UNVERIFIED,否
STD-CDDC09366D930111A9308A2D,GEN-1908503B17E507A331753600,MED-2026-W023,克林霉素,磷酸酯,INJECTION,注射液,4ml:600mg,CONCENTRATION,600,mg,4,mL,[],SOURCE_UNVERIFIED,否
STD-F94B7743CFF8D325EA9D3DA1,GEN-1908503B17E507A331753600,MED-2026-W023,克林霉素,磷酸酯,INJECTION,注射液,6ml:900mg,CONCENTRATION,900,mg,6,mL,[],SOURCE_UNVERIFIED,否
STD-782CA2789B01F3CB2C65B356,GEN-BC5D583A37867BA0B0B2E9D8,MED-2026-W024,磷霉素,氨丁三醇,POWDER,散剂,3.0g(300万单位),AMOUNT_PER_PRESENTATION,3,g,,,[],SOURCE_UNVERIFIED,否
STD-1D4A5A2B45788EC49CEFBF7E,GEN-BC5D583A37867BA0B0B2E9D8,MED-2026-W024,磷霉素,钠盐,POWDER_FOR_INJECTION,注射用无菌粉末,1.0g(100万单位),AMOUNT_PER_PRESENTATION,1,g,,,[],SOURCE_UNVERIFIED,否
STD-2EF2E4F284AE90ED6FC32299,GEN-BC5D583A37867BA0B0B2E9D8,MED-2026-W024,磷霉素,钠盐,POWDER_FOR_INJECTION,注射用无菌粉末,2.0g(200万单位),AMOUNT_PER_PRESENTATION,2,g,,,[],SOURCE_UNVERIFIED,否
STD-E76CD22CA8676E85DBFB1644,GEN-BC5D583A37867BA0B0B2E9D8,MED-2026-W024,磷霉素,钠盐,POWDER_FOR_INJECTION,注射用无菌粉末,4.0g(400万单位),AMOUNT_PER_PRESENTATION,4,g,,,[],SOURCE_UNVERIFIED,否
STD-0EAE68BC2691E214B7E838B1,GEN-1AECC3E6E1A35D2AF8354071,MED-2026-W025,夫西地酸,,POWDER_FOR_INJECTION,注射用无菌粉末,0.125g,AMOUNT_PER_PRESENTATION,0.125,g,,,[],SOURCE_UNVERIFIED,否
STD-808AB55EB93BBAE197A73860,GEN-1AECC3E6E1A35D2AF8354071,MED-2026-W025,夫西地酸,,POWDER_FOR_INJECTION,注射用无菌粉末,0.25g,AMOUNT_PER_PRESENTATION,0.25,g,,,[],SOURCE_UNVERIFIED,否
STD-94B649DA2A431EFF7C54F2DB,GEN-1AECC3E6E1A35D2AF8354071,MED-2026-W025,夫西地酸,,POWDER_FOR_INJECTION,注射用无菌粉末,0.5g,AMOUNT_PER_PRESENTATION,0.5,g,,,[],SOURCE_UNVERIFIED,否
STD-887E2AFBA1077B5402F01C94,GEN-83CA991C6EFF52CE13613F6B,MED-2026-W026,复方磺胺甲噁(恶)唑,,INJECTION,注射液,5ml:400mg:80mg[磺胺甲噁(恶)唑:甲氧苄啶],TEXT_REQUIRES_REVIEW,,,,,[],SOURCE_UNVERIFIED,否
STD-7462F3DD6D17A387292A99F4,GEN-83CA991C6EFF52CE13613F6B,MED-2026-W026,复方磺胺甲噁(恶)唑,,TABLET,片剂,400mg:80mg,MULTI_COMPONENT,,,,,"[{""ordinal"": 1, ""value"": ""400"", ""unit"": ""mg""}, {""ordinal"": 2, ""value"": ""80"", ""unit"": ""mg""}]",SOURCE_UNVERIFIED,否
STD-C16B9495D3FD1FB17AF1429A,GEN-A803EDA784A6D13C0B29E89E,MED-2026-W027,磺胺嘧啶,,INJECTION,注射液,2ml:0.4g,CONCENTRATION,0.4,g,2,mL,[],SOURCE_UNVERIFIED,否
STD-7DADB623A426B3878050E50B,GEN-A803EDA784A6D13C0B29E89E,MED-2026-W027,磺胺嘧啶,,INJECTION,注射液,5ml:1g,CONCENTRATION,1,g,5,mL,[],SOURCE_UNVERIFIED,否
STD-F26D99E1045AE683A9A1C69A,GEN-A803EDA784A6D13C0B29E89E,MED-2026-W027,磺胺嘧啶,,TABLET,片剂,0.5g,AMOUNT_PER_PRESENTATION,0.5,g,,,[],SOURCE_UNVERIFIED,否
STD-3D26241955D908C040A57E2C,GEN-44E4C7482EC9B940556AA879,MED-2026-W028,诺氟沙星,,CAPSULE,胶囊,0.1g,AMOUNT_PER_PRESENTATION,0.1,g,,,[],SOURCE_UNVERIFIED,否
STD-74FAABE8C57852127F58503A,GEN-44E4C7482EC9B940556AA879,MED-2026-W028,诺氟沙星,,TABLET,片剂,0.1g,AMOUNT_PER_PRESENTATION,0.1,g,,,[],SOURCE_UNVERIFIED,否
STD-30EC476203063A8F9167E89C,GEN-82BEC1FAC67947C236E309C4,MED-2026-W029,环丙沙星,盐酸盐,TABLET,片剂,0.25g,AMOUNT_PER_PRESENTATION,0.25,g,,,[],SOURCE_UNVERIFIED,否
STD-ADFCB1798FC0DFEADA7ACA29,GEN-82BEC1FAC67947C236E309C4,MED-2026-W029,环丙沙星,盐酸盐,TABLET,片剂,0.5g(乳酸盐)氯化钠注射液:100ml:0.2g,TEXT_REQUIRES_REVIEW,,,,,[],SOURCE_UNVERIFIED,否
STD-CD994B837DEA90D23CD63087,GEN-85E494EAC0C534B7010B304D,MED-2026-W030,左氧氟沙星,,SODIUM_CHLORIDE_INJECTION,氯化钠注射液,100ml:0.5g,CONCENTRATION,0.5,g,100,mL,[],SOURCE_UNVERIFIED,否
STD-ABF7CF0AB3BE50BBCFFFA9DC,GEN-85E494EAC0C534B7010B304D,MED-2026-W030,左氧氟沙星,,SODIUM_CHLORIDE_INJECTION,氯化钠注射液,50ml:0.25g,CONCENTRATION,0.25,g,50,mL,[],SOURCE_UNVERIFIED,否
STD-C8C1784CCBB90C005F67B7F3,GEN-85E494EAC0C534B7010B304D,MED-2026-W030,左氧氟沙星,,TABLET,片剂,0.25g,AMOUNT_PER_PRESENTATION,0.25,g,,,[],SOURCE_UNVERIFIED,否
STD-819C043BBEB1464B37DE5B62,GEN-85E494EAC0C534B7010B304D,MED-2026-W030,左氧氟沙星,,TABLET,片剂,0.5g,AMOUNT_PER_PRESENTATION,0.5,g,,,[],SOURCE_UNVERIFIED,否
STD-EE0F7E6391596559158201DC,GEN-69E7B519246E1264AE4BE098,MED-2026-W031,莫西沙星,,SODIUM_CHLORIDE_INJECTION,氯化钠注射液,250ml(莫西沙星0.4g 与氯化钠 2.0g),PRESENTATION_VOLUME,,,250,mL,[],SOURCE_UNVERIFIED,否
STD-B248A410381045CF2B6A5A0A,GEN-69E7B519246E1264AE4BE098,MED-2026-W031,莫西沙星,,TABLET,片剂,0.4g,AMOUNT_PER_PRESENTATION,0.4,g,,,[],SOURCE_UNVERIFIED,否
STD-4550482DE4DE06D991B0A3A5,GEN-505FA3B2DC2AD24218FDF3DA,MED-2026-W032,甲硝唑,,CAPSULE,胶囊,0.2g,AMOUNT_PER_PRESENTATION,0.2,g,,,[],SOURCE_UNVERIFIED,否
STD-10249CB412C2CE99780E6536,GEN-505FA3B2DC2AD24218FDF3DA,MED-2026-W032,甲硝唑,,SODIUM_CHLORIDE_INJECTION,氯化钠注射液,100ml:0.5g,CONCENTRATION,0.5,g,100,mL,[],SOURCE_UNVERIFIED,否
STD-435E5735EBD25B1980765378,GEN-505FA3B2DC2AD24218FDF3DA,MED-2026-W032,甲硝唑,,TABLET,片剂,0.2g,AMOUNT_PER_PRESENTATION,0.2,g,,,[],SOURCE_UNVERIFIED,否
STD-053D3A9323B3A23877D05B7D,GEN-6F2B344466AE55EBDC55F359,MED-2026-W033,替硝唑,,TABLET,片剂,0.5g,AMOUNT_PER_PRESENTATION,0.5,g,,,[],SOURCE_UNVERIFIED,否
STD-977EE84C5574217DFC631E88,GEN-EE9920E5DF9DDC544919F427,MED-2026-W034,呋喃妥因,,ENTERIC_TABLET,肠溶片,50mg,AMOUNT_PER_PRESENTATION,50,mg,,,[],SOURCE_UNVERIFIED,否
STD-91C429321C7AB7193C46D942,GEN-01951B6A9029784F0CB803F8,MED-2026-W036,氨苯砜,,TABLET,片剂,100mg,AMOUNT_PER_PRESENTATION,100,mg,,,[],SOURCE_UNVERIFIED,否
STD-C481BDDA0090A8227024B67C,GEN-01951B6A9029784F0CB803F8,MED-2026-W036,氨苯砜,,TABLET,片剂,50mg,AMOUNT_PER_PRESENTATION,50,mg,,,[],SOURCE_UNVERIFIED,否
STD-BAD5A72B827FFF06A23F2487,GEN-570B7C581B028C3A98F70D7A,MED-2026-W037,氟康唑,,CAPSULE,胶囊,100mg,AMOUNT_PER_PRESENTATION,100,mg,,,[],SOURCE_UNVERIFIED,否
STD-36CEAF6A75E96F2ACE60E836,GEN-570B7C581B028C3A98F70D7A,MED-2026-W037,氟康唑,,CAPSULE,胶囊,150mg,AMOUNT_PER_PRESENTATION,150,mg,,,[],SOURCE_UNVERIFIED,否
STD-3FE002142143AFCC562C3328,GEN-570B7C581B028C3A98F70D7A,MED-2026-W037,氟康唑,,CAPSULE,胶囊,50mg,AMOUNT_PER_PRESENTATION,50,mg,,,[],SOURCE_UNVERIFIED,否
STD-842A9A8F30B536A27B95A9BA,GEN-570B7C581B028C3A98F70D7A,MED-2026-W037,氟康唑,,SODIUM_CHLORIDE_INJECTION,氯化钠注射液,100ml:0.2g,CONCENTRATION,0.2,g,100,mL,[],SOURCE_UNVERIFIED,否
STD-7EDE0EFE92A2D7FF6934DF81,GEN-570B7C581B028C3A98F70D7A,MED-2026-W037,氟康唑,,TABLET,片剂,100mg,AMOUNT_PER_PRESENTATION,100,mg,,,[],SOURCE_UNVERIFIED,否
STD-49BC72293CDE74F764758CBD,GEN-570B7C581B028C3A98F70D7A,MED-2026-W037,氟康唑,,TABLET,片剂,150mg,AMOUNT_PER_PRESENTATION,150,mg,,,[],SOURCE_UNVERIFIED,否
STD-B1223C6F12F5A50DAFF526CE,GEN-570B7C581B028C3A98F70D7A,MED-2026-W037,氟康唑,,TABLET,片剂,50mg,AMOUNT_PER_PRESENTATION,50,mg,,,[],SOURCE_UNVERIFIED,否
STD-45A8864592A36B29367CE46B,GEN-4791DDA698A7257968F65FD7,MED-2026-W038,伊曲康唑,,CAPSULE,胶囊,0.1g,AMOUNT_PER_PRESENTATION,0.1,g,,,[],SOURCE_UNVERIFIED,否
STD-0C9697C0DAD777171A3E5107,GEN-4791DDA698A7257968F65FD7,MED-2026-W038,伊曲康唑,,DISPERSIBLE_TABLET,分散片,0.1g,AMOUNT_PER_PRESENTATION,0.1,g,,,[],SOURCE_UNVERIFIED,否
STD-81DB18A732859EC5DF7FB3C7,GEN-4791DDA698A7257968F65FD7,MED-2026-W038,伊曲康唑,,GRANULE,颗粒剂,0.1g,AMOUNT_PER_PRESENTATION,0.1,g,,,[],SOURCE_UNVERIFIED,否
STD-97199612F1024F1D769D61A8,GEN-4791DDA698A7257968F65FD7,MED-2026-W038,伊曲康唑,,ORAL_SOLUTION,口服溶液剂,150ml:1.5g,CONCENTRATION,1.5,g,150,mL,[],SOURCE_UNVERIFIED,否
STD-A51C74F44527A9820ED51BA3,GEN-EABA70C1521422FE57C234D9,MED-2026-W039,两性霉素B,,POWDER_FOR_INJECTION,注射用无菌粉末,25mg(2.5万单位),AMOUNT_PER_PRESENTATION,25,mg,,,[],SOURCE_UNVERIFIED,否
STD-DFC2C42B0E68C73E3C74533D,GEN-EABA70C1521422FE57C234D9,MED-2026-W039,两性霉素B,,POWDER_FOR_INJECTION,注射用无菌粉末,50mg 注射用脂质体:50mg(5万单位),TEXT_REQUIRES_REVIEW,,,,,[],SOURCE_UNVERIFIED,否
STD-84C74FE72182CBD88E24D788,GEN-EABA70C1521422FE57C234D9,MED-2026-W039,两性霉素B,,POWDER_FOR_INJECTION,注射用无菌粉末,5mg(5000单位),AMOUNT_PER_PRESENTATION,5,mg,,,[],SOURCE_UNVERIFIED,否
STD-BB1F87C15BB20C88D491A0C8,GEN-43D95A5216C061773F5B8EB8,MED-2026-W040,卡泊芬净,,POWDER_FOR_INJECTION,注射用无菌粉末,50mg,AMOUNT_PER_PRESENTATION,50,mg,,,[],SOURCE_UNVERIFIED,否
STD-247E68211468E8AEEC199306,GEN-43D95A5216C061773F5B8EB8,MED-2026-W040,卡泊芬净,,POWDER_FOR_INJECTION,注射用无菌粉末,70mg,AMOUNT_PER_PRESENTATION,70,mg,,,[],SOURCE_UNVERIFIED,否
STD-4D5B2C04735854E0B61597AB,GEN-63BFF958726F9AB1D6DDC5CC,MED-2026-W041,小檗碱,,TABLET,片剂,100mg,AMOUNT_PER_PRESENTATION,100,mg,,,[],SOURCE_UNVERIFIED,否
STD-965761EF66C4F7D3C4730F36,GEN-63BFF958726F9AB1D6DDC5CC,MED-2026-W041,小檗碱,,TABLET,片剂,50mg,AMOUNT_PER_PRESENTATION,50,mg,,,[],SOURCE_UNVERIFIED,否
STD-33AF3AB870E8C746DDBDB372,GEN-E80D3B82F9F7F39EF949BE9E,MED-2026-W042,阿昔洛韦,,CAPSULE,胶囊,0.2g,AMOUNT_PER_PRESENTATION,0.2,g,,,[],SOURCE_UNVERIFIED,否
STD-06848F8C1C4A4827865827AB,GEN-E80D3B82F9F7F39EF949BE9E,MED-2026-W042,阿昔洛韦,,POWDER_FOR_INJECTION,注射用无菌粉末,0.25g,AMOUNT_PER_PRESENTATION,0.25,g,,,[],SOURCE_UNVERIFIED,否
STD-920D34C5637AC11201B4FF74,GEN-E80D3B82F9F7F39EF949BE9E,MED-2026-W042,阿昔洛韦,,TABLET,片剂,0.1g,AMOUNT_PER_PRESENTATION,0.1,g,,,[],SOURCE_UNVERIFIED,否
STD-326742305F294538FA4F17EF,GEN-E80D3B82F9F7F39EF949BE9E,MED-2026-W042,阿昔洛韦,,TABLET,片剂,0.2g,AMOUNT_PER_PRESENTATION,0.2,g,,,[],SOURCE_UNVERIFIED,否
STD-2CFA33845BD5A933068BB659,GEN-1A4172E70A406D4CE9F46808,MED-2026-W043,更昔洛韦,,POWDER_FOR_INJECTION,注射用无菌粉末,0.05g,AMOUNT_PER_PRESENTATION,0.05,g,,,[],SOURCE_UNVERIFIED,否
STD-DBB1F260D9E21576C4ACF4FE,GEN-1A4172E70A406D4CE9F46808,MED-2026-W043,更昔洛韦,,POWDER_FOR_INJECTION,注射用无菌粉末,0.15g,AMOUNT_PER_PRESENTATION,0.15,g,,,[],SOURCE_UNVERIFIED,否
STD-F36C50199C23A755AB0EE352,GEN-1A4172E70A406D4CE9F46808,MED-2026-W043,更昔洛韦,,POWDER_FOR_INJECTION,注射用无菌粉末,0.25g,AMOUNT_PER_PRESENTATION,0.25,g,,,[],SOURCE_UNVERIFIED,否
STD-1531B1C031A2662B6B0F8DAE,GEN-1A4172E70A406D4CE9F46808,MED-2026-W043,更昔洛韦,,POWDER_FOR_INJECTION,注射用无菌粉末,0.5g,AMOUNT_PER_PRESENTATION,0.5,g,,,[],SOURCE_UNVERIFIED,否
STD-638A28EBCE28240F2D2ED4BA,GEN-5C41A93CA7B607146A235D56,MED-2026-W044,奥司他韦,,CAPSULE,胶囊,30mg,AMOUNT_PER_PRESENTATION,30,mg,,,[],SOURCE_UNVERIFIED,否
STD-C1AFC21FFD31488E3EBEB384,GEN-5C41A93CA7B607146A235D56,MED-2026-W044,奥司他韦,,CAPSULE,胶囊,45mg,AMOUNT_PER_PRESENTATION,45,mg,,,[],SOURCE_UNVERIFIED,否
STD-F8F70499A40E5B7AF0A3E49B,GEN-5C41A93CA7B607146A235D56,MED-2026-W044,奥司他韦,,CAPSULE,胶囊,75mg,AMOUNT_PER_PRESENTATION,75,mg,,,[],SOURCE_UNVERIFIED,否
STD-DFC20CDFE08F589A5DBC3857,GEN-5C41A93CA7B607146A235D56,MED-2026-W044,奥司他韦,,DRY_SUSPENSION,干混悬剂,0.36g,AMOUNT_PER_PRESENTATION,0.36,g,,,[],SOURCE_UNVERIFIED,否
STD-DFE03D5DB64D95E9C8B4EA5C,GEN-5C41A93CA7B607146A235D56,MED-2026-W044,奥司他韦,,GRANULE,颗粒剂,15mg,AMOUNT_PER_PRESENTATION,15,mg,,,[],SOURCE_UNVERIFIED,否
STD-33275BCB6AB6EB8DBBF8E397,GEN-5C41A93CA7B607146A235D56,MED-2026-W044,奥司他韦,,GRANULE,颗粒剂,25mg,AMOUNT_PER_PRESENTATION,25,mg,,,[],SOURCE_UNVERIFIED,否
STD-C560CC539DDD66C2037787DC,GEN-24F2339A1891F72DD42A9067,MED-2026-W045,恩替卡韦,,CAPSULE,胶囊,0.5mg,AMOUNT_PER_PRESENTATION,0.5,mg,,,[],SOURCE_UNVERIFIED,否
STD-DAAEB595BC4B9DC2227BECFA,GEN-24F2339A1891F72DD42A9067,MED-2026-W045,恩替卡韦,,DISPERSIBLE_TABLET,分散片,0.5mg,AMOUNT_PER_PRESENTATION,0.5,mg,,,[],SOURCE_UNVERIFIED,否
STD-B6A9CD695F0009B64547ED45,GEN-24F2339A1891F72DD42A9067,MED-2026-W045,恩替卡韦,,DISPERSIBLE_TABLET,分散片,1mg,AMOUNT_PER_PRESENTATION,1,mg,,,[],SOURCE_UNVERIFIED,否
STD-06047B0B7AA282F36FB2DD67,GEN-24F2339A1891F72DD42A9067,MED-2026-W045,恩替卡韦,,ORAL_SOLUTION,口服溶液剂,210ml:10.5mg,CONCENTRATION,10.5,mg,210,mL,[],SOURCE_UNVERIFIED,否
STD-6F7C004D2F23BF137D42ABCF,GEN-24F2339A1891F72DD42A9067,MED-2026-W045,恩替卡韦,,TABLET,片剂,0.5mg,AMOUNT_PER_PRESENTATION,0.5,mg,,,[],SOURCE_UNVERIFIED,否
STD-AEAE7B2CF8E45D29B109E73B,GEN-24F2339A1891F72DD42A9067,MED-2026-W045,恩替卡韦,,TABLET,片剂,1mg,AMOUNT_PER_PRESENTATION,1,mg,,,[],SOURCE_UNVERIFIED,否
STD-B7B823A07BE2A908CBBF18E5,GEN-F1D0F286EF899239CA3DC553,MED-2026-W046,利巴韦林,,CAPSULE,胶囊,0.1g,AMOUNT_PER_PRESENTATION,0.1,g,,,[],SOURCE_UNVERIFIED,否
STD-CF949BEC93ACEA161C33E35C,GEN-F1D0F286EF899239CA3DC553,MED-2026-W046,利巴韦林,,TABLET,片剂,0.1g,AMOUNT_PER_PRESENTATION,0.1,g,,,[],SOURCE_UNVERIFIED,否
STD-83596ED9004A2B0281A18BAE,GEN-9E692B4B61C85B33FAE9DFC7,MED-2026-W047,索磷布韦维帕他韦,,TABLET,片剂,每片含 400mg 索磷布韦和100mg 维帕他韦,TEXT_REQUIRES_REVIEW,,,,,[],SOURCE_UNVERIFIED,否
STD-ADC0B1AE4C8E6C42FBCF48AB,GEN-D3EC4D7AB8F1FB948A5D1356,MED-2026-W048,替诺福韦二吡呋酯,,CAPSULE,胶囊,0.3g,AMOUNT_PER_PRESENTATION,0.3,g,,,[],SOURCE_UNVERIFIED,否
STD-41EFB27C353782B1299463A7,GEN-D3EC4D7AB8F1FB948A5D1356,MED-2026-W048,替诺福韦二吡呋酯,,TABLET,片剂,0.3g,AMOUNT_PER_PRESENTATION,0.3,g,,,[],SOURCE_UNVERIFIED,否
STD-EF61FA9BB7AE29048B270CD7,GEN-46F7E31EE9107B802829EB62,MED-2026-W049,丙酚替诺福韦,,TABLET,片剂,25mg,AMOUNT_PER_PRESENTATION,25,mg,,,[],SOURCE_UNVERIFIED,否
STD-E70CA9ECB48C69C54F2B2BE3,GEN-9C92605F5CDDE0E936094B79,MED-2026-W052,氯喹,,INJECTION,注射液,5ml:322mg,CONCENTRATION,322,mg,5,mL,[],SOURCE_UNVERIFIED,否
STD-72FE888FBABBD2BBB422FBAE,GEN-9C92605F5CDDE0E936094B79,MED-2026-W052,氯喹,,TABLET,片剂,250mg,AMOUNT_PER_PRESENTATION,250,mg,,,[],SOURCE_UNVERIFIED,否
STD-BBECAC4305C0E4884A877621,GEN-D0C4CBE0E5A9D6A798786CF9,MED-2026-W053,羟氯喹,,TABLET,片剂,0.1g,AMOUNT_PER_PRESENTATION,0.1,g,,,[],SOURCE_UNVERIFIED,否
STD-D7A6DD4C5EE8A5BA8BDFF810,GEN-D0C4CBE0E5A9D6A798786CF9,MED-2026-W053,羟氯喹,,TABLET,片剂,0.2g,AMOUNT_PER_PRESENTATION,0.2,g,,,[],SOURCE_UNVERIFIED,否
STD-A18CC09F39235EDF74E08E72,GEN-CD4E6F5BE72425745EC486B8,MED-2026-W054,伯氨喹,,TABLET,片剂,13.2mg,AMOUNT_PER_PRESENTATION,13.2,mg,,,[],SOURCE_UNVERIFIED,否
STD-63E3139C296DA1A6E0313E83,GEN-B8C404C4DD9EDB78671469C6,MED-2026-W055,乙胺嘧啶,,TABLET,片剂,6.25mg,AMOUNT_PER_PRESENTATION,6.25,mg,,,[],SOURCE_UNVERIFIED,否
STD-3052127A435E71E7C1835186,GEN-CA5B0F5BC67B9FF57FCF94EA,MED-2026-W057,葡萄糖酸锑钠,,INJECTION,注射液,"6ml(按锑计 0.6g,约相当于葡萄糖酸锑钠 1.9g)",PRESENTATION_VOLUME,,,6,mL,[],SOURCE_UNVERIFIED,否
STD-6CC799391EF6D4263326C946,GEN-53E05408A6F31037D90F343E,MED-2026-W058,吡喹酮,,TABLET,片剂,0.2g,AMOUNT_PER_PRESENTATION,0.2,g,,,[],SOURCE_UNVERIFIED,否
STD-F076764BFC6FA5F65B50B72B,GEN-567F1C27FB7BA314BED13078,MED-2026-W059,阿苯达唑,,CAPSULE,胶囊,0.1g,AMOUNT_PER_PRESENTATION,0.1,g,,,[],SOURCE_UNVERIFIED,否
STD-B8E5143B62D7612619A31DED,GEN-567F1C27FB7BA314BED13078,MED-2026-W059,阿苯达唑,,CAPSULE,胶囊,0.2g,AMOUNT_PER_PRESENTATION,0.2,g,,,[],SOURCE_UNVERIFIED,否
STD-00A20CF46A60E80A3CAB2D25,GEN-567F1C27FB7BA314BED13078,MED-2026-W059,阿苯达唑,,TABLET,片剂,0.1g,AMOUNT_PER_PRESENTATION,0.1,g,,,[],SOURCE_UNVERIFIED,否
STD-FD9E0B58687984DB6FCC1A9B,GEN-567F1C27FB7BA314BED13078,MED-2026-W059,阿苯达唑,,TABLET,片剂,0.2g,AMOUNT_PER_PRESENTATION,0.2,g,,,[],SOURCE_UNVERIFIED,否
STD-4611CA07A0FDFFA6212CDCB3,GEN-BB3232F6964F6C215D97E2BA,MED-2026-W060,利多卡因,,GEL,凝胶剂,2%,PERCENT_UNSPECIFIED_BASIS,2,%,,,[],SOURCE_UNVERIFIED,否
STD-2E5B5894F9F584BCFA5C6511,GEN-BB3232F6964F6C215D97E2BA,MED-2026-W060,利多卡因,碳酸盐,INJECTION,注射液,10ml:0.173g,CONCENTRATION,0.173,g,10,mL,[],SOURCE_UNVERIFIED,否
STD-859252185BF9AECC9D42B190,GEN-BB3232F6964F6C215D97E2BA,MED-2026-W060,利多卡因,盐酸盐,INJECTION,注射液,10ml:0.2g,CONCENTRATION,0.2,g,10,mL,[],SOURCE_UNVERIFIED,否
STD-1CBC8ED6A33B9C2E72263F89,GEN-BB3232F6964F6C215D97E2BA,MED-2026-W060,利多卡因,盐酸盐,INJECTION,注射液,2ml:4mg,CONCENTRATION,4,mg,2,mL,[],SOURCE_UNVERIFIED,否
STD-D57F21BC80E35268CE7663B8,GEN-BB3232F6964F6C215D97E2BA,MED-2026-W060,利多卡因,盐酸盐,INJECTION,注射液,5ml:0.1g,CONCENTRATION,0.1,g,5,mL,[],SOURCE_UNVERIFIED,否
STD-A9864EE6545AB328EC525F64,GEN-BB3232F6964F6C215D97E2BA,MED-2026-W060,利多卡因,碳酸盐,INJECTION,注射液,5ml:86.5mg,CONCENTRATION,86.5,mg,5,mL,[],SOURCE_UNVERIFIED,否
STD-E206DAEB309FDEB12884E6F9,GEN-BB3232F6964F6C215D97E2BA,MED-2026-W060,利多卡因,,MUCILAGE,胶浆剂,10g:0.2g,MULTI_COMPONENT,,,,,"[{""ordinal"": 1, ""value"": ""10"", ""unit"": ""g""}, {""ordinal"": 2, ""value"": ""0.2"", ""unit"": ""g""}]",SOURCE_UNVERIFIED,否
STD-7564C836A63BCB362C3140A8,GEN-9D407B7339D8BE15A4723E0B,MED-2026-W061,布比卡因,,INJECTION,注射液,10ml:75mg,CONCENTRATION,75,mg,10,mL,[],SOURCE_UNVERIFIED,否
STD-C334418C858930D979562B5B,GEN-9D407B7339D8BE15A4723E0B,MED-2026-W061,布比卡因,,INJECTION,注射液,5ml:25mg,CONCENTRATION,25,mg,5,mL,[],SOURCE_UNVERIFIED,否
STD-222DC9034A83FF2B06F3C65A,GEN-9D407B7339D8BE15A4723E0B,MED-2026-W061,布比卡因,,INJECTION,注射液,5ml:37.5mg,CONCENTRATION,37.5,mg,5,mL,[],SOURCE_UNVERIFIED,否
STD-04432BE5FCE1442F3DD2DF09,GEN-F0023E766712132A336801E8,MED-2026-W062,罗哌卡因,盐酸盐,INJECTION,注射液,10ml:100mg,CONCENTRATION,100,mg,10,mL,[],SOURCE_UNVERIFIED,否
STD-E3B7D164DBA968B969186404,GEN-F0023E766712132A336801E8,MED-2026-W062,罗哌卡因,盐酸盐,INJECTION,注射液,10ml:75mg,CONCENTRATION,75,mg,10,mL,[],SOURCE_UNVERIFIED,否
STD-2FF32259B72D71633B08054D,GEN-21056872E3FB4BD23C52B3A2,MED-2026-W063,丁卡因,,GEL,凝胶剂,1.5g:70mg,MULTI_COMPONENT,,,,,"[{""ordinal"": 1, ""value"": ""1.5"", ""unit"": ""g""}, {""ordinal"": 2, ""value"": ""70"", ""unit"": ""mg""}]",SOURCE_UNVERIFIED,否
STD-A17437B5C87C563196E96DFC,GEN-21056872E3FB4BD23C52B3A2,MED-2026-W063,丁卡因,,POWDER_FOR_INJECTION,注射用无菌粉末,10mg,AMOUNT_PER_PRESENTATION,10,mg,,,[],SOURCE_UNVERIFIED,否
STD-CF4755ECA6CBD0B6DF3DAC15,GEN-21056872E3FB4BD23C52B3A2,MED-2026-W063,丁卡因,,POWDER_FOR_INJECTION,注射用无菌粉末,25mg,AMOUNT_PER_PRESENTATION,25,mg,,,[],SOURCE_UNVERIFIED,否
STD-E1F61DF855EAC3461568F2A8,GEN-21056872E3FB4BD23C52B3A2,MED-2026-W063,丁卡因,,POWDER_FOR_INJECTION,注射用无菌粉末,50mg,AMOUNT_PER_PRESENTATION,50,mg,,,[],SOURCE_UNVERIFIED,否
STD-F6584A0213D82A43BD23A167,GEN-5F51A1CF508C596C8FC9A1CE,MED-2026-W064,氯胺酮,,INJECTION,注射液,10ml:0.1g,CONCENTRATION,0.1,g,10,mL,[],SOURCE_UNVERIFIED,否
STD-414086F901DF549EBC4AD397,GEN-5F51A1CF508C596C8FC9A1CE,MED-2026-W064,氯胺酮,,INJECTION,注射液,2ml:0.1g,CONCENTRATION,0.1,g,2,mL,[],SOURCE_UNVERIFIED,否
STD-3322BBF9BF6B8A04CF78366F,GEN-617CD7E887219A95625B15C8,MED-2026-W065,丙泊酚,,INJECTION_EMULSION,乳状注射液,10ml:0.1g,CONCENTRATION,0.1,g,10,mL,[],SOURCE_UNVERIFIED,否
STD-D65A8EDD6E02006CF91CB9A0,GEN-617CD7E887219A95625B15C8,MED-2026-W065,丙泊酚,,INJECTION_EMULSION,乳状注射液,20ml:0.2g,CONCENTRATION,0.2,g,20,mL,[],SOURCE_UNVERIFIED,否
STD-7385EB2FDEDFCC61075A7C79,GEN-617CD7E887219A95625B15C8,MED-2026-W065,丙泊酚,,INJECTION_EMULSION,乳状注射液,50ml:0.5g,CONCENTRATION,0.5,g,50,mL,[],SOURCE_UNVERIFIED,否
STD-C2ECA4CF13B4EED61822F548,GEN-617CD7E887219A95625B15C8,MED-2026-W065,丙泊酚,,INJECTION_EMULSION,乳状注射液,50ml:1g,CONCENTRATION,1,g,50,mL,[],SOURCE_UNVERIFIED,否
STD-00CF9E42E928BF6728028866,GEN-AD6DDD2285D51AECBB1D11B7,MED-2026-W066,瑞芬太尼,,POWDER_FOR_INJECTION,注射用无菌粉末,1mg,AMOUNT_PER_PRESENTATION,1,mg,,,[],SOURCE_UNVERIFIED,否
STD-5FA8EFC35D9CADEEE7B6C347,GEN-AD6DDD2285D51AECBB1D11B7,MED-2026-W066,瑞芬太尼,,POWDER_FOR_INJECTION,注射用无菌粉末,2mg,AMOUNT_PER_PRESENTATION,2,mg,,,[],SOURCE_UNVERIFIED,否
STD-3925302635D212FA55C1B887,GEN-AD6DDD2285D51AECBB1D11B7,MED-2026-W066,瑞芬太尼,,POWDER_FOR_INJECTION,注射用无菌粉末,5mg,AMOUNT_PER_PRESENTATION,5,mg,,,[],SOURCE_UNVERIFIED,否
STD-3603E26F61798627F353C60A,GEN-4E00A41560D0C8D034CFE141,MED-2026-W067,七氟烷,,INHALATION_SOLUTION,吸入溶液剂,100ml,PRESENTATION_VOLUME,,,100,mL,[],SOURCE_UNVERIFIED,否
STD-1B76E9E730A3BC26A72E4921,GEN-4E00A41560D0C8D034CFE141,MED-2026-W067,七氟烷,,INHALATION_SOLUTION,吸入溶液剂,120ml,PRESENTATION_VOLUME,,,120,mL,[],SOURCE_UNVERIFIED,否
STD-53FCFE54D4133CDE8E60986C,GEN-4E00A41560D0C8D034CFE141,MED-2026-W067,七氟烷,,INHALATION_SOLUTION,吸入溶液剂,250ml,PRESENTATION_VOLUME,,,250,mL,[],SOURCE_UNVERIFIED,否
STD-D170B28943877468E1592C9A,GEN-3E7E71C246A97A49F0EDED5C,MED-2026-W068,罗库溴铵,,INJECTION,注射液,2.5ml:25mg,CONCENTRATION,25,mg,2.5,mL,[],SOURCE_UNVERIFIED,否
STD-F68B532D68D44953394B5685,GEN-3E7E71C246A97A49F0EDED5C,MED-2026-W068,罗库溴铵,,INJECTION,注射液,5ml:50mg,CONCENTRATION,50,mg,5,mL,[],SOURCE_UNVERIFIED,否
STD-D25F0FE0B24B4283EED51A47,GEN-7CAFA2CA73ECCA91FFF319E5,MED-2026-W069,氯化琥珀胆碱,,INJECTION,注射液,1ml:50mg,CONCENTRATION,50,mg,1,mL,[],SOURCE_UNVERIFIED,否
STD-ACC29887660F8063100B6A0A,GEN-7CAFA2CA73ECCA91FFF319E5,MED-2026-W069,氯化琥珀胆碱,,INJECTION,注射液,2ml:100mg,CONCENTRATION,100,mg,2,mL,[],SOURCE_UNVERIFIED,否
STD-2BB847BBC1F524522F7158CB,GEN-E79ECCDDCEF052D42F9C5F91,MED-2026-W070,维库溴铵,,POWDER_FOR_INJECTION,注射用无菌粉末,4mg,AMOUNT_PER_PRESENTATION,4,mg,,,[],SOURCE_UNVERIFIED,否
STD-9634F15E975E7C6D2C4C64A1,GEN-4C01ACBB1363854DAD6B5FC7,MED-2026-W071,芬太尼,,INJECTION,注射液,2ml:0.1mg贴剂,TEXT_REQUIRES_REVIEW,,,,,[],SOURCE_UNVERIFIED,否
STD-01A3297534A4613462F53341,GEN-72A12BE50152B4304E6CB994,MED-2026-W072,哌替啶,,INJECTION,注射液,1ml:50mg,CONCENTRATION,50,mg,1,mL,[],SOURCE_UNVERIFIED,否
STD-5E12272C1543BDAF6F5A3855,GEN-72A12BE50152B4304E6CB994,MED-2026-W072,哌替啶,,INJECTION,注射液,2ml:100mg,CONCENTRATION,100,mg,2,mL,[],SOURCE_UNVERIFIED,否
STD-7603D7BC241D1DE2A3F441AF,GEN-1405421D104722406F2A2A23,MED-2026-W074,羟考酮,,EXTENDED_RELEASE_TABLET,缓释片,10mg,AMOUNT_PER_PRESENTATION,10,mg,,,[],SOURCE_UNVERIFIED,否
STD-36526DE9214D9C4F7BC0872B,GEN-1405421D104722406F2A2A23,MED-2026-W074,羟考酮,,EXTENDED_RELEASE_TABLET,缓释片,40mg,AMOUNT_PER_PRESENTATION,40,mg,,,[],SOURCE_UNVERIFIED,否
STD-05A06F9CF9AD8EEC20F59FF9,GEN-1405421D104722406F2A2A23,MED-2026-W074,羟考酮,,EXTENDED_RELEASE_TABLET,缓释片,5mg,AMOUNT_PER_PRESENTATION,5,mg,,,[],SOURCE_UNVERIFIED,否
STD-D097E197038E5A3D44CA66F4,GEN-1405421D104722406F2A2A23,MED-2026-W074,羟考酮,,INJECTION,注射液,1ml:10mg,CONCENTRATION,10,mg,1,mL,[],SOURCE_UNVERIFIED,否
STD-9F532A7E03D809F390A957AA,GEN-1AA7DED12DD4C0A082496810,MED-2026-W075,普瑞巴林,,CAPSULE,胶囊,150mg,AMOUNT_PER_PRESENTATION,150,mg,,,[],SOURCE_UNVERIFIED,否
STD-2F54BC3599206F8E3EB7F2B4,GEN-1AA7DED12DD4C0A082496810,MED-2026-W075,普瑞巴林,,CAPSULE,胶囊,75mg,AMOUNT_PER_PRESENTATION,75,mg,,,[],SOURCE_UNVERIFIED,否
STD-16390839A0F8EEDAC33AC3E7,GEN-1AA7DED12DD4C0A082496810,MED-2026-W075,普瑞巴林,,ORAL_SOLUTION,口服溶液剂,100ml:2g,CONCENTRATION,2,g,100,mL,[],SOURCE_UNVERIFIED,否
STD-1CF247315B79259457D63F31,GEN-A1DC282DEE68637F05FC2FEC,MED-2026-W076,对乙酰氨基酚,,ORAL_SOLUTION,口服溶液剂,100ml:2.4g颗粒剂,TEXT_REQUIRES_REVIEW,,,,,[],SOURCE_UNVERIFIED,否
STD-AA74E0D90B93783A912A521D,GEN-A1DC282DEE68637F05FC2FEC,MED-2026-W076,对乙酰氨基酚,,ORAL_SOLUTION,口服溶液剂,干混悬剂,TEXT_REQUIRES_REVIEW,,,,,[],SOURCE_UNVERIFIED,否
STD-E0B4AFC5383352F8EFFD85C1,GEN-A1DC282DEE68637F05FC2FEC,MED-2026-W076,对乙酰氨基酚,,ORAL_SOLUTION,口服溶液剂,栓剂,TEXT_REQUIRES_REVIEW,,,,,[],SOURCE_UNVERIFIED,否
STD-EEC66E16EC0243FDE1DF5FC9,GEN-A1DC282DEE68637F05FC2FEC,MED-2026-W076,对乙酰氨基酚,,ORAL_SOLUTION,口服溶液剂,混悬液,TEXT_REQUIRES_REVIEW,,,,,[],SOURCE_UNVERIFIED,否
STD-0D546CBD5B5CF0F02A430098,GEN-A1DC282DEE68637F05FC2FEC,MED-2026-W076,对乙酰氨基酚,,TABLET,片剂,0.3g,AMOUNT_PER_PRESENTATION,0.3,g,,,[],SOURCE_UNVERIFIED,否
STD-1C997EF3DE5FBEE92B0EA6D6,GEN-A1DC282DEE68637F05FC2FEC,MED-2026-W076,对乙酰氨基酚,,TABLET,片剂,0.5g,AMOUNT_PER_PRESENTATION,0.5,g,,,[],SOURCE_UNVERIFIED,否
STD-0BA456D00D4F16A4E13C064A,GEN-AE69131502B77B0220861EBE,MED-2026-W077,阿司匹林,,ENTERIC_TABLET,肠溶片,0.3g,AMOUNT_PER_PRESENTATION,0.3,g,,,[],SOURCE_UNVERIFIED,否
STD-C5C1C5F6944846F1480D5AB5,GEN-AE69131502B77B0220861EBE,MED-2026-W077,阿司匹林,,TABLET,片剂,0.3g,AMOUNT_PER_PRESENTATION,0.3,g,,,[],SOURCE_UNVERIFIED,否
STD-42FD68E43D0F348B1F4FD192,GEN-AE69131502B77B0220861EBE,MED-2026-W077,阿司匹林,,TABLET,片剂,0.5g,AMOUNT_PER_PRESENTATION,0.5,g,,,[],SOURCE_UNVERIFIED,否
STD-B067F8372D631B0A95E7FA17,GEN-29A97D6E5902B4319126ADF6,MED-2026-W078,布洛芬,,CAPSULE,胶囊,0.2g,AMOUNT_PER_PRESENTATION,0.2,g,,,[],SOURCE_UNVERIFIED,否
STD-F55F4F9ED2CC0469650EC0CA,GEN-29A97D6E5902B4319126ADF6,MED-2026-W078,布洛芬,,EXTENDED_RELEASE_CAPSULE,缓释胶囊,0.3g,AMOUNT_PER_PRESENTATION,0.3,g,,,[],SOURCE_UNVERIFIED,否
STD-CEEE160F7F0A3D5D101424D8,GEN-29A97D6E5902B4319126ADF6,MED-2026-W078,布洛芬,,EXTENDED_RELEASE_TABLET,缓释片,0.3g,AMOUNT_PER_PRESENTATION,0.3,g,,,[],SOURCE_UNVERIFIED,否
STD-1F0DC16BB248CF045B859234,GEN-29A97D6E5902B4319126ADF6,MED-2026-W078,布洛芬,,GRANULE,颗粒剂,0.1g,AMOUNT_PER_PRESENTATION,0.1,g,,,[],SOURCE_UNVERIFIED,否
STD-BBD3627CA0C7E8BC52DAA584,GEN-29A97D6E5902B4319126ADF6,MED-2026-W078,布洛芬,,GRANULE,颗粒剂,0.2g,AMOUNT_PER_PRESENTATION,0.2,g,,,[],SOURCE_UNVERIFIED,否
STD-31F32C00014493122859C81C,GEN-29A97D6E5902B4319126ADF6,MED-2026-W078,布洛芬,,SUSPENSION,混悬液,100ml:2g,CONCENTRATION,2,g,100,mL,[],SOURCE_UNVERIFIED,否
STD-57090FC0CD26851DC3AFB561,GEN-29A97D6E5902B4319126ADF6,MED-2026-W078,布洛芬,,SUSPENSION,混悬液,60ml:1.2g,CONCENTRATION,1.2,g,60,mL,[],SOURCE_UNVERIFIED,否
STD-EAA87BE2C05BB68C927F3017,GEN-29A97D6E5902B4319126ADF6,MED-2026-W078,布洛芬,,TABLET,片剂,0.1g,AMOUNT_PER_PRESENTATION,0.1,g,,,[],SOURCE_UNVERIFIED,否
STD-4EDEA56E88860C600EC9193D,GEN-29A97D6E5902B4319126ADF6,MED-2026-W078,布洛芬,,TABLET,片剂,0.2g,AMOUNT_PER_PRESENTATION,0.2,g,,,[],SOURCE_UNVERIFIED,否
STD-40B2CE4E645E4DB1D571C3A2,GEN-2D8AF7DBCF482564F40CE6E2,MED-2026-W079,双氯芬酸钠,,ENTERIC_TABLET,肠溶片,25mg,AMOUNT_PER_PRESENTATION,25,mg,,,[],SOURCE_UNVERIFIED,否
STD-4AAE23FBD16D604C2AB56028,GEN-2D8AF7DBCF482564F40CE6E2,MED-2026-W079,双氯芬酸钠,,EXTENDED_RELEASE_CAPSULE,缓释胶囊,100mg,AMOUNT_PER_PRESENTATION,100,mg,,,[],SOURCE_UNVERIFIED,否
STD-F2EEC91D671FDC10421B4B23,GEN-2D8AF7DBCF482564F40CE6E2,MED-2026-W079,双氯芬酸钠,,EXTENDED_RELEASE_CAPSULE,缓释胶囊,50mg,AMOUNT_PER_PRESENTATION,50,mg,,,[],SOURCE_UNVERIFIED,否
STD-6DD21CCC0710DB25E373714A,GEN-2D8AF7DBCF482564F40CE6E2,MED-2026-W079,双氯芬酸钠,,EXTENDED_RELEASE_TABLET,缓释片,100mg,AMOUNT_PER_PRESENTATION,100,mg,,,[],SOURCE_UNVERIFIED,否
STD-9FA7E30EA062B2CE866D4C7F,GEN-2D8AF7DBCF482564F40CE6E2,MED-2026-W079,双氯芬酸钠,,EXTENDED_RELEASE_TABLET,缓释片,50mg,AMOUNT_PER_PRESENTATION,50,mg,,,[],SOURCE_UNVERIFIED,否
STD-08079657387834A7CE84B4D6,GEN-2D8AF7DBCF482564F40CE6E2,MED-2026-W079,双氯芬酸钠,,EXTENDED_RELEASE_TABLET,缓释片,75mg,AMOUNT_PER_PRESENTATION,75,mg,,,[],SOURCE_UNVERIFIED,否
STD-40AB359C37792A992FFD912E,GEN-16661AB903AD751EC32A0F2D,MED-2026-W080,洛索洛芬钠,,TABLET,片剂,60mg,AMOUNT_PER_PRESENTATION,60,mg,,,[],SOURCE_UNVERIFIED,否
STD-45FD698AC5239ADD907F7F8E,GEN-7C50C6AF54199B0682152180,MED-2026-W081,氟比洛芬酯,,INJECTION,注射液,5ml:50mg,CONCENTRATION,50,mg,5,mL,[],SOURCE_UNVERIFIED,否
STD-2755255CD38A6369E81E79A6,GEN-DF79521C7F2BABE2DA7A1901,MED-2026-W082,吲哚美辛,,SUPPOSITORY,栓剂,100mg,AMOUNT_PER_PRESENTATION,100,mg,,,[],SOURCE_UNVERIFIED,否
STD-71A9F65F021A64290CA7B652,GEN-DF79521C7F2BABE2DA7A1901,MED-2026-W082,吲哚美辛,,SUPPOSITORY,栓剂,25mg,AMOUNT_PER_PRESENTATION,25,mg,,,[],SOURCE_UNVERIFIED,否
STD-9B2C6B33B224755226AF98AC,GEN-DF79521C7F2BABE2DA7A1901,MED-2026-W082,吲哚美辛,,SUPPOSITORY,栓剂,50mg,AMOUNT_PER_PRESENTATION,50,mg,,,[],SOURCE_UNVERIFIED,否
STD-5840B903362DFFE5FF990016,GEN-DD9208BCD2EA8A49CC032E9F,MED-2026-W083,来氟米特,,TABLET,片剂,10mg,AMOUNT_PER_PRESENTATION,10,mg,,,[],SOURCE_UNVERIFIED,否
STD-DC53363FBE1D0FF5941F1A51,GEN-DD9208BCD2EA8A49CC032E9F,MED-2026-W083,来氟米特,,TABLET,片剂,20mg,AMOUNT_PER_PRESENTATION,20,mg,,,[],SOURCE_UNVERIFIED,否
STD-85EBCFCBB2F6E4C56ED6403A,GEN-DD9208BCD2EA8A49CC032E9F,MED-2026-W083,来氟米特,,TABLET,片剂,5mg,AMOUNT_PER_PRESENTATION,5,mg,,,[],SOURCE_UNVERIFIED,否
STD-AB825F9D52EA44B7051E1BB9,GEN-94FAB70912CC9B00973F6D09,MED-2026-W084,美沙拉秦(美沙拉嗪),,ENEMA,灌肠剂,60g:4g,MULTI_COMPONENT,,,,,"[{""ordinal"": 1, ""value"": ""60"", ""unit"": ""g""}, {""ordinal"": 2, ""value"": ""4"", ""unit"": ""g""}]",SOURCE_UNVERIFIED,否
STD-EE1220CDAD00A10EED46780E,GEN-94FAB70912CC9B00973F6D09,MED-2026-W084,美沙拉秦(美沙拉嗪),,ENTERIC_TABLET,肠溶片,0.25g,AMOUNT_PER_PRESENTATION,0.25,g,,,[],SOURCE_UNVERIFIED,否
STD-324C0B50021433EFF5F3A077,GEN-94FAB70912CC9B00973F6D09,MED-2026-W084,美沙拉秦(美沙拉嗪),,ENTERIC_TABLET,肠溶片,0.5g,AMOUNT_PER_PRESENTATION,0.5,g,,,[],SOURCE_UNVERIFIED,否
STD-D8C484D6E682D36B9C3C5223,GEN-94FAB70912CC9B00973F6D09,MED-2026-W084,美沙拉秦(美沙拉嗪),,EXTENDED_RELEASE_GRANULE,缓释颗粒,0.5g,AMOUNT_PER_PRESENTATION,0.5,g,,,[],SOURCE_UNVERIFIED,否
STD-C37836306C5FB62913CC3724,GEN-94FAB70912CC9B00973F6D09,MED-2026-W084,美沙拉秦(美沙拉嗪),,EXTENDED_RELEASE_TABLET,缓释片,0.5g,AMOUNT_PER_PRESENTATION,0.5,g,,,[],SOURCE_UNVERIFIED,否
STD-8DF3593D73211F728256220D,GEN-94FAB70912CC9B00973F6D09,MED-2026-W084,美沙拉秦(美沙拉嗪),,SUPPOSITORY,栓剂,0.5g,AMOUNT_PER_PRESENTATION,0.5,g,,,[],SOURCE_UNVERIFIED,否
STD-AE635D2B2DA8C029C0948791,GEN-94FAB70912CC9B00973F6D09,MED-2026-W084,美沙拉秦(美沙拉嗪),,SUPPOSITORY,栓剂,1g,AMOUNT_PER_PRESENTATION,1,g,,,[],SOURCE_UNVERIFIED,否
STD-E2A7476C352686B6930F653A,GEN-B1F6C5FB38E55836E5BBEB9D,MED-2026-W085,青霉胺,,TABLET,片剂,0.125g,AMOUNT_PER_PRESENTATION,0.125,g,,,[],SOURCE_UNVERIFIED,否
STD-EB8C5C66FA6E868FDD6D0E15,GEN-918273251C8B295D6EBC9542,MED-2026-W086,别嘌醇,,TABLET,片剂,0.1g,AMOUNT_PER_PRESENTATION,0.1,g,,,[],SOURCE_UNVERIFIED,否
STD-CB67A4EE75B355948673ADD2,GEN-475D7DACE404988D517AAAFF,MED-2026-W087,非布司他,,TABLET,片剂,20mg,AMOUNT_PER_PRESENTATION,20,mg,,,[],SOURCE_UNVERIFIED,否
STD-00E33F2B3B93CC1073651E3B,GEN-475D7DACE404988D517AAAFF,MED-2026-W087,非布司他,,TABLET,片剂,40mg,AMOUNT_PER_PRESENTATION,40,mg,,,[],SOURCE_UNVERIFIED,否
STD-30CA287E2BE4825A3EBC20BA,GEN-475D7DACE404988D517AAAFF,MED-2026-W087,非布司他,,TABLET,片剂,80mg,AMOUNT_PER_PRESENTATION,80,mg,,,[],SOURCE_UNVERIFIED,否
STD-812925766A0DCABE6AA91CD6,GEN-37E662053E1345FD0A57F358,MED-2026-W088,秋水仙碱,,TABLET,片剂,0.5mg,AMOUNT_PER_PRESENTATION,0.5,mg,,,[],SOURCE_UNVERIFIED,否
STD-44E3BFC0D87D33481F0A5BAB,GEN-B2BF5C4023005E1AEA4F9F6B,MED-2026-W089,苯溴马隆,,CAPSULE,胶囊,50mg,AMOUNT_PER_PRESENTATION,50,mg,,,[],SOURCE_UNVERIFIED,否
STD-A2936213BE5BC9BA588DF28A,GEN-B2BF5C4023005E1AEA4F9F6B,MED-2026-W089,苯溴马隆,,TABLET,片剂,50mg,AMOUNT_PER_PRESENTATION,50,mg,,,[],SOURCE_UNVERIFIED,否
STD-B16CCE984B9730A3F3F30C27,GEN-0F9A3CF4E6331A9513D91774,MED-2026-W090,金刚烷胺,,TABLET,片剂,0.1g,AMOUNT_PER_PRESENTATION,0.1,g,,,[],SOURCE_UNVERIFIED,否
STD-171194B72FC13369BF6ACE33,GEN-075CA9F1911A4782B3F3356F,MED-2026-W091,苯海索,,TABLET,片剂,2mg,AMOUNT_PER_PRESENTATION,2,mg,,,[],SOURCE_UNVERIFIED,否
STD-6B441C29680EA06C400E590B,GEN-BCCA7085EF81EA54DE85FE69,MED-2026-W092,多巴丝肼,,CAPSULE,胶囊,0.125g(0.1g:0.025g),AMOUNT_PER_PRESENTATION,0.125,g,,,[],SOURCE_UNVERIFIED,否
STD-EA337164E9A216B0E43584A2,GEN-BCCA7085EF81EA54DE85FE69,MED-2026-W092,多巴丝肼,,CAPSULE,胶囊,0.25g(0.2g:0.05g)(左旋多巴:苄丝肼),AMOUNT_PER_PRESENTATION,0.25,g,,,[],SOURCE_UNVERIFIED,否
STD-C859D28116E35B272AAF97A9,GEN-BCCA7085EF81EA54DE85FE69,MED-2026-W092,多巴丝肼,,TABLET,片剂,0.125g(0.1g:0.025g),AMOUNT_PER_PRESENTATION,0.125,g,,,[],SOURCE_UNVERIFIED,否
STD-EEA78B2D5709E03CCFC0B6A8,GEN-BCCA7085EF81EA54DE85FE69,MED-2026-W092,多巴丝肼,,TABLET,片剂,0.25g(0.2g:0.05g)(左旋多巴:苄丝肼),AMOUNT_PER_PRESENTATION,0.25,g,,,[],SOURCE_UNVERIFIED,否
STD-02EBF4BF307D05BEF4813AF4,GEN-B69F262E88435869DC06D97E,MED-2026-W093,普拉克索,,EXTENDED_RELEASE_TABLET,缓释片,0.375mg,AMOUNT_PER_PRESENTATION,0.375,mg,,,[],SOURCE_UNVERIFIED,否
STD-FA1750B878A3F301499A8186,GEN-B69F262E88435869DC06D97E,MED-2026-W093,普拉克索,,EXTENDED_RELEASE_TABLET,缓释片,0.75mg,AMOUNT_PER_PRESENTATION,0.75,mg,,,[],SOURCE_UNVERIFIED,否
STD-7B97E953154F00B82993560C,GEN-B69F262E88435869DC06D97E,MED-2026-W093,普拉克索,,EXTENDED_RELEASE_TABLET,缓释片,1.5mg,AMOUNT_PER_PRESENTATION,1.5,mg,,,[],SOURCE_UNVERIFIED,否
STD-A7058B24E19224F95A7E5CB6,GEN-B69F262E88435869DC06D97E,MED-2026-W093,普拉克索,,EXTENDED_RELEASE_TABLET,缓释片,3.0mg,AMOUNT_PER_PRESENTATION,3,mg,,,[],SOURCE_UNVERIFIED,否
STD-C0A5C5773EF899CD7CAB50CB,GEN-B69F262E88435869DC06D97E,MED-2026-W093,普拉克索,,EXTENDED_RELEASE_TABLET,缓释片,4.5mg,AMOUNT_PER_PRESENTATION,4.5,mg,,,[],SOURCE_UNVERIFIED,否
STD-0C7B85BBED9CEEED377AD901,GEN-B69F262E88435869DC06D97E,MED-2026-W093,普拉克索,,TABLET,片剂,0.125mg,AMOUNT_PER_PRESENTATION,0.125,mg,,,[],SOURCE_UNVERIFIED,否
STD-4DC71DA4C4E0CAE7ED4DFC62,GEN-B69F262E88435869DC06D97E,MED-2026-W093,普拉克索,,TABLET,片剂,0.25mg,AMOUNT_PER_PRESENTATION,0.25,mg,,,[],SOURCE_UNVERIFIED,否
STD-D329C857BEE7259A703E4592,GEN-B69F262E88435869DC06D97E,MED-2026-W093,普拉克索,,TABLET,片剂,1.0mg,AMOUNT_PER_PRESENTATION,1,mg,,,[],SOURCE_UNVERIFIED,否
STD-50F2C0B22192D698CE52F712,GEN-A8B6D9AC9840220C5885F2D8,MED-2026-W094,恩他卡朋,,TABLET,片剂,0.2g,AMOUNT_PER_PRESENTATION,0.2,g,,,[],SOURCE_UNVERIFIED,否
STD-63AB1ADFE0DC983FE55C7295,GEN-7557AAA681FCA6471E7300C6,MED-2026-W095,溴隐亭,,TABLET,片剂,2.5mg,AMOUNT_PER_PRESENTATION,2.5,mg,,,[],SOURCE_UNVERIFIED,否
STD-E3BAFC1ED0894A0960D5B365,GEN-FAC96B338EFAD7C1122FF565,MED-2026-W096,新斯的明,,INJECTION,注射液,1ml:0.5mg,CONCENTRATION,0.5,mg,1,mL,[],SOURCE_UNVERIFIED,否
STD-9ADF04E1EF14A2D5A21A9F08,GEN-FAC96B338EFAD7C1122FF565,MED-2026-W096,新斯的明,,INJECTION,注射液,2ml:1mg,CONCENTRATION,1,mg,2,mL,[],SOURCE_UNVERIFIED,否
STD-D27C03113FE2802F42C15CB4,GEN-FAC96B338EFAD7C1122FF565,MED-2026-W096,新斯的明,,INJECTION,注射液,4ml:2mg,CONCENTRATION,2,mg,4,mL,[],SOURCE_UNVERIFIED,否
STD-EBF2DABD75F3E92E15C20139,GEN-3B5D9539B3F703199434040D,MED-2026-W097,溴吡斯的明,,TABLET,片剂,60mg,AMOUNT_PER_PRESENTATION,60,mg,,,[],SOURCE_UNVERIFIED,否
STD-8174356ADADDB4C371D94CFE,GEN-C1248689173155AAF9989807,MED-2026-W098,卡马西平,,EXTENDED_RELEASE_TABLET,缓释片,0.1g,AMOUNT_PER_PRESENTATION,0.1,g,,,[],SOURCE_UNVERIFIED,否
STD-E3A72D862A9A7DC88C20C0E4,GEN-C1248689173155AAF9989807,MED-2026-W098,卡马西平,,EXTENDED_RELEASE_TABLET,缓释片,0.2g,AMOUNT_PER_PRESENTATION,0.2,g,,,[],SOURCE_UNVERIFIED,否
STD-0C7C1430B8151CE88CADF09A,GEN-C1248689173155AAF9989807,MED-2026-W098,卡马西平,,EXTENDED_RELEASE_TABLET,缓释片,0.4g,AMOUNT_PER_PRESENTATION,0.4,g,,,[],SOURCE_UNVERIFIED,否
STD-1937FE7D5F94B3A14930992C,GEN-C1248689173155AAF9989807,MED-2026-W098,卡马西平,,TABLET,片剂,0.1g,AMOUNT_PER_PRESENTATION,0.1,g,,,[],SOURCE_UNVERIFIED,否
STD-7296090234B0AAE564ACCF09,GEN-C1248689173155AAF9989807,MED-2026-W098,卡马西平,,TABLET,片剂,0.2g,AMOUNT_PER_PRESENTATION,0.2,g,,,[],SOURCE_UNVERIFIED,否
STD-E654E46FA34E49F4C5248D50,GEN-477BAB96C89076ACA2A468C2,MED-2026-W099,奥卡西平,,SUSPENSION,混悬液,60mg/ml,TEXT_REQUIRES_REVIEW,,,,,[],SOURCE_UNVERIFIED,否
STD-2AB89426F57FA3AE3F82363E,GEN-477BAB96C89076ACA2A468C2,MED-2026-W099,奥卡西平,,TABLET,片剂,0.15g,AMOUNT_PER_PRESENTATION,0.15,g,,,[],SOURCE_UNVERIFIED,否
STD-7749B685A620201613D0D454,GEN-477BAB96C89076ACA2A468C2,MED-2026-W099,奥卡西平,,TABLET,片剂,0.3g,AMOUNT_PER_PRESENTATION,0.3,g,,,[],SOURCE_UNVERIFIED,否
STD-A40B8A99DCFBDA8139E2644A,GEN-980317A02EE75CE04EC9671E,MED-2026-W100,丙戊酸钠,,CONCENTRATE_FOR_INJECTION,注射用浓溶液,3ml:0.3g,CONCENTRATION,0.3,g,3,mL,[],SOURCE_UNVERIFIED,否
STD-B1E6A329078144B9DBE1C2A7,GEN-980317A02EE75CE04EC9671E,MED-2026-W100,丙戊酸钠,,CONCENTRATE_FOR_INJECTION,注射用浓溶液,4ml:0.4g,CONCENTRATION,0.4,g,4,mL,[],SOURCE_UNVERIFIED,否
STD-D68E19AC9185539C2949AF57,GEN-980317A02EE75CE04EC9671E,MED-2026-W100,丙戊酸钠,,CONCENTRATE_FOR_INJECTION,注射用浓溶液,5ml:0.5g,CONCENTRATION,0.5,g,5,mL,[],SOURCE_UNVERIFIED,否
STD-178F0AEBDC8F885E665BD13B,GEN-980317A02EE75CE04EC9671E,MED-2026-W100,丙戊酸钠,,EXTENDED_RELEASE_TABLET,缓释片,0.5g,AMOUNT_PER_PRESENTATION,0.5,g,,,[],SOURCE_UNVERIFIED,否
STD-0732F2D02498BD78AF876342,GEN-980317A02EE75CE04EC9671E,MED-2026-W100,丙戊酸钠,,ORAL_SOLUTION,口服溶液剂,300ml:12g,CONCENTRATION,12,g,300,mL,[],SOURCE_UNVERIFIED,否
STD-ADAFDA9A26ED43259AA0E3D8,GEN-980317A02EE75CE04EC9671E,MED-2026-W100,丙戊酸钠,,TABLET,片剂,0.1g,AMOUNT_PER_PRESENTATION,0.1,g,,,[],SOURCE_UNVERIFIED,否
STD-E88A0DB092B6C046FAF845D2,GEN-980317A02EE75CE04EC9671E,MED-2026-W100,丙戊酸钠,,TABLET,片剂,0.2g,AMOUNT_PER_PRESENTATION,0.2,g,,,[],SOURCE_UNVERIFIED,否
STD-9F20F26D9E397C9777B66607,GEN-EAACB3FBE0A5F1CCCF386846,MED-2026-W101,苯妥英钠,,TABLET,片剂,100mg,AMOUNT_PER_PRESENTATION,100,mg,,,[],SOURCE_UNVERIFIED,否
STD-4E5F402B4121F6D2D0CC7379,GEN-EAACB3FBE0A5F1CCCF386846,MED-2026-W101,苯妥英钠,,TABLET,片剂,50mg,AMOUNT_PER_PRESENTATION,50,mg,,,[],SOURCE_UNVERIFIED,否
STD-9995A87428722D736216E7EF,GEN-9CC410FDB7EB885BC8034982,MED-2026-W102,苯巴比妥,,INJECTION,注射液,1ml:0.1g,CONCENTRATION,0.1,g,1,mL,[],SOURCE_UNVERIFIED,否
STD-569D4116188C830F32409F4F,GEN-9CC410FDB7EB885BC8034982,MED-2026-W102,苯巴比妥,,INJECTION,注射液,2ml:0.2g,CONCENTRATION,0.2,g,2,mL,[],SOURCE_UNVERIFIED,否
STD-8200056C957D7D24B43DC28A,GEN-9CC410FDB7EB885BC8034982,MED-2026-W102,苯巴比妥,,POWDER_FOR_INJECTION,注射用无菌粉末,0.1g,AMOUNT_PER_PRESENTATION,0.1,g,,,[],SOURCE_UNVERIFIED,否
STD-D41838DE5A7A4F40F24DC3A9,GEN-9CC410FDB7EB885BC8034982,MED-2026-W102,苯巴比妥,,TABLET,片剂,100mg,AMOUNT_PER_PRESENTATION,100,mg,,,[],SOURCE_UNVERIFIED,否
STD-409E1F142D7707B78329D6FC,GEN-9CC410FDB7EB885BC8034982,MED-2026-W102,苯巴比妥,,TABLET,片剂,15mg,AMOUNT_PER_PRESENTATION,15,mg,,,[],SOURCE_UNVERIFIED,否
STD-9410ECC3EDD3CA1ED217A00A,GEN-9CC410FDB7EB885BC8034982,MED-2026-W102,苯巴比妥,,TABLET,片剂,30mg,AMOUNT_PER_PRESENTATION,30,mg,,,[],SOURCE_UNVERIFIED,否
STD-CA957DD0E6AB0F1FC90DAF57,GEN-C85969E9B46F0349191AFB82,MED-2026-W103,拉莫三嗪,,DISPERSIBLE_TABLET,分散片,25mg,AMOUNT_PER_PRESENTATION,25,mg,,,[],SOURCE_UNVERIFIED,否
STD-8683BCD4DE65D2F4C941F723,GEN-C85969E9B46F0349191AFB82,MED-2026-W103,拉莫三嗪,,DISPERSIBLE_TABLET,分散片,50mg,AMOUNT_PER_PRESENTATION,50,mg,,,[],SOURCE_UNVERIFIED,否
STD-468338B0399BD5B5035D20E9,GEN-C85969E9B46F0349191AFB82,MED-2026-W103,拉莫三嗪,,TABLET,片剂,100mg,AMOUNT_PER_PRESENTATION,100,mg,,,[],SOURCE_UNVERIFIED,否
STD-A5F603CED58A30FEEFD56E22,GEN-C85969E9B46F0349191AFB82,MED-2026-W103,拉莫三嗪,,TABLET,片剂,25mg,AMOUNT_PER_PRESENTATION,25,mg,,,[],SOURCE_UNVERIFIED,否
STD-B119F555EB877D3C9AE5762F,GEN-C85969E9B46F0349191AFB82,MED-2026-W103,拉莫三嗪,,TABLET,片剂,50mg,AMOUNT_PER_PRESENTATION,50,mg,,,[],SOURCE_UNVERIFIED,否
STD-E14BA18D024678D5CEB6B3F0,GEN-103153F5F91EAEB0A6C74424,MED-2026-W104,左乙拉西坦,,EXTENDED_RELEASE_TABLET,缓释片,0.5g,AMOUNT_PER_PRESENTATION,0.5,g,,,[],SOURCE_UNVERIFIED,否
STD-F21D489F54AAB98703AFF4BB,GEN-103153F5F91EAEB0A6C74424,MED-2026-W104,左乙拉西坦,,EXTENDED_RELEASE_TABLET,缓释片,0.75g,AMOUNT_PER_PRESENTATION,0.75,g,,,[],SOURCE_UNVERIFIED,否
STD-8627C2A957772BBE7B937C42,GEN-103153F5F91EAEB0A6C74424,MED-2026-W104,左乙拉西坦,,ORAL_SOLUTION,口服溶液剂,100ml:10g,CONCENTRATION,10,g,100,mL,[],SOURCE_UNVERIFIED,否
STD-E799D704C99AD7CBD7CE19F6,GEN-103153F5F91EAEB0A6C74424,MED-2026-W104,左乙拉西坦,,ORAL_SOLUTION,口服溶液剂,150ml:15g,CONCENTRATION,15,g,150,mL,[],SOURCE_UNVERIFIED,否
STD-8626A6C5D4B0406F75A354CB,GEN-103153F5F91EAEB0A6C74424,MED-2026-W104,左乙拉西坦,,ORAL_SOLUTION,口服溶液剂,300ml:30g 注射用浓溶液:5ml:0.5g,TEXT_REQUIRES_REVIEW,,,,,[],SOURCE_UNVERIFIED,否
STD-294BC14C3532A3064A65899B,GEN-103153F5F91EAEB0A6C74424,MED-2026-W104,左乙拉西坦,,TABLET,片剂,0.25g,AMOUNT_PER_PRESENTATION,0.25,g,,,[],SOURCE_UNVERIFIED,否
STD-B380945283FD7AF41DBE7698,GEN-103153F5F91EAEB0A6C74424,MED-2026-W104,左乙拉西坦,,TABLET,片剂,0.5g,AMOUNT_PER_PRESENTATION,0.5,g,,,[],SOURCE_UNVERIFIED,否
STD-D2817C33122A926509BAC8B7,GEN-D2DBBB228BCC4023F612EA89,MED-2026-W105,尼莫地平,,CAPSULE,胶囊,20mg,AMOUNT_PER_PRESENTATION,20,mg,,,[],SOURCE_UNVERIFIED,否
STD-7A20CCF81C991EFBAAD972D5,GEN-D2DBBB228BCC4023F612EA89,MED-2026-W105,尼莫地平,,CAPSULE,胶囊,30mg,AMOUNT_PER_PRESENTATION,30,mg,,,[],SOURCE_UNVERIFIED,否
STD-6BB389F4F9BCFA0971728155,GEN-D2DBBB228BCC4023F612EA89,MED-2026-W105,尼莫地平,,INJECTION,注射液,50ml:10mg,CONCENTRATION,10,mg,50,mL,[],SOURCE_UNVERIFIED,否
STD-03A145D902B55769ED4AD9CA,GEN-D2DBBB228BCC4023F612EA89,MED-2026-W105,尼莫地平,,TABLET,片剂,20mg,AMOUNT_PER_PRESENTATION,20,mg,,,[],SOURCE_UNVERIFIED,否
STD-D7B593309DD8F6B4A58AEE5C,GEN-D2DBBB228BCC4023F612EA89,MED-2026-W105,尼莫地平,,TABLET,片剂,30mg,AMOUNT_PER_PRESENTATION,30,mg,,,[],SOURCE_UNVERIFIED,否
STD-78C006C1EF2E3E9A3E9FF1A2,GEN-3CA294946DF1673A55C04BC1,MED-2026-W106,甘露醇,,INJECTION,注射液,100ml:20g,CONCENTRATION,20,g,100,mL,[],SOURCE_UNVERIFIED,否
STD-EB22499F4F0D56CD69829BF3,GEN-3CA294946DF1673A55C04BC1,MED-2026-W106,甘露醇,,INJECTION,注射液,250ml:50g,CONCENTRATION,50,g,250,mL,[],SOURCE_UNVERIFIED,否
STD-411A0CAD9A7B5D721E23570F,GEN-3CA294946DF1673A55C04BC1,MED-2026-W106,甘露醇,,INJECTION,注射液,3000ml:150g(冲洗用),CONCENTRATION,150,g,3000,mL,[],SOURCE_UNVERIFIED,否
STD-47CCE341339D047E1FC6B9DE,GEN-3CA294946DF1673A55C04BC1,MED-2026-W106,甘露醇,,INJECTION,注射液,50ml:10g,CONCENTRATION,10,g,50,mL,[],SOURCE_UNVERIFIED,否
STD-F5D53E89DF1F81B09423D74B,GEN-806B2EA45A38623414AA815B,MED-2026-W107,倍他司汀,盐酸盐,TABLET,片剂,4mg,AMOUNT_PER_PRESENTATION,4,mg,,,[],SOURCE_UNVERIFIED,否
STD-AEF253414A7F3EE41B1F2F34,GEN-806B2EA45A38623414AA815B,MED-2026-W107,倍他司汀,甲磺酸盐,TABLET,片剂,6mg,AMOUNT_PER_PRESENTATION,6,mg,,,[],SOURCE_UNVERIFIED,否
STD-98EE6A469F9B09C7A4D1C8F8,GEN-27DEB5993BF8271F9C31ECAE,MED-2026-W108,氟桂利嗪,,CAPSULE,胶囊,5mg,AMOUNT_PER_PRESENTATION,5,mg,,,[],SOURCE_UNVERIFIED,否
STD-63830B945ADE0B9C3ADDBDF1,GEN-27DEB5993BF8271F9C31ECAE,MED-2026-W108,氟桂利嗪,,TABLET,片剂,5mg,AMOUNT_PER_PRESENTATION,5,mg,,,[],SOURCE_UNVERIFIED,否
STD-6A8985AD223D6CBD456179C8,GEN-E1EF162F102CB1FEBA56D7D3,MED-2026-W109,丁苯酞,,SODIUM_CHLORIDE_INJECTION,氯化钠注射液,100ml:25mg,CONCENTRATION,25,mg,100,mL,[],SOURCE_UNVERIFIED,否
STD-3B49A3B7B00F299FF56B068A,GEN-E1EF162F102CB1FEBA56D7D3,MED-2026-W109,丁苯酞,,SOFT_CAPSULE,软胶囊,0.1g,AMOUNT_PER_PRESENTATION,0.1,g,,,[],SOURCE_UNVERIFIED,否
STD-2DB3872443D1087E6CAC7471,GEN-10F0C526363C58DDD6E0F057,MED-2026-W110,依达拉奉右莰醇,,CONCENTRATE_FOR_INJECTION,注射用浓溶液,5ml:依达拉奉10mg 与右莰醇 2.5mg,TEXT_REQUIRES_REVIEW,,,,,[],SOURCE_UNVERIFIED,否
STD-A3DD3D9FDE44E6D02474BC2E,GEN-03CED21546B41E7848AEEFFA,MED-2026-W111,胞磷胆碱钠,,INJECTION,注射液,2ml:0.25g,CONCENTRATION,0.25,g,2,mL,[],SOURCE_UNVERIFIED,否
STD-DFEE98C0621B51AE0EB7BA5D,GEN-03CED21546B41E7848AEEFFA,MED-2026-W111,胞磷胆碱钠,,INJECTION,注射液,4ml:0.5g,CONCENTRATION,0.5,g,4,mL,[],SOURCE_UNVERIFIED,否
STD-0DC1E960BE59BB6C021633A9,GEN-FFCBC8A3E5132A9A638CFC49,MED-2026-W112,尼可刹米,,INJECTION,注射液,1.5ml:0.375g,CONCENTRATION,0.375,g,1.5,mL,[],SOURCE_UNVERIFIED,否
STD-78336140FB121C7035B52CA9,GEN-FFCBC8A3E5132A9A638CFC49,MED-2026-W112,尼可刹米,,INJECTION,注射液,2ml:0.5g,CONCENTRATION,0.5,g,2,mL,[],SOURCE_UNVERIFIED,否
STD-B33AAFCEEE8F78611A2C55B1,GEN-7270DDBF097B016FA8C73820,MED-2026-W113,洛贝林,,INJECTION,注射液,1ml:10mg,CONCENTRATION,10,mg,1,mL,[],SOURCE_UNVERIFIED,否
STD-29F7D761628BBD55AF9B5FE5,GEN-7270DDBF097B016FA8C73820,MED-2026-W113,洛贝林,,INJECTION,注射液,1ml:3mg,CONCENTRATION,3,mg,1,mL,[],SOURCE_UNVERIFIED,否
STD-047A36FBBB162F39675B8B81,GEN-A1D115560163C2BCD1059704,MED-2026-W114,石杉碱甲,,CAPSULE,胶囊,50ug,AMOUNT_PER_PRESENTATION,50,ug,,,[],SOURCE_UNVERIFIED,否
STD-8A95BAA67E52589902C59F53,GEN-A1D115560163C2BCD1059704,MED-2026-W114,石杉碱甲,,TABLET,片剂,50ug,AMOUNT_PER_PRESENTATION,50,ug,,,[],SOURCE_UNVERIFIED,否
STD-505B443EC0B952990A2B56FE,GEN-E1314BF9488E1E9804C3CA4E,MED-2026-W115,多奈哌齐,,DISPERSIBLE_TABLET,分散片,5mg,AMOUNT_PER_PRESENTATION,5,mg,,,[],SOURCE_UNVERIFIED,否
STD-088BF1B798F9587C6A300827,GEN-E1314BF9488E1E9804C3CA4E,MED-2026-W115,多奈哌齐,,ORODISPERSIBLE_TABLET,口崩片,5mg,AMOUNT_PER_PRESENTATION,5,mg,,,[],SOURCE_UNVERIFIED,否
STD-E3BBA62CC63EF9CFA6DA25BE,GEN-E1314BF9488E1E9804C3CA4E,MED-2026-W115,多奈哌齐,,TABLET,片剂,10mg,AMOUNT_PER_PRESENTATION,10,mg,,,[],SOURCE_UNVERIFIED,否
STD-633CEE21531BA023C3F71AD2,GEN-E1314BF9488E1E9804C3CA4E,MED-2026-W115,多奈哌齐,,TABLET,片剂,5mg,AMOUNT_PER_PRESENTATION,5,mg,,,[],SOURCE_UNVERIFIED,否
STD-B0EB5D865E4927A967C5A3C2,GEN-9C627EF326C903CF7D444EF9,MED-2026-W116,奋乃静,,INJECTION,注射液,1ml:5mg,CONCENTRATION,5,mg,1,mL,[],SOURCE_UNVERIFIED,否
STD-20AF2D14C12B15BDEC08A737,GEN-9C627EF326C903CF7D444EF9,MED-2026-W116,奋乃静,,TABLET,片剂,2mg,AMOUNT_PER_PRESENTATION,2,mg,,,[],SOURCE_UNVERIFIED,否
STD-C55380D607479DE3EAB78783,GEN-9C627EF326C903CF7D444EF9,MED-2026-W116,奋乃静,,TABLET,片剂,4mg,AMOUNT_PER_PRESENTATION,4,mg,,,[],SOURCE_UNVERIFIED,否
STD-9D7A950F2E4FAA9F5844B0B8,GEN-F0DD223FF45F22F0DF8C4393,MED-2026-W117,氯丙嗪,,INJECTION,注射液,1ml:10mg,CONCENTRATION,10,mg,1,mL,[],SOURCE_UNVERIFIED,否
STD-4B563F40E2CFDCCCA5EE49FB,GEN-F0DD223FF45F22F0DF8C4393,MED-2026-W117,氯丙嗪,,INJECTION,注射液,1ml:25mg,CONCENTRATION,25,mg,1,mL,[],SOURCE_UNVERIFIED,否
STD-F806812BE4E84029D8E7B09A,GEN-F0DD223FF45F22F0DF8C4393,MED-2026-W117,氯丙嗪,,INJECTION,注射液,2ml:50mg,CONCENTRATION,50,mg,2,mL,[],SOURCE_UNVERIFIED,否
STD-D09AFB5213430546053B5CFD,GEN-F0DD223FF45F22F0DF8C4393,MED-2026-W117,氯丙嗪,,TABLET,片剂,12.5mg,AMOUNT_PER_PRESENTATION,12.5,mg,,,[],SOURCE_UNVERIFIED,否
STD-34BD84690D9BA6BBA520E3DF,GEN-F0DD223FF45F22F0DF8C4393,MED-2026-W117,氯丙嗪,,TABLET,片剂,25mg,AMOUNT_PER_PRESENTATION,25,mg,,,[],SOURCE_UNVERIFIED,否
STD-7EDFF3E7CE1D968DEBB9E3A6,GEN-F0DD223FF45F22F0DF8C4393,MED-2026-W117,氯丙嗪,,TABLET,片剂,50mg,AMOUNT_PER_PRESENTATION,50,mg,,,[],SOURCE_UNVERIFIED,否
STD-CC73869794A732DF894423FC,GEN-56FF0D0C7990F6F76F1B4249,MED-2026-W118,氟哌啶醇,,INJECTION,注射液,1ml:5mg,CONCENTRATION,5,mg,1,mL,[],SOURCE_UNVERIFIED,否
STD-8E426D760F739009F3584122,GEN-56FF0D0C7990F6F76F1B4249,MED-2026-W118,氟哌啶醇,,TABLET,片剂,2mg,AMOUNT_PER_PRESENTATION,2,mg,,,[],SOURCE_UNVERIFIED,否
STD-97564DEF7D571510379790A6,GEN-56FF0D0C7990F6F76F1B4249,MED-2026-W118,氟哌啶醇,,TABLET,片剂,4mg,AMOUNT_PER_PRESENTATION,4,mg,,,[],SOURCE_UNVERIFIED,否
STD-1F40DD154E9D5A48C0C9C9F9,GEN-7DBC5F6A04BA821DC5B28842,MED-2026-W119,舒必利,,TABLET,片剂,100mg,AMOUNT_PER_PRESENTATION,100,mg,,,[],SOURCE_UNVERIFIED,否
STD-6EBE899D478757A7A0C2044E,GEN-7DBC5F6A04BA821DC5B28842,MED-2026-W119,舒必利,,TABLET,片剂,10mg,AMOUNT_PER_PRESENTATION,10,mg,,,[],SOURCE_UNVERIFIED,否
STD-74418D51C9F2F1F8DA6E91E2,GEN-7DBC5F6A04BA821DC5B28842,MED-2026-W119,舒必利,,TABLET,片剂,50mg,AMOUNT_PER_PRESENTATION,50,mg,,,[],SOURCE_UNVERIFIED,否
STD-827271BC6F9BEAD7DF7A7D68,GEN-7430CC0AF661FD82B0BE806F,MED-2026-W120,氨磺必利,,TABLET,片剂,200mg,AMOUNT_PER_PRESENTATION,200,mg,,,[],SOURCE_UNVERIFIED,否
STD-87A28B960F494CE0FE37BFA3,GEN-7430CC0AF661FD82B0BE806F,MED-2026-W120,氨磺必利,,TABLET,片剂,50mg,AMOUNT_PER_PRESENTATION,50,mg,,,[],SOURCE_UNVERIFIED,否
STD-7165C2D9054C5B3CFB45F17E,GEN-518D2D5824CAF5441EC43062,MED-2026-W121,癸氟奋乃静,,INJECTION,注射液,1ml:25mg,CONCENTRATION,25,mg,1,mL,[],SOURCE_UNVERIFIED,否
STD-5806EEC5813603097B4CD969,GEN-84064FE0E7F3333C76E5283E,MED-2026-W122,氯氮平,,ORODISPERSIBLE_TABLET,口崩片,100mg,AMOUNT_PER_PRESENTATION,100,mg,,,[],SOURCE_UNVERIFIED,否
STD-89B6013C39ED789375E40509,GEN-84064FE0E7F3333C76E5283E,MED-2026-W122,氯氮平,,ORODISPERSIBLE_TABLET,口崩片,25mg,AMOUNT_PER_PRESENTATION,25,mg,,,[],SOURCE_UNVERIFIED,否
STD-54364698C2F367524B01007B,GEN-84064FE0E7F3333C76E5283E,MED-2026-W122,氯氮平,,TABLET,片剂,25mg,AMOUNT_PER_PRESENTATION,25,mg,,,[],SOURCE_UNVERIFIED,否
STD-A8DBD210CD6D30430E709849,GEN-84064FE0E7F3333C76E5283E,MED-2026-W122,氯氮平,,TABLET,片剂,50mg,AMOUNT_PER_PRESENTATION,50,mg,,,[],SOURCE_UNVERIFIED,否
STD-27A1AE35B2CE2E74959D2310,GEN-2287E8B1F630DEFA6A396491,MED-2026-W123,奥氮平,,ORODISPERSIBLE_TABLET,口崩片,5mg,AMOUNT_PER_PRESENTATION,5,mg,,,[],SOURCE_UNVERIFIED,否
STD-3DE98E8940F4033BFE03ACB3,GEN-2287E8B1F630DEFA6A396491,MED-2026-W123,奥氮平,,TABLET,片剂,10mg,AMOUNT_PER_PRESENTATION,10,mg,,,[],SOURCE_UNVERIFIED,否
STD-DBC7EF635256D4CDE8CEF817,GEN-2287E8B1F630DEFA6A396491,MED-2026-W123,奥氮平,,TABLET,片剂,5mg,AMOUNT_PER_PRESENTATION,5,mg,,,[],SOURCE_UNVERIFIED,否
STD-57536D016E5C5FE4CF5BA84E,GEN-D1169E5B9AD74BF0DDE44FAC,MED-2026-W124,利培酮,,ORAL_SOLUTION,口服溶液剂,0.1%,PERCENT_UNSPECIFIED_BASIS,0.1,%,,,[],SOURCE_UNVERIFIED,否
STD-2BFE1BBDBCA9C4EB88DA124D,GEN-D1169E5B9AD74BF0DDE44FAC,MED-2026-W124,利培酮,,ORODISPERSIBLE_TABLET,口崩片,1mg,AMOUNT_PER_PRESENTATION,1,mg,,,[],SOURCE_UNVERIFIED,否
STD-D70C524D5D921289FF8EF0A2,GEN-D1169E5B9AD74BF0DDE44FAC,MED-2026-W124,利培酮,,TABLET,片剂,1mg,AMOUNT_PER_PRESENTATION,1,mg,,,[],SOURCE_UNVERIFIED,否
STD-A4CB54A1ADF3CD04EC6D1512,GEN-D1169E5B9AD74BF0DDE44FAC,MED-2026-W124,利培酮,,TABLET,片剂,2mg,AMOUNT_PER_PRESENTATION,2,mg,,,[],SOURCE_UNVERIFIED,否
STD-B9B9F230D6EAE342589B9168,GEN-F30D146391E587A99E0C7FD2,MED-2026-W125,帕利哌酮,,EXTENDED_RELEASE_TABLET,缓释片,3mg,AMOUNT_PER_PRESENTATION,3,mg,,,[],SOURCE_UNVERIFIED,否
STD-640FEA32312FDE5CB5679935,GEN-F30D146391E587A99E0C7FD2,MED-2026-W125,帕利哌酮,,EXTENDED_RELEASE_TABLET,缓释片,6mg,AMOUNT_PER_PRESENTATION,6,mg,,,[],SOURCE_UNVERIFIED,否
STD-5A1B84E9EFDC666E58874E56,GEN-F30D146391E587A99E0C7FD2,MED-2026-W125,帕利哌酮,,EXTENDED_RELEASE_TABLET,缓释片,9mg,AMOUNT_PER_PRESENTATION,9,mg,,,[],SOURCE_UNVERIFIED,否
STD-74A8F904250CFEF059FCF3E7,GEN-F30D146391E587A99E0C7FD2,MED-2026-W125,帕利哌酮,棕榈酸酯,INJECTION,注射液,0.75ml:75mg,CONCENTRATION,75,mg,0.75,mL,[],SOURCE_UNVERIFIED,否
STD-1E42A733CCFAF6CEA137533D,GEN-F30D146391E587A99E0C7FD2,MED-2026-W125,帕利哌酮,棕榈酸酯,INJECTION,注射液,1.0ml:100mg,CONCENTRATION,100,mg,1,mL,[],SOURCE_UNVERIFIED,否
STD-33DEC9A7B55DED627BA56C6F,GEN-F30D146391E587A99E0C7FD2,MED-2026-W125,帕利哌酮,棕榈酸酯,INJECTION,注射液,1.5ml:150mg,CONCENTRATION,150,mg,1.5,mL,[],SOURCE_UNVERIFIED,否
STD-660F048322A1EEE123E95C02,GEN-F9E143D66FAAAC2D8CABFC90,MED-2026-W126,喹硫平,,TABLET,片剂,100mg,AMOUNT_PER_PRESENTATION,100,mg,,,[],SOURCE_UNVERIFIED,否
STD-1725A349C80BC34AF8E6E526,GEN-F9E143D66FAAAC2D8CABFC90,MED-2026-W126,喹硫平,,TABLET,片剂,25mg,AMOUNT_PER_PRESENTATION,25,mg,,,[],SOURCE_UNVERIFIED,否
STD-E5EA88607043A458AD368B15,GEN-C90F59B131D88A1451AAC253,MED-2026-W127,阿立哌唑,,ORODISPERSIBLE_TABLET,口崩片,10mg,AMOUNT_PER_PRESENTATION,10,mg,,,[],SOURCE_UNVERIFIED,否
STD-AED4C82968B2E7DACFAABE48,GEN-C90F59B131D88A1451AAC253,MED-2026-W127,阿立哌唑,,ORODISPERSIBLE_TABLET,口崩片,5mg,AMOUNT_PER_PRESENTATION,5,mg,,,[],SOURCE_UNVERIFIED,否
STD-8B0BBD12A06DABC9FB93E6B6,GEN-C90F59B131D88A1451AAC253,MED-2026-W127,阿立哌唑,,TABLET,片剂,10mg,AMOUNT_PER_PRESENTATION,10,mg,,,[],SOURCE_UNVERIFIED,否
STD-3807E5F625EC96BAF10DCC02,GEN-C90F59B131D88A1451AAC253,MED-2026-W127,阿立哌唑,,TABLET,片剂,5mg,AMOUNT_PER_PRESENTATION,5,mg,,,[],SOURCE_UNVERIFIED,否
STD-6A550B107E3910123BD2D105,GEN-97137E2A04D9475BA8D64619,MED-2026-W128,五氟利多,,TABLET,片剂,20mg,AMOUNT_PER_PRESENTATION,20,mg,,,[],SOURCE_UNVERIFIED,否
STD-684147DA51AEB0A2F813F274,GEN-EE4682084D814585F77C150D,MED-2026-W129,鲁拉西酮,,TABLET,片剂,20mg,AMOUNT_PER_PRESENTATION,20,mg,,,[],SOURCE_UNVERIFIED,否
STD-1E1C3EF3AC552EDCF21A8B29,GEN-EE4682084D814585F77C150D,MED-2026-W129,鲁拉西酮,,TABLET,片剂,40mg,AMOUNT_PER_PRESENTATION,40,mg,,,[],SOURCE_UNVERIFIED,否
STD-2DF18DBF9070CA1B0D5EEB3A,GEN-EE4682084D814585F77C150D,MED-2026-W129,鲁拉西酮,,TABLET,片剂,80mg,AMOUNT_PER_PRESENTATION,80,mg,,,[],SOURCE_UNVERIFIED,否
STD-02DE788BF4497BC6B86B7E00,GEN-F0BE0E13C28F21B87C656500,MED-2026-W130,帕罗西汀,,ENTERIC_EXTENDED_TABLET,肠溶缓释片,12.5mg,AMOUNT_PER_PRESENTATION,12.5,mg,,,[],SOURCE_UNVERIFIED,否
STD-D5C45D7CDB7802D2B4E374CB,GEN-F0BE0E13C28F21B87C656500,MED-2026-W130,帕罗西汀,,ENTERIC_EXTENDED_TABLET,肠溶缓释片,25mg,AMOUNT_PER_PRESENTATION,25,mg,,,[],SOURCE_UNVERIFIED,否
STD-197C76D827BCE01BC474B6BD,GEN-F0BE0E13C28F21B87C656500,MED-2026-W130,帕罗西汀,,ENTERIC_EXTENDED_TABLET,肠溶缓释片,37.5mg,AMOUNT_PER_PRESENTATION,37.5,mg,,,[],SOURCE_UNVERIFIED,否
STD-270946D4F072B4EB46825ABB,GEN-F0BE0E13C28F21B87C656500,MED-2026-W130,帕罗西汀,,TABLET,片剂,20mg,AMOUNT_PER_PRESENTATION,20,mg,,,[],SOURCE_UNVERIFIED,否
STD-09CD098FEC80996E75F64CD0,GEN-482E8D049A05CFC4276DCC01,MED-2026-W131,氟西汀,,CAPSULE,胶囊,20mg,AMOUNT_PER_PRESENTATION,20,mg,,,[],SOURCE_UNVERIFIED,否
STD-E05F9C133833A4C8F3ACA84F,GEN-482E8D049A05CFC4276DCC01,MED-2026-W131,氟西汀,,DISPERSIBLE_TABLET,分散片,20mg,AMOUNT_PER_PRESENTATION,20,mg,,,[],SOURCE_UNVERIFIED,否
STD-CE616874C202B2AF98C09A89,GEN-482E8D049A05CFC4276DCC01,MED-2026-W131,氟西汀,,TABLET,片剂,10mg,AMOUNT_PER_PRESENTATION,10,mg,,,[],SOURCE_UNVERIFIED,否
STD-3ECE4E72B69A0717434093EA,GEN-DF3CE427215E37E0A3924741,MED-2026-W132,阿米替林,,TABLET,片剂,25mg,AMOUNT_PER_PRESENTATION,25,mg,,,[],SOURCE_UNVERIFIED,否
STD-764EC54F42D7F68E1D02583E,GEN-01C44E84EBA0E29A27E38940,MED-2026-W133,多塞平,,TABLET,片剂,25mg,AMOUNT_PER_PRESENTATION,25,mg,,,[],SOURCE_UNVERIFIED,否
STD-24DA76F88F879803193C411F,GEN-A52E19D7D38A6169D75D7FF7,MED-2026-W134,米氮平,,TABLET,片剂,15mg,AMOUNT_PER_PRESENTATION,15,mg,,,[],SOURCE_UNVERIFIED,否
STD-375B72DE7B7E49C298E3AD54,GEN-A52E19D7D38A6169D75D7FF7,MED-2026-W134,米氮平,,TABLET,片剂,30mg,AMOUNT_PER_PRESENTATION,30,mg,,,[],SOURCE_UNVERIFIED,否
STD-C321A2FE28E3EF8AE428EAA7,GEN-56B86B3A79C96B4BD681F6A1,MED-2026-W135,氯米帕明,,INJECTION,注射液,2ml:25mg,CONCENTRATION,25,mg,2,mL,[],SOURCE_UNVERIFIED,否
STD-F8A310955274A6539976F876,GEN-56B86B3A79C96B4BD681F6A1,MED-2026-W135,氯米帕明,,TABLET,片剂,10mg,AMOUNT_PER_PRESENTATION,10,mg,,,[],SOURCE_UNVERIFIED,否
STD-E920A7DF1A923EEAB9D8703B,GEN-56B86B3A79C96B4BD681F6A1,MED-2026-W135,氯米帕明,,TABLET,片剂,25mg,AMOUNT_PER_PRESENTATION,25,mg,,,[],SOURCE_UNVERIFIED,否
STD-5343309B6FA653A0BFF65901,GEN-5E62CA31381BADF07BB8068A,MED-2026-W136,艾司西酞普兰,,TABLET,片剂,10mg,AMOUNT_PER_PRESENTATION,10,mg,,,[],SOURCE_UNVERIFIED,否
STD-D3E291011311A1793756844A,GEN-5E62CA31381BADF07BB8068A,MED-2026-W136,艾司西酞普兰,,TABLET,片剂,20mg,AMOUNT_PER_PRESENTATION,20,mg,,,[],SOURCE_UNVERIFIED,否
STD-65744BD41FBF518A9CE726DE,GEN-5E62CA31381BADF07BB8068A,MED-2026-W136,艾司西酞普兰,,TABLET,片剂,5mg,AMOUNT_PER_PRESENTATION,5,mg,,,[],SOURCE_UNVERIFIED,否
STD-763A2741B156CBE8A4F21DA3,GEN-6F53B9688A6058B67E5D6675,MED-2026-W137,文拉法辛,,CAPSULE,胶囊,25mg,AMOUNT_PER_PRESENTATION,25,mg,,,[],SOURCE_UNVERIFIED,否
STD-5609A77C6C1621C3C05232DC,GEN-6F53B9688A6058B67E5D6675,MED-2026-W137,文拉法辛,,CAPSULE,胶囊,50mg,AMOUNT_PER_PRESENTATION,50,mg,,,[],SOURCE_UNVERIFIED,否
STD-E92E6A29370F1E1357E162EC,GEN-6F53B9688A6058B67E5D6675,MED-2026-W137,文拉法辛,,EXTENDED_RELEASE_CAPSULE,缓释胶囊,150mg,AMOUNT_PER_PRESENTATION,150,mg,,,[],SOURCE_UNVERIFIED,否
STD-41FA2F7E8334D6A051AA851B,GEN-6F53B9688A6058B67E5D6675,MED-2026-W137,文拉法辛,,EXTENDED_RELEASE_CAPSULE,缓释胶囊,75mg,AMOUNT_PER_PRESENTATION,75,mg,,,[],SOURCE_UNVERIFIED,否
STD-727AA8698A46E6BCA6B15B07,GEN-6F53B9688A6058B67E5D6675,MED-2026-W137,文拉法辛,,EXTENDED_RELEASE_TABLET,缓释片,75mg,AMOUNT_PER_PRESENTATION,75,mg,,,[],SOURCE_UNVERIFIED,否
STD-92011A016EC0005624266005,GEN-6F53B9688A6058B67E5D6675,MED-2026-W137,文拉法辛,,TABLET,片剂,25mg,AMOUNT_PER_PRESENTATION,25,mg,,,[],SOURCE_UNVERIFIED,否
STD-07DC6F8E81C8096015072A25,GEN-6F53B9688A6058B67E5D6675,MED-2026-W137,文拉法辛,,TABLET,片剂,50mg,AMOUNT_PER_PRESENTATION,50,mg,,,[],SOURCE_UNVERIFIED,否
STD-5CEF2A0FD75791249DA0C183,GEN-A7C60A8FE4EDAD961B1190C6,MED-2026-W138,舍曲林,,CAPSULE,胶囊,50mg,AMOUNT_PER_PRESENTATION,50,mg,,,[],SOURCE_UNVERIFIED,否
STD-3B8D84F22693A378FE303466,GEN-A7C60A8FE4EDAD961B1190C6,MED-2026-W138,舍曲林,,TABLET,片剂,100mg,AMOUNT_PER_PRESENTATION,100,mg,,,[],SOURCE_UNVERIFIED,否
STD-D5F699A6921D7A61A93812DF,GEN-A7C60A8FE4EDAD961B1190C6,MED-2026-W138,舍曲林,,TABLET,片剂,25mg,AMOUNT_PER_PRESENTATION,25,mg,,,[],SOURCE_UNVERIFIED,否
STD-07C0BF6A9808080715BF06B1,GEN-A7C60A8FE4EDAD961B1190C6,MED-2026-W138,舍曲林,,TABLET,片剂,50mg,AMOUNT_PER_PRESENTATION,50,mg,,,[],SOURCE_UNVERIFIED,否
STD-4C03B0506E42C89DD115E8C3,GEN-FEA6EDFDC330A23D13CCC7D4,MED-2026-W139,地西泮,,INJECTION,注射液,2ml:10mg,CONCENTRATION,10,mg,2,mL,[],SOURCE_UNVERIFIED,否
STD-5215B2E42C8B0E568824DBFC,GEN-FEA6EDFDC330A23D13CCC7D4,MED-2026-W139,地西泮,,TABLET,片剂,2.5mg,AMOUNT_PER_PRESENTATION,2.5,mg,,,[],SOURCE_UNVERIFIED,否
STD-E5EFBF40A3A2559C6F1D6991,GEN-FEA6EDFDC330A23D13CCC7D4,MED-2026-W139,地西泮,,TABLET,片剂,5mg,AMOUNT_PER_PRESENTATION,5,mg,,,[],SOURCE_UNVERIFIED,否
STD-30BCD3A0EFB675C6266D9FFB,GEN-5FE0DB24AADD3EF28E24F44C,MED-2026-W140,氯硝西泮,,TABLET,片剂,0.5mg,AMOUNT_PER_PRESENTATION,0.5,mg,,,[],SOURCE_UNVERIFIED,否
STD-3D9710A70CEA3BA5F2A8A7F5,GEN-5FE0DB24AADD3EF28E24F44C,MED-2026-W140,氯硝西泮,,TABLET,片剂,2mg,AMOUNT_PER_PRESENTATION,2,mg,,,[],SOURCE_UNVERIFIED,否
STD-25FC5AD774960BBBFA5E270E,GEN-BCDAB662BA8B2BA8D4439298,MED-2026-W141,劳拉西泮,,TABLET,片剂,0.5mg,AMOUNT_PER_PRESENTATION,0.5,mg,,,[],SOURCE_UNVERIFIED,否
STD-87ACA6F8C8009BBDFBE00139,GEN-BCDAB662BA8B2BA8D4439298,MED-2026-W141,劳拉西泮,,TABLET,片剂,1mg,AMOUNT_PER_PRESENTATION,1,mg,,,[],SOURCE_UNVERIFIED,否
STD-BCED82C2430478C5E50DA073,GEN-134B29731165D40F54B78803,MED-2026-W142,艾司唑仑,,TABLET,片剂,1mg,AMOUNT_PER_PRESENTATION,1,mg,,,[],SOURCE_UNVERIFIED,否
STD-6A947F65D43D54607FC38763,GEN-134B29731165D40F54B78803,MED-2026-W142,艾司唑仑,,TABLET,片剂,2mg,AMOUNT_PER_PRESENTATION,2,mg,,,[],SOURCE_UNVERIFIED,否
STD-3F0950D5AA1A40227230B1FF,GEN-C7BE213C954C1F5E525D9B2B,MED-2026-W143,阿普唑仑,,TABLET,片剂,0.4mg,AMOUNT_PER_PRESENTATION,0.4,mg,,,[],SOURCE_UNVERIFIED,否
STD-B83CCA8F7BA9FB56EBBC002F,GEN-22B59A77E03AA07506CFD307,MED-2026-W144,坦度螺酮,,CAPSULE,胶囊,10mg,AMOUNT_PER_PRESENTATION,10,mg,,,[],SOURCE_UNVERIFIED,否
STD-1585D7BDD055B446C9FFDB4E,GEN-22B59A77E03AA07506CFD307,MED-2026-W144,坦度螺酮,,CAPSULE,胶囊,5mg,AMOUNT_PER_PRESENTATION,5,mg,,,[],SOURCE_UNVERIFIED,否
STD-6401EFD2BC710AB2CC02A7A0,GEN-22B59A77E03AA07506CFD307,MED-2026-W144,坦度螺酮,,TABLET,片剂,10mg,AMOUNT_PER_PRESENTATION,10,mg,,,[],SOURCE_UNVERIFIED,否
STD-EBD140D3B0418B19E89921CB,GEN-22B59A77E03AA07506CFD307,MED-2026-W144,坦度螺酮,,TABLET,片剂,5mg,AMOUNT_PER_PRESENTATION,5,mg,,,[],SOURCE_UNVERIFIED,否
STD-05FDE9E86E20453F1EA4909D,GEN-D3C4425615F1C03F3F4C362D,MED-2026-W145,丁螺环酮,,TABLET,片剂,5mg,AMOUNT_PER_PRESENTATION,5,mg,,,[],SOURCE_UNVERIFIED,否
STD-91D15BBCB3BDC7D5BC10C6DF,GEN-68F8304A1BB95EDBCE7AC18B,MED-2026-W146,碳酸锂,,EXTENDED_RELEASE_TABLET,缓释片,0.3g,AMOUNT_PER_PRESENTATION,0.3,g,,,[],SOURCE_UNVERIFIED,否
STD-9FDA705E1D52FA67CF1E72CA,GEN-68F8304A1BB95EDBCE7AC18B,MED-2026-W146,碳酸锂,,TABLET,片剂,0.25g,AMOUNT_PER_PRESENTATION,0.25,g,,,[],SOURCE_UNVERIFIED,否
STD-9378B9F191C811A8763B67DB,GEN-210D15BD56F6E3C5BB19D673,MED-2026-W147,佐匹克隆,,TABLET,片剂,3.75mg,AMOUNT_PER_PRESENTATION,3.75,mg,,,[],SOURCE_UNVERIFIED,否
STD-268AA91B26C7044D09E4F193,GEN-210D15BD56F6E3C5BB19D673,MED-2026-W147,佐匹克隆,,TABLET,片剂,7.5mg,AMOUNT_PER_PRESENTATION,7.5,mg,,,[],SOURCE_UNVERIFIED,否
STD-634FB52A3A882FED9A59DC70,GEN-3EC4AE35DF90E5B078ABC126,MED-2026-W148,右佐匹克隆,,TABLET,片剂,1mg,AMOUNT_PER_PRESENTATION,1,mg,,,[],SOURCE_UNVERIFIED,否
STD-9AC4593B49282432B6F67D8C,GEN-3EC4AE35DF90E5B078ABC126,MED-2026-W148,右佐匹克隆,,TABLET,片剂,2mg,AMOUNT_PER_PRESENTATION,2,mg,,,[],SOURCE_UNVERIFIED,否
STD-9B399F4BA61834C413AB7047,GEN-3EC4AE35DF90E5B078ABC126,MED-2026-W148,右佐匹克隆,,TABLET,片剂,3mg,AMOUNT_PER_PRESENTATION,3,mg,,,[],SOURCE_UNVERIFIED,否
STD-CD0BB2FE54A53E003821A7F0,GEN-ACA61FEF69DE7BB9187A1F31,MED-2026-W149,咪达唑仑,,INJECTION,注射液,1ml:5mg,CONCENTRATION,5,mg,1,mL,[],SOURCE_UNVERIFIED,否
STD-D715F21EA235522B7FF7A3BB,GEN-ACA61FEF69DE7BB9187A1F31,MED-2026-W149,咪达唑仑,,INJECTION,注射液,2ml:10mg,CONCENTRATION,10,mg,2,mL,[],SOURCE_UNVERIFIED,否
STD-3F2D8119923CA4752F9F9AFA,GEN-ACA61FEF69DE7BB9187A1F31,MED-2026-W149,咪达唑仑,,ORAL_SOLUTION,口服溶液剂,0.2%,PERCENT_UNSPECIFIED_BASIS,0.2,%,,,[],SOURCE_UNVERIFIED,否
STD-6B0050F908522BA6DD07416B,GEN-ACA61FEF69DE7BB9187A1F31,MED-2026-W149,咪达唑仑,,TABLET,片剂,15mg,AMOUNT_PER_PRESENTATION,15,mg,,,[],SOURCE_UNVERIFIED,否
STD-F5ED50C55345917B8684F38F,GEN-DEA76DFB17759B65F826EF8E,MED-2026-W150,唑吡坦,,TABLET,片剂,10mg,AMOUNT_PER_PRESENTATION,10,mg,,,[],SOURCE_UNVERIFIED,否
STD-24F6DEF6568DFB09B9D82A66,GEN-DEA76DFB17759B65F826EF8E,MED-2026-W150,唑吡坦,,TABLET,片剂,5mg,AMOUNT_PER_PRESENTATION,5,mg,,,[],SOURCE_UNVERIFIED,否
STD-A2BC92D7BAA35D3761608E47,GEN-EF24BEDFBDFAC76816AD8DE3,MED-2026-W151,硝酸甘油,,INJECTION,注射液,1ml:5mg,CONCENTRATION,5,mg,1,mL,[],SOURCE_UNVERIFIED,否
STD-615F1A0E47B237BA896D67F9,GEN-EF24BEDFBDFAC76816AD8DE3,MED-2026-W151,硝酸甘油,,SUBLINGUAL_TABLET,舌下片,0.6mg,AMOUNT_PER_PRESENTATION,0.6,mg,,,[],SOURCE_UNVERIFIED,否
STD-096D2C61E810471925E3069F,GEN-EF24BEDFBDFAC76816AD8DE3,MED-2026-W151,硝酸甘油,,TABLET,片剂,0.5mg,AMOUNT_PER_PRESENTATION,0.5,mg,,,[],SOURCE_UNVERIFIED,否
STD-B0E56AF9F51103BCA7DF9D50,GEN-07B363F549E88A2406DA8881,MED-2026-W152,硝酸异山梨酯,,GLUCOSE_INJECTION,葡萄糖注射液,100ml:10mg,CONCENTRATION,10,mg,100,mL,[],SOURCE_UNVERIFIED,否
STD-064C236C57E8B7544D520F4B,GEN-07B363F549E88A2406DA8881,MED-2026-W152,硝酸异山梨酯,,INJECTION,注射液,10ml:10mg,CONCENTRATION,10,mg,10,mL,[],SOURCE_UNVERIFIED,否
STD-BAE8C5EFD8129393CA88814C,GEN-07B363F549E88A2406DA8881,MED-2026-W152,硝酸异山梨酯,,SODIUM_CHLORIDE_INJECTION,氯化钠注射液,100ml:10mg,CONCENTRATION,10,mg,100,mL,[],SOURCE_UNVERIFIED,否
STD-D34F1A15B03C38F255A5D57C,GEN-07B363F549E88A2406DA8881,MED-2026-W152,硝酸异山梨酯,,TABLET,片剂,5mg,AMOUNT_PER_PRESENTATION,5,mg,,,[],SOURCE_UNVERIFIED,否
STD-CC624CDC02A64ED82CB5F486,GEN-06D2AA76D72B26E8EF033795,MED-2026-W153,单硝酸异山梨酯,,EXTENDED_RELEASE_CAPSULE,缓释胶囊,40mg,AMOUNT_PER_PRESENTATION,40,mg,,,[],SOURCE_UNVERIFIED,否
STD-F737B69E53BEC8F002A64C39,GEN-06D2AA76D72B26E8EF033795,MED-2026-W153,单硝酸异山梨酯,,EXTENDED_RELEASE_CAPSULE,缓释胶囊,50mg,AMOUNT_PER_PRESENTATION,50,mg,,,[],SOURCE_UNVERIFIED,否
STD-ADFC0C8AB78E1E4F4F0A773E,GEN-06D2AA76D72B26E8EF033795,MED-2026-W153,单硝酸异山梨酯,,EXTENDED_RELEASE_TABLET,缓释片,30mg,AMOUNT_PER_PRESENTATION,30,mg,,,[],SOURCE_UNVERIFIED,否
STD-DBD88618E43F7B13E57FC739,GEN-06D2AA76D72B26E8EF033795,MED-2026-W153,单硝酸异山梨酯,,EXTENDED_RELEASE_TABLET,缓释片,40mg,AMOUNT_PER_PRESENTATION,40,mg,,,[],SOURCE_UNVERIFIED,否
STD-92E113B41DC21EB20FB06047,GEN-06D2AA76D72B26E8EF033795,MED-2026-W153,单硝酸异山梨酯,,EXTENDED_RELEASE_TABLET,缓释片,50mg,AMOUNT_PER_PRESENTATION,50,mg,,,[],SOURCE_UNVERIFIED,否
STD-D541C747BE5534226EC57685,GEN-06D2AA76D72B26E8EF033795,MED-2026-W153,单硝酸异山梨酯,,EXTENDED_RELEASE_TABLET,缓释片,60mg,AMOUNT_PER_PRESENTATION,60,mg,,,[],SOURCE_UNVERIFIED,否
STD-F43FA5C1AEBB6602AB083D04,GEN-06D2AA76D72B26E8EF033795,MED-2026-W153,单硝酸异山梨酯,,INJECTION,注射液,1ml:10mg,CONCENTRATION,10,mg,1,mL,[],SOURCE_UNVERIFIED,否
STD-D61ADA8673CE0F8FDA88ABF7,GEN-06D2AA76D72B26E8EF033795,MED-2026-W153,单硝酸异山梨酯,,INJECTION,注射液,5ml:20mg,CONCENTRATION,20,mg,5,mL,[],SOURCE_UNVERIFIED,否
STD-22EE99804C5F7E2B1A4D1C56,GEN-06D2AA76D72B26E8EF033795,MED-2026-W153,单硝酸异山梨酯,,TABLET,片剂,10mg,AMOUNT_PER_PRESENTATION,10,mg,,,[],SOURCE_UNVERIFIED,否
STD-CF6FD7C17AEA6E439FFA6F1A,GEN-06D2AA76D72B26E8EF033795,MED-2026-W153,单硝酸异山梨酯,,TABLET,片剂,20mg,AMOUNT_PER_PRESENTATION,20,mg,,,[],SOURCE_UNVERIFIED,否
STD-0485426AABD510ACDE79F28A,GEN-5646F68DB7DBB93FF09CE23B,MED-2026-W154,硝苯地平,,TABLET,片剂,10mg,AMOUNT_PER_PRESENTATION,10,mg,,,[],SOURCE_UNVERIFIED,否
STD-233CD4B9AA881D895718275C,GEN-5646F68DB7DBB93FF09CE23B,MED-2026-W154,硝苯地平,,TABLET,片剂,5mg,AMOUNT_PER_PRESENTATION,5,mg,,,[],SOURCE_UNVERIFIED,否
STD-603EBFDF634F05C19620DDAD,GEN-2408041D46C6F19A70B0C6F7,MED-2026-W155,地尔硫䓬,,EXTENDED_RELEASE_CAPSULE,缓释胶囊,90mg,AMOUNT_PER_PRESENTATION,90,mg,,,[],SOURCE_UNVERIFIED,否
STD-AF3F3576C1D9A62EFE6B6D5C,GEN-2408041D46C6F19A70B0C6F7,MED-2026-W155,地尔硫䓬,,TABLET,片剂,30mg,AMOUNT_PER_PRESENTATION,30,mg,,,[],SOURCE_UNVERIFIED,否
STD-CD5AAF4B9593676A38934362,GEN-B4BB9E34A91FFCAA2228A339,MED-2026-W156,尼可地尔,,TABLET,片剂,5mg,AMOUNT_PER_PRESENTATION,5,mg,,,[],SOURCE_UNVERIFIED,否
STD-D2652DD9AE0DB9A25B53E85C,GEN-11DBA5133793325A9D816B5F,MED-2026-W157,曲美他嗪,,EXTENDED_RELEASE_TABLET,缓释片,35mg,AMOUNT_PER_PRESENTATION,35,mg,,,[],SOURCE_UNVERIFIED,否
STD-16A19A912E503EC848FD3C95,GEN-11DBA5133793325A9D816B5F,MED-2026-W157,曲美他嗪,,TABLET,片剂,20mg,AMOUNT_PER_PRESENTATION,20,mg,,,[],SOURCE_UNVERIFIED,否
STD-E36D7E38FC47CDA107A68B71,GEN-D0DDD4B10354CE7A9022A77C,MED-2026-W158,美西律,,TABLET,片剂,100mg,AMOUNT_PER_PRESENTATION,100,mg,,,[],SOURCE_UNVERIFIED,否
STD-7136579496F2CB801FDAB857,GEN-D0DDD4B10354CE7A9022A77C,MED-2026-W158,美西律,,TABLET,片剂,50mg,AMOUNT_PER_PRESENTATION,50,mg,,,[],SOURCE_UNVERIFIED,否
STD-A313E512187F204ED588E38F,GEN-E0B42536A12E23FEB82E8996,MED-2026-W159,普罗帕酮,,INJECTION,注射液,10ml:35mg,CONCENTRATION,35,mg,10,mL,[],SOURCE_UNVERIFIED,否
STD-5BF50FF0F02DEC9C2DA18A2C,GEN-E0B42536A12E23FEB82E8996,MED-2026-W159,普罗帕酮,,INJECTION,注射液,20ml:70mg,CONCENTRATION,70,mg,20,mL,[],SOURCE_UNVERIFIED,否
STD-CCDFD350B3848139F7FF2A1D,GEN-E0B42536A12E23FEB82E8996,MED-2026-W159,普罗帕酮,,TABLET,片剂,100mg,AMOUNT_PER_PRESENTATION,100,mg,,,[],SOURCE_UNVERIFIED,否
STD-380F691A0E18FD70398C8FA1,GEN-E0B42536A12E23FEB82E8996,MED-2026-W159,普罗帕酮,,TABLET,片剂,150mg,AMOUNT_PER_PRESENTATION,150,mg,,,[],SOURCE_UNVERIFIED,否
STD-43F5A3DEE4F1F99C32BE35E8,GEN-E0B42536A12E23FEB82E8996,MED-2026-W159,普罗帕酮,,TABLET,片剂,50mg,AMOUNT_PER_PRESENTATION,50,mg,,,[],SOURCE_UNVERIFIED,否
STD-2F2AB945697CCF3C4EFD0A20,GEN-1A841928F7D56B3895ED60EF,MED-2026-W160,普萘洛尔,,TABLET,片剂,10mg,AMOUNT_PER_PRESENTATION,10,mg,,,[],SOURCE_UNVERIFIED,否
STD-F3E681C910DF718928DBF407,GEN-56F6020A4267E88AAD991CE7,MED-2026-W161,阿替洛尔,,TABLET,片剂,12.5mg,AMOUNT_PER_PRESENTATION,12.5,mg,,,[],SOURCE_UNVERIFIED,否
STD-1DAB13C0F7635D8024493399,GEN-56F6020A4267E88AAD991CE7,MED-2026-W161,阿替洛尔,,TABLET,片剂,25mg,AMOUNT_PER_PRESENTATION,25,mg,,,[],SOURCE_UNVERIFIED,否
STD-26FCA64C5AE73DB80E42978D,GEN-56F6020A4267E88AAD991CE7,MED-2026-W161,阿替洛尔,,TABLET,片剂,50mg,AMOUNT_PER_PRESENTATION,50,mg,,,[],SOURCE_UNVERIFIED,否
STD-F15BB35266990FACAA5D286D,GEN-FD0D4D2439E8F843E0C297C7,MED-2026-W162,美托洛尔,酒石酸盐,INJECTION,注射液,5ml:5mg,CONCENTRATION,5,mg,5,mL,[],SOURCE_UNVERIFIED,否
STD-A37C6D297647FCD39BFC8355,GEN-FD0D4D2439E8F843E0C297C7,MED-2026-W162,美托洛尔,酒石酸盐,TABLET,片剂,25mg,AMOUNT_PER_PRESENTATION,25,mg,,,[],SOURCE_UNVERIFIED,否
STD-CEE35A4EF42DAE3F72B63FBE,GEN-FD0D4D2439E8F843E0C297C7,MED-2026-W162,美托洛尔,酒石酸盐,TABLET,片剂,50mg(琥珀酸盐)缓释(片、胶囊):47.5mg,TEXT_REQUIRES_REVIEW,,,,,[],SOURCE_UNVERIFIED,否
STD-D75DD9ED947224C058A4A84B,GEN-3CFC7D31839039B8B68CC569,MED-2026-W163,艾司洛尔,,INJECTION,注射液,10ml:0.1g,CONCENTRATION,0.1,g,10,mL,[],SOURCE_UNVERIFIED,否
STD-CA48A77C380B21120DA60633,GEN-3CFC7D31839039B8B68CC569,MED-2026-W163,艾司洛尔,,INJECTION,注射液,1ml:0.1g,CONCENTRATION,0.1,g,1,mL,[],SOURCE_UNVERIFIED,否
STD-1F73145CD558284CAB270A7F,GEN-3CFC7D31839039B8B68CC569,MED-2026-W163,艾司洛尔,,INJECTION,注射液,2ml:0.2g,CONCENTRATION,0.2,g,2,mL,[],SOURCE_UNVERIFIED,否
STD-F63DA5300E75584C8C24045C,GEN-92D9F261D3104BE290751749,MED-2026-W164,索他洛尔,,TABLET,片剂,80mg,AMOUNT_PER_PRESENTATION,80,mg,,,[],SOURCE_UNVERIFIED,否
STD-CEB5B3446F7B72A144CCF172,GEN-542B8A7AE6ABDAEBAC81B2CE,MED-2026-W165,胺碘酮,,INJECTION,注射液,2ml:0.15g,CONCENTRATION,0.15,g,2,mL,[],SOURCE_UNVERIFIED,否
STD-3B9C45F56A663AADC3D84901,GEN-542B8A7AE6ABDAEBAC81B2CE,MED-2026-W165,胺碘酮,,INJECTION,注射液,3ml:0.15g,CONCENTRATION,0.15,g,3,mL,[],SOURCE_UNVERIFIED,否
STD-C53A8B939F85BD1591A74866,GEN-542B8A7AE6ABDAEBAC81B2CE,MED-2026-W165,胺碘酮,,TABLET,片剂,0.2g,AMOUNT_PER_PRESENTATION,0.2,g,,,[],SOURCE_UNVERIFIED,否
STD-457C740A32C479480D67F275,GEN-744F38F0A7953F4F65FF046A,MED-2026-W166,维拉帕米,,INJECTION,注射液,2ml:5mg,CONCENTRATION,5,mg,2,mL,[],SOURCE_UNVERIFIED,否
STD-47D33125010AC3BC76F9C4A9,GEN-744F38F0A7953F4F65FF046A,MED-2026-W166,维拉帕米,,TABLET,片剂,40mg,AMOUNT_PER_PRESENTATION,40,mg,,,[],SOURCE_UNVERIFIED,否
STD-C753ADFF7369D2D6A0C38427,GEN-A243973185FE2846BD682DF1,MED-2026-W167,伊布利特,,INJECTION,注射液,10ml:1mg,CONCENTRATION,1,mg,10,mL,[],SOURCE_UNVERIFIED,否
STD-B256CEC62DE8D09318645715,GEN-1C15D6E4487C56ECD5852BAB,MED-2026-W168,莫雷西嗪,,TABLET,片剂,50mg,AMOUNT_PER_PRESENTATION,50,mg,,,[],SOURCE_UNVERIFIED,否
STD-F9A302DCC633F18160BC879B,GEN-14E35F7ED4A5EEF70DD71E4D,MED-2026-W169,地高辛,,INJECTION,注射液,2ml:0.5mg,CONCENTRATION,0.5,mg,2,mL,[],SOURCE_UNVERIFIED,否
STD-4A55C1048BBC87547B0C85AA,GEN-14E35F7ED4A5EEF70DD71E4D,MED-2026-W169,地高辛,,ORAL_SOLUTION,口服溶液剂,100ml:5mg,CONCENTRATION,5,mg,100,mL,[],SOURCE_UNVERIFIED,否
STD-44BB26D0E274F6EA912A9E92,GEN-14E35F7ED4A5EEF70DD71E4D,MED-2026-W169,地高辛,,ORAL_SOLUTION,口服溶液剂,10ml:0.5mg,CONCENTRATION,0.5,mg,10,mL,[],SOURCE_UNVERIFIED,否
STD-D23C9A257DC182D037295C45,GEN-14E35F7ED4A5EEF70DD71E4D,MED-2026-W169,地高辛,,ORAL_SOLUTION,口服溶液剂,30ml:1.5mg,CONCENTRATION,1.5,mg,30,mL,[],SOURCE_UNVERIFIED,否
STD-1854F4B9B597B17705F345B9,GEN-14E35F7ED4A5EEF70DD71E4D,MED-2026-W169,地高辛,,ORAL_SOLUTION,口服溶液剂,50ml:2.5mg,CONCENTRATION,2.5,mg,50,mL,[],SOURCE_UNVERIFIED,否
STD-70FCBFC96775BAEE1D5AC166,GEN-14E35F7ED4A5EEF70DD71E4D,MED-2026-W169,地高辛,,TABLET,片剂,0.25mg,AMOUNT_PER_PRESENTATION,0.25,mg,,,[],SOURCE_UNVERIFIED,否
STD-CC4FD3AFB1201D6BA951F4E1,GEN-A6B1C892E4919D6AD3752A35,MED-2026-W170,去乙酰毛花苷,,INJECTION,注射液,2ml:0.4mg,CONCENTRATION,0.4,mg,2,mL,[],SOURCE_UNVERIFIED,否
STD-3613E4A1068AF35846435F9E,GEN-8F4567A2994BE943392BD9E7,MED-2026-W171,伊伐布雷定,,TABLET,片剂,5mg,AMOUNT_PER_PRESENTATION,5,mg,,,[],SOURCE_UNVERIFIED,否
STD-6245F89F104BA0844C611353,GEN-8F4567A2994BE943392BD9E7,MED-2026-W171,伊伐布雷定,,TABLET,片剂,7.5mg,AMOUNT_PER_PRESENTATION,7.5,mg,,,[],SOURCE_UNVERIFIED,否
STD-6723A92121E6E5429328BAF4,GEN-39C9D8C08B7F10CD235AB9B3,MED-2026-W172,米力农,,INJECTION,注射液,10ml:10mg,CONCENTRATION,10,mg,10,mL,[],SOURCE_UNVERIFIED,否
STD-52186E0C1AC87152B0589F93,GEN-39C9D8C08B7F10CD235AB9B3,MED-2026-W172,米力农,,INJECTION,注射液,5ml:5mg,CONCENTRATION,5,mg,5,mL,[],SOURCE_UNVERIFIED,否
STD-399C0BCEFE4B043C45F0BA32,GEN-FA5054A6EFF6E5A38E7799BB,MED-2026-W173,卡托普利,,TABLET,片剂,12.5mg,AMOUNT_PER_PRESENTATION,12.5,mg,,,[],SOURCE_UNVERIFIED,否
STD-3503F07E4B57983D3CD3C6A8,GEN-FA5054A6EFF6E5A38E7799BB,MED-2026-W173,卡托普利,,TABLET,片剂,25mg,AMOUNT_PER_PRESENTATION,25,mg,,,[],SOURCE_UNVERIFIED,否
STD-CE104E1815B10C53D5384201,GEN-9F4279E3060B0AB9156005B3,MED-2026-W174,依那普利,,TABLET,片剂,10mg,AMOUNT_PER_PRESENTATION,10,mg,,,[],SOURCE_UNVERIFIED,否
STD-DA2C57E7EEEB9024A2CD5911,GEN-9F4279E3060B0AB9156005B3,MED-2026-W174,依那普利,,TABLET,片剂,2.5mg,AMOUNT_PER_PRESENTATION,2.5,mg,,,[],SOURCE_UNVERIFIED,否
STD-11EC5CF38C071A4CFA900075,GEN-9F4279E3060B0AB9156005B3,MED-2026-W174,依那普利,,TABLET,片剂,5mg,AMOUNT_PER_PRESENTATION,5,mg,,,[],SOURCE_UNVERIFIED,否
STD-6E3C7A56EDA17A2480542F3B,GEN-20A39E26EF8E338CFA72EEA2,MED-2026-W175,赖诺普利,,CAPSULE,胶囊,10mg,AMOUNT_PER_PRESENTATION,10,mg,,,[],SOURCE_UNVERIFIED,否
STD-1B023E6CECE99FC63EC0D7DD,GEN-20A39E26EF8E338CFA72EEA2,MED-2026-W175,赖诺普利,,CAPSULE,胶囊,5mg,AMOUNT_PER_PRESENTATION,5,mg,,,[],SOURCE_UNVERIFIED,否
STD-59980084C98FDC7E37DFF751,GEN-20A39E26EF8E338CFA72EEA2,MED-2026-W175,赖诺普利,,TABLET,片剂,10mg,AMOUNT_PER_PRESENTATION,10,mg,,,[],SOURCE_UNVERIFIED,否
STD-D1DF745836B8B3F82BF34666,GEN-20A39E26EF8E338CFA72EEA2,MED-2026-W175,赖诺普利,,TABLET,片剂,5mg,AMOUNT_PER_PRESENTATION,5,mg,,,[],SOURCE_UNVERIFIED,否
STD-B35CFEEBB1A0B737ACE152FC,GEN-BC5CFB714BC86A342392CA17,MED-2026-W176,培哚普利叔丁胺,,TABLET,片剂,2mg,AMOUNT_PER_PRESENTATION,2,mg,,,[],SOURCE_UNVERIFIED,否
STD-8DB2F3CC15DA10F6915B1E79,GEN-BC5CFB714BC86A342392CA17,MED-2026-W176,培哚普利叔丁胺,,TABLET,片剂,4mg,AMOUNT_PER_PRESENTATION,4,mg,,,[],SOURCE_UNVERIFIED,否
STD-30816A6D7FB3E7181E286017,GEN-BC5CFB714BC86A342392CA17,MED-2026-W176,培哚普利叔丁胺,,TABLET,片剂,8mg,AMOUNT_PER_PRESENTATION,8,mg,,,[],SOURCE_UNVERIFIED,否
STD-7A51A46E90D29BD86E2B526C,GEN-6C94E3AE2CEF6A260BABEEE3,MED-2026-W177,缬沙坦,,CAPSULE,胶囊,80mg,AMOUNT_PER_PRESENTATION,80,mg,,,[],SOURCE_UNVERIFIED,否
STD-BFDDD718E9FBACD7BEB70CEC,GEN-6C94E3AE2CEF6A260BABEEE3,MED-2026-W177,缬沙坦,,TABLET,片剂,80mg,AMOUNT_PER_PRESENTATION,80,mg,,,[],SOURCE_UNVERIFIED,否
STD-DFADCAB5BA1A58089C62EDDC,GEN-C1BB7B221779B7E637D99732,MED-2026-W178,替米沙坦,,CAPSULE,胶囊,40mg,AMOUNT_PER_PRESENTATION,40,mg,,,[],SOURCE_UNVERIFIED,否
STD-F43DAE9590835A06E2E4F85A,GEN-C1BB7B221779B7E637D99732,MED-2026-W178,替米沙坦,,TABLET,片剂,20mg,AMOUNT_PER_PRESENTATION,20,mg,,,[],SOURCE_UNVERIFIED,否
STD-08693AC43D9B00965BDE207E,GEN-C1BB7B221779B7E637D99732,MED-2026-W178,替米沙坦,,TABLET,片剂,40mg,AMOUNT_PER_PRESENTATION,40,mg,,,[],SOURCE_UNVERIFIED,否
STD-5180C068FCE57F340C3684EF,GEN-C1BB7B221779B7E637D99732,MED-2026-W178,替米沙坦,,TABLET,片剂,80mg,AMOUNT_PER_PRESENTATION,80,mg,,,[],SOURCE_UNVERIFIED,否
STD-8054C7217DBBE013A2D411C0,GEN-E745001D213E0F0A2310AB62,MED-2026-W179,厄贝沙坦,,DISPERSIBLE_TABLET,分散片,0.15g,AMOUNT_PER_PRESENTATION,0.15,g,,,[],SOURCE_UNVERIFIED,否
STD-7ED9DAFBE6D0D4870C008780,GEN-E745001D213E0F0A2310AB62,MED-2026-W179,厄贝沙坦,,TABLET,片剂,0.075g,AMOUNT_PER_PRESENTATION,0.075,g,,,[],SOURCE_UNVERIFIED,否
STD-BE718BBDF88B532B25ECD8A1,GEN-E745001D213E0F0A2310AB62,MED-2026-W179,厄贝沙坦,,TABLET,片剂,0.15g,AMOUNT_PER_PRESENTATION,0.15,g,,,[],SOURCE_UNVERIFIED,否
STD-E3A94AF815ABB5AB24B78EC4,GEN-45EF8BF98494806C3694B837,MED-2026-W181,硝普钠,,POWDER_FOR_INJECTION,注射用无菌粉末,50mg,AMOUNT_PER_PRESENTATION,50,mg,,,[],SOURCE_UNVERIFIED,否
STD-3B019A29BA2E77932F555B1C,GEN-9707C8B408DADD542E6FB5A1,MED-2026-W182,硫酸镁,,INJECTION,注射液,10ml:1g,CONCENTRATION,1,g,10,mL,[],SOURCE_UNVERIFIED,否
STD-4A32A3B440221D5F986791E0,GEN-9707C8B408DADD542E6FB5A1,MED-2026-W182,硫酸镁,,INJECTION,注射液,10ml:2.5g,CONCENTRATION,2.5,g,10,mL,[],SOURCE_UNVERIFIED,否
STD-E1B3E1D4E4C98D608D80961B,GEN-9707C8B408DADD542E6FB5A1,MED-2026-W182,硫酸镁,,INJECTION,注射液,10ml:5g,CONCENTRATION,5,g,10,mL,[],SOURCE_UNVERIFIED,否
STD-C52803418886CC87E10B91C1,GEN-9707C8B408DADD542E6FB5A1,MED-2026-W182,硫酸镁,,INJECTION,注射液,20ml:10g,CONCENTRATION,10,g,20,mL,[],SOURCE_UNVERIFIED,否
STD-48A06BC25E35D97A4EE41ECD,GEN-9707C8B408DADD542E6FB5A1,MED-2026-W182,硫酸镁,,INJECTION,注射液,2ml:1g,CONCENTRATION,1,g,2,mL,[],SOURCE_UNVERIFIED,否
STD-A03F055667B78F3DD5079149,GEN-3F0F8364C65D9719D019E131,MED-2026-W183,尼群地平,,TABLET,片剂,10mg,AMOUNT_PER_PRESENTATION,10,mg,,,[],SOURCE_UNVERIFIED,否
STD-3100182D1745A1296D37253B,GEN-B909C13B6EE606AA90AC0B1C,MED-2026-W184,非洛地平,,EXTENDED_RELEASE_TABLET,缓释片,2.5mg,AMOUNT_PER_PRESENTATION,2.5,mg,,,[],SOURCE_UNVERIFIED,否
STD-6C7F3F38F5D128217D17FE53,GEN-B909C13B6EE606AA90AC0B1C,MED-2026-W184,非洛地平,,EXTENDED_RELEASE_TABLET,缓释片,5mg,AMOUNT_PER_PRESENTATION,5,mg,,,[],SOURCE_UNVERIFIED,否
STD-F09C9FF583DAB4B94EAF9EAC,GEN-B909C13B6EE606AA90AC0B1C,MED-2026-W184,非洛地平,,TABLET,片剂,2.5mg,AMOUNT_PER_PRESENTATION,2.5,mg,,,[],SOURCE_UNVERIFIED,否
STD-F0FDA33EC8FBF33FA04855A1,GEN-B909C13B6EE606AA90AC0B1C,MED-2026-W184,非洛地平,,TABLET,片剂,5mg,AMOUNT_PER_PRESENTATION,5,mg,,,[],SOURCE_UNVERIFIED,否
STD-04D8635B1192769EBA24309B,GEN-A4F080992DF6FCF5D8137FD3,MED-2026-W185,氨氯地平,苯磺酸盐、马来酸盐,TABLET,片剂,5mg,AMOUNT_PER_PRESENTATION,5,mg,,,[],SOURCE_UNVERIFIED,否
STD-A3832E968BCF6F87EF8919E2,GEN-BA62AE674A426A5E69D7C179,MED-2026-W186,左氨氯地平,苯磺酸盐,TABLET,片剂,2.5mg,AMOUNT_PER_PRESENTATION,2.5,mg,,,[],SOURCE_UNVERIFIED,否
STD-6DD3DFF23EFA1E57E9117903,GEN-BA62AE674A426A5E69D7C179,MED-2026-W186,左氨氯地平,马来酸盐,TABLET,片剂,2.5mg,AMOUNT_PER_PRESENTATION,2.5,mg,,,[],SOURCE_UNVERIFIED,否
STD-B518E78CBBB5D203807B71AE,GEN-BA62AE674A426A5E69D7C179,MED-2026-W186,左氨氯地平,苯磺酸盐,TABLET,片剂,5mg,AMOUNT_PER_PRESENTATION,5,mg,,,[],SOURCE_UNVERIFIED,否
STD-3EBA3CE19B34ECC766EF5239,GEN-3A15FE6D12E19F2B8EB26581,MED-2026-W187,比索洛尔,,TABLET,片剂,2.5mg,AMOUNT_PER_PRESENTATION,2.5,mg,,,[],SOURCE_UNVERIFIED,否
STD-64653409E6F90E038621AFF1,GEN-3A15FE6D12E19F2B8EB26581,MED-2026-W187,比索洛尔,,TABLET,片剂,5mg,AMOUNT_PER_PRESENTATION,5,mg,,,[],SOURCE_UNVERIFIED,否
STD-BB77873AA0A8675074ACFE71,GEN-6252300DFF6C29065F556FF9,MED-2026-W188,拉贝洛尔,,TABLET,片剂,100mg,AMOUNT_PER_PRESENTATION,100,mg,,,[],SOURCE_UNVERIFIED,否
STD-7A0192FACA3DE4C7BEEF5503,GEN-6252300DFF6C29065F556FF9,MED-2026-W188,拉贝洛尔,,TABLET,片剂,50mg,AMOUNT_PER_PRESENTATION,50,mg,,,[],SOURCE_UNVERIFIED,否
STD-BDCDB0DC95FA5280068B0C8C,GEN-F26EC5A9F4DD3216D7B40167,MED-2026-W189,乌拉地尔,,EXTENDED_RELEASE_CAPSULE,缓释胶囊,30mg,AMOUNT_PER_PRESENTATION,30,mg,,,[],SOURCE_UNVERIFIED,否
STD-4E7DCEEEBE6F118EC0CB4609,GEN-F26EC5A9F4DD3216D7B40167,MED-2026-W189,乌拉地尔,,EXTENDED_RELEASE_TABLET,缓释片,30mg,AMOUNT_PER_PRESENTATION,30,mg,,,[],SOURCE_UNVERIFIED,否
STD-17ED5C54F0A80CC28B37604B,GEN-F26EC5A9F4DD3216D7B40167,MED-2026-W189,乌拉地尔,,INJECTION,注射液,10ml:50mg,CONCENTRATION,50,mg,10,mL,[],SOURCE_UNVERIFIED,否
STD-1EC5FFD371D9A4A5CD09B73F,GEN-F26EC5A9F4DD3216D7B40167,MED-2026-W189,乌拉地尔,,INJECTION,注射液,5ml:25mg,CONCENTRATION,25,mg,5,mL,[],SOURCE_UNVERIFIED,否
STD-684EFC12ED8CBE1E168C550D,GEN-EECE29D64C1722B24BB03649,MED-2026-W190,吲达帕胺,,EXTENDED_RELEASE_TABLET,缓释片,1.5mg,AMOUNT_PER_PRESENTATION,1.5,mg,,,[],SOURCE_UNVERIFIED,否
STD-ABA038632890E2B8C33CD26A,GEN-EECE29D64C1722B24BB03649,MED-2026-W190,吲达帕胺,,TABLET,片剂,2.5mg,AMOUNT_PER_PRESENTATION,2.5,mg,,,[],SOURCE_UNVERIFIED,否
STD-6BA3CFFD3B3E134DC0B55580,GEN-FDA82E4B1AAFC30D7B503B50,MED-2026-W191,酚妥拉明,,INJECTION,注射液,1ml:10mg,CONCENTRATION,10,mg,1,mL,[],SOURCE_UNVERIFIED,否
STD-B0DC1AC401612BE5F5816A94,GEN-FDA82E4B1AAFC30D7B503B50,MED-2026-W191,酚妥拉明,,POWDER_FOR_INJECTION,注射用无菌粉末,10mg,AMOUNT_PER_PRESENTATION,10,mg,,,[],SOURCE_UNVERIFIED,否
STD-1E991B97500A38E8E51B540A,GEN-836AF5783FB1FA939B0084A6,MED-2026-W192,哌唑嗪,,TABLET,片剂,1mg,AMOUNT_PER_PRESENTATION,1,mg,,,[],SOURCE_UNVERIFIED,否
STD-26600A9441C6A248EA53E837,GEN-836AF5783FB1FA939B0084A6,MED-2026-W192,哌唑嗪,,TABLET,片剂,2mg,AMOUNT_PER_PRESENTATION,2,mg,,,[],SOURCE_UNVERIFIED,否
STD-7EFC4DB8CF9C354B9F0D182B,GEN-DB29AB13747AE104CCCD7F56,MED-2026-W193,波生坦,,DISPERSIBLE_TABLET,分散片,32mg,AMOUNT_PER_PRESENTATION,32,mg,,,[],SOURCE_UNVERIFIED,否
STD-DFC6C36EBB73ACE12EC20415,GEN-DB29AB13747AE104CCCD7F56,MED-2026-W193,波生坦,,TABLET,片剂,125mg,AMOUNT_PER_PRESENTATION,125,mg,,,[],SOURCE_UNVERIFIED,否
STD-618DAE06A97319F028C5A262,GEN-1E13471803C7F39D4C5B454B,MED-2026-W194,肾上腺素,,INJECTION,注射液,1ml:1mg,CONCENTRATION,1,mg,1,mL,[],SOURCE_UNVERIFIED,否
STD-B48325D865715361F7686558,GEN-2C0B4CAAEEFA566EC1B763B1,MED-2026-W195,去甲肾上腺素,,INJECTION,注射液,1ml:2mg,CONCENTRATION,2,mg,1,mL,[],SOURCE_UNVERIFIED,否
STD-8082FC5869177A59450AEDB2,GEN-2C0B4CAAEEFA566EC1B763B1,MED-2026-W195,去甲肾上腺素,,INJECTION,注射液,2ml:10mg,CONCENTRATION,10,mg,2,mL,[],SOURCE_UNVERIFIED,否
STD-4DCE4B945F7C98AD1888DFD5,GEN-2C0B4CAAEEFA566EC1B763B1,MED-2026-W195,去甲肾上腺素,,INJECTION,注射液,4ml:8mg,CONCENTRATION,8,mg,4,mL,[],SOURCE_UNVERIFIED,否
STD-345186FB28A08F65DEC476A0,GEN-8E6337F18C0AEA8496DECD5F,MED-2026-W196,异丙肾上腺素,,INJECTION,注射液,2ml:1mg,CONCENTRATION,1,mg,2,mL,[],SOURCE_UNVERIFIED,否
STD-0AE56ABB08417802CD43D41D,GEN-8A3162406FBA3510B91BCC95,MED-2026-W197,间羟胺,,INJECTION,注射液,1ml:10mg,CONCENTRATION,10,mg,1,mL,[],SOURCE_UNVERIFIED,否
STD-947FE2FCE5A11934A2AC18DC,GEN-8A3162406FBA3510B91BCC95,MED-2026-W197,间羟胺,,INJECTION,注射液,5ml:50mg,CONCENTRATION,50,mg,5,mL,[],SOURCE_UNVERIFIED,否
STD-32DFB53B10D89B9865E2FD35,GEN-C15CF1314EDC4589830C60AE,MED-2026-W198,多巴胺,,INJECTION,注射液,2.5ml:50mg,CONCENTRATION,50,mg,2.5,mL,[],SOURCE_UNVERIFIED,否
STD-B9D67D4DEB83080D2D4685F2,GEN-C15CF1314EDC4589830C60AE,MED-2026-W198,多巴胺,,INJECTION,注射液,2ml:20mg,CONCENTRATION,20,mg,2,mL,[],SOURCE_UNVERIFIED,否
STD-4D947BB36342CF561CBBF585,GEN-C15CF1314EDC4589830C60AE,MED-2026-W198,多巴胺,,INJECTION,注射液,5ml:100mg,CONCENTRATION,100,mg,5,mL,[],SOURCE_UNVERIFIED,否
STD-B6761E88B9822CDBDD39E407,GEN-C15CF1314EDC4589830C60AE,MED-2026-W198,多巴胺,,INJECTION,注射液,5ml:200mg,CONCENTRATION,200,mg,5,mL,[],SOURCE_UNVERIFIED,否
STD-FBAC35D06CEC9D0CD778E06F,GEN-EA921DBE0561139BD3980E61,MED-2026-W199,多巴酚丁胺,,INJECTION,注射液,2ml:20mg,CONCENTRATION,20,mg,2,mL,[],SOURCE_UNVERIFIED,否
STD-4C6F137B58BFF3A813941D51,GEN-EA921DBE0561139BD3980E61,MED-2026-W199,多巴酚丁胺,,INJECTION,注射液,5ml:100mg,CONCENTRATION,100,mg,5,mL,[],SOURCE_UNVERIFIED,否
STD-78B889C4166435361ACEB31E,GEN-DFE15D2DE07F7BC3A26067B5,MED-2026-W200,辛伐他汀,,TABLET,片剂,10mg,AMOUNT_PER_PRESENTATION,10,mg,,,[],SOURCE_UNVERIFIED,否
STD-D4691543A9AC285BFF194ADC,GEN-DFE15D2DE07F7BC3A26067B5,MED-2026-W200,辛伐他汀,,TABLET,片剂,20mg,AMOUNT_PER_PRESENTATION,20,mg,,,[],SOURCE_UNVERIFIED,否
STD-86DD32C1CF47A22683B95CA7,GEN-BAE6C360F1B9C138BCAF646D,MED-2026-W201,阿托伐他汀,,TABLET,片剂,10mg,AMOUNT_PER_PRESENTATION,10,mg,,,[],SOURCE_UNVERIFIED,否
STD-8518B2C9A50AA2ECAE436C45,GEN-BAE6C360F1B9C138BCAF646D,MED-2026-W201,阿托伐他汀,,TABLET,片剂,20mg,AMOUNT_PER_PRESENTATION,20,mg,,,[],SOURCE_UNVERIFIED,否
STD-99DB353EB0495FD4AA2550C7,GEN-01363C509A2A1801DFE89D7B,MED-2026-W202,瑞舒伐他汀,,CAPSULE,胶囊,10mg,AMOUNT_PER_PRESENTATION,10,mg,,,[],SOURCE_UNVERIFIED,否
STD-CB51CA38A92ABC0EC8E612AB,GEN-01363C509A2A1801DFE89D7B,MED-2026-W202,瑞舒伐他汀,,CAPSULE,胶囊,20mg,AMOUNT_PER_PRESENTATION,20,mg,,,[],SOURCE_UNVERIFIED,否
STD-C48693F011445E8A4431FDFD,GEN-01363C509A2A1801DFE89D7B,MED-2026-W202,瑞舒伐他汀,,CAPSULE,胶囊,5mg,AMOUNT_PER_PRESENTATION,5,mg,,,[],SOURCE_UNVERIFIED,否
STD-1B30CDAA3FA24736633874BD,GEN-01363C509A2A1801DFE89D7B,MED-2026-W202,瑞舒伐他汀,,TABLET,片剂,10mg,AMOUNT_PER_PRESENTATION,10,mg,,,[],SOURCE_UNVERIFIED,否
STD-E3D540B489CBAEA92F3D0FCE,GEN-01363C509A2A1801DFE89D7B,MED-2026-W202,瑞舒伐他汀,,TABLET,片剂,20mg,AMOUNT_PER_PRESENTATION,20,mg,,,[],SOURCE_UNVERIFIED,否
STD-396BDC410AC9A0E5AC869485,GEN-01363C509A2A1801DFE89D7B,MED-2026-W202,瑞舒伐他汀,,TABLET,片剂,5mg,AMOUNT_PER_PRESENTATION,5,mg,,,[],SOURCE_UNVERIFIED,否
STD-A685B5EF163020428E439860,GEN-75D50C1E5F31E42942E9245D,MED-2026-W203,非诺贝特,,CAPSULE,胶囊,0.1g,AMOUNT_PER_PRESENTATION,0.1,g,,,[],SOURCE_UNVERIFIED,否
STD-B2DEA16143B41F1E1458B1C5,GEN-75D50C1E5F31E42942E9245D,MED-2026-W203,非诺贝特,,CAPSULE,胶囊,0.2g,AMOUNT_PER_PRESENTATION,0.2,g,,,[],SOURCE_UNVERIFIED,否
STD-5ED936B37AF00ABA0AD5EA0D,GEN-75D50C1E5F31E42942E9245D,MED-2026-W203,非诺贝特,,DISPERSIBLE_TABLET,分散片,0.1g,AMOUNT_PER_PRESENTATION,0.1,g,,,[],SOURCE_UNVERIFIED,否
STD-3585D52EF6DE31FBA616E772,GEN-75D50C1E5F31E42942E9245D,MED-2026-W203,非诺贝特,,TABLET,片剂,0.1g,AMOUNT_PER_PRESENTATION,0.1,g,,,[],SOURCE_UNVERIFIED,否
STD-3FBE90EC595DE96BBE9385BE,GEN-E4E70C5FB30F26659EB3D80A,MED-2026-W204,依折麦布,,TABLET,片剂,10mg,AMOUNT_PER_PRESENTATION,10,mg,,,[],SOURCE_UNVERIFIED,否
STD-F9DB20EFFC4AEE1570E2BBFD,GEN-3B1C4E76FE512B18C7520AE4,MED-2026-W205,溴己新,,INJECTION,注射液,2ml:4mg,CONCENTRATION,4,mg,2,mL,[],SOURCE_UNVERIFIED,否
STD-BEF4BD829EC8C56EA5E7F5D6,GEN-3B1C4E76FE512B18C7520AE4,MED-2026-W205,溴己新,,ORAL_SOLUTION,口服溶液剂,40ml:80mg,CONCENTRATION,80,mg,40,mL,[],SOURCE_UNVERIFIED,否
STD-7A4E4BA05FE3C8D8BADD153C,GEN-3B1C4E76FE512B18C7520AE4,MED-2026-W205,溴己新,,TABLET,片剂,8mg,AMOUNT_PER_PRESENTATION,8,mg,,,[],SOURCE_UNVERIFIED,否
STD-F04B8CC33149A6F06F3C903E,GEN-EC69E72D3F9AF0B99315608F,MED-2026-W206,氨溴索,,CAPSULE,胶囊,30mg,AMOUNT_PER_PRESENTATION,30,mg,,,[],SOURCE_UNVERIFIED,否
STD-7F923FB88AE0769CC953E790,GEN-EC69E72D3F9AF0B99315608F,MED-2026-W206,氨溴索,,DISPERSIBLE_TABLET,分散片,30mg,AMOUNT_PER_PRESENTATION,30,mg,,,[],SOURCE_UNVERIFIED,否
STD-56C2A5D90C44DC1FDC199E1D,GEN-EC69E72D3F9AF0B99315608F,MED-2026-W206,氨溴索,,INJECTION,注射液,2ml:15mg,CONCENTRATION,15,mg,2,mL,[],SOURCE_UNVERIFIED,否
STD-E380B07E451D2F7C4A6F209D,GEN-EC69E72D3F9AF0B99315608F,MED-2026-W206,氨溴索,,ORAL_SOLUTION,口服溶液剂,0.3%,PERCENT_UNSPECIFIED_BASIS,0.3,%,,,[],SOURCE_UNVERIFIED,否
STD-D7707C05F7F47ABFE4E77BBC,GEN-EC69E72D3F9AF0B99315608F,MED-2026-W206,氨溴索,,ORAL_SOLUTION,口服溶液剂,0.6%,PERCENT_UNSPECIFIED_BASIS,0.6,%,,,[],SOURCE_UNVERIFIED,否
STD-91088F175D1F4205D5F1A848,GEN-EC69E72D3F9AF0B99315608F,MED-2026-W206,氨溴索,,SOLUTION_FOR_INHALATION,吸入用溶液,2ml:15mg,CONCENTRATION,15,mg,2,mL,[],SOURCE_UNVERIFIED,否
STD-FBECC9668E5BCD57F1881ACA,GEN-EC69E72D3F9AF0B99315608F,MED-2026-W206,氨溴索,,TABLET,片剂,30mg,AMOUNT_PER_PRESENTATION,30,mg,,,[],SOURCE_UNVERIFIED,否
STD-3EE4AD4D7BCD746419DC61DA,GEN-B3DF9951EE6ED1862BBD196D,MED-2026-W207,桉柠蒎,,ENTERIC_CAPSULE,肠溶胶囊,0.12g,AMOUNT_PER_PRESENTATION,0.12,g,,,[],SOURCE_UNVERIFIED,否
STD-768B6684D02FE44877F72EA3,GEN-B3DF9951EE6ED1862BBD196D,MED-2026-W207,桉柠蒎,,ENTERIC_CAPSULE,肠溶胶囊,0.3g,AMOUNT_PER_PRESENTATION,0.3,g,,,[],SOURCE_UNVERIFIED,否
STD-1232BF2201D483417F82C646,GEN-49DCE4DEE547515B3E62E454,MED-2026-W208,羧甲司坦,,ORAL_SOLUTION,口服溶液剂,10ml:0.2g,CONCENTRATION,0.2,g,10,mL,[],SOURCE_UNVERIFIED,否
STD-872A8C9CE7D05A5BA5E64B83,GEN-49DCE4DEE547515B3E62E454,MED-2026-W208,羧甲司坦,,ORAL_SOLUTION,口服溶液剂,10ml:0.5g,CONCENTRATION,0.5,g,10,mL,[],SOURCE_UNVERIFIED,否
STD-2F7CC93777EA2EFFAEA3D569,GEN-49DCE4DEE547515B3E62E454,MED-2026-W208,羧甲司坦,,TABLET,片剂,0.1g,AMOUNT_PER_PRESENTATION,0.1,g,,,[],SOURCE_UNVERIFIED,否
STD-6DFD94E0F3A6898D6FF5F21D,GEN-49DCE4DEE547515B3E62E454,MED-2026-W208,羧甲司坦,,TABLET,片剂,0.25g,AMOUNT_PER_PRESENTATION,0.25,g,,,[],SOURCE_UNVERIFIED,否
STD-AC741FBE165452044794B2B8,GEN-D2BD9E04A0EF9DE146FC3F21,MED-2026-W209,乙酰半胱氨酸,,EFFERVESCENT_TABLET,泡腾片,0.6g,AMOUNT_PER_PRESENTATION,0.6,g,,,[],SOURCE_UNVERIFIED,否
STD-F65BEEAD57E9C47C40A07BE4,GEN-D2BD9E04A0EF9DE146FC3F21,MED-2026-W209,乙酰半胱氨酸,,GRANULE,颗粒剂,0.1g,AMOUNT_PER_PRESENTATION,0.1,g,,,[],SOURCE_UNVERIFIED,否
STD-730F42BC1FB41C204856DCF0,GEN-D2BD9E04A0EF9DE146FC3F21,MED-2026-W209,乙酰半胱氨酸,,GRANULE,颗粒剂,0.2g,AMOUNT_PER_PRESENTATION,0.2,g,,,[],SOURCE_UNVERIFIED,否
STD-FEB2B11BF2769CABE19E9F31,GEN-D2BD9E04A0EF9DE146FC3F21,MED-2026-W209,乙酰半胱氨酸,,SOLUTION_FOR_INHALATION,吸入用溶液,3ml:0.3g,CONCENTRATION,0.3,g,3,mL,[],SOURCE_UNVERIFIED,否
STD-0B26BE5B42C080C9860054FD,GEN-18AC7F95B83BA23AFF649A64,MED-2026-W211,喷托维林,,TABLET,片剂,25mg,AMOUNT_PER_PRESENTATION,25,mg,,,[],SOURCE_UNVERIFIED,否
STD-024BE7A03C5B347A1A61420F,GEN-464C6E26479C82128FED6483,MED-2026-W212,可待因,,TABLET,片剂,15mg,AMOUNT_PER_PRESENTATION,15,mg,,,[],SOURCE_UNVERIFIED,否
STD-A8AA25AA0F6C4D005B1EE71F,GEN-464C6E26479C82128FED6483,MED-2026-W212,可待因,,TABLET,片剂,30mg,AMOUNT_PER_PRESENTATION,30,mg,,,[],SOURCE_UNVERIFIED,否
STD-8C3378D93414F54DF5EE15F5,GEN-20B3A8F3E0F1E2D81C00555C,MED-2026-W213,右美沙芬,,GRANULE,颗粒剂,15mg,AMOUNT_PER_PRESENTATION,15,mg,,,[],SOURCE_UNVERIFIED,否
STD-9D045110A56B3FC65BFD72BC,GEN-20B3A8F3E0F1E2D81C00555C,MED-2026-W213,右美沙芬,,ORAL_SOLUTION,口服溶液剂,10ml:15mg,CONCENTRATION,15,mg,10,mL,[],SOURCE_UNVERIFIED,否
STD-8E82AC987CDE06B5A60690C5,GEN-20B3A8F3E0F1E2D81C00555C,MED-2026-W213,右美沙芬,,TABLET,片剂,15mg,AMOUNT_PER_PRESENTATION,15,mg,,,[],SOURCE_UNVERIFIED,否
STD-DCCCDD08A2550C7BEC194897,GEN-55A38CC6EC3F3415E0CEDE13,MED-2026-W214,复方甲氧那明,,CAPSULE,胶囊,每粒含盐酸甲氧那明12.5mg、那可丁 7mg、氨茶碱 25mg、马来酸氯苯那敏 2mg,TEXT_REQUIRES_REVIEW,,,,,[],SOURCE_UNVERIFIED,否
STD-6FAD5FA39490024365F84627,GEN-23686B28D91A334E1F28E327,MED-2026-W215,氨茶碱,,EXTENDED_RELEASE_TABLET,缓释片,0.1g,AMOUNT_PER_PRESENTATION,0.1,g,,,[],SOURCE_UNVERIFIED,否
STD-A8D5E13CE01BE1B9FCAD730B,GEN-23686B28D91A334E1F28E327,MED-2026-W215,氨茶碱,,INJECTION,注射液,10ml:0.25g,CONCENTRATION,0.25,g,10,mL,[],SOURCE_UNVERIFIED,否
STD-BA511FDE74F5A372D3565201,GEN-23686B28D91A334E1F28E327,MED-2026-W215,氨茶碱,,INJECTION,注射液,2ml:0.25g,CONCENTRATION,0.25,g,2,mL,[],SOURCE_UNVERIFIED,否
STD-CD858DF6CBC4191F3489CF0D,GEN-23686B28D91A334E1F28E327,MED-2026-W215,氨茶碱,,INJECTION,注射液,2ml:0.5g,CONCENTRATION,0.5,g,2,mL,[],SOURCE_UNVERIFIED,否
STD-7ED3C61DBADAD3F651EF3029,GEN-23686B28D91A334E1F28E327,MED-2026-W215,氨茶碱,,TABLET,片剂,0.1g,AMOUNT_PER_PRESENTATION,0.1,g,,,[],SOURCE_UNVERIFIED,否
STD-87AAD5E1FB66EE03CA56789E,GEN-23686B28D91A334E1F28E327,MED-2026-W215,氨茶碱,,TABLET,片剂,0.2g,AMOUNT_PER_PRESENTATION,0.2,g,,,[],SOURCE_UNVERIFIED,否
STD-E76995084CEC59CE6DD61B5D,GEN-CE9BA6DBAB202696B925C926,MED-2026-W216,茶碱,,EXTENDED_RELEASE_TABLET,缓释片,0.1g,AMOUNT_PER_PRESENTATION,0.1,g,,,[],SOURCE_UNVERIFIED,否
STD-46BFEB3E97479D6CA718DA2C,GEN-F2762F4FA8756D1BB2590E5E,MED-2026-W217,沙丁胺醇,,INHALATION_AEROSOL,吸入气雾剂,200 揿:每揿 100ug,TEXT_REQUIRES_REVIEW,,,,,[],SOURCE_UNVERIFIED,否
STD-9A3B7CB1CFA331669E1C5192,GEN-F2762F4FA8756D1BB2590E5E,MED-2026-W217,沙丁胺醇,,SOLUTION_FOR_INHALATION,吸入用溶液,2.5ml:5mg,CONCENTRATION,5,mg,2.5,mL,[],SOURCE_UNVERIFIED,否
STD-474A5387E6C0C6B1B25ABFA8,GEN-5E4DA9ED9E2111E63A3C3845,MED-2026-W218,异丙托溴铵,,AEROSOL,气雾剂,14g:8.4mg,MULTI_COMPONENT,,,,,"[{""ordinal"": 1, ""value"": ""14"", ""unit"": ""g""}, {""ordinal"": 2, ""value"": ""8.4"", ""unit"": ""mg""}]",SOURCE_UNVERIFIED,否
STD-A8B3485CE4CD4739864FEE54,GEN-5E4DA9ED9E2111E63A3C3845,MED-2026-W218,异丙托溴铵,,SOLUTION_FOR_INHALATION,吸入用溶液,2ml:0.5mg,CONCENTRATION,0.5,mg,2,mL,[],SOURCE_UNVERIFIED,否
STD-8E48F840AD84844F443601DA,GEN-589CC38C70C69CD53C4AB5D7,MED-2026-W219,噻托溴铵,,INHALATION_POWDER,吸入粉雾剂,18ug,AMOUNT_PER_PRESENTATION,18,ug,,,[],SOURCE_UNVERIFIED,否
STD-91E2AFDD5850B2CC59B2AA3E,GEN-70E48CA8B7C46A82F3A300AC,MED-2026-W220,孟鲁司特,,CHEWABLE_TABLET,咀嚼片,4mg,AMOUNT_PER_PRESENTATION,4,mg,,,[],SOURCE_UNVERIFIED,否
STD-C2103D043DB0B43FF8449FC2,GEN-70E48CA8B7C46A82F3A300AC,MED-2026-W220,孟鲁司特,,CHEWABLE_TABLET,咀嚼片,5mg,AMOUNT_PER_PRESENTATION,5,mg,,,[],SOURCE_UNVERIFIED,否
STD-9AEFBE8DA9435592A6341E85,GEN-70E48CA8B7C46A82F3A300AC,MED-2026-W220,孟鲁司特,,GRANULE,颗粒剂,4mg,AMOUNT_PER_PRESENTATION,4,mg,,,[],SOURCE_UNVERIFIED,否
STD-73763852AB61D62795F629CA,GEN-70E48CA8B7C46A82F3A300AC,MED-2026-W220,孟鲁司特,,ORAL_FILM,口溶膜,4mg,AMOUNT_PER_PRESENTATION,4,mg,,,[],SOURCE_UNVERIFIED,否
STD-0EE03329FFA78C1789947343,GEN-70E48CA8B7C46A82F3A300AC,MED-2026-W220,孟鲁司特,,ORAL_FILM,口溶膜,5mg,AMOUNT_PER_PRESENTATION,5,mg,,,[],SOURCE_UNVERIFIED,否
STD-4C286B76416B83AF1F09E489,GEN-70E48CA8B7C46A82F3A300AC,MED-2026-W220,孟鲁司特,,TABLET,片剂,10mg,AMOUNT_PER_PRESENTATION,10,mg,,,[],SOURCE_UNVERIFIED,否
STD-4EF69ACE36549148E35CB250,GEN-FC5E3B5205B16BBD093D698A,MED-2026-W221,丙酸氟替卡松,,INHALATION_AEROSOL,吸入气雾剂,125ug/ 揿,TEXT_REQUIRES_REVIEW,,,,,[],SOURCE_UNVERIFIED,否
STD-C74D1EFAB797387B5E7B5A2D,GEN-FC5E3B5205B16BBD093D698A,MED-2026-W221,丙酸氟替卡松,,INHALATION_AEROSOL,吸入气雾剂,50ug/ 揿,TEXT_REQUIRES_REVIEW,,,,,[],SOURCE_UNVERIFIED,否
STD-F1179DF7FB999713233F6CD0,GEN-FC5E3B5205B16BBD093D698A,MED-2026-W221,丙酸氟替卡松,,NEBULISER_SUSPENSION,雾化吸入用混悬液,2ml:0.5mg,CONCENTRATION,0.5,mg,2,mL,[],SOURCE_UNVERIFIED,否
STD-408494F7636F941D7D2535D6,GEN-0355D166535B0F41421AA8B7,MED-2026-W222,布地奈德,,INHALATION_AEROSOL,吸入气雾剂,"每瓶 100 揿,每揿含布地奈德 200ug",TEXT_REQUIRES_REVIEW,,,,,[],SOURCE_UNVERIFIED,否
STD-CF10A1C4F56299A30F9FDE8C,GEN-0355D166535B0F41421AA8B7,MED-2026-W222,布地奈德,,INHALATION_POWDER,吸入粉雾剂,0.1mg/ 吸,TEXT_REQUIRES_REVIEW,,,,,[],SOURCE_UNVERIFIED,否
STD-5E76ED9DDCC1FA0D02B8E9FF,GEN-0355D166535B0F41421AA8B7,MED-2026-W222,布地奈德,,NEBULISER_SUSPENSION,雾化吸入用混悬液,2ml:1mg,CONCENTRATION,1,mg,2,mL,[],SOURCE_UNVERIFIED,否
STD-A9F30FB2313E9130A9A905B8,GEN-8F4542F3B9355492B2B6C997,MED-2026-W223,布地奈德福莫特罗,,INHALATION_POWDER,吸入粉雾剂,160ug/4.5ug/ 吸,TEXT_REQUIRES_REVIEW,,,,,[],SOURCE_UNVERIFIED,否
STD-BAFE01FBD4E71DCEC22855F6,GEN-8F4542F3B9355492B2B6C997,MED-2026-W223,布地奈德福莫特罗,,INHALATION_POWDER,吸入粉雾剂,320ug/9ug/ 吸,TEXT_REQUIRES_REVIEW,,,,,[],SOURCE_UNVERIFIED,否
STD-4C90A3A21C108702EB6953A2,GEN-8F4542F3B9355492B2B6C997,MED-2026-W223,布地奈德福莫特罗,,INHALATION_POWDER,吸入粉雾剂,80ug/4.5ug/吸,TEXT_REQUIRES_REVIEW,,,,,[],SOURCE_UNVERIFIED,否
STD-22D1A7D9E6ECF6575F8813C1,GEN-267622E7229A240E9E6FD122,MED-2026-W224,茚达特罗格隆溴铵,,INHALATION_POWDER,吸入粉雾剂,110ug/50ug/ 粒,TEXT_REQUIRES_REVIEW,,,,,[],SOURCE_UNVERIFIED,否
STD-71122B040579D5C39CAC3696,GEN-EFB68156B94931EABA3DC826,MED-2026-W225,布地格福,,INHALATION_AEROSOL,吸入气雾剂,"每瓶 120 揿,每揿含布地奈德 160ug、格隆铵 7.2ug 和富马酸福莫特罗 4.8ug",TEXT_REQUIRES_REVIEW,,,,,[],SOURCE_UNVERIFIED,否
STD-881C000DF73B178D95C483FF,GEN-1F745D2F50DF3D11E3B7B9C9,MED-2026-W226,汉防己甲素,,INJECTION,注射液,2ml:30mg,CONCENTRATION,30,mg,2,mL,[],SOURCE_UNVERIFIED,否
STD-C338D5E9E25F6FB75BA55C62,GEN-1F745D2F50DF3D11E3B7B9C9,MED-2026-W226,汉防己甲素,,TABLET,片剂,20mg,AMOUNT_PER_PRESENTATION,20,mg,,,[],SOURCE_UNVERIFIED,否
STD-37188FE5F0EC8C7164E83506,GEN-99250E7CE013BE1231764060,MED-2026-W227,尼达尼布,,SOFT_CAPSULE,软胶囊,100mg,AMOUNT_PER_PRESENTATION,100,mg,,,[],SOURCE_UNVERIFIED,否
STD-E1B242AB6771F1C18C47D6C9,GEN-99250E7CE013BE1231764060,MED-2026-W227,尼达尼布,,SOFT_CAPSULE,软胶囊,150mg,AMOUNT_PER_PRESENTATION,150,mg,,,[],SOURCE_UNVERIFIED,否
STD-5D5B1ECB5C2FC5EF0A37C1AE,GEN-CEF6CC33E3B35CD0DCBF5874,MED-2026-W229,雷尼替丁,,CAPSULE,胶囊,0.15g,AMOUNT_PER_PRESENTATION,0.15,g,,,[],SOURCE_UNVERIFIED,否
STD-358E8B1B52DB1273BA335F9C,GEN-CEF6CC33E3B35CD0DCBF5874,MED-2026-W229,雷尼替丁,,INJECTION,注射液,2ml:50mg,CONCENTRATION,50,mg,2,mL,[],SOURCE_UNVERIFIED,否
STD-ED41A7A0E8CD47CC256BEF62,GEN-CEF6CC33E3B35CD0DCBF5874,MED-2026-W229,雷尼替丁,,TABLET,片剂,0.15g,AMOUNT_PER_PRESENTATION,0.15,g,,,[],SOURCE_UNVERIFIED,否
STD-DB00845CDF53897AAA4BEE6E,GEN-C302C1413600A963F176B807,MED-2026-W230,法莫替丁,,CAPSULE,胶囊,20mg,AMOUNT_PER_PRESENTATION,20,mg,,,[],SOURCE_UNVERIFIED,否
STD-4A6B4FEE32281E17CD9FAF72,GEN-C302C1413600A963F176B807,MED-2026-W230,法莫替丁,,INJECTION,注射液,2ml:20mg,CONCENTRATION,20,mg,2,mL,[],SOURCE_UNVERIFIED,否
STD-D415957230AC64A5EBB197B6,GEN-C302C1413600A963F176B807,MED-2026-W230,法莫替丁,,POWDER_FOR_INJECTION,注射用无菌粉末,20mg,AMOUNT_PER_PRESENTATION,20,mg,,,[],SOURCE_UNVERIFIED,否
STD-7E2E4BF11DD3026D751E3F46,GEN-C302C1413600A963F176B807,MED-2026-W230,法莫替丁,,TABLET,片剂,20mg,AMOUNT_PER_PRESENTATION,20,mg,,,[],SOURCE_UNVERIFIED,否
STD-990C2F6D3257D66C05906091,GEN-6911CD83952C5C0D4EBF0448,MED-2026-W231,奥美拉唑,,ENTERIC_CAPSULE,肠溶胶囊,10mg,AMOUNT_PER_PRESENTATION,10,mg,,,[],SOURCE_UNVERIFIED,否
STD-A42F34293894967412B942F8,GEN-6911CD83952C5C0D4EBF0448,MED-2026-W231,奥美拉唑,,ENTERIC_CAPSULE,肠溶胶囊,20mg,AMOUNT_PER_PRESENTATION,20,mg,,,[],SOURCE_UNVERIFIED,否
STD-784190BD5D4CC80DF1B120F5,GEN-6911CD83952C5C0D4EBF0448,MED-2026-W231,奥美拉唑,,ENTERIC_TABLET,肠溶片,10mg,AMOUNT_PER_PRESENTATION,10,mg,,,[],SOURCE_UNVERIFIED,否
STD-23799D25163D4C32782D3BC7,GEN-6911CD83952C5C0D4EBF0448,MED-2026-W231,奥美拉唑,,ENTERIC_TABLET,肠溶片,20mg,AMOUNT_PER_PRESENTATION,20,mg,,,[],SOURCE_UNVERIFIED,否
STD-BCA82FAD520AC97A6A98B661,GEN-6911CD83952C5C0D4EBF0448,MED-2026-W231,奥美拉唑,,POWDER_FOR_INJECTION,注射用无菌粉末,40mg,AMOUNT_PER_PRESENTATION,40,mg,,,[],SOURCE_UNVERIFIED,否
STD-0B50D8D7F077F19241C1FB69,GEN-0E1DD86CE060FE62F1529D5C,MED-2026-W232,艾司奥美拉唑,,ENTERIC_CAPSULE,肠溶胶囊,20mg,AMOUNT_PER_PRESENTATION,20,mg,,,[],SOURCE_UNVERIFIED,否
STD-EA459BC099451056A5BAF12F,GEN-0E1DD86CE060FE62F1529D5C,MED-2026-W232,艾司奥美拉唑,,ENTERIC_DRY_SUSPENSION,肠溶干混悬剂,10mg,AMOUNT_PER_PRESENTATION,10,mg,,,[],SOURCE_UNVERIFIED,否
STD-033240359AB35652FF25927A,GEN-0E1DD86CE060FE62F1529D5C,MED-2026-W232,艾司奥美拉唑,,ENTERIC_DRY_SUSPENSION,肠溶干混悬剂,20mg,AMOUNT_PER_PRESENTATION,20,mg,,,[],SOURCE_UNVERIFIED,否
STD-0966C339061878FDE376DC60,GEN-0E1DD86CE060FE62F1529D5C,MED-2026-W232,艾司奥美拉唑,,ENTERIC_DRY_SUSPENSION,肠溶干混悬剂,40mg,AMOUNT_PER_PRESENTATION,40,mg,,,[],SOURCE_UNVERIFIED,否
STD-585D17640FC3597915A438A9,GEN-0E1DD86CE060FE62F1529D5C,MED-2026-W232,艾司奥美拉唑,,ENTERIC_TABLET,肠溶片,20mg,AMOUNT_PER_PRESENTATION,20,mg,,,[],SOURCE_UNVERIFIED,否
STD-BE0E22A3747ACA55E97E2D7C,GEN-0E1DD86CE060FE62F1529D5C,MED-2026-W232,艾司奥美拉唑,,POWDER_FOR_INJECTION,注射用无菌粉末,40mg,AMOUNT_PER_PRESENTATION,40,mg,,,[],SOURCE_UNVERIFIED,否
STD-0A110D4F494C6780C881076A,GEN-5895A283237DAB893D09D467,MED-2026-W233,雷贝拉唑,,ENTERIC_TABLET,肠溶片,10mg,AMOUNT_PER_PRESENTATION,10,mg,,,[],SOURCE_UNVERIFIED,否
STD-A1CBC30E808C088537F62B48,GEN-5895A283237DAB893D09D467,MED-2026-W233,雷贝拉唑,,ENTERIC_TABLET,肠溶片,20mg,AMOUNT_PER_PRESENTATION,20,mg,,,[],SOURCE_UNVERIFIED,否
STD-79E004850ACD5BBF1A69EB72,GEN-3DB3713A37CFFBA4B44E4EC2,MED-2026-W234,枸橼酸铋钾,,CAPSULE,胶囊,0.3g(含 0.11g 铋),AMOUNT_PER_PRESENTATION,0.3,g,,,[],SOURCE_UNVERIFIED,否
STD-B590218179C0496AA9748A3C,GEN-3DB3713A37CFFBA4B44E4EC2,MED-2026-W234,枸橼酸铋钾,,GRANULE,颗粒剂,每袋含 0.11g 铋,TEXT_REQUIRES_REVIEW,,,,,[],SOURCE_UNVERIFIED,否
STD-6D7FFA6D546A8157BF319038,GEN-3DB3713A37CFFBA4B44E4EC2,MED-2026-W234,枸橼酸铋钾,,TABLET,片剂,0.3g(含 0.11g 铋),AMOUNT_PER_PRESENTATION,0.3,g,,,[],SOURCE_UNVERIFIED,否
STD-A9A3CE9EE4C0FB7F06EA3C12,GEN-EAEB4A326B53381369378689,MED-2026-W235,胶体果胶铋,,CAPSULE,胶囊,100mg(以铋计),AMOUNT_PER_PRESENTATION,100,mg,,,[],SOURCE_UNVERIFIED,否
STD-AC5E9996D5517F40F17730FC,GEN-EAEB4A326B53381369378689,MED-2026-W235,胶体果胶铋,,CAPSULE,胶囊,50mg,AMOUNT_PER_PRESENTATION,50,mg,,,[],SOURCE_UNVERIFIED,否
STD-C6C7AA6E3AFC40AF20A1D0E7,GEN-EAEB4A326B53381369378689,MED-2026-W235,胶体果胶铋,,GRANULE,颗粒剂,150mg(以铋计),AMOUNT_PER_PRESENTATION,150,mg,,,[],SOURCE_UNVERIFIED,否
STD-0A23C527DAA4FC2247D22D34,GEN-E51DBD8C5D632C70C2E49C62,MED-2026-W236,铝碳酸镁,,CHEWABLE_TABLET,咀嚼片,0.5g,AMOUNT_PER_PRESENTATION,0.5,g,,,[],SOURCE_UNVERIFIED,否
STD-E4F4A1B208A5F2B48573CCDE,GEN-B1CC07694B52228DE3C67E16,MED-2026-W237,乳酶生,,TABLET,片剂,0.15g,AMOUNT_PER_PRESENTATION,0.15,g,,,[],SOURCE_UNVERIFIED,否
STD-A336E187706CEEECA7EE5516,GEN-B1CC07694B52228DE3C67E16,MED-2026-W237,乳酶生,,TABLET,片剂,0.3g,AMOUNT_PER_PRESENTATION,0.3,g,,,[],SOURCE_UNVERIFIED,否
STD-F6E7EB35D6234D186198E267,GEN-1FD95764CADFD95D88929A1C,MED-2026-W238,胰酶,,ENTERIC_CAPSULE,肠溶胶囊,150mg,AMOUNT_PER_PRESENTATION,150,mg,,,[],SOURCE_UNVERIFIED,否
STD-BE53AB0180A32F50F6C03DAB,GEN-1FD95764CADFD95D88929A1C,MED-2026-W238,胰酶,,ENTERIC_TABLET,肠溶片,300mg,AMOUNT_PER_PRESENTATION,300,mg,,,[],SOURCE_UNVERIFIED,否
STD-A34F9105E5929A355E245EF0,GEN-642A7F53DC1C27AA96E7846A,MED-2026-W240,阿托品,,INJECTION,注射液,1ml:0.5mg,CONCENTRATION,0.5,mg,1,mL,[],SOURCE_UNVERIFIED,否
STD-74A9558B6ABE3102AAFD5C6B,GEN-642A7F53DC1C27AA96E7846A,MED-2026-W240,阿托品,,INJECTION,注射液,1ml:1mg,CONCENTRATION,1,mg,1,mL,[],SOURCE_UNVERIFIED,否
STD-23053AC289A68A784ED8F710,GEN-642A7F53DC1C27AA96E7846A,MED-2026-W240,阿托品,,INJECTION,注射液,1ml:5mg,CONCENTRATION,5,mg,1,mL,[],SOURCE_UNVERIFIED,否
STD-68029F50926A29E11BF5C091,GEN-642A7F53DC1C27AA96E7846A,MED-2026-W240,阿托品,,INJECTION,注射液,2ml:1mg,CONCENTRATION,1,mg,2,mL,[],SOURCE_UNVERIFIED,否
STD-CAA357FF8501CA3155340207,GEN-642A7F53DC1C27AA96E7846A,MED-2026-W240,阿托品,,TABLET,片剂,0.3mg,AMOUNT_PER_PRESENTATION,0.3,mg,,,[],SOURCE_UNVERIFIED,否
STD-9F5106F12369F97D4F28C0AB,GEN-BC8E545B644173EC412AE341,MED-2026-W241,多潘立酮,,TABLET,片剂,10mg,AMOUNT_PER_PRESENTATION,10,mg,,,[],SOURCE_UNVERIFIED,否
STD-D6F245324C6E6870875790DB,GEN-38349BBCD06CC913CF1C3455,MED-2026-W242,甲氧氯普胺,,INJECTION,注射液,1ml:10mg,CONCENTRATION,10,mg,1,mL,[],SOURCE_UNVERIFIED,否
STD-9F9E9C0F8D56D052AFFC6651,GEN-38349BBCD06CC913CF1C3455,MED-2026-W242,甲氧氯普胺,,INJECTION,注射液,2ml:10mg,CONCENTRATION,10,mg,2,mL,[],SOURCE_UNVERIFIED,否
STD-C69BDBA9B7A2E3A8B9553476,GEN-38349BBCD06CC913CF1C3455,MED-2026-W242,甲氧氯普胺,,TABLET,片剂,5mg,AMOUNT_PER_PRESENTATION,5,mg,,,[],SOURCE_UNVERIFIED,否
STD-040D1BE02C0F179D05D00A40,GEN-ED26B599E65E7B6EBDDEA069,MED-2026-W243,莫沙必利,,TABLET,片剂,5mg,AMOUNT_PER_PRESENTATION,5,mg,,,[],SOURCE_UNVERIFIED,否
STD-A9FC5BD80CA4B9E4C7F87767,GEN-C8949911FD61C0FFBA2190ED,MED-2026-W244,匹维溴铵,,TABLET,片剂,50mg,AMOUNT_PER_PRESENTATION,50,mg,,,[],SOURCE_UNVERIFIED,否
STD-01F95759C7C5AB26F7EBB6F4,GEN-8634B19D758D74F43633BE40,MED-2026-W245,昂丹司琼,,INJECTION,注射液,2ml:4mg,CONCENTRATION,4,mg,2,mL,[],SOURCE_UNVERIFIED,否
STD-64D1CC2B5899D571676D19F6,GEN-8634B19D758D74F43633BE40,MED-2026-W245,昂丹司琼,,INJECTION,注射液,4ml:8mg,CONCENTRATION,8,mg,4,mL,[],SOURCE_UNVERIFIED,否
STD-6CC4C6D6788E54100A834A70,GEN-8634B19D758D74F43633BE40,MED-2026-W245,昂丹司琼,,TABLET,片剂,4mg,AMOUNT_PER_PRESENTATION,4,mg,,,[],SOURCE_UNVERIFIED,否
STD-82B4C6DAE0ACE4CF6955C83D,GEN-8634B19D758D74F43633BE40,MED-2026-W245,昂丹司琼,,TABLET,片剂,8mg,AMOUNT_PER_PRESENTATION,8,mg,,,[],SOURCE_UNVERIFIED,否
STD-B4E868DCB5CBA0EC2D1F144F,GEN-B9D882DA5B2DE662CDEE3A97,MED-2026-W247,乳果糖,,ORAL_SOLUTION,口服溶液剂,100ml:66.7g,CONCENTRATION,66.7,g,100,mL,[],SOURCE_UNVERIFIED,否
STD-B4079C64F1B31B7D929118CE,GEN-B9D882DA5B2DE662CDEE3A97,MED-2026-W247,乳果糖,,ORAL_SOLUTION,口服溶液剂,15ml:10g,CONCENTRATION,10,g,15,mL,[],SOURCE_UNVERIFIED,否
STD-475C099D72BC3C3FF9983C25,GEN-B9D882DA5B2DE662CDEE3A97,MED-2026-W247,乳果糖,,ORAL_SOLUTION,口服溶液剂,200ml:133.4g,CONCENTRATION,133.4,g,200,mL,[],SOURCE_UNVERIFIED,否
STD-E403CE417FCB82DB21E4BDC8,GEN-3C54A9B6D9217848F61634CA,MED-2026-W248,洛哌丁胺,,CAPSULE,胶囊,2mg,AMOUNT_PER_PRESENTATION,2,mg,,,[],SOURCE_UNVERIFIED,否
STD-1D12D12F7829F6EB949D7997,GEN-EC10E79D2B4E3E53FC6842D4,MED-2026-W249,蒙脱石,,POWDER,散剂,3g,AMOUNT_PER_PRESENTATION,3,g,,,[],SOURCE_UNVERIFIED,否
STD-154E28973A6250B29F848E66,GEN-3F6916E62477789CE3AF88CB,MED-2026-W251,精氨酸,,INJECTION,注射液,20ml:5g,CONCENTRATION,5,g,20,mL,[],SOURCE_UNVERIFIED,否
STD-9D23F43167C24F361EFCFDC4,GEN-66EFA02B3A098040A42F9467,MED-2026-W252,联苯双酯,,DROPPING_PILL,滴丸剂,1.5mg,AMOUNT_PER_PRESENTATION,1.5,mg,,,[],SOURCE_UNVERIFIED,否
STD-71F016E7B6386A018A7052D0,GEN-66EFA02B3A098040A42F9467,MED-2026-W252,联苯双酯,,TABLET,片剂,25mg,AMOUNT_PER_PRESENTATION,25,mg,,,[],SOURCE_UNVERIFIED,否
STD-0DF653A76E7070A1D3314DA1,GEN-7EA3332B3D63A659033E7DD5,MED-2026-W253,甘草酸二铵,,CAPSULE,胶囊,50mg,AMOUNT_PER_PRESENTATION,50,mg,,,[],SOURCE_UNVERIFIED,否
STD-90478F9344B0028F28B0972D,GEN-01266E8BFAC0757B3E8932CB,MED-2026-W254,水飞蓟素,,CAPSULE,胶囊,140mg,AMOUNT_PER_PRESENTATION,140,mg,,,[],SOURCE_UNVERIFIED,否
STD-BAAC9BCA347DBB0D959F7745,GEN-01266E8BFAC0757B3E8932CB,MED-2026-W254,水飞蓟素,,TABLET,片剂,70mg,AMOUNT_PER_PRESENTATION,70,mg,,,[],SOURCE_UNVERIFIED,否
STD-80DA615E4EEEC6EB43638876,GEN-830E4DED142EAB567838591D,MED-2026-W255,多烯磷脂酰胆碱,,CAPSULE,胶囊,228mg,AMOUNT_PER_PRESENTATION,228,mg,,,[],SOURCE_UNVERIFIED,否
STD-5BD2F72500D4D7C268B23E8B,GEN-830E4DED142EAB567838591D,MED-2026-W255,多烯磷脂酰胆碱,,INJECTION,注射液,5ml:232.5mg,CONCENTRATION,232.5,mg,5,mL,[],SOURCE_UNVERIFIED,否
STD-216CF5E3E8CE14A1E0655755,GEN-A06B4DCE3AA5082FACD4D33E,MED-2026-W256,地衣芽孢杆菌活菌,,CAPSULE,胶囊,0.25g,AMOUNT_PER_PRESENTATION,0.25,g,,,[],SOURCE_UNVERIFIED,否
STD-F0CC79685AE5B9E8DA9CE093,GEN-A06B4DCE3AA5082FACD4D33E,MED-2026-W256,地衣芽孢杆菌活菌,,GRANULE,颗粒剂,0.5g,AMOUNT_PER_PRESENTATION,0.5,g,,,[],SOURCE_UNVERIFIED,否
STD-E393F447B1F1E41987549469,GEN-947ADBC27F938EBB72865480,MED-2026-W257,枯草杆菌二联活菌,,ENTERIC_CAPSULE,肠溶胶囊,250mg,AMOUNT_PER_PRESENTATION,250,mg,,,[],SOURCE_UNVERIFIED,否
STD-13550C0A6F23336DE0CD28BA,GEN-8220C6480B43A614E245CEC8,MED-2026-W258,双歧杆菌三联活菌,,CAPSULE,胶囊,0.21g,AMOUNT_PER_PRESENTATION,0.21,g,,,[],SOURCE_UNVERIFIED,否
STD-4BFA732D932FDB27F9099711,GEN-8220C6480B43A614E245CEC8,MED-2026-W258,双歧杆菌三联活菌,,ENTERIC_CAPSULE,肠溶胶囊,0.21g,AMOUNT_PER_PRESENTATION,0.21,g,,,[],SOURCE_UNVERIFIED,否
STD-B800BBD4E70D0B6454417F15,GEN-DD20E41C119533ACE38D8A64,MED-2026-W259,双歧杆菌四联活菌,,TABLET,片剂,0.5g,AMOUNT_PER_PRESENTATION,0.5,g,,,[],SOURCE_UNVERIFIED,否
STD-3CA98E9CB858DD2F4B663A5F,GEN-DE225E0740D6CD065C75856F,MED-2026-W260,熊去氧胆酸,,CAPSULE,胶囊,250mg,AMOUNT_PER_PRESENTATION,250,mg,,,[],SOURCE_UNVERIFIED,否
STD-B7CD3339703804AADE18A220,GEN-DE225E0740D6CD065C75856F,MED-2026-W260,熊去氧胆酸,,SUSPENSION,混悬液,250ml:12.5g,CONCENTRATION,12.5,g,250,mL,[],SOURCE_UNVERIFIED,否
STD-E470355E28FDEC03C8394F95,GEN-DE225E0740D6CD065C75856F,MED-2026-W260,熊去氧胆酸,,TABLET,片剂,250mg,AMOUNT_PER_PRESENTATION,250,mg,,,[],SOURCE_UNVERIFIED,否
STD-6644C9559D3641560348765F,GEN-DE225E0740D6CD065C75856F,MED-2026-W260,熊去氧胆酸,,TABLET,片剂,50mg,AMOUNT_PER_PRESENTATION,50,mg,,,[],SOURCE_UNVERIFIED,否
STD-EDB990C12B9CC17492376059,GEN-54DB75960CB425186D459A51,MED-2026-W261,柳氮磺吡啶,,ENTERIC_TABLET,肠溶片,0.25g,AMOUNT_PER_PRESENTATION,0.25,g,,,[],SOURCE_UNVERIFIED,否
STD-03744901D5FAB2AE554E10CE,GEN-54DB75960CB425186D459A51,MED-2026-W261,柳氮磺吡啶,,SUPPOSITORY,栓剂,0.5g,AMOUNT_PER_PRESENTATION,0.5,g,,,[],SOURCE_UNVERIFIED,否
STD-DCCE1E85C7A9A8F6A005C10F,GEN-5523F6E9754CD0B33B682273,MED-2026-W262,呋塞米,,INJECTION,注射液,2ml:20mg,CONCENTRATION,20,mg,2,mL,[],SOURCE_UNVERIFIED,否
STD-9A0DB53EA4CEB722F87F3914,GEN-5523F6E9754CD0B33B682273,MED-2026-W262,呋塞米,,TABLET,片剂,20mg,AMOUNT_PER_PRESENTATION,20,mg,,,[],SOURCE_UNVERIFIED,否
STD-79D32B2838906A8127A007E7,GEN-FBCB192389E7980DAEEBDC83,MED-2026-W263,托拉塞米,,INJECTION,注射液,2ml:10mg,CONCENTRATION,10,mg,2,mL,[],SOURCE_UNVERIFIED,否
STD-B731004225DC3DC722ABE7A8,GEN-FBCB192389E7980DAEEBDC83,MED-2026-W263,托拉塞米,,INJECTION,注射液,4ml:20mg,CONCENTRATION,20,mg,4,mL,[],SOURCE_UNVERIFIED,否
STD-0C39D19CF445D0C5105F7FC3,GEN-FBCB192389E7980DAEEBDC83,MED-2026-W263,托拉塞米,,TABLET,片剂,10mg,AMOUNT_PER_PRESENTATION,10,mg,,,[],SOURCE_UNVERIFIED,否
STD-1B27BC9019F05C885BEFD42D,GEN-FBCB192389E7980DAEEBDC83,MED-2026-W263,托拉塞米,,TABLET,片剂,20mg,AMOUNT_PER_PRESENTATION,20,mg,,,[],SOURCE_UNVERIFIED,否
STD-D70C55FEE22C4B2A1E5F6CBE,GEN-FBCB192389E7980DAEEBDC83,MED-2026-W263,托拉塞米,,TABLET,片剂,5mg,AMOUNT_PER_PRESENTATION,5,mg,,,[],SOURCE_UNVERIFIED,否
STD-A1300FC6AFEC8E9D7A4C38D7,GEN-8DE4C544F8897770427BD332,MED-2026-W264,氢氯噻嗪,,TABLET,片剂,10mg,AMOUNT_PER_PRESENTATION,10,mg,,,[],SOURCE_UNVERIFIED,否
STD-B222C98B00AC67E730F5EEE7,GEN-8DE4C544F8897770427BD332,MED-2026-W264,氢氯噻嗪,,TABLET,片剂,25mg,AMOUNT_PER_PRESENTATION,25,mg,,,[],SOURCE_UNVERIFIED,否
STD-548DCB592560F6EB61C6DA4A,GEN-8DE4C544F8897770427BD332,MED-2026-W264,氢氯噻嗪,,TABLET,片剂,6.25mg,AMOUNT_PER_PRESENTATION,6.25,mg,,,[],SOURCE_UNVERIFIED,否
STD-6E25A5E5A5CE9C643A941607,GEN-30B9AC6648C031AEA6BBBBC7,MED-2026-W265,螺内酯,,TABLET,片剂,12mg,AMOUNT_PER_PRESENTATION,12,mg,,,[],SOURCE_UNVERIFIED,否
STD-E92460597A228F679FD6C6B8,GEN-30B9AC6648C031AEA6BBBBC7,MED-2026-W265,螺内酯,,TABLET,片剂,20mg,AMOUNT_PER_PRESENTATION,20,mg,,,[],SOURCE_UNVERIFIED,否
STD-67ED3BD5534FEF5D2ADF91F6,GEN-D53B2602B78711DFAFE8970D,MED-2026-W266,氨苯蝶啶,,TABLET,片剂,50mg,AMOUNT_PER_PRESENTATION,50,mg,,,[],SOURCE_UNVERIFIED,否
STD-C8C31EFFEC590CA0FB269CEE,GEN-C1387BB06E81BA78332052C7,MED-2026-W267,非奈利酮,,TABLET,片剂,10mg,AMOUNT_PER_PRESENTATION,10,mg,,,[],SOURCE_UNVERIFIED,否
STD-CA2B0B8663E60C4B00261B52,GEN-68A18E1A4193020B5BA5A66F,MED-2026-W268,甘油果糖,,SODIUM_CHLORIDE_INJECTION,氯化钠注射液,250ml,PRESENTATION_VOLUME,,,250,mL,[],SOURCE_UNVERIFIED,否
STD-349377EF1E0D7661F81437A5,GEN-68A18E1A4193020B5BA5A66F,MED-2026-W268,甘油果糖,,SODIUM_CHLORIDE_INJECTION,氯化钠注射液,500ml,PRESENTATION_VOLUME,,,500,mL,[],SOURCE_UNVERIFIED,否
STD-C799D593FC672E1177C1DE2A,GEN-9D7A02FA66DBA12395A73685,MED-2026-W269,坦洛新(坦索罗辛),,EXTENDED_RELEASE_CAPSULE,缓释胶囊,0.2mg,AMOUNT_PER_PRESENTATION,0.2,mg,,,[],SOURCE_UNVERIFIED,否
STD-D21AA0B9BD6A3F7299642B5D,GEN-9819879562F207B463B921C4,MED-2026-W270,特拉唑嗪,,CAPSULE,胶囊,2mg,AMOUNT_PER_PRESENTATION,2,mg,,,[],SOURCE_UNVERIFIED,否
STD-38B6138E2C73933F3F213922,GEN-9819879562F207B463B921C4,MED-2026-W270,特拉唑嗪,,TABLET,片剂,2mg,AMOUNT_PER_PRESENTATION,2,mg,,,[],SOURCE_UNVERIFIED,否
STD-5E22333CB71887456AB6AAE3,GEN-98C5B67E53DAC76CAF0A7EBB,MED-2026-W271,非那雄胺,,CAPSULE,胶囊,5mg,AMOUNT_PER_PRESENTATION,5,mg,,,[],SOURCE_UNVERIFIED,否
STD-D68DA1C1C826020F2504DF6D,GEN-98C5B67E53DAC76CAF0A7EBB,MED-2026-W271,非那雄胺,,TABLET,片剂,5mg,AMOUNT_PER_PRESENTATION,5,mg,,,[],SOURCE_UNVERIFIED,否
STD-155FA24C808D5C475262E76E,GEN-D7BD784FD9CD5B6E5E500AB7,MED-2026-W273,硫酸亚铁,,EXTENDED_RELEASE_TABLET,缓释片,0.45g,AMOUNT_PER_PRESENTATION,0.45,g,,,[],SOURCE_UNVERIFIED,否
STD-1FB3A9008304C65ED388F518,GEN-D7BD784FD9CD5B6E5E500AB7,MED-2026-W273,硫酸亚铁,,TABLET,片剂,0.3g,AMOUNT_PER_PRESENTATION,0.3,g,,,[],SOURCE_UNVERIFIED,否
STD-8D9ADEB86B01F3DC8734C8C1,GEN-C509988C4D7D18090ABE6020,MED-2026-W274,右旋糖酐铁,,INJECTION,注射液,2ml:100mg(Fe),CONCENTRATION,100,mg,2,mL,[],SOURCE_UNVERIFIED,否
STD-CE298C4E7BFF422684199F15,GEN-C509988C4D7D18090ABE6020,MED-2026-W274,右旋糖酐铁,,INJECTION,注射液,2ml:50mg(Fe),CONCENTRATION,50,mg,2,mL,[],SOURCE_UNVERIFIED,否
STD-516FFA7BA3C84B465165B550,GEN-C509988C4D7D18090ABE6020,MED-2026-W274,右旋糖酐铁,,ORAL_SOLUTION,口服溶液剂,10ml:50mg(Fe),CONCENTRATION,50,mg,10,mL,[],SOURCE_UNVERIFIED,否
STD-B0702DE5B26646AAEADC06A7,GEN-C509988C4D7D18090ABE6020,MED-2026-W274,右旋糖酐铁,,ORAL_SOLUTION,口服溶液剂,5ml:25mg(Fe),CONCENTRATION,25,mg,5,mL,[],SOURCE_UNVERIFIED,否
STD-E5E4EE6DAFCF135637BECE24,GEN-3BF41CAE35ED0950AC746B4C,MED-2026-W275,琥珀酸亚铁,,TABLET,片剂,0.1g,AMOUNT_PER_PRESENTATION,0.1,g,,,[],SOURCE_UNVERIFIED,否
STD-DBA69CD1B5FA0AA336F7A38A,GEN-4A1D205CC839FD61A362BB52,MED-2026-W276,维生素B12,,INJECTION,注射液,1ml:0.25mg,CONCENTRATION,0.25,mg,1,mL,[],SOURCE_UNVERIFIED,否
STD-5B039CDEB99B240C566CF66E,GEN-4A1D205CC839FD61A362BB52,MED-2026-W276,维生素B12,,INJECTION,注射液,1ml:0.5mg,CONCENTRATION,0.5,mg,1,mL,[],SOURCE_UNVERIFIED,否
STD-CD7B387B37421D7866471127,GEN-307F0977E2D3281F2E03F74E,MED-2026-W277,叶酸,,TABLET,片剂,0.4mg,AMOUNT_PER_PRESENTATION,0.4,mg,,,[],SOURCE_UNVERIFIED,否
STD-BE94795D520B86A22308E6A4,GEN-307F0977E2D3281F2E03F74E,MED-2026-W277,叶酸,,TABLET,片剂,5mg,AMOUNT_PER_PRESENTATION,5,mg,,,[],SOURCE_UNVERIFIED,否
STD-87AF55997E5FC67627DF86D0,GEN-2BFD4202FA415C1CAA58410C,MED-2026-W278,腺苷钴胺,,CAPSULE,胶囊,0.5mg,AMOUNT_PER_PRESENTATION,0.5,mg,,,[],SOURCE_UNVERIFIED,否
STD-A01F40CAA2D7F9632F91476E,GEN-2BFD4202FA415C1CAA58410C,MED-2026-W278,腺苷钴胺,,TABLET,片剂,0.25mg,AMOUNT_PER_PRESENTATION,0.25,mg,,,[],SOURCE_UNVERIFIED,否
STD-D21CCC355C8616AE44E4043E,GEN-7C2FE149D4AC66066FC4609F,MED-2026-W279,甲钴胺,,CAPSULE,胶囊,0.5mg,AMOUNT_PER_PRESENTATION,0.5,mg,,,[],SOURCE_UNVERIFIED,否
STD-093138D40D372AB1FE80119E,GEN-7C2FE149D4AC66066FC4609F,MED-2026-W279,甲钴胺,,INJECTION,注射液,1ml:0.5mg,CONCENTRATION,0.5,mg,1,mL,[],SOURCE_UNVERIFIED,否
STD-C4E4512B701D3668887930A7,GEN-7C2FE149D4AC66066FC4609F,MED-2026-W279,甲钴胺,,TABLET,片剂,0.5mg,AMOUNT_PER_PRESENTATION,0.5,mg,,,[],SOURCE_UNVERIFIED,否
STD-0F7C174BE0562A11366896C4,GEN-499018066A16542816EB700B,MED-2026-W280,人促红素,,INJECTION,注射液,10000IU,AMOUNT_PER_PRESENTATION,10000,IU,,,[],SOURCE_UNVERIFIED,否
STD-575FB39BBB47495D6EE954C4,GEN-499018066A16542816EB700B,MED-2026-W280,人促红素,,INJECTION,注射液,2000IU,AMOUNT_PER_PRESENTATION,2000,IU,,,[],SOURCE_UNVERIFIED,否
STD-725F27613A7EF5486E0B3679,GEN-499018066A16542816EB700B,MED-2026-W280,人促红素,,INJECTION,注射液,3000IU,AMOUNT_PER_PRESENTATION,3000,IU,,,[],SOURCE_UNVERIFIED,否
STD-86A89307D50038C9F5FF640E,GEN-58C3C9629672DC576A0526ED,MED-2026-W281,罗沙司他,,CAPSULE,胶囊,20mg,AMOUNT_PER_PRESENTATION,20,mg,,,[],SOURCE_UNVERIFIED,否
STD-C05A4C611BCDBB6765096C94,GEN-58C3C9629672DC576A0526ED,MED-2026-W281,罗沙司他,,CAPSULE,胶囊,50mg,AMOUNT_PER_PRESENTATION,50,mg,,,[],SOURCE_UNVERIFIED,否
STD-7137CD35C5A9FFB211D91D9C,GEN-5D56F529BDD22022AF191EF8,MED-2026-W282,氯吡格雷,,TABLET,片剂,25mg,AMOUNT_PER_PRESENTATION,25,mg,,,[],SOURCE_UNVERIFIED,否
STD-107F2418D982A420324BC9E6,GEN-5D56F529BDD22022AF191EF8,MED-2026-W282,氯吡格雷,,TABLET,片剂,75mg,AMOUNT_PER_PRESENTATION,75,mg,,,[],SOURCE_UNVERIFIED,否
STD-494D2E2CC450A13E0E805E5B,GEN-9B91132FC401AF61963548FF,MED-2026-W283,吲哚布芬,,TABLET,片剂,0.1g,AMOUNT_PER_PRESENTATION,0.1,g,,,[],SOURCE_UNVERIFIED,否
STD-C4B5DD28FD711246FEC82A15,GEN-9B91132FC401AF61963548FF,MED-2026-W283,吲哚布芬,,TABLET,片剂,0.2g,AMOUNT_PER_PRESENTATION,0.2,g,,,[],SOURCE_UNVERIFIED,否
STD-9E4D26CB85B85B81C31690FA,GEN-620DE4C0661BD66DEE034448,MED-2026-W284,替格瑞洛,,TABLET,片剂,60mg,AMOUNT_PER_PRESENTATION,60,mg,,,[],SOURCE_UNVERIFIED,否
STD-F03E851F8684E44A9C153B8D,GEN-620DE4C0661BD66DEE034448,MED-2026-W284,替格瑞洛,,TABLET,片剂,90mg,AMOUNT_PER_PRESENTATION,90,mg,,,[],SOURCE_UNVERIFIED,否
STD-440654A56D6D4F16CF74E938,GEN-8AAC89445D1E69E792EB9D94,MED-2026-W285,西洛他唑,,TABLET,片剂,100mg,AMOUNT_PER_PRESENTATION,100,mg,,,[],SOURCE_UNVERIFIED,否
STD-6A2A990ABDE6C26E0AEFEF18,GEN-8AAC89445D1E69E792EB9D94,MED-2026-W285,西洛他唑,,TABLET,片剂,50mg,AMOUNT_PER_PRESENTATION,50,mg,,,[],SOURCE_UNVERIFIED,否
STD-A12FE0B172B64026AE4812AE,GEN-13DF3F4B34F8319EEF6EE430,MED-2026-W286,凝血酶,,POWDER,散剂,2000单位,AMOUNT_PER_PRESENTATION,2000,单位,,,[],SOURCE_UNVERIFIED,否
STD-26C08EEC46BB342F53446977,GEN-13DF3F4B34F8319EEF6EE430,MED-2026-W286,凝血酶,,POWDER,散剂,200单位,AMOUNT_PER_PRESENTATION,200,单位,,,[],SOURCE_UNVERIFIED,否
STD-20D7D9BD512FE29225A97BA2,GEN-13DF3F4B34F8319EEF6EE430,MED-2026-W286,凝血酶,,POWDER,散剂,500单位,AMOUNT_PER_PRESENTATION,500,单位,,,[],SOURCE_UNVERIFIED,否
STD-9A8AEB1E44A5E6A5B7A253EE,GEN-C3431659E1396CC33D672BDE,MED-2026-W287,维生素K1,,INJECTION,注射液,1ml:10mg,CONCENTRATION,10,mg,1,mL,[],SOURCE_UNVERIFIED,否
STD-E3A889FBEF7FEC761B116884,GEN-FE614DBB505A8EED10260D49,MED-2026-W288,甲萘氢醌,,TABLET,片剂,2mg,AMOUNT_PER_PRESENTATION,2,mg,,,[],SOURCE_UNVERIFIED,否
STD-88276FB429AA7EED1AD9B0A4,GEN-FE614DBB505A8EED10260D49,MED-2026-W288,甲萘氢醌,,TABLET,片剂,4mg,AMOUNT_PER_PRESENTATION,4,mg,,,[],SOURCE_UNVERIFIED,否
STD-919AAE0E9A08E49750FCD237,GEN-83C896DBD74F87E023333C88,MED-2026-W289,氨甲苯酸,,INJECTION,注射液,10ml:0.1g,CONCENTRATION,0.1,g,10,mL,[],SOURCE_UNVERIFIED,否
STD-670CD183DA757062C63AB926,GEN-83C896DBD74F87E023333C88,MED-2026-W289,氨甲苯酸,,INJECTION,注射液,5ml:50mg,CONCENTRATION,50,mg,5,mL,[],SOURCE_UNVERIFIED,否
STD-A38FBEAF7341B349BF7D1FBF,GEN-4030E85EF5D955EC602E019E,MED-2026-W290,氨甲环酸,,INJECTION,注射液,2.5ml:0.25g,CONCENTRATION,0.25,g,2.5,mL,[],SOURCE_UNVERIFIED,否
STD-135FD508487CBBFE4BAD6E8D,GEN-4030E85EF5D955EC602E019E,MED-2026-W290,氨甲环酸,,INJECTION,注射液,5ml:0.25g,CONCENTRATION,0.25,g,5,mL,[],SOURCE_UNVERIFIED,否
STD-7F65E7B8950A2383CD9D63D7,GEN-4030E85EF5D955EC602E019E,MED-2026-W290,氨甲环酸,,INJECTION,注射液,5ml:0.5g,CONCENTRATION,0.5,g,5,mL,[],SOURCE_UNVERIFIED,否
STD-CFC98C233EF5497EC46EA9B6,GEN-997C571D02A45ABB71D73612,MED-2026-W291,鱼精蛋白,,INJECTION,注射液,10ml:0.1g,CONCENTRATION,0.1,g,10,mL,[],SOURCE_UNVERIFIED,否
STD-96C303748FD68CA7AFD3522F,GEN-997C571D02A45ABB71D73612,MED-2026-W291,鱼精蛋白,,INJECTION,注射液,5ml:50mg,CONCENTRATION,50,mg,5,mL,[],SOURCE_UNVERIFIED,否
STD-16CC4059DFDD659B3100AFA6,GEN-1299E80A496377B1873B4671,MED-2026-W293,肝素,钙,INJECTION,注射液,1ml:10000单位,CONCENTRATION,10000,单位,1,mL,[],SOURCE_UNVERIFIED,否
STD-9CABA39609AD866B7CF1EFE9,GEN-1299E80A496377B1873B4671,MED-2026-W293,肝素,钙,INJECTION,注射液,1ml:5000单位,CONCENTRATION,5000,单位,1,mL,[],SOURCE_UNVERIFIED,否
STD-03C6682CA79B65BA6118A39B,GEN-1299E80A496377B1873B4671,MED-2026-W293,肝素,钠,INJECTION,注射液,2ml:12500单位,CONCENTRATION,12500,单位,2,mL,[],SOURCE_UNVERIFIED,否
STD-73C736A7D2202F8EE82EA7D2,GEN-1299E80A496377B1873B4671,MED-2026-W293,肝素,钠,INJECTION,注射液,2ml:5000单位,CONCENTRATION,5000,单位,2,mL,[],SOURCE_UNVERIFIED,否
STD-4770DBA589A00EB72E8D568A,GEN-8761E9F2D9458D4BC683BC46,MED-2026-W295,华法林,,TABLET,片剂,1mg,AMOUNT_PER_PRESENTATION,1,mg,,,[],SOURCE_UNVERIFIED,否
STD-A73707E91D5C4834138FF54B,GEN-8761E9F2D9458D4BC683BC46,MED-2026-W295,华法林,,TABLET,片剂,2.5mg,AMOUNT_PER_PRESENTATION,2.5,mg,,,[],SOURCE_UNVERIFIED,否
STD-5403B32A4CD035EDFA016238,GEN-8761E9F2D9458D4BC683BC46,MED-2026-W295,华法林,,TABLET,片剂,3mg,AMOUNT_PER_PRESENTATION,3,mg,,,[],SOURCE_UNVERIFIED,否
STD-2DC3DD078345245F6DAC8503,GEN-8761E9F2D9458D4BC683BC46,MED-2026-W295,华法林,,TABLET,片剂,5mg,AMOUNT_PER_PRESENTATION,5,mg,,,[],SOURCE_UNVERIFIED,否
STD-8B60D2C819D63A5B8BC53AC6,GEN-0C222ED47BBDCDAC796A514F,MED-2026-W296,尿激酶,,POWDER_FOR_INJECTION,注射用无菌粉末,10万单位,AMOUNT_PER_PRESENTATION,10,万单位,,,[],SOURCE_UNVERIFIED,否
STD-B256913DDDFF16226C977931,GEN-0C222ED47BBDCDAC796A514F,MED-2026-W296,尿激酶,,POWDER_FOR_INJECTION,注射用无菌粉末,25万单位,AMOUNT_PER_PRESENTATION,25,万单位,,,[],SOURCE_UNVERIFIED,否
STD-5B8A1EAF12302A08439B4473,GEN-DCA747D4746B9668A0F8E5B7,MED-2026-W297,达比加群酯,,CAPSULE,胶囊,110mg,AMOUNT_PER_PRESENTATION,110,mg,,,[],SOURCE_UNVERIFIED,否
STD-F2C52104A12B306B86FE23EF,GEN-DCA747D4746B9668A0F8E5B7,MED-2026-W297,达比加群酯,,CAPSULE,胶囊,150mg,AMOUNT_PER_PRESENTATION,150,mg,,,[],SOURCE_UNVERIFIED,否
STD-7812DF1F810A75F095BD3219,GEN-0349B6756B1013A1FAF02550,MED-2026-W298,利伐沙班,,TABLET,片剂,10mg,AMOUNT_PER_PRESENTATION,10,mg,,,[],SOURCE_UNVERIFIED,否
STD-996C70D0675F7F7B59BF0A16,GEN-0349B6756B1013A1FAF02550,MED-2026-W298,利伐沙班,,TABLET,片剂,15mg,AMOUNT_PER_PRESENTATION,15,mg,,,[],SOURCE_UNVERIFIED,否
STD-7785F2BD2A9BC9D85BED2E61,GEN-0349B6756B1013A1FAF02550,MED-2026-W298,利伐沙班,,TABLET,片剂,20mg,AMOUNT_PER_PRESENTATION,20,mg,,,[],SOURCE_UNVERIFIED,否
STD-66714CB876D911B9AD464495,GEN-E32956FA524C7ADE24FCE010,MED-2026-W299,重组人组织型纤溶酶原激酶衍生物,,POWDER_FOR_INJECTION,注射用无菌粉末,18mg,AMOUNT_PER_PRESENTATION,18,mg,,,[],SOURCE_UNVERIFIED,否
STD-C95330D7FDD11F94EF88A7EA,GEN-017DA443E46D7535E0FCDEC0,MED-2026-W300,羟乙基淀粉 130/0.4,,SODIUM_CHLORIDE_INJECTION,氯化钠注射液,250ml:15g,CONCENTRATION,15,g,250,mL,[],SOURCE_UNVERIFIED,否
STD-18BD58940FA8354058EC1050,GEN-017DA443E46D7535E0FCDEC0,MED-2026-W300,羟乙基淀粉 130/0.4,,SODIUM_CHLORIDE_INJECTION,氯化钠注射液,500ml:30g,CONCENTRATION,30,g,500,mL,[],SOURCE_UNVERIFIED,否
STD-5E73D1A7CBDC84EF90AC23FD,GEN-D7F6FE99D2C5119327C088CB,MED-2026-W301,艾曲泊帕乙醇胺,,TABLET,片剂,25mg,AMOUNT_PER_PRESENTATION,25,mg,,,[],SOURCE_UNVERIFIED,否
STD-56BD733B5EC6A1AD0E2F9800,GEN-1075C38E2BB93DA9D9DB5A65,MED-2026-W302,人粒细胞刺激因子,,INJECTION,注射液,100ug,AMOUNT_PER_PRESENTATION,100,ug,,,[],SOURCE_UNVERIFIED,否
STD-C02050D6C9EBD6F2A7DFFE0A,GEN-1075C38E2BB93DA9D9DB5A65,MED-2026-W302,人粒细胞刺激因子,,INJECTION,注射液,150ug,AMOUNT_PER_PRESENTATION,150,ug,,,[],SOURCE_UNVERIFIED,否
STD-914902A6E7FA34946B4B40DD,GEN-1075C38E2BB93DA9D9DB5A65,MED-2026-W302,人粒细胞刺激因子,,INJECTION,注射液,200ug,AMOUNT_PER_PRESENTATION,200,ug,,,[],SOURCE_UNVERIFIED,否
STD-7DE4C07EA5D30B5711B31DBC,GEN-1075C38E2BB93DA9D9DB5A65,MED-2026-W302,人粒细胞刺激因子,,INJECTION,注射液,300ug,AMOUNT_PER_PRESENTATION,300,ug,,,[],SOURCE_UNVERIFIED,否
STD-44FDCC44708862CD81E7BE12,GEN-1075C38E2BB93DA9D9DB5A65,MED-2026-W302,人粒细胞刺激因子,,INJECTION,注射液,75ug,AMOUNT_PER_PRESENTATION,75,ug,,,[],SOURCE_UNVERIFIED,否
STD-89AAD50365AF5E556FA68C4C,GEN-E87B7E478907992C774E3248,MED-2026-W303,绒促性素,,POWDER_FOR_INJECTION,注射用无菌粉末,1000单位,AMOUNT_PER_PRESENTATION,1000,单位,,,[],SOURCE_UNVERIFIED,否
STD-AE029B3EE65714F17602D712,GEN-E87B7E478907992C774E3248,MED-2026-W303,绒促性素,,POWDER_FOR_INJECTION,注射用无菌粉末,2000单位,AMOUNT_PER_PRESENTATION,2000,单位,,,[],SOURCE_UNVERIFIED,否
STD-5CCA2F15DC21FE8D5EDF4584,GEN-E87B7E478907992C774E3248,MED-2026-W303,绒促性素,,POWDER_FOR_INJECTION,注射用无菌粉末,5000单位,AMOUNT_PER_PRESENTATION,5000,单位,,,[],SOURCE_UNVERIFIED,否
STD-9814CDD8A413E7A11534F2B1,GEN-E87B7E478907992C774E3248,MED-2026-W303,绒促性素,,POWDER_FOR_INJECTION,注射用无菌粉末,500单位,AMOUNT_PER_PRESENTATION,500,单位,,,[],SOURCE_UNVERIFIED,否
STD-E723B62E99257754079BE333,GEN-00C127636A84C424BE04D790,MED-2026-W304,去氨加压素,,INJECTION,注射液,1ml:13.35ug,CONCENTRATION,13.35,ug,1,mL,[],SOURCE_UNVERIFIED,否
STD-9C3D4788D92612B324FD3B06,GEN-00C127636A84C424BE04D790,MED-2026-W304,去氨加压素,,INJECTION,注射液,1ml:3.56ug,CONCENTRATION,3.56,ug,1,mL,[],SOURCE_UNVERIFIED,否
STD-801903CA1E64FF532C470352,GEN-00C127636A84C424BE04D790,MED-2026-W304,去氨加压素,,ORAL_SOLUTION,口服溶液剂,15ml:5.4mg,CONCENTRATION,5.4,mg,15,mL,[],SOURCE_UNVERIFIED,否
STD-00B468A4487571F2CF9978DD,GEN-00C127636A84C424BE04D790,MED-2026-W304,去氨加压素,,TABLET,片剂,0.089mg,AMOUNT_PER_PRESENTATION,0.089,mg,,,[],SOURCE_UNVERIFIED,否
STD-85AC0D0F0A429951E0938BE5,GEN-00C127636A84C424BE04D790,MED-2026-W304,去氨加压素,,TABLET,片剂,0.178mg,AMOUNT_PER_PRESENTATION,0.178,mg,,,[],SOURCE_UNVERIFIED,否
STD-4B6B81EB2435ADF0B88444A6,GEN-DCB9604878741E175E2761C2,MED-2026-W305,人生长激素,,POWDER_FOR_INJECTION,注射用无菌粉末,0.85mg,AMOUNT_PER_PRESENTATION,0.85,mg,,,[],SOURCE_UNVERIFIED,否
STD-BADE5B4BE454CCC3C518FC32,GEN-DCB9604878741E175E2761C2,MED-2026-W305,人生长激素,,POWDER_FOR_INJECTION,注射用无菌粉末,1.0mg,AMOUNT_PER_PRESENTATION,1,mg,,,[],SOURCE_UNVERIFIED,否
STD-F343FE25DFBDFED6FCFA38A5,GEN-DCB9604878741E175E2761C2,MED-2026-W305,人生长激素,,POWDER_FOR_INJECTION,注射用无菌粉末,1.2mg,AMOUNT_PER_PRESENTATION,1.2,mg,,,[],SOURCE_UNVERIFIED,否
STD-3A8DBE5922A327771C8C5CEC,GEN-DCB9604878741E175E2761C2,MED-2026-W305,人生长激素,,POWDER_FOR_INJECTION,注射用无菌粉末,1.33mg,AMOUNT_PER_PRESENTATION,1.33,mg,,,[],SOURCE_UNVERIFIED,否
STD-359427D32A702F14FFA9AB15,GEN-DCB9604878741E175E2761C2,MED-2026-W305,人生长激素,,POWDER_FOR_INJECTION,注射用无菌粉末,1.6mg,AMOUNT_PER_PRESENTATION,1.6,mg,,,[],SOURCE_UNVERIFIED,否
STD-B6772E8F38A2B6298A33BB74,GEN-DCB9604878741E175E2761C2,MED-2026-W305,人生长激素,,POWDER_FOR_INJECTION,注射用无菌粉末,2.0mg,AMOUNT_PER_PRESENTATION,2,mg,,,[],SOURCE_UNVERIFIED,否
STD-7069F039B36C7886D6F5C620,GEN-DCB9604878741E175E2761C2,MED-2026-W305,人生长激素,,POWDER_FOR_INJECTION,注射用无菌粉末,3.7mg,AMOUNT_PER_PRESENTATION,3.7,mg,,,[],SOURCE_UNVERIFIED,否
STD-00D831B69184BDE6BBEC5312,GEN-DCB9604878741E175E2761C2,MED-2026-W305,人生长激素,,POWDER_FOR_INJECTION,注射用无菌粉末,4.0mg,AMOUNT_PER_PRESENTATION,4,mg,,,[],SOURCE_UNVERIFIED,否
STD-835811E06E38DCC908BAD62F,GEN-1A46CF4946DA7FE18768F7EB,MED-2026-W306,生长抑素,,POWDER_FOR_INJECTION,注射用无菌粉末,3mg,AMOUNT_PER_PRESENTATION,3,mg,,,[],SOURCE_UNVERIFIED,否
STD-EC21747EF9C3E3DE62066773,GEN-90FBA801553247406DDBBB2B,MED-2026-W307,氢化可的松,,INJECTION,注射液,20ml:100mg,CONCENTRATION,100,mg,20,mL,[],SOURCE_UNVERIFIED,否
STD-B0C29A02B7D3C0EA692A0B1A,GEN-90FBA801553247406DDBBB2B,MED-2026-W307,氢化可的松,,INJECTION,注射液,2ml:10mg,CONCENTRATION,10,mg,2,mL,[],SOURCE_UNVERIFIED,否
STD-2422D8E893F704D2BC02CD75,GEN-90FBA801553247406DDBBB2B,MED-2026-W307,氢化可的松,,INJECTION,注射液,5ml:25mg,CONCENTRATION,25,mg,5,mL,[],SOURCE_UNVERIFIED,否
STD-5BD2F67024F2D0ACDC0525FE,GEN-90FBA801553247406DDBBB2B,MED-2026-W307,氢化可的松,琥珀酸钠,POWDER_FOR_INJECTION,注射用无菌粉末,100mg,AMOUNT_PER_PRESENTATION,100,mg,,,[],SOURCE_UNVERIFIED,否
STD-91AA518E3AF058CA24A1ADDA,GEN-90FBA801553247406DDBBB2B,MED-2026-W307,氢化可的松,琥珀酸钠,POWDER_FOR_INJECTION,注射用无菌粉末,50mg,AMOUNT_PER_PRESENTATION,50,mg,,,[],SOURCE_UNVERIFIED,否
STD-69A261A8FE4E8EA6E2FD5059,GEN-90FBA801553247406DDBBB2B,MED-2026-W307,氢化可的松,,TABLET,片剂,10mg,AMOUNT_PER_PRESENTATION,10,mg,,,[],SOURCE_UNVERIFIED,否
STD-31D87755F77040E7709D632A,GEN-90FBA801553247406DDBBB2B,MED-2026-W307,氢化可的松,,TABLET,片剂,20mg,AMOUNT_PER_PRESENTATION,20,mg,,,[],SOURCE_UNVERIFIED,否
STD-9EBF4CF8FE11774993FDF1B4,GEN-F4A36872C4B1E383E0AF9E51,MED-2026-W308,泼尼松,,TABLET,片剂,5mg,AMOUNT_PER_PRESENTATION,5,mg,,,[],SOURCE_UNVERIFIED,否
STD-012E3D8FBA0A1041B8DD3ECA,GEN-875A991C5230F8B8720B458D,MED-2026-W309,甲泼尼龙,琥珀酸钠,POWDER_FOR_INJECTION,注射用无菌粉末,125mg,AMOUNT_PER_PRESENTATION,125,mg,,,[],SOURCE_UNVERIFIED,否
STD-639F80846BAEB26A2ABFFE12,GEN-875A991C5230F8B8720B458D,MED-2026-W309,甲泼尼龙,琥珀酸钠,POWDER_FOR_INJECTION,注射用无菌粉末,40mg,AMOUNT_PER_PRESENTATION,40,mg,,,[],SOURCE_UNVERIFIED,否
STD-109BE92E61C62D976224E9ED,GEN-875A991C5230F8B8720B458D,MED-2026-W309,甲泼尼龙,琥珀酸钠,POWDER_FOR_INJECTION,注射用无菌粉末,500mg,AMOUNT_PER_PRESENTATION,500,mg,,,[],SOURCE_UNVERIFIED,否
STD-8C092699BB7791FB53EC4DA3,GEN-875A991C5230F8B8720B458D,MED-2026-W309,甲泼尼龙,,TABLET,片剂,4mg,AMOUNT_PER_PRESENTATION,4,mg,,,[],SOURCE_UNVERIFIED,否
STD-D0434234C3725AC7D3495FD0,GEN-3A4039E17742621F4D014012,MED-2026-W310,地塞米松,,INJECTION,注射液,1ml:2mg,CONCENTRATION,2,mg,1,mL,[],SOURCE_UNVERIFIED,否
STD-508338B5BDB37D49199FDCD0,GEN-3A4039E17742621F4D014012,MED-2026-W310,地塞米松,,INJECTION,注射液,1ml:5mg,CONCENTRATION,5,mg,1,mL,[],SOURCE_UNVERIFIED,否
STD-4B30E73CB93ADCDC21C628D0,GEN-3A4039E17742621F4D014012,MED-2026-W310,地塞米松,,TABLET,片剂,0.75mg,AMOUNT_PER_PRESENTATION,0.75,mg,,,[],SOURCE_UNVERIFIED,否
STD-4596088C0CCC97AE29147D99,GEN-B82FCEBB6B69ADECEF5B3F4A,MED-2026-W312,甘精胰岛素,,INJECTION,注射液,3ml:300单位,CONCENTRATION,300,单位,3,mL,[],SOURCE_UNVERIFIED,否
STD-8DB4537A32FFF98AB0922B1E,GEN-BFAF1FBEF5C00778839FA344,MED-2026-W313,门冬胰岛素,,INJECTION,注射液,3ml:300单位,CONCENTRATION,300,单位,3,mL,[],SOURCE_UNVERIFIED,否
STD-C8E40A858A52A6CBEBCEA3CB,GEN-9CE1B38A60F2AEFFCA9420E0,MED-2026-W314,德谷胰岛素,,INJECTION,注射液,3ml:300单位,CONCENTRATION,300,单位,3,mL,[],SOURCE_UNVERIFIED,否
STD-24146E7FD0D5A92742DED43F,GEN-4B35A4FC3AC77C41DC9E124E,MED-2026-W315,二甲双胍,,CAPSULE,胶囊,0.25g,AMOUNT_PER_PRESENTATION,0.25,g,,,[],SOURCE_UNVERIFIED,否
STD-D3E29852A391DBC84B665650,GEN-4B35A4FC3AC77C41DC9E124E,MED-2026-W315,二甲双胍,,ENTERIC_CAPSULE,肠溶胶囊,0.25g,AMOUNT_PER_PRESENTATION,0.25,g,,,[],SOURCE_UNVERIFIED,否
STD-67148512CE077C7570E1D018,GEN-4B35A4FC3AC77C41DC9E124E,MED-2026-W315,二甲双胍,,ENTERIC_CAPSULE,肠溶胶囊,0.5g,AMOUNT_PER_PRESENTATION,0.5,g,,,[],SOURCE_UNVERIFIED,否
STD-05E210E0B10918EE357F7654,GEN-4B35A4FC3AC77C41DC9E124E,MED-2026-W315,二甲双胍,,ENTERIC_TABLET,肠溶片,0.25g,AMOUNT_PER_PRESENTATION,0.25,g,,,[],SOURCE_UNVERIFIED,否
STD-3A050DD9AB32E0B70D7DAA97,GEN-4B35A4FC3AC77C41DC9E124E,MED-2026-W315,二甲双胍,,ENTERIC_TABLET,肠溶片,0.5g,AMOUNT_PER_PRESENTATION,0.5,g,,,[],SOURCE_UNVERIFIED,否
STD-CB4F279E8D69B2CBCD683856,GEN-4B35A4FC3AC77C41DC9E124E,MED-2026-W315,二甲双胍,,EXTENDED_RELEASE_CAPSULE,缓释胶囊,0.25g,AMOUNT_PER_PRESENTATION,0.25,g,,,[],SOURCE_UNVERIFIED,否
STD-4951A6C9B2C8AF2D2DF9A11A,GEN-4B35A4FC3AC77C41DC9E124E,MED-2026-W315,二甲双胍,,EXTENDED_RELEASE_TABLET,缓释片,0.25g,AMOUNT_PER_PRESENTATION,0.25,g,,,[],SOURCE_UNVERIFIED,否
STD-150B5010D0A94B44CC3A3562,GEN-4B35A4FC3AC77C41DC9E124E,MED-2026-W315,二甲双胍,,EXTENDED_RELEASE_TABLET,缓释片,0.5g,AMOUNT_PER_PRESENTATION,0.5,g,,,[],SOURCE_UNVERIFIED,否
STD-FF8B2548AED68228B288073D,GEN-4B35A4FC3AC77C41DC9E124E,MED-2026-W315,二甲双胍,,TABLET,片剂,0.25g,AMOUNT_PER_PRESENTATION,0.25,g,,,[],SOURCE_UNVERIFIED,否
STD-0C939F49DBE8162A7E082427,GEN-4B35A4FC3AC77C41DC9E124E,MED-2026-W315,二甲双胍,,TABLET,片剂,0.5g,AMOUNT_PER_PRESENTATION,0.5,g,,,[],SOURCE_UNVERIFIED,否
STD-31627BC2F2F1251F7120674A,GEN-D0726E99D3CCC8FEEEC29034,MED-2026-W316,格列本脲,,TABLET,片剂,2.5mg,AMOUNT_PER_PRESENTATION,2.5,mg,,,[],SOURCE_UNVERIFIED,否
STD-F7834A7980FAA496110F7E84,GEN-81FAAC5EA43DF0F2E5C22EA7,MED-2026-W317,格列吡嗪,,CAPSULE,胶囊,5mg,AMOUNT_PER_PRESENTATION,5,mg,,,[],SOURCE_UNVERIFIED,否
STD-9AA1989F39EBCE496DF111A2,GEN-81FAAC5EA43DF0F2E5C22EA7,MED-2026-W317,格列吡嗪,,EXTENDED_RELEASE_TABLET,缓释片,5mg,AMOUNT_PER_PRESENTATION,5,mg,,,[],SOURCE_UNVERIFIED,否
STD-F454934FA7A165FC4E28AF17,GEN-81FAAC5EA43DF0F2E5C22EA7,MED-2026-W317,格列吡嗪,,TABLET,片剂,5mg,AMOUNT_PER_PRESENTATION,5,mg,,,[],SOURCE_UNVERIFIED,否
STD-E2B2E8EA6D0C11D14ECE7741,GEN-6189A1F44C876F9B735EA3FA,MED-2026-W318,格列美脲,,TABLET,片剂,1mg,AMOUNT_PER_PRESENTATION,1,mg,,,[],SOURCE_UNVERIFIED,否
STD-0CB5080F05A80DCD79A62A25,GEN-6189A1F44C876F9B735EA3FA,MED-2026-W318,格列美脲,,TABLET,片剂,2mg,AMOUNT_PER_PRESENTATION,2,mg,,,[],SOURCE_UNVERIFIED,否
STD-D774370D025CBF8888050852,GEN-2709CFCF32452A120245B87C,MED-2026-W319,格列喹酮,,TABLET,片剂,30mg,AMOUNT_PER_PRESENTATION,30,mg,,,[],SOURCE_UNVERIFIED,否
STD-5B67E5435E9FC4095C0D6EC7,GEN-03800B58FA893260105A7780,MED-2026-W320,格列齐特,,EXTENDED_RELEASE_TABLET,缓释片,30mg,AMOUNT_PER_PRESENTATION,30,mg,,,[],SOURCE_UNVERIFIED,否
STD-41FC07AFC4C0C0A4649C622E,GEN-03800B58FA893260105A7780,MED-2026-W320,格列齐特,,EXTENDED_RELEASE_TABLET,缓释片,60mg,AMOUNT_PER_PRESENTATION,60,mg,,,[],SOURCE_UNVERIFIED,否
STD-060A166CACD69FD191089E3D,GEN-03800B58FA893260105A7780,MED-2026-W320,格列齐特,,TABLET,片剂,80mg,AMOUNT_PER_PRESENTATION,80,mg,,,[],SOURCE_UNVERIFIED,否
STD-E494C4CF99922A91966B3387,GEN-D7F14ACF48277D644D6EBC7C,MED-2026-W321,阿卡波糖,,CAPSULE,胶囊,50mg,AMOUNT_PER_PRESENTATION,50,mg,,,[],SOURCE_UNVERIFIED,否
STD-E8C4BE5D5195E6F713E2A347,GEN-D7F14ACF48277D644D6EBC7C,MED-2026-W321,阿卡波糖,,TABLET,片剂,50mg,AMOUNT_PER_PRESENTATION,50,mg,,,[],SOURCE_UNVERIFIED,否
STD-26FB769DF379BE3EB6B94083,GEN-7F4725128E74D5C7049FB0ED,MED-2026-W322,达格列净,,TABLET,片剂,10mg,AMOUNT_PER_PRESENTATION,10,mg,,,[],SOURCE_UNVERIFIED,否
STD-7355B69370F3FEF1D695AA60,GEN-7F4725128E74D5C7049FB0ED,MED-2026-W322,达格列净,,TABLET,片剂,5mg,AMOUNT_PER_PRESENTATION,5,mg,,,[],SOURCE_UNVERIFIED,否
STD-8A9C914847A466AE706F9F29,GEN-17AB3FCBAFF0B859B10DE275,MED-2026-W323,恩格列净,,TABLET,片剂,10mg,AMOUNT_PER_PRESENTATION,10,mg,,,[],SOURCE_UNVERIFIED,否
STD-CC7B161F1EA32D5DEAAB466A,GEN-17AB3FCBAFF0B859B10DE275,MED-2026-W323,恩格列净,,TABLET,片剂,25mg,AMOUNT_PER_PRESENTATION,25,mg,,,[],SOURCE_UNVERIFIED,否
STD-10B178E9ECDA835C0A77193F,GEN-9D22FFE2B529133985FD6526,MED-2026-W324,利拉鲁肽,,INJECTION,注射液,3ml:18mg,CONCENTRATION,18,mg,3,mL,[],SOURCE_UNVERIFIED,否
STD-8C147AB27667AD718451C291,GEN-F48AE26DA978CFDDC09FCFDB,MED-2026-W325,司美格鲁肽,,INJECTION,注射液,1.34mg/ml,TEXT_REQUIRES_REVIEW,,,,,[],SOURCE_UNVERIFIED,否
STD-6FC37BFAD145F9F19BDEE494,GEN-F48AE26DA978CFDDC09FCFDB,MED-2026-W325,司美格鲁肽,,INJECTION,注射液,1.5ml(预填充注射笔),PRESENTATION_VOLUME,,,1.5,mL,[],SOURCE_UNVERIFIED,否
STD-9D8A68C21103C3F3D417E681,GEN-0894FFA60B0ED5E42FFD1388,MED-2026-W326,瑞格列奈,,TABLET,片剂,0.5mg,AMOUNT_PER_PRESENTATION,0.5,mg,,,[],SOURCE_UNVERIFIED,否
STD-64C80BC16EFBFA5BD99D7A7B,GEN-0894FFA60B0ED5E42FFD1388,MED-2026-W326,瑞格列奈,,TABLET,片剂,1mg,AMOUNT_PER_PRESENTATION,1,mg,,,[],SOURCE_UNVERIFIED,否
STD-604EFE232D8F27B4D6685015,GEN-0894FFA60B0ED5E42FFD1388,MED-2026-W326,瑞格列奈,,TABLET,片剂,2mg,AMOUNT_PER_PRESENTATION,2,mg,,,[],SOURCE_UNVERIFIED,否
STD-79FAEB12A6E67A76AD3FCE1F,GEN-4A56D5C68146E7A8668E7079,MED-2026-W327,吡格列酮,,CAPSULE,胶囊,15mg,AMOUNT_PER_PRESENTATION,15,mg,,,[],SOURCE_UNVERIFIED,否
STD-C95E7832149F51AA52405FA3,GEN-4A56D5C68146E7A8668E7079,MED-2026-W327,吡格列酮,,CAPSULE,胶囊,30mg,AMOUNT_PER_PRESENTATION,30,mg,,,[],SOURCE_UNVERIFIED,否
STD-5AED41A477FB0844AAFC9D0A,GEN-4A56D5C68146E7A8668E7079,MED-2026-W327,吡格列酮,,TABLET,片剂,15mg,AMOUNT_PER_PRESENTATION,15,mg,,,[],SOURCE_UNVERIFIED,否
STD-A22AE42421549CBE1C3CDD79,GEN-4A56D5C68146E7A8668E7079,MED-2026-W327,吡格列酮,,TABLET,片剂,30mg,AMOUNT_PER_PRESENTATION,30,mg,,,[],SOURCE_UNVERIFIED,否
STD-377448941DA38CAB22169C20,GEN-74ED2F39FB0147947D06D2A0,MED-2026-W328,西格列汀,,TABLET,片剂,100mg,AMOUNT_PER_PRESENTATION,100,mg,,,[],SOURCE_UNVERIFIED,否
STD-733099C3915F18C460B6E1E0,GEN-74ED2F39FB0147947D06D2A0,MED-2026-W328,西格列汀,,TABLET,片剂,25mg,AMOUNT_PER_PRESENTATION,25,mg,,,[],SOURCE_UNVERIFIED,否
STD-9386FC6BCF6D9EAE4C0A2A63,GEN-74ED2F39FB0147947D06D2A0,MED-2026-W328,西格列汀,,TABLET,片剂,50mg,AMOUNT_PER_PRESENTATION,50,mg,,,[],SOURCE_UNVERIFIED,否
STD-59DA1E6D612A7896C1452A8E,GEN-AA70BA1BB186148A4C379B12,MED-2026-W329,利格列汀,,TABLET,片剂,5mg,AMOUNT_PER_PRESENTATION,5,mg,,,[],SOURCE_UNVERIFIED,否
STD-23AE7B38E3E6D963F511C4B8,GEN-C688903E447FF4E253011B74,MED-2026-W330,甲状腺片,,TABLET,片剂,40mg,AMOUNT_PER_PRESENTATION,40,mg,,,[],SOURCE_UNVERIFIED,否
STD-344C632B2768182CE2092417,GEN-7D26D879F0AAC8B1B50047AD,MED-2026-W331,左甲状腺素钠,,TABLET,片剂,100ug,AMOUNT_PER_PRESENTATION,100,ug,,,[],SOURCE_UNVERIFIED,否
STD-38C798372138BDF383026A6D,GEN-7D26D879F0AAC8B1B50047AD,MED-2026-W331,左甲状腺素钠,,TABLET,片剂,25ug,AMOUNT_PER_PRESENTATION,25,ug,,,[],SOURCE_UNVERIFIED,否
STD-C41B9264E4948622BB266CA3,GEN-7D26D879F0AAC8B1B50047AD,MED-2026-W331,左甲状腺素钠,,TABLET,片剂,50ug,AMOUNT_PER_PRESENTATION,50,ug,,,[],SOURCE_UNVERIFIED,否
STD-75034F5D8463A0EFA68FA58B,GEN-1FF4BA4AFBFE3C4F5CB37C8A,MED-2026-W332,甲巯咪唑,,TABLET,片剂,10mg,AMOUNT_PER_PRESENTATION,10,mg,,,[],SOURCE_UNVERIFIED,否
STD-BDD9092D7C174AC403A9377B,GEN-1FF4BA4AFBFE3C4F5CB37C8A,MED-2026-W332,甲巯咪唑,,TABLET,片剂,5mg,AMOUNT_PER_PRESENTATION,5,mg,,,[],SOURCE_UNVERIFIED,否
STD-70D308E49D9E070A33B10689,GEN-08CE1E69EBE0676751AA9646,MED-2026-W333,丙硫氧嘧啶,,TABLET,片剂,100mg,AMOUNT_PER_PRESENTATION,100,mg,,,[],SOURCE_UNVERIFIED,否
STD-76AF7184390641E8950CD94B,GEN-08CE1E69EBE0676751AA9646,MED-2026-W333,丙硫氧嘧啶,,TABLET,片剂,50mg,AMOUNT_PER_PRESENTATION,50,mg,,,[],SOURCE_UNVERIFIED,否
STD-BAB9423ED5BE7B5DB81C8896,GEN-7C2A9E3F59793D9C4E1633D2,MED-2026-W334,西那卡塞,,TABLET,片剂,25mg,AMOUNT_PER_PRESENTATION,25,mg,,,[],SOURCE_UNVERIFIED,否
STD-1CB0A764F5A6F9FC2394A786,GEN-7C2A9E3F59793D9C4E1633D2,MED-2026-W334,西那卡塞,,TABLET,片剂,75mg,AMOUNT_PER_PRESENTATION,75,mg,,,[],SOURCE_UNVERIFIED,否
STD-04F6A8A0D90B45A527C0B865,GEN-81C4CACD8C7D305071BEA967,MED-2026-W335,丙酸睾酮,,INJECTION,注射液,1ml:25mg,CONCENTRATION,25,mg,1,mL,[],SOURCE_UNVERIFIED,否
STD-EBD340D993144A89AC69BD70,GEN-C67F38819F645F238BB0BEFB,MED-2026-W336,十一酸睾酮,,INJECTION,注射液,2ml:0.25g,CONCENTRATION,0.25,g,2,mL,[],SOURCE_UNVERIFIED,否
STD-FC3521E850EE1F7D6F4677C4,GEN-C67F38819F645F238BB0BEFB,MED-2026-W336,十一酸睾酮,,SOFT_CAPSULE,软胶囊,40mg,AMOUNT_PER_PRESENTATION,40,mg,,,[],SOURCE_UNVERIFIED,否
STD-A0A1E3D1FBE9B0AB7FD3BB4A,GEN-0F09DC04159C54E668C5BEFD,MED-2026-W337,尼尔雌醇,,TABLET,片剂,1mg,AMOUNT_PER_PRESENTATION,1,mg,,,[],SOURCE_UNVERIFIED,否
STD-862F4F420DE23067E47EDF74,GEN-0F09DC04159C54E668C5BEFD,MED-2026-W337,尼尔雌醇,,TABLET,片剂,2mg,AMOUNT_PER_PRESENTATION,2,mg,,,[],SOURCE_UNVERIFIED,否
STD-5BA1B703331729095398574B,GEN-0F09DC04159C54E668C5BEFD,MED-2026-W337,尼尔雌醇,,TABLET,片剂,5mg,AMOUNT_PER_PRESENTATION,5,mg,,,[],SOURCE_UNVERIFIED,否
STD-FA76BBF3086383F378BCA615,GEN-7D26CF628032B9644C4D62A9,MED-2026-W338,雌二醇,,GEL,凝胶剂,0.06%,PERCENT_UNSPECIFIED_BASIS,0.06,%,,,[],SOURCE_UNVERIFIED,否
STD-9AE37B3843BB1BF3CC1628AA,GEN-D9E653DEE3FCB764961D6A46,MED-2026-W339,黄体酮,,CAPSULE,胶囊,50mg,AMOUNT_PER_PRESENTATION,50,mg,,,[],SOURCE_UNVERIFIED,否
STD-81E797281850A9C965B07ACB,GEN-D9E653DEE3FCB764961D6A46,MED-2026-W339,黄体酮,,INJECTION,注射液,1ml:10mg,CONCENTRATION,10,mg,1,mL,[],SOURCE_UNVERIFIED,否
STD-76F474DD6944C2087CBFF891,GEN-D9E653DEE3FCB764961D6A46,MED-2026-W339,黄体酮,,INJECTION,注射液,1ml:20mg,CONCENTRATION,20,mg,1,mL,[],SOURCE_UNVERIFIED,否
STD-DE6DACB6CAA55B96E7302433,GEN-D9E653DEE3FCB764961D6A46,MED-2026-W339,黄体酮,,SOFT_CAPSULE,软胶囊,100mg,AMOUNT_PER_PRESENTATION,100,mg,,,[],SOURCE_UNVERIFIED,否
STD-541C20B3A2CD96846401F952,GEN-D9E653DEE3FCB764961D6A46,MED-2026-W339,黄体酮,,SOFT_CAPSULE,软胶囊,200mg,AMOUNT_PER_PRESENTATION,200,mg,,,[],SOURCE_UNVERIFIED,否
STD-36C145D61D3D3760D4F1725A,GEN-DCB9D91E5F7F3524259305AA,MED-2026-W340,甲羟孕酮,,CAPSULE,胶囊,100mg,AMOUNT_PER_PRESENTATION,100,mg,,,[],SOURCE_UNVERIFIED,否
STD-465A011A8B5B54B9AC0B290F,GEN-DCB9D91E5F7F3524259305AA,MED-2026-W340,甲羟孕酮,,TABLET,片剂,100mg,AMOUNT_PER_PRESENTATION,100,mg,,,[],SOURCE_UNVERIFIED,否
STD-C269EA038B101A4AD084E326,GEN-DCB9D91E5F7F3524259305AA,MED-2026-W340,甲羟孕酮,,TABLET,片剂,250mg,AMOUNT_PER_PRESENTATION,250,mg,,,[],SOURCE_UNVERIFIED,否
STD-4992A667B755607269526C8C,GEN-DCB9D91E5F7F3524259305AA,MED-2026-W340,甲羟孕酮,,TABLET,片剂,2mg,AMOUNT_PER_PRESENTATION,2,mg,,,[],SOURCE_UNVERIFIED,否
STD-EE802BACDF6C2730CFCAC283,GEN-DCB9D91E5F7F3524259305AA,MED-2026-W340,甲羟孕酮,,TABLET,片剂,4mg,AMOUNT_PER_PRESENTATION,4,mg,,,[],SOURCE_UNVERIFIED,否
STD-DE923B4FB5541295FC154004,GEN-459D3E8D0DAACC9A03D4437B,MED-2026-W341,地屈孕酮,,TABLET,片剂,10mg,AMOUNT_PER_PRESENTATION,10,mg,,,[],SOURCE_UNVERIFIED,否
STD-24557DCF6DD0A5B2C0045420,GEN-E7AB4548D33C769BDE386E67,MED-2026-W342,地诺孕素,,TABLET,片剂,2mg,AMOUNT_PER_PRESENTATION,2,mg,,,[],SOURCE_UNVERIFIED,否
STD-AFA2C566DB818787CF3C9A93,GEN-0C2CD122CC7AFACD7ABC18E5,MED-2026-W343,阿法骨化醇,,CAPSULE,胶囊,0.25ug,AMOUNT_PER_PRESENTATION,0.25,ug,,,[],SOURCE_UNVERIFIED,否
STD-5B7D3A337BC771A019022858,GEN-0C2CD122CC7AFACD7ABC18E5,MED-2026-W343,阿法骨化醇,,CAPSULE,胶囊,0.5ug,AMOUNT_PER_PRESENTATION,0.5,ug,,,[],SOURCE_UNVERIFIED,否
STD-AB8630E8FD4AEC4CEB944683,GEN-0C2CD122CC7AFACD7ABC18E5,MED-2026-W343,阿法骨化醇,,DROPS_UNSPECIFIED,滴剂,20ml:40ug,CONCENTRATION,40,ug,20,mL,[],SOURCE_UNVERIFIED,否
STD-9C3A4572A9F097AFA2AC7467,GEN-0C2CD122CC7AFACD7ABC18E5,MED-2026-W343,阿法骨化醇,,SOFT_CAPSULE,软胶囊,0.25ug,AMOUNT_PER_PRESENTATION,0.25,ug,,,[],SOURCE_UNVERIFIED,否
STD-3BC004B97A1FF885B580969A,GEN-0C2CD122CC7AFACD7ABC18E5,MED-2026-W343,阿法骨化醇,,SOFT_CAPSULE,软胶囊,0.5ug,AMOUNT_PER_PRESENTATION,0.5,ug,,,[],SOURCE_UNVERIFIED,否
STD-A3D378147B732165ED5619B4,GEN-0C2CD122CC7AFACD7ABC18E5,MED-2026-W343,阿法骨化醇,,TABLET,片剂,0.25ug,AMOUNT_PER_PRESENTATION,0.25,ug,,,[],SOURCE_UNVERIFIED,否
STD-37B4C5312BE5329543C4589F,GEN-0C2CD122CC7AFACD7ABC18E5,MED-2026-W343,阿法骨化醇,,TABLET,片剂,0.5ug,AMOUNT_PER_PRESENTATION,0.5,ug,,,[],SOURCE_UNVERIFIED,否
STD-9DE87CA423226654E486E90E,GEN-12F7D72D00BD1B47D38EB07D,MED-2026-W344,维生素D2,,INJECTION,注射液,1ml:10mg(40万单位),CONCENTRATION,10,mg,1,mL,[],SOURCE_UNVERIFIED,否
STD-8E6A78DA0FA8442D585928C7,GEN-12F7D72D00BD1B47D38EB07D,MED-2026-W344,维生素D2,,INJECTION,注射液,1ml:5mg(20万单位),CONCENTRATION,5,mg,1,mL,[],SOURCE_UNVERIFIED,否
STD-FC9CEE93F4DCDE0F6B0591CD,GEN-12F7D72D00BD1B47D38EB07D,MED-2026-W344,维生素D2,,SOFT_CAPSULE,软胶囊,0.125mg(5000单位),AMOUNT_PER_PRESENTATION,0.125,mg,,,[],SOURCE_UNVERIFIED,否
STD-E06F501495DC34F8B59612C5,GEN-12F7D72D00BD1B47D38EB07D,MED-2026-W344,维生素D2,,SOFT_CAPSULE,软胶囊,0.25mg(1万单位),AMOUNT_PER_PRESENTATION,0.25,mg,,,[],SOURCE_UNVERIFIED,否
STD-D32084C066507D1D094DA8F8,GEN-8F85F8F74AF7279EEE06DB3D,MED-2026-W345,碳酸钙D3,,GRANULE,颗粒剂,每袋含碳酸钙1.25g(相当于钙 500mg)与维生素 D3 200国际单位(5ug),TEXT_REQUIRES_REVIEW,,,,,[],SOURCE_UNVERIFIED,否
STD-5A63AFB63948C6FE968C2046,GEN-8F85F8F74AF7279EEE06DB3D,MED-2026-W345,碳酸钙D3,,TABLET,片剂,每片含碳酸钙 1.5g(相当于钙 600mg)与维生素 D3 125 国际单位,TEXT_REQUIRES_REVIEW,,,,,[],SOURCE_UNVERIFIED,否
STD-D30CAFEBB387D2F96D92CB5B,GEN-5E5559E89C4127E66CD62892,MED-2026-W346,阿仑膦酸钠,,TABLET,片剂,10mg,AMOUNT_PER_PRESENTATION,10,mg,,,[],SOURCE_UNVERIFIED,否
STD-DB914F03DCA4185BB78AA884,GEN-5E5559E89C4127E66CD62892,MED-2026-W346,阿仑膦酸钠,,TABLET,片剂,70mg,AMOUNT_PER_PRESENTATION,70,mg,,,[],SOURCE_UNVERIFIED,否
STD-24D5DB4DB127948915CE3D5C,GEN-C7FB21873867BAD8725E3632,MED-2026-W347,氯苯那敏,,TABLET,片剂,1mg,AMOUNT_PER_PRESENTATION,1,mg,,,[],SOURCE_UNVERIFIED,否
STD-D2B2BBFADBAE655F034A8CA0,GEN-C7FB21873867BAD8725E3632,MED-2026-W347,氯苯那敏,,TABLET,片剂,4mg,AMOUNT_PER_PRESENTATION,4,mg,,,[],SOURCE_UNVERIFIED,否
STD-16C8F4919BD2325D700DFB74,GEN-F6C6E2818490FE69BC3AEBC3,MED-2026-W348,苯海拉明,,INJECTION,注射液,1ml:20mg,CONCENTRATION,20,mg,1,mL,[],SOURCE_UNVERIFIED,否
STD-1C2C19FF0B5BBA0363C92A51,GEN-F6C6E2818490FE69BC3AEBC3,MED-2026-W348,苯海拉明,,TABLET,片剂,25mg,AMOUNT_PER_PRESENTATION,25,mg,,,[],SOURCE_UNVERIFIED,否
STD-0369EBF14DFCE0A9F9B7C088,GEN-019CDFF2EA93ED10B59725B7,MED-2026-W349,赛庚啶,,TABLET,片剂,2mg,AMOUNT_PER_PRESENTATION,2,mg,,,[],SOURCE_UNVERIFIED,否
STD-949AC118CA990DE9543E7783,GEN-467958F6BF5C5B09A3647AA2,MED-2026-W350,异丙嗪,,INJECTION,注射液,1ml:25mg,CONCENTRATION,25,mg,1,mL,[],SOURCE_UNVERIFIED,否
STD-3852E5645D78284CEFA1D9CB,GEN-467958F6BF5C5B09A3647AA2,MED-2026-W350,异丙嗪,,INJECTION,注射液,2ml:50mg,CONCENTRATION,50,mg,2,mL,[],SOURCE_UNVERIFIED,否
STD-B69C1BD325D90D0CD4045953,GEN-467958F6BF5C5B09A3647AA2,MED-2026-W350,异丙嗪,,TABLET,片剂,12.5mg,AMOUNT_PER_PRESENTATION,12.5,mg,,,[],SOURCE_UNVERIFIED,否
STD-E3D73D4329B654583ACE64D7,GEN-467958F6BF5C5B09A3647AA2,MED-2026-W350,异丙嗪,,TABLET,片剂,25mg,AMOUNT_PER_PRESENTATION,25,mg,,,[],SOURCE_UNVERIFIED,否
STD-98070709BC8B7247F8CFF790,GEN-46F6AD92E0880304532797F4,MED-2026-W351,氯雷他定,,CAPSULE,胶囊,10mg,AMOUNT_PER_PRESENTATION,10,mg,,,[],SOURCE_UNVERIFIED,否
STD-501D584601121A1E9F7722B5,GEN-46F6AD92E0880304532797F4,MED-2026-W351,氯雷他定,,CAPSULE,胶囊,5mg,AMOUNT_PER_PRESENTATION,5,mg,,,[],SOURCE_UNVERIFIED,否
STD-B46C6DF934AE9729AA79BD03,GEN-46F6AD92E0880304532797F4,MED-2026-W351,氯雷他定,,SYRUP,糖浆剂,1mg/ml,TEXT_REQUIRES_REVIEW,,,,,[],SOURCE_UNVERIFIED,否
STD-B71276E6DD020718E04D33FE,GEN-46F6AD92E0880304532797F4,MED-2026-W351,氯雷他定,,TABLET,片剂,10mg,AMOUNT_PER_PRESENTATION,10,mg,,,[],SOURCE_UNVERIFIED,否
STD-8F3AA7A766A139CB77EBF833,GEN-229093FAA1ABEACD12350A89,MED-2026-W352,西替利嗪,,DROPS_UNSPECIFIED,滴剂,10mg/ml,TEXT_REQUIRES_REVIEW,,,,,[],SOURCE_UNVERIFIED,否
STD-7CD9B5E1D499EFEB1E77121B,GEN-229093FAA1ABEACD12350A89,MED-2026-W352,西替利嗪,,ORAL_SOLUTION,口服溶液剂,1mg/ml,TEXT_REQUIRES_REVIEW,,,,,[],SOURCE_UNVERIFIED,否
STD-FB03B7F3B0F578BEFAE046AF,GEN-229093FAA1ABEACD12350A89,MED-2026-W352,西替利嗪,,TABLET,片剂,10mg,AMOUNT_PER_PRESENTATION,10,mg,,,[],SOURCE_UNVERIFIED,否
STD-F5B5877444D5A184E465D057,GEN-38811067610DF4606E179A52,MED-2026-W353,硫唑嘌呤,,TABLET,片剂,100mg,AMOUNT_PER_PRESENTATION,100,mg,,,[],SOURCE_UNVERIFIED,否
STD-923B1F32A2294400F18A176B,GEN-38811067610DF4606E179A52,MED-2026-W353,硫唑嘌呤,,TABLET,片剂,50mg,AMOUNT_PER_PRESENTATION,50,mg,,,[],SOURCE_UNVERIFIED,否
STD-444FEB9F84C8A190ED2F04AD,GEN-7D93F259BAA77D1F2D72360B,MED-2026-W355,他克莫司,,CAPSULE,胶囊,0.5mg,AMOUNT_PER_PRESENTATION,0.5,mg,,,[],SOURCE_UNVERIFIED,否
STD-3CC70D23528FF42B37CB0E55,GEN-7D93F259BAA77D1F2D72360B,MED-2026-W355,他克莫司,,CAPSULE,胶囊,1mg,AMOUNT_PER_PRESENTATION,1,mg,,,[],SOURCE_UNVERIFIED,否
STD-0D31038A640A694203BB3024,GEN-7D93F259BAA77D1F2D72360B,MED-2026-W355,他克莫司,,EXTENDED_RELEASE_CAPSULE,缓释胶囊,0.5mg,AMOUNT_PER_PRESENTATION,0.5,mg,,,[],SOURCE_UNVERIFIED,否
STD-208BDC828308AB67DAB7D2A7,GEN-7D93F259BAA77D1F2D72360B,MED-2026-W355,他克莫司,,EXTENDED_RELEASE_CAPSULE,缓释胶囊,1mg,AMOUNT_PER_PRESENTATION,1,mg,,,[],SOURCE_UNVERIFIED,否
STD-61F0D39F41B90B37ED32E68C,GEN-7D93F259BAA77D1F2D72360B,MED-2026-W355,他克莫司,,GRANULE,颗粒剂,1mg,AMOUNT_PER_PRESENTATION,1,mg,,,[],SOURCE_UNVERIFIED,否
STD-7AE7A0AB6ABE22CAE43C598C,GEN-CD3F042C7AFB7C9DD3F4762B,MED-2026-W356,吗替麦考酚酯,,CAPSULE,胶囊,0.25g,AMOUNT_PER_PRESENTATION,0.25,g,,,[],SOURCE_UNVERIFIED,否
STD-42E6A8EB44F67972302EFD9B,GEN-CD3F042C7AFB7C9DD3F4762B,MED-2026-W356,吗替麦考酚酯,,DISPERSIBLE_TABLET,分散片,0.25g,AMOUNT_PER_PRESENTATION,0.25,g,,,[],SOURCE_UNVERIFIED,否
STD-B65FFE551CCC9A883711EDD6,GEN-CD3F042C7AFB7C9DD3F4762B,MED-2026-W356,吗替麦考酚酯,,DISPERSIBLE_TABLET,分散片,0.5g,AMOUNT_PER_PRESENTATION,0.5,g,,,[],SOURCE_UNVERIFIED,否
STD-A6567C77B2A0869192456D9B,GEN-CD3F042C7AFB7C9DD3F4762B,MED-2026-W356,吗替麦考酚酯,,TABLET,片剂,0.25g,AMOUNT_PER_PRESENTATION,0.25,g,,,[],SOURCE_UNVERIFIED,否
STD-F29FB17E9F78CF62457A6F42,GEN-CD3F042C7AFB7C9DD3F4762B,MED-2026-W356,吗替麦考酚酯,,TABLET,片剂,0.5g,AMOUNT_PER_PRESENTATION,0.5,g,,,[],SOURCE_UNVERIFIED,否
STD-BB9460EEBE7D67D30BAF3DBE,GEN-517528D809BFEA0BBDADF363,MED-2026-W357,泰它西普,,POWDER_FOR_INJECTION,注射用无菌粉末,80mg,AMOUNT_PER_PRESENTATION,80,mg,,,[],SOURCE_UNVERIFIED,否
STD-EB845EAE0ACAC2FA3E673E2D,GEN-1DFA1B70CD419C37A9A0A8FE,MED-2026-W358,阿达木单抗,,INJECTION,注射液,0.8ml:40mg,CONCENTRATION,40,mg,0.8,mL,[],SOURCE_UNVERIFIED,否
STD-E90E6C0947BA1904824C1EB4,GEN-D6ADCE4E72F8B93C05D590C7,MED-2026-W359,托法替布,,EXTENDED_RELEASE_TABLET,缓释片,11mg,AMOUNT_PER_PRESENTATION,11,mg,,,[],SOURCE_UNVERIFIED,否
STD-15424DD2E420BDCB07C12311,GEN-D6ADCE4E72F8B93C05D590C7,MED-2026-W359,托法替布,,TABLET,片剂,5mg,AMOUNT_PER_PRESENTATION,5,mg,,,[],SOURCE_UNVERIFIED,否
STD-7741B7FFD2E47BB573EB0D62,GEN-F8E268FF4D8FE27C421F83E4,MED-2026-W360,司莫司汀,,CAPSULE,胶囊,10mg,AMOUNT_PER_PRESENTATION,10,mg,,,[],SOURCE_UNVERIFIED,否
STD-181EF30E0C486AFF35737C1A,GEN-F8E268FF4D8FE27C421F83E4,MED-2026-W360,司莫司汀,,CAPSULE,胶囊,50mg,AMOUNT_PER_PRESENTATION,50,mg,,,[],SOURCE_UNVERIFIED,否
STD-5C504D52AB1C7C640D80C0FC,GEN-9917DA515BE5F21FA99C94C7,MED-2026-W361,环磷酰胺,,POWDER_FOR_INJECTION,注射用无菌粉末,100mg,AMOUNT_PER_PRESENTATION,100,mg,,,[],SOURCE_UNVERIFIED,否
STD-5FBF0239600CBE2000FB9D5B,GEN-9917DA515BE5F21FA99C94C7,MED-2026-W361,环磷酰胺,,POWDER_FOR_INJECTION,注射用无菌粉末,200mg,AMOUNT_PER_PRESENTATION,200,mg,,,[],SOURCE_UNVERIFIED,否
STD-43348C07D32711BC03FC882A,GEN-9917DA515BE5F21FA99C94C7,MED-2026-W361,环磷酰胺,,POWDER_FOR_INJECTION,注射用无菌粉末,500mg,AMOUNT_PER_PRESENTATION,500,mg,,,[],SOURCE_UNVERIFIED,否
STD-ADE27C8959305D481A2414BA,GEN-9917DA515BE5F21FA99C94C7,MED-2026-W361,环磷酰胺,,TABLET,片剂,50mg,AMOUNT_PER_PRESENTATION,50,mg,,,[],SOURCE_UNVERIFIED,否
STD-EA1E12AC1EE9AE454F30BFB5,GEN-4ACE9B06535624EFF91FB09F,MED-2026-W362,异环磷酰胺,,POWDER_FOR_INJECTION,注射用无菌粉末,0.5g,AMOUNT_PER_PRESENTATION,0.5,g,,,[],SOURCE_UNVERIFIED,否
STD-BD91153E0DD7AE490396A471,GEN-4ACE9B06535624EFF91FB09F,MED-2026-W362,异环磷酰胺,,POWDER_FOR_INJECTION,注射用无菌粉末,1.0g,AMOUNT_PER_PRESENTATION,1,g,,,[],SOURCE_UNVERIFIED,否
STD-B3597B08D23E7AC4F0AB8AFB,GEN-8F1345767ECCDAAC3F4D3B63,MED-2026-W363,白消安,,INJECTION,注射液,10ml:60mg,CONCENTRATION,60,mg,10,mL,[],SOURCE_UNVERIFIED,否
STD-E3D1B68CD96DC2ABC14BC5BD,GEN-8F1345767ECCDAAC3F4D3B63,MED-2026-W363,白消安,,TABLET,片剂,0.5mg,AMOUNT_PER_PRESENTATION,0.5,mg,,,[],SOURCE_UNVERIFIED,否
STD-9C7008AA0C58C87574842DDD,GEN-8F1345767ECCDAAC3F4D3B63,MED-2026-W363,白消安,,TABLET,片剂,2mg,AMOUNT_PER_PRESENTATION,2,mg,,,[],SOURCE_UNVERIFIED,否
STD-E847E1567951CEE96C3074E1,GEN-5A7EB74D70C85FAF81186370,MED-2026-W364,替莫唑胺,,CAPSULE,胶囊,100mg,AMOUNT_PER_PRESENTATION,100,mg,,,[],SOURCE_UNVERIFIED,否
STD-D7799F078B91BE8B91B55E3C,GEN-5A7EB74D70C85FAF81186370,MED-2026-W364,替莫唑胺,,CAPSULE,胶囊,20mg,AMOUNT_PER_PRESENTATION,20,mg,,,[],SOURCE_UNVERIFIED,否
STD-8173D5D8436E880BF72FC33F,GEN-5A7EB74D70C85FAF81186370,MED-2026-W364,替莫唑胺,,POWDER_FOR_INJECTION,注射用无菌粉末,100mg,AMOUNT_PER_PRESENTATION,100,mg,,,[],SOURCE_UNVERIFIED,否
STD-D1DC65B5BC9A140CFEFF313B,GEN-34FFEBF61341F1E6F66873CD,MED-2026-W365,甲氨蝶呤,,INJECTION,注射液,10ml:1g,CONCENTRATION,1,g,10,mL,[],SOURCE_UNVERIFIED,否
STD-02B1B84CF342F73A4DE91426,GEN-34FFEBF61341F1E6F66873CD,MED-2026-W365,甲氨蝶呤,,INJECTION,注射液,2ml:50mg,CONCENTRATION,50,mg,2,mL,[],SOURCE_UNVERIFIED,否
STD-D837FF0865F1DCF9744BFD8D,GEN-34FFEBF61341F1E6F66873CD,MED-2026-W365,甲氨蝶呤,,POWDER_FOR_INJECTION,注射用无菌粉末,100mg,AMOUNT_PER_PRESENTATION,100,mg,,,[],SOURCE_UNVERIFIED,否
STD-E4C409CBA91F6BC9AE03F3D2,GEN-34FFEBF61341F1E6F66873CD,MED-2026-W365,甲氨蝶呤,,POWDER_FOR_INJECTION,注射用无菌粉末,5mg,AMOUNT_PER_PRESENTATION,5,mg,,,[],SOURCE_UNVERIFIED,否
STD-7EDE65926A2604E39B987C9F,GEN-34FFEBF61341F1E6F66873CD,MED-2026-W365,甲氨蝶呤,,TABLET,片剂,2.5mg,AMOUNT_PER_PRESENTATION,2.5,mg,,,[],SOURCE_UNVERIFIED,否
STD-D8416495A87832C3C4F87F81,GEN-9B884331D89F157AA4458767,MED-2026-W366,培美曲塞,,POWDER_FOR_INJECTION,注射用无菌粉末,0.1g,AMOUNT_PER_PRESENTATION,0.1,g,,,[],SOURCE_UNVERIFIED,否
STD-6028903C13132253F3A1A97E,GEN-9B884331D89F157AA4458767,MED-2026-W366,培美曲塞,,POWDER_FOR_INJECTION,注射用无菌粉末,0.2g,AMOUNT_PER_PRESENTATION,0.2,g,,,[],SOURCE_UNVERIFIED,否
STD-C5BF74FE18E5CAAF9FB00DE1,GEN-9B884331D89F157AA4458767,MED-2026-W366,培美曲塞,,POWDER_FOR_INJECTION,注射用无菌粉末,0.5g,AMOUNT_PER_PRESENTATION,0.5,g,,,[],SOURCE_UNVERIFIED,否
STD-7BFEDE4ACCDC34DCD902AF73,GEN-8986EE73AF3BEF42CAF5339D,MED-2026-W367,巯嘌呤,,TABLET,片剂,25mg,AMOUNT_PER_PRESENTATION,25,mg,,,[],SOURCE_UNVERIFIED,否
STD-F26F7B32F448ED133A6FB9EF,GEN-8986EE73AF3BEF42CAF5339D,MED-2026-W367,巯嘌呤,,TABLET,片剂,50mg,AMOUNT_PER_PRESENTATION,50,mg,,,[],SOURCE_UNVERIFIED,否
STD-2E6B788EC427855E81CDF79D,GEN-E315226748EF1AFDF7A93F46,MED-2026-W368,阿糖胞苷,,POWDER_FOR_INJECTION,注射用无菌粉末,100mg,AMOUNT_PER_PRESENTATION,100,mg,,,[],SOURCE_UNVERIFIED,否
STD-B6603DCAFB3BE1860E623655,GEN-E315226748EF1AFDF7A93F46,MED-2026-W368,阿糖胞苷,,POWDER_FOR_INJECTION,注射用无菌粉末,500mg,AMOUNT_PER_PRESENTATION,500,mg,,,[],SOURCE_UNVERIFIED,否
STD-70988DED9DF87E501F82F806,GEN-E315226748EF1AFDF7A93F46,MED-2026-W368,阿糖胞苷,,POWDER_FOR_INJECTION,注射用无菌粉末,50mg,AMOUNT_PER_PRESENTATION,50,mg,,,[],SOURCE_UNVERIFIED,否
STD-823EBFE023DA947816A67CED,GEN-DA6FE0D1730B4FF8FC619543,MED-2026-W369,羟基脲,,TABLET,片剂,0.5g,AMOUNT_PER_PRESENTATION,0.5,g,,,[],SOURCE_UNVERIFIED,否
STD-22B7364DAB30223E679BCC80,GEN-63DC118E335BE0933C388184,MED-2026-W370,氟尿嘧啶,,INJECTION,注射液,10ml:0.25g,CONCENTRATION,0.25,g,10,mL,[],SOURCE_UNVERIFIED,否
STD-81980537F909121AC2952186,GEN-63DC118E335BE0933C388184,MED-2026-W370,氟尿嘧啶,,INJECTION,注射液,10ml:0.5g,CONCENTRATION,0.5,g,10,mL,[],SOURCE_UNVERIFIED,否
STD-9FDCC21BFBFA68A2231CF1FB,GEN-0A048C25AEFB58B230639B14,MED-2026-W371,吉西他滨,,POWDER_FOR_INJECTION,注射用无菌粉末,0.2g,AMOUNT_PER_PRESENTATION,0.2,g,,,[],SOURCE_UNVERIFIED,否
STD-BED102DB4129E6DB710DAA08,GEN-0A048C25AEFB58B230639B14,MED-2026-W371,吉西他滨,,POWDER_FOR_INJECTION,注射用无菌粉末,1.0g,AMOUNT_PER_PRESENTATION,1,g,,,[],SOURCE_UNVERIFIED,否
STD-7F126DDADDF8E30F8D70FFBC,GEN-AEAD54038B0B7BAA6476FA52,MED-2026-W372,依托泊苷,,INJECTION,注射液,2ml:40mg,CONCENTRATION,40,mg,2,mL,[],SOURCE_UNVERIFIED,否
STD-458415457AC22DD7EFADCC64,GEN-AEAD54038B0B7BAA6476FA52,MED-2026-W372,依托泊苷,,INJECTION,注射液,5ml:100mg,CONCENTRATION,100,mg,5,mL,[],SOURCE_UNVERIFIED,否
STD-8A3B6EDE5DD38B62C6096064,GEN-17BA76BDDC25D16F75BC6AC1,MED-2026-W373,多柔比星,,POWDER_FOR_INJECTION,注射用无菌粉末,10mg,AMOUNT_PER_PRESENTATION,10,mg,,,[],SOURCE_UNVERIFIED,否
STD-6A3683149626C2620CB338F3,GEN-FC0D387CEBD31A5A29DB643B,MED-2026-W374,柔红霉素,,POWDER_FOR_INJECTION,注射用无菌粉末,20mg,AMOUNT_PER_PRESENTATION,20,mg,,,[],SOURCE_UNVERIFIED,否
STD-FAFF2D0B6CF0C04F28DFEF2E,GEN-5565CA9D8D5D7ED41D80F902,MED-2026-W375,平阳霉素,,POWDER_FOR_INJECTION,注射用无菌粉末,4mg,AMOUNT_PER_PRESENTATION,4,mg,,,[],SOURCE_UNVERIFIED,否
STD-05293E5C25C4B89EDDB9F214,GEN-5565CA9D8D5D7ED41D80F902,MED-2026-W375,平阳霉素,,POWDER_FOR_INJECTION,注射用无菌粉末,8mg,AMOUNT_PER_PRESENTATION,8,mg,,,[],SOURCE_UNVERIFIED,否
STD-D32B584FD7F197C0D83C1CAE,GEN-7C3C5B59E1066250AAE72500,MED-2026-W376,长春新碱,,INJECTION,注射液,1ml:1mg,CONCENTRATION,1,mg,1,mL,[],SOURCE_UNVERIFIED,否
STD-090D01E6DF0E696770D6D3F4,GEN-7C3C5B59E1066250AAE72500,MED-2026-W376,长春新碱,,POWDER_FOR_INJECTION,注射用无菌粉末,1mg,AMOUNT_PER_PRESENTATION,1,mg,,,[],SOURCE_UNVERIFIED,否
STD-939B7D3FDF6ED536E759578B,GEN-93AB15EC508AE6784540C356,MED-2026-W377,紫杉醇,,INJECTION,注射液,10ml:60mg,CONCENTRATION,60,mg,10,mL,[],SOURCE_UNVERIFIED,否
STD-C35BEBD7C42C8D0A834F3788,GEN-93AB15EC508AE6784540C356,MED-2026-W377,紫杉醇,,INJECTION,注射液,5ml:30mg,CONCENTRATION,30,mg,5,mL,[],SOURCE_UNVERIFIED,否
STD-FE03DEA8FD72C1816D6316B0,GEN-93AB15EC508AE6784540C356,MED-2026-W377,紫杉醇,白蛋白结合型,POWDER_FOR_INJECTION,注射用无菌粉末,100mg,AMOUNT_PER_PRESENTATION,100,mg,,,[],SOURCE_UNVERIFIED,否
STD-354DBCB8D1722DE17D6643B3,GEN-D8306C95AAFB0714F4450A64,MED-2026-W378,高三尖杉酯碱,,INJECTION,注射液,1ml:1mg,CONCENTRATION,1,mg,1,mL,[],SOURCE_UNVERIFIED,否
STD-4179E16E2C67E0CD08A32586,GEN-D8306C95AAFB0714F4450A64,MED-2026-W378,高三尖杉酯碱,,INJECTION,注射液,2ml:2mg,CONCENTRATION,2,mg,2,mL,[],SOURCE_UNVERIFIED,否
STD-7992566565C3122DFB573F84,GEN-638CCE1BE9013CA7F7BFC24A,MED-2026-W379,他莫昔芬,,TABLET,片剂,10mg,AMOUNT_PER_PRESENTATION,10,mg,,,[],SOURCE_UNVERIFIED,否
STD-6E6724EE1E3FE8997C932E3A,GEN-B81C843A724E5CD3263BFD6A,MED-2026-W380,来曲唑,,TABLET,片剂,2.5mg,AMOUNT_PER_PRESENTATION,2.5,mg,,,[],SOURCE_UNVERIFIED,否
STD-25D9A0F18F90B1726C0494CD,GEN-0A38ED56F6F08A9A18DADC55,MED-2026-W381,顺铂,,INJECTION,注射液,1mg/ml,TEXT_REQUIRES_REVIEW,,,,,[],SOURCE_UNVERIFIED,否
STD-9919D49B93C133BF6A3DF3EF,GEN-0A38ED56F6F08A9A18DADC55,MED-2026-W381,顺铂,,INJECTION,注射液,5mg/ml,TEXT_REQUIRES_REVIEW,,,,,[],SOURCE_UNVERIFIED,否
STD-F51C57FD84480391F338783C,GEN-0A38ED56F6F08A9A18DADC55,MED-2026-W381,顺铂,,POWDER_FOR_INJECTION,注射用无菌粉末,10mg,AMOUNT_PER_PRESENTATION,10,mg,,,[],SOURCE_UNVERIFIED,否
STD-98144973A3B2BBAA159E18A1,GEN-0A38ED56F6F08A9A18DADC55,MED-2026-W381,顺铂,,POWDER_FOR_INJECTION,注射用无菌粉末,20mg,AMOUNT_PER_PRESENTATION,20,mg,,,[],SOURCE_UNVERIFIED,否
STD-5C707B7892F810491932AE2A,GEN-0A38ED56F6F08A9A18DADC55,MED-2026-W381,顺铂,,POWDER_FOR_INJECTION,注射用无菌粉末,30mg,AMOUNT_PER_PRESENTATION,30,mg,,,[],SOURCE_UNVERIFIED,否
STD-964726C87D356DA466D289F4,GEN-22F7DF4991EAE507CBD5B7B0,MED-2026-W382,奥沙利铂,,INJECTION,注射液,10ml:50mg,CONCENTRATION,50,mg,10,mL,[],SOURCE_UNVERIFIED,否
STD-F01C425C28552C4FE0348440,GEN-22F7DF4991EAE507CBD5B7B0,MED-2026-W382,奥沙利铂,,POWDER_FOR_INJECTION,注射用无菌粉末,100mg,AMOUNT_PER_PRESENTATION,100,mg,,,[],SOURCE_UNVERIFIED,否
STD-016FD8C34EFACE23186EEE6B,GEN-22F7DF4991EAE507CBD5B7B0,MED-2026-W382,奥沙利铂,,POWDER_FOR_INJECTION,注射用无菌粉末,50mg,AMOUNT_PER_PRESENTATION,50,mg,,,[],SOURCE_UNVERIFIED,否
STD-5E801F143861D155F3F5D362,GEN-1E055ED782B3FD724F6DC27E,MED-2026-W383,卡铂,,INJECTION,注射液,10ml:100mg,CONCENTRATION,100,mg,10,mL,[],SOURCE_UNVERIFIED,否
STD-5F879EEB992FE15CB99E6BDD,GEN-1E055ED782B3FD724F6DC27E,MED-2026-W383,卡铂,,POWDER_FOR_INJECTION,注射用无菌粉末,100mg,AMOUNT_PER_PRESENTATION,100,mg,,,[],SOURCE_UNVERIFIED,否
STD-DDA2D4095DFC4C38FA6EBCA7,GEN-1E055ED782B3FD724F6DC27E,MED-2026-W383,卡铂,,POWDER_FOR_INJECTION,注射用无菌粉末,50mg,AMOUNT_PER_PRESENTATION,50,mg,,,[],SOURCE_UNVERIFIED,否
STD-392C349900161FC51685111B,GEN-0B701DB9B0D88809063DE9A0,MED-2026-W384,三氧化二砷(亚砷酸),,INJECTION,注射液,10ml:10mg,CONCENTRATION,10,mg,10,mL,[],SOURCE_UNVERIFIED,否
STD-0A6C1A76C793F1F1C7FC6E4D,GEN-0B701DB9B0D88809063DE9A0,MED-2026-W384,三氧化二砷(亚砷酸),,INJECTION,注射液,5ml:5mg,CONCENTRATION,5,mg,5,mL,[],SOURCE_UNVERIFIED,否
STD-3C2231CBD417BA1C1D7E72D2,GEN-0B701DB9B0D88809063DE9A0,MED-2026-W384,三氧化二砷(亚砷酸),,POWDER_FOR_INJECTION,注射用无菌粉末,10mg,AMOUNT_PER_PRESENTATION,10,mg,,,[],SOURCE_UNVERIFIED,否
STD-FD802E6E9F7AE8D6A21EAB11,GEN-0B701DB9B0D88809063DE9A0,MED-2026-W384,三氧化二砷(亚砷酸),,POWDER_FOR_INJECTION,注射用无菌粉末,5mg,AMOUNT_PER_PRESENTATION,5,mg,,,[],SOURCE_UNVERIFIED,否
STD-D8908DC8AB6E02C4FE1FBADF,GEN-F46AFDEF44BB1F9045268D26,MED-2026-W385,门冬酰胺酶,,POWDER_FOR_INJECTION,注射用无菌粉末,10000单位,AMOUNT_PER_PRESENTATION,10000,单位,,,[],SOURCE_UNVERIFIED,否
STD-E80148255D6C5A88160A8601,GEN-F46AFDEF44BB1F9045268D26,MED-2026-W385,门冬酰胺酶,,POWDER_FOR_INJECTION,注射用无菌粉末,5000单位,AMOUNT_PER_PRESENTATION,5000,单位,,,[],SOURCE_UNVERIFIED,否
STD-C35A3243929E73A609E53F80,GEN-FF84D98642833DE6A78D1748,MED-2026-W386,亚叶酸钙,,INJECTION,注射液,10ml:100mg,CONCENTRATION,100,mg,10,mL,[],SOURCE_UNVERIFIED,否
STD-0780D5EF42A87AFB364EB794,GEN-FF84D98642833DE6A78D1748,MED-2026-W386,亚叶酸钙,,POWDER_FOR_INJECTION,注射用无菌粉末,100mg,AMOUNT_PER_PRESENTATION,100,mg,,,[],SOURCE_UNVERIFIED,否
STD-A51033FDCA75B196F7712763,GEN-FF84D98642833DE6A78D1748,MED-2026-W386,亚叶酸钙,,POWDER_FOR_INJECTION,注射用无菌粉末,25mg,AMOUNT_PER_PRESENTATION,25,mg,,,[],SOURCE_UNVERIFIED,否
STD-4D31731155B03311995BC291,GEN-FF84D98642833DE6A78D1748,MED-2026-W386,亚叶酸钙,,POWDER_FOR_INJECTION,注射用无菌粉末,3mg,AMOUNT_PER_PRESENTATION,3,mg,,,[],SOURCE_UNVERIFIED,否
STD-BC03C8CE9DE1A9C03A8FE35E,GEN-FF84D98642833DE6A78D1748,MED-2026-W386,亚叶酸钙,,POWDER_FOR_INJECTION,注射用无菌粉末,50mg,AMOUNT_PER_PRESENTATION,50,mg,,,[],SOURCE_UNVERIFIED,否
STD-7E9A416428289B260C9D0B0F,GEN-34D3175B24D16B8731FB8AA4,MED-2026-W387,维A酸,,TABLET,片剂,10mg,AMOUNT_PER_PRESENTATION,10,mg,,,[],SOURCE_UNVERIFIED,否
STD-2653219E04475F8913C87E9D,GEN-BB313D8AB70D5DD310A61BB1,MED-2026-W388,卡培他滨,,TABLET,片剂,0.15g,AMOUNT_PER_PRESENTATION,0.15,g,,,[],SOURCE_UNVERIFIED,否
STD-06718543C45495B973544867,GEN-BB313D8AB70D5DD310A61BB1,MED-2026-W388,卡培他滨,,TABLET,片剂,0.5g,AMOUNT_PER_PRESENTATION,0.5,g,,,[],SOURCE_UNVERIFIED,否
STD-684196D8DDEA5136BA0D0FCA,GEN-6EA509D4CD419131898EE486,MED-2026-W389,硼替佐米,,POWDER_FOR_INJECTION,注射用无菌粉末,1mg,AMOUNT_PER_PRESENTATION,1,mg,,,[],SOURCE_UNVERIFIED,否
STD-68338CAD55C6DE6A9039B08E,GEN-6EA509D4CD419131898EE486,MED-2026-W389,硼替佐米,,POWDER_FOR_INJECTION,注射用无菌粉末,2.5mg,AMOUNT_PER_PRESENTATION,2.5,mg,,,[],SOURCE_UNVERIFIED,否
STD-955EEE75C3B5057395BA79D2,GEN-6EA509D4CD419131898EE486,MED-2026-W389,硼替佐米,,POWDER_FOR_INJECTION,注射用无菌粉末,3.5mg,AMOUNT_PER_PRESENTATION,3.5,mg,,,[],SOURCE_UNVERIFIED,否
STD-15B6489460FE5EC979BE1248,GEN-043E7AA7E2C8C09BBCEFE30D,MED-2026-W390,美司钠,,INJECTION,注射液,2ml:0.2g,CONCENTRATION,0.2,g,2,mL,[],SOURCE_UNVERIFIED,否
STD-AB39484F93334B54E9773155,GEN-043E7AA7E2C8C09BBCEFE30D,MED-2026-W390,美司钠,,INJECTION,注射液,4ml:0.4g,CONCENTRATION,0.4,g,4,mL,[],SOURCE_UNVERIFIED,否
STD-6FEDB4550C5CC65379E1537E,GEN-26A04D8D322E92133D0545BD,MED-2026-W391,吉非替尼,,TABLET,片剂,0.25g,AMOUNT_PER_PRESENTATION,0.25,g,,,[],SOURCE_UNVERIFIED,否
STD-F94D12CA9B7B44D346AEC348,GEN-CDD9B82C63CB551CF9F636C3,MED-2026-W392,伊马替尼,,CAPSULE,胶囊,0.05g,AMOUNT_PER_PRESENTATION,0.05,g,,,[],SOURCE_UNVERIFIED,否
STD-3BAB048B618CF918360E885B,GEN-CDD9B82C63CB551CF9F636C3,MED-2026-W392,伊马替尼,,CAPSULE,胶囊,0.1g,AMOUNT_PER_PRESENTATION,0.1,g,,,[],SOURCE_UNVERIFIED,否
STD-1823A4871B9E172AA084043E,GEN-CDD9B82C63CB551CF9F636C3,MED-2026-W392,伊马替尼,,TABLET,片剂,0.1g,AMOUNT_PER_PRESENTATION,0.1,g,,,[],SOURCE_UNVERIFIED,否
STD-0316E9404684E73AFE7AFD36,GEN-CDD9B82C63CB551CF9F636C3,MED-2026-W392,伊马替尼,,TABLET,片剂,0.4g,AMOUNT_PER_PRESENTATION,0.4,g,,,[],SOURCE_UNVERIFIED,否
STD-2A27BA29B8F55D2F126D6839,GEN-DBE751D36C7842631C564E44,MED-2026-W393,埃克替尼,,TABLET,片剂,125mg,AMOUNT_PER_PRESENTATION,125,mg,,,[],SOURCE_UNVERIFIED,否
STD-F06CC4D606CB1AC7682FDFBA,GEN-7719209D60401C403E8BC00F,MED-2026-W394,奥希替尼,,TABLET,片剂,40mg,AMOUNT_PER_PRESENTATION,40,mg,,,[],SOURCE_UNVERIFIED,否
STD-5C3D04B2DF39C3271FDD51BB,GEN-7719209D60401C403E8BC00F,MED-2026-W394,奥希替尼,,TABLET,片剂,80mg,AMOUNT_PER_PRESENTATION,80,mg,,,[],SOURCE_UNVERIFIED,否
STD-71825C90099EB0928608A080,GEN-7026067FD68F7A51003AAC9C,MED-2026-W395,利妥昔单抗,,INJECTION,注射液,100mg/10ml,TEXT_REQUIRES_REVIEW,,,,,[],SOURCE_UNVERIFIED,否
STD-8B9C5D6A68CE1A85D0E04BBC,GEN-7026067FD68F7A51003AAC9C,MED-2026-W395,利妥昔单抗,,INJECTION,注射液,500mg/50ml,TEXT_REQUIRES_REVIEW,,,,,[],SOURCE_UNVERIFIED,否
STD-3B504B82A5C9A73E318395AE,GEN-385749F53E958E38DAEB3EB5,MED-2026-W396,曲妥珠单抗,,POWDER_FOR_INJECTION,注射用无菌粉末,150mg,AMOUNT_PER_PRESENTATION,150,mg,,,[],SOURCE_UNVERIFIED,否
STD-78C0D079BFBB89243DEA2683,GEN-385749F53E958E38DAEB3EB5,MED-2026-W396,曲妥珠单抗,,POWDER_FOR_INJECTION,注射用无菌粉末,440mg,AMOUNT_PER_PRESENTATION,440,mg,,,[],SOURCE_UNVERIFIED,否
STD-B246A30D38272CC9502A1E5F,GEN-385749F53E958E38DAEB3EB5,MED-2026-W396,曲妥珠单抗,,POWDER_FOR_INJECTION,注射用无菌粉末,60mg,AMOUNT_PER_PRESENTATION,60,mg,,,[],SOURCE_UNVERIFIED,否
STD-3B76CE2128FF5C9CFED24D32,GEN-C2D17C771EC09B94EE602A21,MED-2026-W397,贝伐珠单抗,,INJECTION,注射液,16ml:400mg,CONCENTRATION,400,mg,16,mL,[],SOURCE_UNVERIFIED,否
STD-B423C407C52F4B10E0E54AF0,GEN-C2D17C771EC09B94EE602A21,MED-2026-W397,贝伐珠单抗,,INJECTION,注射液,4ml:100mg,CONCENTRATION,100,mg,4,mL,[],SOURCE_UNVERIFIED,否
STD-8DD5CB606CB0BF9ED3DF001D,GEN-ED9BCB9226D2F92416ECFB8D,MED-2026-W398,奥拉帕利,,TABLET,片剂,100mg,AMOUNT_PER_PRESENTATION,100,mg,,,[],SOURCE_UNVERIFIED,否
STD-D25EF2C6E847CDAD5AA792CA,GEN-ED9BCB9226D2F92416ECFB8D,MED-2026-W398,奥拉帕利,,TABLET,片剂,150mg,AMOUNT_PER_PRESENTATION,150,mg,,,[],SOURCE_UNVERIFIED,否
STD-D8C519AABA4B064BD6A2A592,GEN-931354EFEA8E5355B47AD346,MED-2026-W399,维生素B1,,INJECTION,注射液,2ml:100mg,CONCENTRATION,100,mg,2,mL,[],SOURCE_UNVERIFIED,否
STD-D6966F2891BA1DEC0242BE92,GEN-931354EFEA8E5355B47AD346,MED-2026-W399,维生素B1,,INJECTION,注射液,2ml:50mg,CONCENTRATION,50,mg,2,mL,[],SOURCE_UNVERIFIED,否
STD-39A1D1BD1226B3D8ABA80D99,GEN-EECA679ED87705CD5F4425F8,MED-2026-W400,维生素B2,,TABLET,片剂,10mg,AMOUNT_PER_PRESENTATION,10,mg,,,[],SOURCE_UNVERIFIED,否
STD-628351A9967BB1A907167D50,GEN-EECA679ED87705CD5F4425F8,MED-2026-W400,维生素B2,,TABLET,片剂,5mg,AMOUNT_PER_PRESENTATION,5,mg,,,[],SOURCE_UNVERIFIED,否
STD-18CAA34C5C660B1C21918F47,GEN-F47F015F6B20ADD99D6BC170,MED-2026-W401,维生素B6,,INJECTION,注射液,1ml:50mg,CONCENTRATION,50,mg,1,mL,[],SOURCE_UNVERIFIED,否
STD-6DBA6D11105E8CDA90E0112F,GEN-F47F015F6B20ADD99D6BC170,MED-2026-W401,维生素B6,,INJECTION,注射液,2ml:0.1g,CONCENTRATION,0.1,g,2,mL,[],SOURCE_UNVERIFIED,否
STD-514A715018FC25568E179D11,GEN-F47F015F6B20ADD99D6BC170,MED-2026-W401,维生素B6,,TABLET,片剂,10mg,AMOUNT_PER_PRESENTATION,10,mg,,,[],SOURCE_UNVERIFIED,否
STD-5514BF8DC5BAD98551E5E32C,GEN-AF8735BDBF1C012798A886D1,MED-2026-W402,维生素C,,INJECTION,注射液,2ml:0.5g,CONCENTRATION,0.5,g,2,mL,[],SOURCE_UNVERIFIED,否
STD-DBF04021617467058D81541D,GEN-AF8735BDBF1C012798A886D1,MED-2026-W402,维生素C,,INJECTION,注射液,5ml:1g,CONCENTRATION,1,g,5,mL,[],SOURCE_UNVERIFIED,否
STD-87DA2AF590342063D96F76B8,GEN-32266E8CF9E6CE404A4DC1FC,MED-2026-W404,葡萄糖酸钙,,INJECTION,注射液,10ml:1g,CONCENTRATION,1,g,10,mL,[],SOURCE_UNVERIFIED,否
STD-4ABEC8B4D4745EA852E01705,GEN-32266E8CF9E6CE404A4DC1FC,MED-2026-W404,葡萄糖酸钙,,TABLET,片剂,0.5g,AMOUNT_PER_PRESENTATION,0.5,g,,,[],SOURCE_UNVERIFIED,否
STD-9DEDAA6C36A52BB9C412F382,GEN-9F3170A998F4217C59A228DE,MED-2026-W405,复合磷酸氢钾,,INJECTION,注射液,2ml(磷酸二氢钾 0.4354g与磷酸氢二钾 0.639g),PRESENTATION_VOLUME,,,2,mL,[],SOURCE_UNVERIFIED,否
STD-78141A1F49882612398F4685,GEN-D3A7F50675A349075E60781A,MED-2026-W406,复方氨基酸 18AA,,INJECTION,注射液,200ml:12.25g(总氨基酸),CONCENTRATION,12.25,g,200,mL,[],SOURCE_UNVERIFIED,否
STD-41086832C5BD004391CC0580,GEN-D3A7F50675A349075E60781A,MED-2026-W406,复方氨基酸 18AA,,INJECTION,注射液,200ml:20.65g(总氨基酸),CONCENTRATION,20.65,g,200,mL,[],SOURCE_UNVERIFIED,否
STD-F1EB9A43C1BFE146B892EFB9,GEN-D3A7F50675A349075E60781A,MED-2026-W406,复方氨基酸 18AA,,INJECTION,注射液,250ml:12.5g(总氨基酸),CONCENTRATION,12.5,g,250,mL,[],SOURCE_UNVERIFIED,否
STD-2281919B9796FB04C47352A5,GEN-57D9748FAC2DF4310E2DDEB3,MED-2026-W407,脂肪乳氨基酸葡萄糖,,INJECTION,注射液,1440ml(20% 脂肪乳注射液 255ml;复方氨基酸注射液(17)300ml; 11% 葡萄糖注射液 885ml),TEXT_REQUIRES_REVIEW,,,,,[],SOURCE_UNVERIFIED,否
STD-AA7166AB7F2A91D5B8EA7EFC,GEN-57D9748FAC2DF4310E2DDEB3,MED-2026-W407,脂肪乳氨基酸葡萄糖,,INJECTION,注射液,1920ml(20% 脂肪乳注射液 340ml;复方氨基酸注射液(17)400ml; 11% 葡萄糖注射液 1180ml),TEXT_REQUIRES_REVIEW,,,,,[],SOURCE_UNVERIFIED,否
STD-38E8666242BFBE7F51A9407F,GEN-A731C47EC3363CA18FB8B361,MED-2026-W408,中/ 长链脂肪乳,,INJECTION,注射液,250ml(大豆油 12.5g;中链甘油三酸酯 12.5g),PRESENTATION_VOLUME,,,250,mL,[],SOURCE_UNVERIFIED,否
STD-5EF6D8FB434D1A9407C968DB,GEN-A731C47EC3363CA18FB8B361,MED-2026-W408,中/ 长链脂肪乳,,INJECTION,注射液,250ml(大豆油 25g;中链甘油三酸酯 25g;卵磷脂 3g),PRESENTATION_VOLUME,,,250,mL,[],SOURCE_UNVERIFIED,否
STD-98BCAE47A58FCEE1BF24D772,GEN-F0096813C74DBD48295A69EA,MED-2026-W409,整蛋白型肠内营养剂(粉剂),,POWDER_FORM,粉剂,320g/ 听,TEXT_REQUIRES_REVIEW,,,,,[],SOURCE_UNVERIFIED,否
STD-494586729FEC7E36A0C221A0,GEN-4C169D36FC5D0D2525E4B2B8,MED-2026-W411,氯化钠,,INJECTION,注射液,0.9%(10ml、50ml、100ml、 250ml、500ml、1000ml),PERCENT_UNSPECIFIED_BASIS,0.9,%,,,[],SOURCE_UNVERIFIED,否
STD-3F3BFBDFEA2D84AAEFDCA530,GEN-4C169D36FC5D0D2525E4B2B8,MED-2026-W411,氯化钠,,INJECTION,注射液,10%(10ml、100ml),PERCENT_UNSPECIFIED_BASIS,10,%,,,[],SOURCE_UNVERIFIED,否
STD-0FB6FF63A44912870C9B58A3,GEN-B4A59671B46502DC685C7E2A,MED-2026-W412,葡萄糖,,INJECTION,注射液,10%(100ml 、 200ml 、250ml 、500ml 、1000ml),PERCENT_UNSPECIFIED_BASIS,10,%,,,[],SOURCE_UNVERIFIED,否
STD-3C3A0683E0EDBE5A7949045B,GEN-B4A59671B46502DC685C7E2A,MED-2026-W412,葡萄糖,,INJECTION,注射液,25%(20ml 、100ml 、250ml、 500ml),PERCENT_UNSPECIFIED_BASIS,25,%,,,[],SOURCE_UNVERIFIED,否
STD-11D1D15E7AE5B1D29DE303DE,GEN-B4A59671B46502DC685C7E2A,MED-2026-W412,葡萄糖,,INJECTION,注射液,5%(100ml、200ml、250ml、 500ml 、1000ml),PERCENT_UNSPECIFIED_BASIS,5,%,,,[],SOURCE_UNVERIFIED,否
STD-C4C0DDD29BE1A2B4A4071F9E,GEN-B4A59671B46502DC685C7E2A,MED-2026-W412,葡萄糖,,INJECTION,注射液,50%(20ml 、100ml、 250ml),PERCENT_UNSPECIFIED_BASIS,50,%,,,[],SOURCE_UNVERIFIED,否
STD-5919C396FEFDE94060029EFC,GEN-EF0BB6F590405984118FDE79,MED-2026-W413,葡萄糖氯化钠,,INJECTION,注射液,100ml,PRESENTATION_VOLUME,,,100,mL,[],SOURCE_UNVERIFIED,否
STD-9FEC521022E41715E790B068,GEN-EF0BB6F590405984118FDE79,MED-2026-W413,葡萄糖氯化钠,,INJECTION,注射液,250ml,PRESENTATION_VOLUME,,,250,mL,[],SOURCE_UNVERIFIED,否
STD-AEDE407B0926CD6C2A2AF710,GEN-EF0BB6F590405984118FDE79,MED-2026-W413,葡萄糖氯化钠,,INJECTION,注射液,500ml,PRESENTATION_VOLUME,,,500,mL,[],SOURCE_UNVERIFIED,否
STD-96F67B4E8EA27E1D56026B70,GEN-EF0BB6F590405984118FDE79,MED-2026-W413,葡萄糖氯化钠,,INJECTION,注射液,50ml,PRESENTATION_VOLUME,,,50,mL,[],SOURCE_UNVERIFIED,否
STD-9A9B206D53349B2C7CC7F84B,GEN-92110FB3F298B32944380D81,MED-2026-W414,复方氯化钠,,INJECTION,注射液,250ml,PRESENTATION_VOLUME,,,250,mL,[],SOURCE_UNVERIFIED,否
STD-5DF4071AAA8DBB3FE01E49ED,GEN-92110FB3F298B32944380D81,MED-2026-W414,复方氯化钠,,INJECTION,注射液,500ml,PRESENTATION_VOLUME,,,500,mL,[],SOURCE_UNVERIFIED,否
STD-89B98AD53B0E6FCAADCA5F3C,GEN-5EFFF37C5B263FBCFDFC21BE,MED-2026-W415,氯化钾,,EXTENDED_RELEASE_TABLET,缓释片,0.5g,AMOUNT_PER_PRESENTATION,0.5,g,,,[],SOURCE_UNVERIFIED,否
STD-BEC94E4FCF568EA56AF08BE1,GEN-5EFFF37C5B263FBCFDFC21BE,MED-2026-W415,氯化钾,,INJECTION,注射液,10ml:1.5g颗粒剂,TEXT_REQUIRES_REVIEW,,,,,[],SOURCE_UNVERIFIED,否
STD-86B68C9392C317B0D52738A7,GEN-5EFFF37C5B263FBCFDFC21BE,MED-2026-W415,氯化钾,,INJECTION,注射液,10ml:1g,CONCENTRATION,1,g,10,mL,[],SOURCE_UNVERIFIED,否
STD-AB5D1398E31AA0E040F6E420,GEN-1CDB414CAE0649D8A83AE0DC,MED-2026-W416,乳酸钠林格,,INJECTION,注射液,500ml,PRESENTATION_VOLUME,,,500,mL,[],SOURCE_UNVERIFIED,否
STD-753202758873CED051582A7B,GEN-48DF86FAE32F413E8FF0A76B,MED-2026-W417,碳酸氢钠,,INJECTION,注射液,100ml:1.4g,CONCENTRATION,1.4,g,100,mL,[],SOURCE_UNVERIFIED,否
STD-3B9CD85C25AF17485A6F4DC1,GEN-48DF86FAE32F413E8FF0A76B,MED-2026-W417,碳酸氢钠,,INJECTION,注射液,10ml:0.5g,CONCENTRATION,0.5,g,10,mL,[],SOURCE_UNVERIFIED,否
STD-B4483C067D9B8C1343E74A1D,GEN-48DF86FAE32F413E8FF0A76B,MED-2026-W417,碳酸氢钠,,INJECTION,注射液,250ml:12.5g,CONCENTRATION,12.5,g,250,mL,[],SOURCE_UNVERIFIED,否
STD-A81E7AACDE02943C1C6799EE,GEN-48DF86FAE32F413E8FF0A76B,MED-2026-W417,碳酸氢钠,,INJECTION,注射液,50ml:4.2g,CONCENTRATION,4.2,g,50,mL,[],SOURCE_UNVERIFIED,否
STD-45D1BF75DB7AF1A1FF4110FE,GEN-48DF86FAE32F413E8FF0A76B,MED-2026-W417,碳酸氢钠,,TABLET,片剂,0.3g,AMOUNT_PER_PRESENTATION,0.3,g,,,[],SOURCE_UNVERIFIED,否
STD-66E1370EB0BC15FE7A474C43,GEN-48DF86FAE32F413E8FF0A76B,MED-2026-W417,碳酸氢钠,,TABLET,片剂,0.5g,AMOUNT_PER_PRESENTATION,0.5,g,,,[],SOURCE_UNVERIFIED,否
STD-779A033853AFD99ED77B724F,GEN-49CA26D87B3466ABA980909B,MED-2026-W418,司维拉姆,,TABLET,片剂,0.8g,AMOUNT_PER_PRESENTATION,0.8,g,,,[],SOURCE_UNVERIFIED,否
STD-BDE74AFC592E1D585B25CFE0,GEN-320D2A635824981166AD4339,MED-2026-W419,硫代硫酸钠,,INJECTION,注射液,10ml:0.5g,CONCENTRATION,0.5,g,10,mL,[],SOURCE_UNVERIFIED,否
STD-2554EA0F0514BD8D94FD1173,GEN-320D2A635824981166AD4339,MED-2026-W419,硫代硫酸钠,,INJECTION,注射液,20ml:1.0g,CONCENTRATION,1,g,20,mL,[],SOURCE_UNVERIFIED,否
STD-67C68E9E1DCCF1DD7BCA13C1,GEN-320D2A635824981166AD4339,MED-2026-W419,硫代硫酸钠,,INJECTION,注射液,20ml:10g,CONCENTRATION,10,g,20,mL,[],SOURCE_UNVERIFIED,否
STD-10CA7BF900DB2475186C37D0,GEN-320D2A635824981166AD4339,MED-2026-W419,硫代硫酸钠,,POWDER_FOR_INJECTION,注射用无菌粉末,0.32g,AMOUNT_PER_PRESENTATION,0.32,g,,,[],SOURCE_UNVERIFIED,否
STD-C6FEF2EFBB6EA604A8F003EE,GEN-320D2A635824981166AD4339,MED-2026-W419,硫代硫酸钠,,POWDER_FOR_INJECTION,注射用无菌粉末,0.64g,AMOUNT_PER_PRESENTATION,0.64,g,,,[],SOURCE_UNVERIFIED,否
STD-C088DBFA90551EC487189815,GEN-460E65E5A2B79D858C23A834,MED-2026-W420,氯解磷定,,INJECTION,注射液,2ml:0.25g,CONCENTRATION,0.25,g,2,mL,[],SOURCE_UNVERIFIED,否
STD-82FF44B0ED32BB5FED92E45F,GEN-460E65E5A2B79D858C23A834,MED-2026-W420,氯解磷定,,INJECTION,注射液,2ml:0.5g,CONCENTRATION,0.5,g,2,mL,[],SOURCE_UNVERIFIED,否
STD-F8B3DA76BC37A7132F4459C7,GEN-D70D2EA8F48C18C6A2C78DD2,MED-2026-W421,碘解磷定,,INJECTION,注射液,20ml:0.5g,CONCENTRATION,0.5,g,20,mL,[],SOURCE_UNVERIFIED,否
STD-4AF2E3B2E0ED8EA6D870336E,GEN-BE4913BA33820B5242CAE1CB,MED-2026-W422,戊乙奎醚,,INJECTION,注射液,1ml:0.5mg,CONCENTRATION,0.5,mg,1,mL,[],SOURCE_UNVERIFIED,否
STD-83AE147A0471882CD02DD015,GEN-BE4913BA33820B5242CAE1CB,MED-2026-W422,戊乙奎醚,,INJECTION,注射液,1ml:1mg,CONCENTRATION,1,mg,1,mL,[],SOURCE_UNVERIFIED,否
STD-96DDC713FD70C3F9FCED2A18,GEN-BE4913BA33820B5242CAE1CB,MED-2026-W422,戊乙奎醚,,INJECTION,注射液,2ml:2mg,CONCENTRATION,2,mg,2,mL,[],SOURCE_UNVERIFIED,否
STD-11FC980CCF048E1DAC4E9CF2,GEN-902F56AC544E5FB62D5AA2CB,MED-2026-W423,亚甲蓝,,INJECTION,注射液,10ml:100mg,CONCENTRATION,100,mg,10,mL,[],SOURCE_UNVERIFIED,否
STD-761A466B0EFC5925B2F9BF6B,GEN-902F56AC544E5FB62D5AA2CB,MED-2026-W423,亚甲蓝,,INJECTION,注射液,2ml:20mg,CONCENTRATION,20,mg,2,mL,[],SOURCE_UNVERIFIED,否
STD-8F9990B9EED4FE61165F5632,GEN-902F56AC544E5FB62D5AA2CB,MED-2026-W423,亚甲蓝,,INJECTION,注射液,5ml:50mg,CONCENTRATION,50,mg,5,mL,[],SOURCE_UNVERIFIED,否
STD-4471A6F847227808B3C4F060,GEN-106DE89C1F1FA4A18D0EFCD3,MED-2026-W424,纳洛酮,,INJECTION,注射液,1ml:0.4mg,CONCENTRATION,0.4,mg,1,mL,[],SOURCE_UNVERIFIED,否
STD-57926011E2417DAF6B93F1DF,GEN-106DE89C1F1FA4A18D0EFCD3,MED-2026-W424,纳洛酮,,INJECTION,注射液,1ml:1mg,CONCENTRATION,1,mg,1,mL,[],SOURCE_UNVERIFIED,否
STD-B74F10BFA5D6AEA625EB7209,GEN-106DE89C1F1FA4A18D0EFCD3,MED-2026-W424,纳洛酮,,INJECTION,注射液,2ml:2mg,CONCENTRATION,2,mg,2,mL,[],SOURCE_UNVERIFIED,否
STD-2BC2E7E827BA012AD661DE31,GEN-106DE89C1F1FA4A18D0EFCD3,MED-2026-W424,纳洛酮,,POWDER_FOR_INJECTION,注射用无菌粉末,0.4mg,AMOUNT_PER_PRESENTATION,0.4,mg,,,[],SOURCE_UNVERIFIED,否
STD-40282299ECDACDBC5B1C08CD,GEN-106DE89C1F1FA4A18D0EFCD3,MED-2026-W424,纳洛酮,,POWDER_FOR_INJECTION,注射用无菌粉末,1.0mg,AMOUNT_PER_PRESENTATION,1,mg,,,[],SOURCE_UNVERIFIED,否
STD-51F90B1631AD67504F0319A1,GEN-106DE89C1F1FA4A18D0EFCD3,MED-2026-W424,纳洛酮,,POWDER_FOR_INJECTION,注射用无菌粉末,2.0mg,AMOUNT_PER_PRESENTATION,2,mg,,,[],SOURCE_UNVERIFIED,否
STD-3B5B770D3DD22D14F4E8B179,GEN-0704368887894000F8BA8C87,MED-2026-W425,乙酰胺,,INJECTION,注射液,10ml:5.0g,CONCENTRATION,5,g,10,mL,[],SOURCE_UNVERIFIED,否
STD-49D49CE06E930A29A6CE9350,GEN-0704368887894000F8BA8C87,MED-2026-W425,乙酰胺,,INJECTION,注射液,2ml:1.0g,CONCENTRATION,1,g,2,mL,[],SOURCE_UNVERIFIED,否
STD-27FEC864BECDF145563EB456,GEN-0704368887894000F8BA8C87,MED-2026-W425,乙酰胺,,INJECTION,注射液,5ml:2.5g,CONCENTRATION,2.5,g,5,mL,[],SOURCE_UNVERIFIED,否
STD-F982CAF7958F12B8145679AB,GEN-F1C01CCF86C9CE013BCD4D6F,MED-2026-W426,氟马西尼,,INJECTION,注射液,10ml:1.0mg,CONCENTRATION,1,mg,10,mL,[],SOURCE_UNVERIFIED,否
STD-CE67C621E3A77176E9EB643F,GEN-F1C01CCF86C9CE013BCD4D6F,MED-2026-W426,氟马西尼,,INJECTION,注射液,2ml:0.2mg,CONCENTRATION,0.2,mg,2,mL,[],SOURCE_UNVERIFIED,否
STD-11DA40D518C785EA9973C0D3,GEN-F1C01CCF86C9CE013BCD4D6F,MED-2026-W426,氟马西尼,,INJECTION,注射液,5ml:0.5mg,CONCENTRATION,0.5,mg,5,mL,[],SOURCE_UNVERIFIED,否
STD-13310A96EB8DB222DAFE4342,GEN-61E724C1ABCF08F165DBC0D3,MED-2026-W427,破伤风抗毒素,,INJECTION,注射液,10000IU,AMOUNT_PER_PRESENTATION,10000,IU,,,[],SOURCE_UNVERIFIED,否
STD-44DE01CF588537A8526654EE,GEN-61E724C1ABCF08F165DBC0D3,MED-2026-W427,破伤风抗毒素,,INJECTION,注射液,1500IU,AMOUNT_PER_PRESENTATION,1500,IU,,,[],SOURCE_UNVERIFIED,否
STD-C6BB963DF26913187BC91882,GEN-AECB3AF184F73EF9C53A8E6B,MED-2026-W428,抗狂犬病血清,,INJECTION,注射液,400IU,AMOUNT_PER_PRESENTATION,400,IU,,,[],SOURCE_UNVERIFIED,否
STD-5445FF08AD14667BCE7EFEA9,GEN-AECB3AF184F73EF9C53A8E6B,MED-2026-W428,抗狂犬病血清,,INJECTION,注射液,700IU,AMOUNT_PER_PRESENTATION,700,IU,,,[],SOURCE_UNVERIFIED,否
STD-9A6A5FD6EA034CFB9D419F6A,GEN-6690257E9C9C64A076CB1AFD,MED-2026-W430,破伤风人免疫球蛋白,,INJECTION,注射液,250IU(2.5ml),AMOUNT_PER_PRESENTATION,250,IU,,,[],SOURCE_UNVERIFIED,否
STD-F65BD08763D480BCDB39090A,GEN-6690257E9C9C64A076CB1AFD,MED-2026-W430,破伤风人免疫球蛋白,,INJECTION,注射液,500IU(5ml),AMOUNT_PER_PRESENTATION,500,IU,,,[],SOURCE_UNVERIFIED,否
STD-534FEBC3E9D4DB75E7B1FF6A,GEN-CD247AD1E38D9A6805BC8077,MED-2026-W433,碘化油,,INJECTION,注射液,10ml,PRESENTATION_VOLUME,,,10,mL,[],SOURCE_UNVERIFIED,否
STD-47FCE0DC7D6EE5EC4D0F5A27,GEN-702109C8EBCBD5E0AA780406,MED-2026-W434,碘海醇,,INJECTION,注射液,100ml:30g(I),CONCENTRATION,30,g,100,mL,[],SOURCE_UNVERIFIED,否
STD-D3EF4CED6B7B06D40FA42A2F,GEN-702109C8EBCBD5E0AA780406,MED-2026-W434,碘海醇,,INJECTION,注射液,100ml:35g(I),CONCENTRATION,35,g,100,mL,[],SOURCE_UNVERIFIED,否
STD-6001C4647C204732A9A25CC3,GEN-702109C8EBCBD5E0AA780406,MED-2026-W434,碘海醇,,INJECTION,注射液,20ml:6g(I),CONCENTRATION,6,g,20,mL,[],SOURCE_UNVERIFIED,否
STD-47420D7491FEC51350B500F1,GEN-702109C8EBCBD5E0AA780406,MED-2026-W434,碘海醇,,INJECTION,注射液,50ml:15g(I),CONCENTRATION,15,g,50,mL,[],SOURCE_UNVERIFIED,否
STD-22E471EFDA068BAA11A67BCA,GEN-53AFCECA95C9A02372332111,MED-2026-W435,碘佛醇,,INJECTION,注射液,100ml:32g(I),CONCENTRATION,32,g,100,mL,[],SOURCE_UNVERIFIED,否
STD-3A64407372B6932E5A6EDECD,GEN-53AFCECA95C9A02372332111,MED-2026-W435,碘佛醇,,INJECTION,注射液,100ml:35g(I),CONCENTRATION,35,g,100,mL,[],SOURCE_UNVERIFIED,否
STD-1F2E81AE1E2CFFDFFD37889B,GEN-53AFCECA95C9A02372332111,MED-2026-W435,碘佛醇,,INJECTION,注射液,20ml:6.4g(I),CONCENTRATION,6.4,g,20,mL,[],SOURCE_UNVERIFIED,否
STD-767118738CEC418AB4D48279,GEN-53AFCECA95C9A02372332111,MED-2026-W435,碘佛醇,,INJECTION,注射液,50ml:16g(I),CONCENTRATION,16,g,50,mL,[],SOURCE_UNVERIFIED,否
STD-82DAED70E1633FC540D0461B,GEN-A731E795326102EBAFCF52A2,MED-2026-W436,钆布醇,,INJECTION,注射液,10ml:6.0472g,CONCENTRATION,6.0472,g,10,mL,[],SOURCE_UNVERIFIED,否
STD-D4B1D0221545EA5A50A62F3C,GEN-A731E795326102EBAFCF52A2,MED-2026-W436,钆布醇,,INJECTION,注射液,15ml:9.0708g,CONCENTRATION,9.0708,g,15,mL,[],SOURCE_UNVERIFIED,否
STD-05B6730992EF2CDEC5991EA7,GEN-A731E795326102EBAFCF52A2,MED-2026-W436,钆布醇,,INJECTION,注射液,7.5ml:4.5354g,CONCENTRATION,4.5354,g,7.5,mL,[],SOURCE_UNVERIFIED,否
STD-9BE1ACE0C7583795AAFD6224,GEN-8F65A318706DA5F997F8AC83,MED-2026-W438,磺胺嘧啶银,,CREAM,乳膏剂,1%,PERCENT_UNSPECIFIED_BASIS,1,%,,,[],SOURCE_UNVERIFIED,否
STD-3B6486050362E1CE29A9CF5F,GEN-390DA808B7D42AA03CA39FC9,MED-2026-W439,咪康唑,,CREAM,乳膏剂,2%,PERCENT_UNSPECIFIED_BASIS,2,%,,,[],SOURCE_UNVERIFIED,否
STD-0589F97710FFE1B9F07B411D,GEN-94A22688633D9EB9EE13D066,MED-2026-W440,特比萘芬,,CREAM,乳膏剂,1%,PERCENT_UNSPECIFIED_BASIS,1,%,,,[],SOURCE_UNVERIFIED,否
STD-AA7345A3A08E8435D1178847,GEN-94A22688633D9EB9EE13D066,MED-2026-W440,特比萘芬,,TABLET,片剂,0.125g,AMOUNT_PER_PRESENTATION,0.125,g,,,[],SOURCE_UNVERIFIED,否
STD-C6447D6AF3A94DAE5D650F3D,GEN-94A22688633D9EB9EE13D066,MED-2026-W440,特比萘芬,,TABLET,片剂,0.25g,AMOUNT_PER_PRESENTATION,0.25,g,,,[],SOURCE_UNVERIFIED,否
STD-16005F391051C152CC52C28F,GEN-025474D493B6D85AFCCCFFAA,MED-2026-W441,曲安奈德益康唑,,CREAM,乳膏剂,10g(硝酸益康唑0.10g 与曲安奈德 10mg),AMOUNT_PER_PRESENTATION,10,g,,,[],SOURCE_UNVERIFIED,否
STD-CFBF6765536E2654EB18CACB,GEN-025474D493B6D85AFCCCFFAA,MED-2026-W441,曲安奈德益康唑,,CREAM,乳膏剂,15g(硝酸益康唑 0.15g 与曲安奈德 15mg、醋酸曲安奈德 16.5mg 与硝酸益康唑 150mg),AMOUNT_PER_PRESENTATION,15,g,,,[],SOURCE_UNVERIFIED,否
STD-8FE7ED7A98646D047D900E2E,GEN-025474D493B6D85AFCCCFFAA,MED-2026-W441,曲安奈德益康唑,,CREAM,乳膏剂,1g(曲安奈德 1mg 与硝酸益康唑 10mg),AMOUNT_PER_PRESENTATION,1,g,,,[],SOURCE_UNVERIFIED,否
STD-F5DB29E489AAE02F0E0A9ED6,GEN-32C3690DD15223E9E3A5E46C,MED-2026-W442,莫匹罗星,,OINTMENT,软膏剂,2%,PERCENT_UNSPECIFIED_BASIS,2,%,,,[],SOURCE_UNVERIFIED,否
STD-F4F7F56CED4EFC2D82B7F3BE,GEN-0596C6D69D0C14573C387050,MED-2026-W443,尿素,,CREAM,乳膏剂,10%,PERCENT_UNSPECIFIED_BASIS,10,%,,,[],SOURCE_UNVERIFIED,否
STD-B92F4907A451BD36906385BC,GEN-0596C6D69D0C14573C387050,MED-2026-W443,尿素,,CREAM,乳膏剂,20%,PERCENT_UNSPECIFIED_BASIS,20,%,,,[],SOURCE_UNVERIFIED,否
STD-865CD555617E563AC5D7BBCE,GEN-0596C6D69D0C14573C387050,MED-2026-W443,尿素,,OINTMENT,软膏剂,10%,PERCENT_UNSPECIFIED_BASIS,10,%,,,[],SOURCE_UNVERIFIED,否
STD-2C9552B8DA416CC761969C97,GEN-0596C6D69D0C14573C387050,MED-2026-W443,尿素,,OINTMENT,软膏剂,20%,PERCENT_UNSPECIFIED_BASIS,20,%,,,[],SOURCE_UNVERIFIED,否
STD-ACA04AC5FC14E63ADF5E6F6C,GEN-5EC677E946DB029AA5B3E850,MED-2026-W444,鱼石脂,,OINTMENT,软膏剂,10%,PERCENT_UNSPECIFIED_BASIS,10,%,,,[],SOURCE_UNVERIFIED,否
STD-F19E9C37E185F4BADDDE12BF,GEN-BD8294DDF7D6122926F3D6B3,MED-2026-W445,水杨酸,,OINTMENT,软膏剂,2%,PERCENT_UNSPECIFIED_BASIS,2,%,,,[],SOURCE_UNVERIFIED,否
STD-95050EFEC78C429E51E202AF,GEN-BD8294DDF7D6122926F3D6B3,MED-2026-W445,水杨酸,,OINTMENT,软膏剂,5%,PERCENT_UNSPECIFIED_BASIS,5,%,,,[],SOURCE_UNVERIFIED,否
STD-B00AAA947E8575F9C9E1F140,GEN-096C3ADE1331AEF0276E6B92,MED-2026-W446,糠酸莫米松,,CREAM,乳膏剂,0.1%,PERCENT_UNSPECIFIED_BASIS,0.1,%,,,[],SOURCE_UNVERIFIED,否
STD-4EBD89807F8E8ACB4D469C1B,GEN-5E8FE528DA56290B524A4505,MED-2026-W448,依沙吖啶,,TOPICAL_SOLUTION,外用溶液剂,0.1%,PERCENT_UNSPECIFIED_BASIS,0.1,%,,,[],SOURCE_UNVERIFIED,否
STD-20A091466C5F10F27993D219,GEN-CF863F0F8C1EB6F4A6974465,MED-2026-W449,司普奇拜单抗,,INJECTION,注射液,2ml:300mg,CONCENTRATION,300,mg,2,mL,[],SOURCE_UNVERIFIED,否
STD-CB0E73E5A1B60915E9B8CA9C,GEN-884259CD9EDF81C09E917215,MED-2026-W450,氯霉素,,EYE_DROPS,滴眼剂,8ml:20mg,CONCENTRATION,20,mg,8,mL,[],SOURCE_UNVERIFIED,否
STD-9D19F6560F8970CB8FA9C0D4,GEN-AC461523D5D1E9B5B656F33E,MED-2026-W451,加替沙星,,EYE_DROPS,滴眼剂,0.3%,PERCENT_UNSPECIFIED_BASIS,0.3,%,,,[],SOURCE_UNVERIFIED,否
STD-6AB64BE919E86E5CD1D92DFF,GEN-AC461523D5D1E9B5B656F33E,MED-2026-W451,加替沙星,,EYE_GEL,眼用凝胶,0.3%,PERCENT_UNSPECIFIED_BASIS,0.3,%,,,[],SOURCE_UNVERIFIED,否
STD-CB9206126F6FCB50F4181D7A,GEN-ABA9C51582BEC28203C096C1,MED-2026-W452,利福平,,EYE_DROPS,滴眼剂,10ml:10mg,CONCENTRATION,10,mg,10,mL,[],SOURCE_UNVERIFIED,否
STD-1883628556C50D17EEAEFFC9,GEN-ABA9C51582BEC28203C096C1,MED-2026-W452,利福平,,EYE_DROPS,滴眼剂,10ml:5mg,CONCENTRATION,5,mg,10,mL,[],SOURCE_UNVERIFIED,否
STD-D76C4B18CC59863844648D24,GEN-4E63271DAB1E9C07EFDB86BE,MED-2026-W453,毛果芸香碱,,INJECTION,注射液,1ml:2mg滴眼剂,TEXT_REQUIRES_REVIEW,,,,,[],SOURCE_UNVERIFIED,否
STD-036412026656D781F1CEB745,GEN-228FD9E37E7C9C851B5FE0DC,MED-2026-W454,他氟前列素,,EYE_DROPS,滴眼剂,0.0015%,PERCENT_UNSPECIFIED_BASIS,0.0015,%,,,[],SOURCE_UNVERIFIED,否
STD-360016FEA33C61E4749A5526,GEN-EE7FB3B2CDA5642F244FDD5D,MED-2026-W455,噻吗洛尔,,EYE_DROPS,滴眼剂,5ml:12.5mg,CONCENTRATION,12.5,mg,5,mL,[],SOURCE_UNVERIFIED,否
STD-C6FA30D6A567F3BEB17B84D0,GEN-EE7FB3B2CDA5642F244FDD5D,MED-2026-W455,噻吗洛尔,,EYE_DROPS,滴眼剂,5ml:25mg,CONCENTRATION,25,mg,5,mL,[],SOURCE_UNVERIFIED,否
STD-9AEB7AA60831F5876308B895,GEN-241FA6510E22CA3DE82CE17A,MED-2026-W456,乙酰唑胺,,TABLET,片剂,0.25g,AMOUNT_PER_PRESENTATION,0.25,g,,,[],SOURCE_UNVERIFIED,否
STD-68531A94EB0B6BDB59813B33,GEN-D1D0900CE009A5DFF8DC20B4,MED-2026-W457,可的松,,EYE_DROPS,滴眼剂,3ml:15mg,CONCENTRATION,15,mg,3,mL,[],SOURCE_UNVERIFIED,否
STD-499BD0976AB05A36F632ADFE,GEN-D1D0900CE009A5DFF8DC20B4,MED-2026-W457,可的松,,EYE_OINTMENT,眼膏剂,0.25%,PERCENT_UNSPECIFIED_BASIS,0.25,%,,,[],SOURCE_UNVERIFIED,否
STD-76BFAA4447CD1DF86A1F1ADC,GEN-D1D0900CE009A5DFF8DC20B4,MED-2026-W457,可的松,,EYE_OINTMENT,眼膏剂,0.5%,PERCENT_UNSPECIFIED_BASIS,0.5,%,,,[],SOURCE_UNVERIFIED,否
STD-096DE8CA294C0263FFBE6DBD,GEN-D1D0900CE009A5DFF8DC20B4,MED-2026-W457,可的松,,EYE_OINTMENT,眼膏剂,1%,PERCENT_UNSPECIFIED_BASIS,1,%,,,[],SOURCE_UNVERIFIED,否
STD-9BEC9EC54ACE039FB3DF2A74,GEN-C0B67FA3830BE5C4D38C479D,MED-2026-W458,复方托吡卡胺,,EYE_DROPS,滴眼剂,"1ml(托吡卡胺 5mg,盐酸去氧肾上腺素 5mg)",PRESENTATION_VOLUME,,,1,mL,[],SOURCE_UNVERIFIED,否
STD-D0E77E4C55245BCBBB0AE342,GEN-C0B67FA3830BE5C4D38C479D,MED-2026-W458,复方托吡卡胺,,EYE_DROPS,滴眼剂,"5ml(托吡卡胺 25mg,盐酸去氧肾上腺素25mg)",PRESENTATION_VOLUME,,,5,mL,[],SOURCE_UNVERIFIED,否
STD-334ED909D862A506C3875817,GEN-C75712A9851D8EC37BAFAB3F,MED-2026-W459,康柏西普,,EYE_INJECTION,眼用注射液,0.2ml/ 支,TEXT_REQUIRES_REVIEW,,,,,[],SOURCE_UNVERIFIED,否
STD-DB5D72C93EFC0711E6D8F9EB,GEN-C75712A9851D8EC37BAFAB3F,MED-2026-W459,康柏西普,,EYE_INJECTION,眼用注射液,10mg/ml,TEXT_REQUIRES_REVIEW,,,,,[],SOURCE_UNVERIFIED,否
STD-C64439AA03A53C13F3A2099D,GEN-5CC622CAEA0E59A89FAA14F9,MED-2026-W460,麻黄碱,,NASAL_DROPS,滴鼻剂,1%,PERCENT_UNSPECIFIED_BASIS,1,%,,,[],SOURCE_UNVERIFIED,否
STD-78DD756B22E780C25CEFC6E6,GEN-9A3AA269BE187366CEB6B711,MED-2026-W461,氧氟沙星,,EAR_DROPS,滴耳剂,5ml:15mg,CONCENTRATION,15,mg,5,mL,[],SOURCE_UNVERIFIED,否
STD-550553307E928687F72729DC,GEN-1E3F344DD53622A039273427,MED-2026-W462,地芬尼多,,TABLET,片剂,25mg,AMOUNT_PER_PRESENTATION,25,mg,,,[],SOURCE_UNVERIFIED,否
STD-A133C781B4532F4A688A1D5F,GEN-603D683DF17EB2093D0B7F45,MED-2026-W463,羟甲唑啉,,NASAL_DROPS,滴鼻剂,10ml:5mg,CONCENTRATION,5,mg,10,mL,[],SOURCE_UNVERIFIED,否
STD-F443EB1366FDC88E8B492678,GEN-603D683DF17EB2093D0B7F45,MED-2026-W463,羟甲唑啉,,NASAL_DROPS,滴鼻剂,3ml:1.5mg,CONCENTRATION,1.5,mg,3,mL,[],SOURCE_UNVERIFIED,否
STD-5B5DD5AC9E6B075D7AA61760,GEN-603D683DF17EB2093D0B7F45,MED-2026-W463,羟甲唑啉,,NASAL_DROPS,滴鼻剂,5ml:2.5mg,CONCENTRATION,2.5,mg,5,mL,[],SOURCE_UNVERIFIED,否
STD-4DF45A484D376B7D4E53B91F,GEN-603D683DF17EB2093D0B7F45,MED-2026-W463,羟甲唑啉,,SPRAY,喷雾剂,10ml:5mg,CONCENTRATION,5,mg,10,mL,[],SOURCE_UNVERIFIED,否
STD-7423F39EBFFCB5449D3EB0B4,GEN-603D683DF17EB2093D0B7F45,MED-2026-W463,羟甲唑啉,,SPRAY,喷雾剂,5ml:1.25mg,CONCENTRATION,1.25,mg,5,mL,[],SOURCE_UNVERIFIED,否
STD-24A90ED9DA5AED63578725DB,GEN-ADE264E64EE008B3CA720C0A,MED-2026-W464,缩宫素,,INJECTION,注射液,1ml:10单位,CONCENTRATION,10,单位,1,mL,[],SOURCE_UNVERIFIED,否
STD-C16703650FD2B0C4862BC977,GEN-ADE264E64EE008B3CA720C0A,MED-2026-W464,缩宫素,,INJECTION,注射液,1ml:5单位,CONCENTRATION,5,单位,1,mL,[],SOURCE_UNVERIFIED,否
STD-FACFB70DF7A56BD0C92D170D,GEN-DA9B4C0E44DB9D51C3B1F0A8,MED-2026-W465,麦角新碱,,INJECTION,注射液,1ml:0.2mg,CONCENTRATION,0.2,mg,1,mL,[],SOURCE_UNVERIFIED,否
STD-E0DD80E242AC6E18844F8CC8,GEN-DA9B4C0E44DB9D51C3B1F0A8,MED-2026-W465,麦角新碱,,INJECTION,注射液,1ml:0.5mg,CONCENTRATION,0.5,mg,1,mL,[],SOURCE_UNVERIFIED,否
STD-F589B2F0C8ACD4CCD37BAB2D,GEN-A118842105FD74572377B8B8,MED-2026-W466,垂体后叶注射液,,INJECTION,注射液,0.5ml:3单位,CONCENTRATION,3,单位,0.5,mL,[],SOURCE_UNVERIFIED,否
STD-5E513B12A9C46CAF8E0B2F27,GEN-A118842105FD74572377B8B8,MED-2026-W466,垂体后叶注射液,,INJECTION,注射液,1ml:6单位,CONCENTRATION,6,单位,1,mL,[],SOURCE_UNVERIFIED,否
STD-A5A476730084AD0FACA31008,GEN-E234E25BD5A1B73FE376AD41,MED-2026-W467,米非司酮,,TABLET,片剂,10mg,AMOUNT_PER_PRESENTATION,10,mg,,,[],SOURCE_UNVERIFIED,否
STD-3185052936F4D33F4195389C,GEN-E234E25BD5A1B73FE376AD41,MED-2026-W467,米非司酮,,TABLET,片剂,200mg,AMOUNT_PER_PRESENTATION,200,mg,,,[],SOURCE_UNVERIFIED,否
STD-CE996819D0061A88FB7179CC,GEN-E234E25BD5A1B73FE376AD41,MED-2026-W467,米非司酮,,TABLET,片剂,25mg,AMOUNT_PER_PRESENTATION,25,mg,,,[],SOURCE_UNVERIFIED,否
STD-29462C9B23E6FC1EEDE0E597,GEN-78D2AEC2B3C2487CB9AE7668,MED-2026-W468,米索前列醇,,TABLET,片剂,200ug,AMOUNT_PER_PRESENTATION,200,ug,,,[],SOURCE_UNVERIFIED,否
STD-37A2790F137362CE75255753,GEN-5C7B29DD9788A38D560B90ED,MED-2026-W469,卡前列甲酯,,SUPPOSITORY,栓剂,0.5mg,AMOUNT_PER_PRESENTATION,0.5,mg,,,[],SOURCE_UNVERIFIED,否
STD-BF10393A0149140276DC8368,GEN-5C7B29DD9788A38D560B90ED,MED-2026-W469,卡前列甲酯,,SUPPOSITORY,栓剂,1mg,AMOUNT_PER_PRESENTATION,1,mg,,,[],SOURCE_UNVERIFIED,否
STD-BA7DCBEF55C2B33346734C1D,GEN-DE109FBCF05C9FAE4C1B795C,MED-2026-W470,克霉唑,,SUPPOSITORY,栓剂,0.15g,AMOUNT_PER_PRESENTATION,0.15,g,,,[],SOURCE_UNVERIFIED,否
STD-7B4AFAC2AC55F36E9B3052C0,GEN-DE109FBCF05C9FAE4C1B795C,MED-2026-W470,克霉唑,,VAGINAL_TABLET,阴道片,0.5g,AMOUNT_PER_PRESENTATION,0.5,g,,,[],SOURCE_UNVERIFIED,否
STD-574B137A2CC69EB26A7B1EF4,GEN-130BB4A75E536AFDDFB13E52,MED-2026-W472,咖啡因,枸橼酸盐,INJECTION,注射液,1ml:20mg,CONCENTRATION,20,mg,1,mL,[],SOURCE_UNVERIFIED,否
STD-F168F44F5D029B31C4A63B3B,GEN-0B8F20AE9A891AA69E2BE889,MED-2026-W473,牛肺表面活性剂,,POWDER_FOR_INJECTION,注射用无菌粉末,70mg,AMOUNT_PER_PRESENTATION,70,mg,,,[],SOURCE_UNVERIFIED,否
STD-0784F00987D1F123534527B9,GEN-B8571261DEFBBC52889B92A9,MED-2026-W474,培门冬酶,,INJECTION,注射液,2ml:1500IU,CONCENTRATION,1500,IU,2,mL,[],SOURCE_UNVERIFIED,否
STD-F1D96F745CE4C839E4F147BF,GEN-B8571261DEFBBC52889B92A9,MED-2026-W474,培门冬酶,,INJECTION,注射液,5ml:3750IU,CONCENTRATION,3750,IU,5,mL,[],SOURCE_UNVERIFIED,否
STD-86E47999B3D53D601AA71DED,GEN-78E52F77C3F3A8A7FF8FEACC,MED-2026-W475,水合氯醛,,ENEMA,灌肠剂,1.34g:0.5g,MULTI_COMPONENT,,,,,"[{""ordinal"": 1, ""value"": ""1.34"", ""unit"": ""g""}, {""ordinal"": 2, ""value"": ""0.5"", ""unit"": ""g""}]",SOURCE_UNVERIFIED,否
STD-8D00EB8D6BA127D0B8727380,GEN-78E52F77C3F3A8A7FF8FEACC,MED-2026-W475,水合氯醛,,SYRUP,糖浆剂,10ml:1g,CONCENTRATION,1,g,10,mL,[],SOURCE_UNVERIFIED,否
STD-042BBBE2161557401F3B81FE,GEN-AD2198AECF9D381FD00D1386,MED-2026-W476,哌甲酯,,EXTENDED_RELEASE_CAPSULE,缓释胶囊,10mg,AMOUNT_PER_PRESENTATION,10,mg,,,[],SOURCE_UNVERIFIED,否
STD-AF0DD56C58F335F69B465306,GEN-AD2198AECF9D381FD00D1386,MED-2026-W476,哌甲酯,,EXTENDED_RELEASE_CAPSULE,缓释胶囊,20mg,AMOUNT_PER_PRESENTATION,20,mg,,,[],SOURCE_UNVERIFIED,否
STD-DF41BA02FB4E3D1305FC1668,GEN-AD2198AECF9D381FD00D1386,MED-2026-W476,哌甲酯,,EXTENDED_RELEASE_CAPSULE,缓释胶囊,30mg,AMOUNT_PER_PRESENTATION,30,mg,,,[],SOURCE_UNVERIFIED,否
STD-F1A21706A71BC37D5BED8E59,GEN-AD2198AECF9D381FD00D1386,MED-2026-W476,哌甲酯,,EXTENDED_RELEASE_CAPSULE,缓释胶囊,40mg,AMOUNT_PER_PRESENTATION,40,mg,,,[],SOURCE_UNVERIFIED,否
STD-546E312366A123FC9F67D3B0,GEN-AD2198AECF9D381FD00D1386,MED-2026-W476,哌甲酯,,EXTENDED_RELEASE_CAPSULE,缓释胶囊,5mg,AMOUNT_PER_PRESENTATION,5,mg,,,[],SOURCE_UNVERIFIED,否
STD-6BB1FCC91259ED3E4AAC79C7,GEN-AD2198AECF9D381FD00D1386,MED-2026-W476,哌甲酯,,EXTENDED_RELEASE_TABLET,缓释片,18mg,AMOUNT_PER_PRESENTATION,18,mg,,,[],SOURCE_UNVERIFIED,否
STD-EEC468BEF508BCC3290D8869,GEN-AD2198AECF9D381FD00D1386,MED-2026-W476,哌甲酯,,EXTENDED_RELEASE_TABLET,缓释片,27mg,AMOUNT_PER_PRESENTATION,27,mg,,,[],SOURCE_UNVERIFIED,否
STD-39F46C5D607768D2ECAE2196,GEN-AD2198AECF9D381FD00D1386,MED-2026-W476,哌甲酯,,EXTENDED_RELEASE_TABLET,缓释片,36mg,AMOUNT_PER_PRESENTATION,36,mg,,,[],SOURCE_UNVERIFIED,否
STD-A9CB46FE8CF92A6ED291F857,GEN-AD2198AECF9D381FD00D1386,MED-2026-W476,哌甲酯,,TABLET,片剂,100mg,AMOUNT_PER_PRESENTATION,100,mg,,,[],SOURCE_UNVERIFIED,否
STD-77B20818FF77E80AB63A643F,GEN-AD2198AECF9D381FD00D1386,MED-2026-W476,哌甲酯,,TABLET,片剂,10mg,AMOUNT_PER_PRESENTATION,10,mg,,,[],SOURCE_UNVERIFIED,否
