编码,名称,别名,药品类型,剂型,制剂规格,制剂单位,含量数值,含量单位,储藏方式,处方药,基本药物,抗菌药,抗菌药等级,抗菌药门诊可用,抗菌药需会诊审批,抗菌药允许紧急使用,抗菌药门诊疗程上限,需要皮试,皮试方式,皮试液配置方式,皮试观察分钟,皮试结果有效小时,皮试配置说明,默认剂量,默认剂量单位,默认给药途径,默认频次,慢病用药,允许单开,状态
MED-2026-W001-01,青霉素钾注射用无菌粉末,Benzylpenicillin,WESTERN,INJECTION,0.25g（40 万单位）,支,0.25,g,ROOM_TEMPERATURE,是,是,是,NON_RESTRICTED,是,否,是,7,是,INTRADERMAL,DILUTED_SOLUTION,20,24,需配制标准皮试稀释液（青霉素500 U/ml），皮内注射0.1ml，观察20分钟，阴性结果24小时有效。,,,IVGTT,QD,否,是,ACTIVE
MED-2026-W001-02,青霉素钾注射用无菌粉末,Benzylpenicillin,WESTERN,INJECTION,0.5g（80 万单位）,支,0.5,g,ROOM_TEMPERATURE,是,是,是,NON_RESTRICTED,是,否,是,7,是,INTRADERMAL,DILUTED_SOLUTION,20,24,需配制标准皮试稀释液（青霉素500 U/ml），皮内注射0.1ml，观察20分钟，阴性结果24小时有效。,,,IVGTT,QD,否,是,ACTIVE
MED-2026-W001-03,青霉素钠注射用无菌粉末,Benzylpenicillin,WESTERN,INJECTION,0.24g（40 万单位）,支,0.24,g,ROOM_TEMPERATURE,是,是,是,NON_RESTRICTED,是,否,是,7,是,INTRADERMAL,DILUTED_SOLUTION,20,24,需配制标准皮试稀释液（青霉素500 U/ml），皮内注射0.1ml，观察20分钟，阴性结果24小时有效。,,,IVGTT,QD,否,是,ACTIVE
MED-2026-W001-04,青霉素钠注射用无菌粉末,Benzylpenicillin,WESTERN,INJECTION,0.48g（80 万单位）,支,0.48,g,ROOM_TEMPERATURE,是,是,是,NON_RESTRICTED,是,否,是,7,是,INTRADERMAL,DILUTED_SOLUTION,20,24,需配制标准皮试稀释液（青霉素500 U/ml），皮内注射0.1ml，观察20分钟，阴性结果24小时有效。,,,IVGTT,QD,否,是,ACTIVE
MED-2026-W001-05,青霉素钠注射用无菌粉末,Benzylpenicillin,WESTERN,INJECTION,0.96g（160 万单位）,支,0.96,g,ROOM_TEMPERATURE,是,是,是,NON_RESTRICTED,是,否,是,7,是,INTRADERMAL,DILUTED_SOLUTION,20,24,需配制标准皮试稀释液（青霉素500 U/ml），皮内注射0.1ml，观察20分钟，阴性结果24小时有效。,,,IVGTT,QD,否,是,ACTIVE
MED-2026-W001-06,青霉素钠注射用无菌粉末,Benzylpenicillin,WESTERN,INJECTION,2.4g（400 万单位）,支,2.4,g,ROOM_TEMPERATURE,是,是,是,NON_RESTRICTED,是,否,是,7,是,INTRADERMAL,DILUTED_SOLUTION,20,24,需配制标准皮试稀释液（青霉素500 U/ml），皮内注射0.1ml，观察20分钟，阴性结果24小时有效。,,,IVGTT,QD,否,是,ACTIVE
MED-2026-W002-01,苄星青霉素注射用无菌粉末,Benzathine Benzylpenicillin,WESTERN,INJECTION,60 万单位,支,60,万单位,ROOM_TEMPERATURE,是,是,是,NON_RESTRICTED,是,否,是,7,是,INTRADERMAL,DILUTED_SOLUTION,20,24,需配制标准皮试稀释液（青霉素500 U/ml），皮内注射0.1ml，观察20分钟，阴性结果24小时有效。,,,IVGTT,QD,否,是,ACTIVE
MED-2026-W002-02,苄星青霉素注射用无菌粉末,Benzathine Benzylpenicillin,WESTERN,INJECTION,120万单位,支,120,万单位,ROOM_TEMPERATURE,是,是,是,NON_RESTRICTED,是,否,是,7,是,INTRADERMAL,DILUTED_SOLUTION,20,24,需配制标准皮试稀释液（青霉素500 U/ml），皮内注射0.1ml，观察20分钟，阴性结果24小时有效。,,,IVGTT,QD,否,是,ACTIVE
MED-2026-W003-01,苯唑西林片,Oxacillin,WESTERN,TABLET,0.25g,片,0.25,g,ROOM_TEMPERATURE,是,是,是,NON_RESTRICTED,是,否,是,7,是,INTRADERMAL,ORIGINAL_SOLUTION,20,24,使用本次处方原药按院内规程完成皮试，观察20分钟，阴性结果24小时有效。,,,ORAL,TID,否,是,ACTIVE
MED-2026-W003-02,苯唑西林胶囊,Oxacillin,WESTERN,CAPSULE,0.25g,粒,0.25,g,ROOM_TEMPERATURE,是,是,是,NON_RESTRICTED,是,否,是,7,是,INTRADERMAL,ORIGINAL_SOLUTION,20,24,使用本次处方原药按院内规程完成皮试，观察20分钟，阴性结果24小时有效。,,,ORAL,TID,否,是,ACTIVE
MED-2026-W003-03,苯唑西林注射用无菌粉末,Oxacillin,WESTERN,INJECTION,0.5g,支,0.5,g,ROOM_TEMPERATURE,是,是,是,NON_RESTRICTED,是,否,是,7,是,INTRADERMAL,ORIGINAL_SOLUTION,20,24,使用本次处方原药按院内规程完成皮试，观察20分钟，阴性结果24小时有效。,,,IVGTT,QD,否,是,ACTIVE
MED-2026-W003-04,苯唑西林注射用无菌粉末,Oxacillin,WESTERN,INJECTION,1.0g,支,1.0,g,ROOM_TEMPERATURE,是,是,是,NON_RESTRICTED,是,否,是,7,是,INTRADERMAL,ORIGINAL_SOLUTION,20,24,使用本次处方原药按院内规程完成皮试，观察20分钟，阴性结果24小时有效。,,,IVGTT,QD,否,是,ACTIVE
MED-2026-W003-05,苯唑西林注射用无菌粉末,Oxacillin,WESTERN,INJECTION,2.0g,支,2.0,g,ROOM_TEMPERATURE,是,是,是,NON_RESTRICTED,是,否,是,7,是,INTRADERMAL,ORIGINAL_SOLUTION,20,24,使用本次处方原药按院内规程完成皮试，观察20分钟，阴性结果24小时有效。,,,IVGTT,QD,否,是,ACTIVE
MED-2026-W004-01,氨苄西林注射用无菌粉末,Ampicillin,WESTERN,INJECTION,0.5g,支,0.5,g,ROOM_TEMPERATURE,是,是,是,NON_RESTRICTED,是,否,是,7,是,INTRADERMAL,DILUTED_SOLUTION,20,24,需配制标准皮试稀释液（青霉素500 U/ml），皮内注射0.1ml，观察20分钟，阴性结果24小时有效。,,,IVGTT,QD,否,是,ACTIVE
MED-2026-W004-02,氨苄西林注射用无菌粉末,Ampicillin,WESTERN,INJECTION,1.0g,支,1.0,g,ROOM_TEMPERATURE,是,是,是,NON_RESTRICTED,是,否,是,7,是,INTRADERMAL,DILUTED_SOLUTION,20,24,需配制标准皮试稀释液（青霉素500 U/ml），皮内注射0.1ml，观察20分钟，阴性结果24小时有效。,,,IVGTT,QD,否,是,ACTIVE
MED-2026-W004-03,氨苄西林注射用无菌粉末,Ampicillin,WESTERN,INJECTION,2.0g,支,2.0,g,ROOM_TEMPERATURE,是,是,是,NON_RESTRICTED,是,否,是,7,是,INTRADERMAL,DILUTED_SOLUTION,20,24,需配制标准皮试稀释液（青霉素500 U/ml），皮内注射0.1ml，观察20分钟，阴性结果24小时有效。,,,IVGTT,QD,否,是,ACTIVE
MED-2026-W005-01,哌拉西林注射用无菌粉末,Piperacillin,WESTERN,INJECTION,0.5g,支,0.5,g,ROOM_TEMPERATURE,是,是,是,NON_RESTRICTED,是,否,是,7,是,INTRADERMAL,DILUTED_SOLUTION,20,24,需配制标准皮试稀释液（青霉素500 U/ml），皮内注射0.1ml，观察20分钟，阴性结果24小时有效。,,,IVGTT,QD,否,是,ACTIVE
MED-2026-W005-02,哌拉西林注射用无菌粉末,Piperacillin,WESTERN,INJECTION,1.0g,支,1.0,g,ROOM_TEMPERATURE,是,是,是,NON_RESTRICTED,是,否,是,7,是,INTRADERMAL,DILUTED_SOLUTION,20,24,需配制标准皮试稀释液（青霉素500 U/ml），皮内注射0.1ml，观察20分钟，阴性结果24小时有效。,,,IVGTT,QD,否,是,ACTIVE
MED-2026-W005-03,哌拉西林注射用无菌粉末,Piperacillin,WESTERN,INJECTION,2.0g,支,2.0,g,ROOM_TEMPERATURE,是,是,是,NON_RESTRICTED,是,否,是,7,是,INTRADERMAL,DILUTED_SOLUTION,20,24,需配制标准皮试稀释液（青霉素500 U/ml），皮内注射0.1ml，观察20分钟，阴性结果24小时有效。,,,IVGTT,QD,否,是,ACTIVE
MED-2026-W005-04,哌拉西林注射用无菌粉末,Piperacillin,WESTERN,INJECTION,4.0g,支,4.0,g,ROOM_TEMPERATURE,是,是,是,NON_RESTRICTED,是,否,是,7,是,INTRADERMAL,DILUTED_SOLUTION,20,24,需配制标准皮试稀释液（青霉素500 U/ml），皮内注射0.1ml，观察20分钟，阴性结果24小时有效。,,,IVGTT,QD,否,是,ACTIVE
MED-2026-W006-01,阿莫西林片,Amoxicillin,WESTERN,TABLET,0.125g,片,0.125,g,ROOM_TEMPERATURE,是,是,是,NON_RESTRICTED,是,否,是,7,否,,,,,,,,ORAL,TID,否,是,ACTIVE
MED-2026-W006-02,阿莫西林片,Amoxicillin,WESTERN,TABLET,0.25g,片,0.25,g,ROOM_TEMPERATURE,是,是,是,NON_RESTRICTED,是,否,是,7,否,,,,,,,,ORAL,TID,否,是,ACTIVE
MED-2026-W006-03,阿莫西林胶囊,Amoxicillin,WESTERN,CAPSULE,0.125g,粒,0.125,g,ROOM_TEMPERATURE,是,是,是,NON_RESTRICTED,是,否,是,7,否,,,,,,,,ORAL,TID,否,是,ACTIVE
MED-2026-W006-04,阿莫西林胶囊,Amoxicillin,WESTERN,CAPSULE,0.25g,粒,0.25,g,ROOM_TEMPERATURE,是,是,是,NON_RESTRICTED,是,否,是,7,否,,,,,,,,ORAL,TID,否,是,ACTIVE
MED-2026-W006-05,阿莫西林颗粒,Amoxicillin,WESTERN,GRANULE,0.125g,袋,0.125,g,ROOM_TEMPERATURE,是,是,是,NON_RESTRICTED,是,否,是,7,否,,,,,,,,ORAL,QD,否,是,ACTIVE
MED-2026-W006-06,阿莫西林颗粒,Amoxicillin,WESTERN,GRANULE,0.25g,袋,0.25,g,ROOM_TEMPERATURE,是,是,是,NON_RESTRICTED,是,否,是,7,否,,,,,,,,ORAL,QD,否,是,ACTIVE
MED-2026-W006-07,阿莫西林干混悬剂,Amoxicillin,WESTERN,ORAL_LIQUID,0.125g,瓶,0.125,g,ROOM_TEMPERATURE,是,是,是,NON_RESTRICTED,是,否,是,7,否,,,,,,,,ORAL,QD,否,是,ACTIVE
MED-2026-W006-08,阿莫西林干混悬剂,Amoxicillin,WESTERN,ORAL_LIQUID,0.25g,瓶,0.25,g,ROOM_TEMPERATURE,是,是,是,NON_RESTRICTED,是,否,是,7,否,,,,,,,,ORAL,QD,否,是,ACTIVE
MED-2026-W007-01,阿莫西林克拉维酸钾片,Amoxicillin and Clavulanate Potassium,WESTERN,TABLET,阿莫西林∶克拉维酸=2:1,片,,,ROOM_TEMPERATURE,是,是,是,NON_RESTRICTED,是,否,是,7,是,INTRADERMAL,ORIGINAL_SOLUTION,20,24,使用本次处方原药按院内规程完成皮试，观察20分钟，阴性结果24小时有效。,,,ORAL,TID,否,是,ACTIVE
MED-2026-W007-02,阿莫西林克拉维酸钾片,Amoxicillin and Clavulanate Potassium,WESTERN,TABLET,4:1,片,,,ROOM_TEMPERATURE,是,是,是,NON_RESTRICTED,是,否,是,7,是,INTRADERMAL,ORIGINAL_SOLUTION,20,24,使用本次处方原药按院内规程完成皮试，观察20分钟，阴性结果24小时有效。,,,ORAL,TID,否,是,ACTIVE
MED-2026-W007-03,阿莫西林克拉维酸钾片,Amoxicillin and Clavulanate Potassium,WESTERN,TABLET,7:1,片,,,ROOM_TEMPERATURE,是,是,是,NON_RESTRICTED,是,否,是,7,是,INTRADERMAL,ORIGINAL_SOLUTION,20,24,使用本次处方原药按院内规程完成皮试，观察20分钟，阴性结果24小时有效。,,,ORAL,TID,否,是,ACTIVE
MED-2026-W007-04,阿莫西林克拉维酸钾颗粒,Amoxicillin and Clavulanate Potassium,WESTERN,GRANULE,125mg∶31.25mg,袋,125,mg,ROOM_TEMPERATURE,是,是,是,NON_RESTRICTED,是,否,是,7,是,INTRADERMAL,ORIGINAL_SOLUTION,20,24,使用本次处方原药按院内规程完成皮试，观察20分钟，阴性结果24小时有效。,,,ORAL,QD,否,是,ACTIVE
MED-2026-W007-05,阿莫西林克拉维酸钾颗粒,Amoxicillin and Clavulanate Potassium,WESTERN,GRANULE,200mg∶28.5mg（7:1）,袋,200,mg,ROOM_TEMPERATURE,是,是,是,NON_RESTRICTED,是,否,是,7,是,INTRADERMAL,ORIGINAL_SOLUTION,20,24,使用本次处方原药按院内规程完成皮试，观察20分钟，阴性结果24小时有效。,,,ORAL,QD,否,是,ACTIVE
MED-2026-W007-06,阿莫西林克拉维酸钾干混悬剂,Amoxicillin and Clavulanate Potassium,WESTERN,ORAL_LIQUID,250mg∶62.5mg,瓶,250,mg,ROOM_TEMPERATURE,是,是,是,NON_RESTRICTED,是,否,是,7,是,INTRADERMAL,ORIGINAL_SOLUTION,20,24,使用本次处方原药按院内规程完成皮试，观察20分钟，阴性结果24小时有效。,,,ORAL,QD,否,是,ACTIVE
MED-2026-W007-07,阿莫西林克拉维酸钾干混悬剂,Amoxicillin and Clavulanate Potassium,WESTERN,ORAL_LIQUID,200mg∶28.5mg（7:1）,瓶,200,mg,ROOM_TEMPERATURE,是,是,是,NON_RESTRICTED,是,否,是,7,是,INTRADERMAL,ORIGINAL_SOLUTION,20,24,使用本次处方原药按院内规程完成皮试，观察20分钟，阴性结果24小时有效。,,,ORAL,QD,否,是,ACTIVE
MED-2026-W007-08,阿莫西林克拉维酸钾注射用无菌粉末,Amoxicillin and Clavulanate Potassium,WESTERN,INJECTION,250mg∶50mg,支,250,mg,ROOM_TEMPERATURE,是,是,是,NON_RESTRICTED,是,否,是,7,是,INTRADERMAL,ORIGINAL_SOLUTION,20,24,使用本次处方原药按院内规程完成皮试，观察20分钟，阴性结果24小时有效。,,,IVGTT,QD,否,是,ACTIVE
MED-2026-W007-09,阿莫西林克拉维酸钾注射用无菌粉末,Amoxicillin and Clavulanate Potassium,WESTERN,INJECTION,500mg∶100mg,支,500,mg,ROOM_TEMPERATURE,是,是,是,NON_RESTRICTED,是,否,是,7,是,INTRADERMAL,ORIGINAL_SOLUTION,20,24,使用本次处方原药按院内规程完成皮试，观察20分钟，阴性结果24小时有效。,,,IVGTT,QD,否,是,ACTIVE
MED-2026-W007-10,阿莫西林克拉维酸钾注射用无菌粉末,Amoxicillin and Clavulanate Potassium,WESTERN,INJECTION,1000mg∶200mg（5:1）,支,1000,mg,ROOM_TEMPERATURE,是,是,是,NON_RESTRICTED,是,否,是,7,是,INTRADERMAL,ORIGINAL_SOLUTION,20,24,使用本次处方原药按院内规程完成皮试，观察20分钟，阴性结果24小时有效。,,,IVGTT,QD,否,是,ACTIVE
MED-2026-W008-01,哌拉西林钠他唑巴坦钠注射用无菌粉末,Piperacillin Sodium and Tazobactam Sodium,WESTERN,INJECTION,2.25g（哌拉西林 2.0g 与他唑巴坦 0.25g）,支,2.25,g,ROOM_TEMPERATURE,是,是,是,NON_RESTRICTED,是,否,是,7,是,INTRADERMAL,DILUTED_SOLUTION,20,24,需配制标准皮试稀释液（青霉素500 U/ml），皮内注射0.1ml，观察20分钟，阴性结果24小时有效。,,,IVGTT,QD,否,是,ACTIVE
MED-2026-W008-02,哌拉西林钠他唑巴坦钠注射用无菌粉末,Piperacillin Sodium and Tazobactam Sodium,WESTERN,INJECTION,4.5g（哌拉西林 4.0g 与他唑巴坦 0.5g）,支,4.5,g,ROOM_TEMPERATURE,是,是,是,NON_RESTRICTED,是,否,是,7,是,INTRADERMAL,DILUTED_SOLUTION,20,24,需配制标准皮试稀释液（青霉素500 U/ml），皮内注射0.1ml，观察20分钟，阴性结果24小时有效。,,,IVGTT,QD,否,是,ACTIVE
MED-2026-W009-01,头孢唑林注射用无菌粉末,Cefazolin,WESTERN,INJECTION,0.5g,支,0.5,g,ROOM_TEMPERATURE,是,是,是,NON_RESTRICTED,是,否,是,7,是,INTRADERMAL,ORIGINAL_SOLUTION,20,24,使用本次处方原药按院内规程完成皮试，观察20分钟，阴性结果24小时有效。,,,IVGTT,QD,否,是,ACTIVE
MED-2026-W009-02,头孢唑林注射用无菌粉末,Cefazolin,WESTERN,INJECTION,1.0g,支,1.0,g,ROOM_TEMPERATURE,是,是,是,NON_RESTRICTED,是,否,是,7,是,INTRADERMAL,ORIGINAL_SOLUTION,20,24,使用本次处方原药按院内规程完成皮试，观察20分钟，阴性结果24小时有效。,,,IVGTT,QD,否,是,ACTIVE
MED-2026-W010-01,头孢拉定胶囊,Cefradine,WESTERN,CAPSULE,0.25g,粒,0.25,g,ROOM_TEMPERATURE,是,是,是,NON_RESTRICTED,是,否,是,7,否,,,,,,,,ORAL,TID,否,是,ACTIVE
MED-2026-W010-02,头孢拉定胶囊,Cefradine,WESTERN,CAPSULE,0.5g,粒,0.5,g,ROOM_TEMPERATURE,是,是,是,NON_RESTRICTED,是,否,是,7,否,,,,,,,,ORAL,TID,否,是,ACTIVE
MED-2026-W011-01,头孢氨苄片,Cefalexin,WESTERN,TABLET,0.125g,片,0.125,g,ROOM_TEMPERATURE,是,是,是,NON_RESTRICTED,是,否,是,7,否,,,,,,,,ORAL,TID,否,是,ACTIVE
MED-2026-W011-02,头孢氨苄片,Cefalexin,WESTERN,TABLET,0.25g,片,0.25,g,ROOM_TEMPERATURE,是,是,是,NON_RESTRICTED,是,否,是,7,否,,,,,,,,ORAL,TID,否,是,ACTIVE
MED-2026-W011-03,头孢氨苄胶囊,Cefalexin,WESTERN,CAPSULE,0.125g,粒,0.125,g,ROOM_TEMPERATURE,是,是,是,NON_RESTRICTED,是,否,是,7,否,,,,,,,,ORAL,TID,否,是,ACTIVE
MED-2026-W011-04,头孢氨苄胶囊,Cefalexin,WESTERN,CAPSULE,0.25g,粒,0.25,g,ROOM_TEMPERATURE,是,是,是,NON_RESTRICTED,是,否,是,7,否,,,,,,,,ORAL,TID,否,是,ACTIVE
MED-2026-W011-05,头孢氨苄颗粒,Cefalexin,WESTERN,GRANULE,0.05g,袋,0.05,g,ROOM_TEMPERATURE,是,是,是,NON_RESTRICTED,是,否,是,7,否,,,,,,,,ORAL,QD,否,是,ACTIVE
MED-2026-W011-06,头孢氨苄颗粒,Cefalexin,WESTERN,GRANULE,0.125g,袋,0.125,g,ROOM_TEMPERATURE,是,是,是,NON_RESTRICTED,是,否,是,7,否,,,,,,,,ORAL,QD,否,是,ACTIVE
MED-2026-W012-01,头孢呋辛片,Cefuroxime,WESTERN,TABLET,0.125g,片,0.125,g,ROOM_TEMPERATURE,是,是,是,RESTRICTED,是,是,是,7,否,,,,,,,,ORAL,TID,否,是,ACTIVE
MED-2026-W012-02,头孢呋辛片,Cefuroxime,WESTERN,TABLET,0.25g,片,0.25,g,ROOM_TEMPERATURE,是,是,是,RESTRICTED,是,是,是,7,否,,,,,,,,ORAL,TID,否,是,ACTIVE
MED-2026-W012-03,头孢呋辛分散片,Cefuroxime,WESTERN,TABLET,0.125g,片,0.125,g,ROOM_TEMPERATURE,是,是,是,RESTRICTED,是,是,是,7,否,,,,,,,,ORAL,TID,否,是,ACTIVE
MED-2026-W012-04,头孢呋辛分散片,Cefuroxime,WESTERN,TABLET,0.25g,片,0.25,g,ROOM_TEMPERATURE,是,是,是,RESTRICTED,是,是,是,7,否,,,,,,,,ORAL,TID,否,是,ACTIVE
MED-2026-W012-05,头孢呋辛胶囊,Cefuroxime,WESTERN,CAPSULE,0.125g,粒,0.125,g,ROOM_TEMPERATURE,是,是,是,RESTRICTED,是,是,是,7,否,,,,,,,,ORAL,TID,否,是,ACTIVE
MED-2026-W012-06,头孢呋辛胶囊,Cefuroxime,WESTERN,CAPSULE,0.25g,粒,0.25,g,ROOM_TEMPERATURE,是,是,是,RESTRICTED,是,是,是,7,否,,,,,,,,ORAL,TID,否,是,ACTIVE
MED-2026-W012-07,头孢呋辛干混悬剂,Cefuroxime,WESTERN,ORAL_LIQUID,0.125g,瓶,0.125,g,ROOM_TEMPERATURE,是,是,是,RESTRICTED,是,是,是,7,否,,,,,,,,ORAL,QD,否,是,ACTIVE
MED-2026-W012-08,头孢呋辛干混悬剂,Cefuroxime,WESTERN,ORAL_LIQUID,0.25g,瓶,0.25,g,ROOM_TEMPERATURE,是,是,是,RESTRICTED,是,是,是,7,否,,,,,,,,ORAL,QD,否,是,ACTIVE
MED-2026-W012-09,头孢呋辛钠注射用无菌粉末,Cefuroxime,WESTERN,INJECTION,0.25g,支,0.25,g,ROOM_TEMPERATURE,是,是,是,RESTRICTED,是,是,是,7,是,INTRADERMAL,ORIGINAL_SOLUTION,20,24,使用本次处方原药按院内规程完成皮试，观察20分钟，阴性结果24小时有效。,,,IVGTT,QD,否,是,ACTIVE
MED-2026-W012-10,头孢呋辛钠注射用无菌粉末,Cefuroxime,WESTERN,INJECTION,0.5g,支,0.5,g,ROOM_TEMPERATURE,是,是,是,RESTRICTED,是,是,是,7,是,INTRADERMAL,ORIGINAL_SOLUTION,20,24,使用本次处方原药按院内规程完成皮试，观察20分钟，阴性结果24小时有效。,,,IVGTT,QD,否,是,ACTIVE
MED-2026-W012-11,头孢呋辛钠注射用无菌粉末,Cefuroxime,WESTERN,INJECTION,0.75g,支,0.75,g,ROOM_TEMPERATURE,是,是,是,RESTRICTED,是,是,是,7,是,INTRADERMAL,ORIGINAL_SOLUTION,20,24,使用本次处方原药按院内规程完成皮试，观察20分钟，阴性结果24小时有效。,,,IVGTT,QD,否,是,ACTIVE
MED-2026-W012-12,头孢呋辛钠注射用无菌粉末,Cefuroxime,WESTERN,INJECTION,1.5g,支,1.5,g,ROOM_TEMPERATURE,是,是,是,RESTRICTED,是,是,是,7,是,INTRADERMAL,ORIGINAL_SOLUTION,20,24,使用本次处方原药按院内规程完成皮试，观察20分钟，阴性结果24小时有效。,,,IVGTT,QD,否,是,ACTIVE
MED-2026-W013-01,头孢克肟片,Cefixime,WESTERN,TABLET,50mg,片,50,mg,ROOM_TEMPERATURE,是,是,是,NON_RESTRICTED,是,否,是,7,否,,,,,,,,ORAL,TID,否,是,ACTIVE
MED-2026-W013-02,头孢克肟片,Cefixime,WESTERN,TABLET,100mg,片,100,mg,ROOM_TEMPERATURE,是,是,是,NON_RESTRICTED,是,否,是,7,否,,,,,,,,ORAL,TID,否,是,ACTIVE
MED-2026-W013-03,头孢克肟分散片,Cefixime,WESTERN,TABLET,100mg,片,100,mg,ROOM_TEMPERATURE,是,是,是,NON_RESTRICTED,是,否,是,7,否,,,,,,,,ORAL,TID,否,是,ACTIVE
MED-2026-W013-04,头孢克肟胶囊,Cefixime,WESTERN,CAPSULE,100mg,粒,100,mg,ROOM_TEMPERATURE,是,是,是,NON_RESTRICTED,是,否,是,7,否,,,,,,,,ORAL,TID,否,是,ACTIVE
MED-2026-W013-05,头孢克肟颗粒,Cefixime,WESTERN,GRANULE,50mg,袋,50,mg,ROOM_TEMPERATURE,是,是,是,NON_RESTRICTED,是,否,是,7,否,,,,,,,,ORAL,QD,否,是,ACTIVE
MED-2026-W013-06,头孢克肟干混悬剂,Cefixime,WESTERN,ORAL_LIQUID,50mg,瓶,50,mg,ROOM_TEMPERATURE,是,是,是,NON_RESTRICTED,是,否,是,7,否,,,,,,,,ORAL,QD,否,是,ACTIVE
MED-2026-W013-07,头孢克肟干混悬剂,Cefixime,WESTERN,ORAL_LIQUID,100mg,瓶,100,mg,ROOM_TEMPERATURE,是,是,是,NON_RESTRICTED,是,否,是,7,否,,,,,,,,ORAL,QD,否,是,ACTIVE
MED-2026-W014-01,头孢曲松注射用无菌粉末,Ceftriaxone,WESTERN,INJECTION,0.25g,支,0.25,g,ROOM_TEMPERATURE,是,是,是,RESTRICTED,是,是,是,7,是,INTRADERMAL,ORIGINAL_SOLUTION,20,24,使用本次处方原药按院内规程完成皮试，观察20分钟，阴性结果24小时有效。,,,IVGTT,QD,否,是,ACTIVE
MED-2026-W014-02,头孢曲松注射用无菌粉末,Ceftriaxone,WESTERN,INJECTION,0.5g,支,0.5,g,ROOM_TEMPERATURE,是,是,是,RESTRICTED,是,是,是,7,是,INTRADERMAL,ORIGINAL_SOLUTION,20,24,使用本次处方原药按院内规程完成皮试，观察20分钟，阴性结果24小时有效。,,,IVGTT,QD,否,是,ACTIVE
MED-2026-W014-03,头孢曲松注射用无菌粉末,Ceftriaxone,WESTERN,INJECTION,1.0g,支,1.0,g,ROOM_TEMPERATURE,是,是,是,RESTRICTED,是,是,是,7,是,INTRADERMAL,ORIGINAL_SOLUTION,20,24,使用本次处方原药按院内规程完成皮试，观察20分钟，阴性结果24小时有效。,,,IVGTT,QD,否,是,ACTIVE
MED-2026-W014-04,头孢曲松注射用无菌粉末,Ceftriaxone,WESTERN,INJECTION,2.0g,支,2.0,g,ROOM_TEMPERATURE,是,是,是,RESTRICTED,是,是,是,7,是,INTRADERMAL,ORIGINAL_SOLUTION,20,24,使用本次处方原药按院内规程完成皮试，观察20分钟，阴性结果24小时有效。,,,IVGTT,QD,否,是,ACTIVE
MED-2026-W015-01,头孢他啶注射用无菌粉末,Ceftazidime,WESTERN,INJECTION,0.25g,支,0.25,g,ROOM_TEMPERATURE,是,是,是,RESTRICTED,是,是,是,7,是,INTRADERMAL,ORIGINAL_SOLUTION,20,24,使用本次处方原药按院内规程完成皮试，观察20分钟，阴性结果24小时有效。,,,IVGTT,QD,否,是,ACTIVE
MED-2026-W015-02,头孢他啶注射用无菌粉末,Ceftazidime,WESTERN,INJECTION,0.5g,支,0.5,g,ROOM_TEMPERATURE,是,是,是,RESTRICTED,是,是,是,7,是,INTRADERMAL,ORIGINAL_SOLUTION,20,24,使用本次处方原药按院内规程完成皮试，观察20分钟，阴性结果24小时有效。,,,IVGTT,QD,否,是,ACTIVE
MED-2026-W015-03,头孢他啶注射用无菌粉末,Ceftazidime,WESTERN,INJECTION,1.0g,支,1.0,g,ROOM_TEMPERATURE,是,是,是,RESTRICTED,是,是,是,7,是,INTRADERMAL,ORIGINAL_SOLUTION,20,24,使用本次处方原药按院内规程完成皮试，观察20分钟，阴性结果24小时有效。,,,IVGTT,QD,否,是,ACTIVE
MED-2026-W015-04,头孢他啶注射用无菌粉末,Ceftazidime,WESTERN,INJECTION,2.0g,支,2.0,g,ROOM_TEMPERATURE,是,是,是,RESTRICTED,是,是,是,7,是,INTRADERMAL,ORIGINAL_SOLUTION,20,24,使用本次处方原药按院内规程完成皮试，观察20分钟，阴性结果24小时有效。,,,IVGTT,QD,否,是,ACTIVE
MED-2026-W016-01,阿米卡星注射液,Amikacin,WESTERN,INJECTION,1ml ∶0.1g（10 万单位）,支,1,ml,ROOM_TEMPERATURE,是,是,是,NON_RESTRICTED,是,否,是,7,否,,,,,,,,IM,QD,否,是,ACTIVE
MED-2026-W016-02,阿米卡星注射液,Amikacin,WESTERN,INJECTION,2ml ∶0.2g（20 万单位）,支,2,ml,ROOM_TEMPERATURE,是,是,是,NON_RESTRICTED,是,否,是,7,否,,,,,,,,IM,QD,否,是,ACTIVE
MED-2026-W017-01,庆大霉素注射液,Gentamycin,WESTERN,INJECTION,1ml ∶40mg（4 万单位）,支,1,ml,ROOM_TEMPERATURE,是,是,是,NON_RESTRICTED,是,否,是,7,否,,,,,,,,IM,QD,否,是,ACTIVE
MED-2026-W017-02,庆大霉素注射液,Gentamycin,WESTERN,INJECTION,2ml ∶80mg（8 万单位）,支,2,ml,ROOM_TEMPERATURE,是,是,是,NON_RESTRICTED,是,否,是,7,否,,,,,,,,IM,QD,否,是,ACTIVE
MED-2026-W018-01,多西环素片,Doxycycline,WESTERN,TABLET,50mg,片,50,mg,ROOM_TEMPERATURE,是,是,是,NON_RESTRICTED,是,否,是,7,否,,,,,,,,ORAL,TID,否,是,ACTIVE
MED-2026-W018-02,多西环素片,Doxycycline,WESTERN,TABLET,100mg,片,100,mg,ROOM_TEMPERATURE,是,是,是,NON_RESTRICTED,是,否,是,7,否,,,,,,,,ORAL,TID,否,是,ACTIVE
MED-2026-W019-01,米诺环素片,Minocycline,WESTERN,TABLET,50mg,片,50,mg,ROOM_TEMPERATURE,是,是,是,NON_RESTRICTED,是,否,是,7,否,,,,,,,,ORAL,TID,否,是,ACTIVE
MED-2026-W019-02,米诺环素胶囊,Minocycline,WESTERN,CAPSULE,50mg,粒,50,mg,ROOM_TEMPERATURE,是,是,是,NON_RESTRICTED,是,否,是,7,否,,,,,,,,ORAL,TID,否,是,ACTIVE
MED-2026-W019-03,米诺环素胶囊,Minocycline,WESTERN,CAPSULE,100mg,粒,100,mg,ROOM_TEMPERATURE,是,是,是,NON_RESTRICTED,是,否,是,7,否,,,,,,,,ORAL,TID,否,是,ACTIVE
MED-2026-W020-01,红霉素肠溶（片剂、胶囊）,Erythromycin,WESTERN,CAPSULE,0.125g（12.5 万单位）,粒,0.125,g,ROOM_TEMPERATURE,是,是,是,NON_RESTRICTED,是,否,是,7,否,,,,,,,,ORAL,TID,否,是,ACTIVE
MED-2026-W020-02,红霉素肠溶（片剂、胶囊）,Erythromycin,WESTERN,CAPSULE,0.25g（25万单位）,粒,0.25,g,ROOM_TEMPERATURE,是,是,是,NON_RESTRICTED,是,否,是,7,否,,,,,,,,ORAL,TID,否,是,ACTIVE
MED-2026-W020-03,红霉素片,Erythromycin,WESTERN,TABLET,0.125g（12.5 万单位）,片,0.125,g,ROOM_TEMPERATURE,是,是,是,NON_RESTRICTED,是,否,是,7,否,,,,,,,,ORAL,TID,否,是,ACTIVE
MED-2026-W020-04,红霉素片,Erythromycin,WESTERN,TABLET,0.25g（25万单位）,片,0.25,g,ROOM_TEMPERATURE,是,是,是,NON_RESTRICTED,是,否,是,7,否,,,,,,,,ORAL,TID,否,是,ACTIVE
MED-2026-W020-05,红霉素胶囊,Erythromycin,WESTERN,CAPSULE,0.125g（12.5 万单位）,粒,0.125,g,ROOM_TEMPERATURE,是,是,是,NON_RESTRICTED,是,否,是,7,否,,,,,,,,ORAL,TID,否,是,ACTIVE
MED-2026-W020-06,红霉素胶囊,Erythromycin,WESTERN,CAPSULE,0.25g（25万单位）,粒,0.25,g,ROOM_TEMPERATURE,是,是,是,NON_RESTRICTED,是,否,是,7,否,,,,,,,,ORAL,TID,否,是,ACTIVE
MED-2026-W020-07,红霉素注射用无菌粉末,Erythromycin,WESTERN,INJECTION,0.25g（25 万单位）,支,0.25,g,ROOM_TEMPERATURE,是,是,是,NON_RESTRICTED,是,否,是,7,否,,,,,,,,IVGTT,QD,否,是,ACTIVE
MED-2026-W020-08,红霉素注射用无菌粉末,Erythromycin,WESTERN,INJECTION,0.3g（30 万单位）,支,0.3,g,ROOM_TEMPERATURE,是,是,是,NON_RESTRICTED,是,否,是,7,否,,,,,,,,IVGTT,QD,否,是,ACTIVE
MED-2026-W020-09,红霉素注射用无菌粉末,Erythromycin,WESTERN,INJECTION,0.5g（50万单位）,支,0.5,g,ROOM_TEMPERATURE,是,是,是,NON_RESTRICTED,是,否,是,7,否,,,,,,,,IVGTT,QD,否,是,ACTIVE
MED-2026-W021-01,阿奇霉素片,Azithromycin,WESTERN,TABLET,0.25g（25 万单位）,片,0.25,g,ROOM_TEMPERATURE,是,是,是,RESTRICTED,是,是,是,7,否,,,,,,,,ORAL,TID,否,是,ACTIVE
MED-2026-W021-02,阿奇霉素胶囊,Azithromycin,WESTERN,CAPSULE,0.25g（25 万单位）,粒,0.25,g,ROOM_TEMPERATURE,是,是,是,RESTRICTED,是,是,是,7,否,,,,,,,,ORAL,TID,否,是,ACTIVE
MED-2026-W021-03,阿奇霉素颗粒,Azithromycin,WESTERN,GRANULE,0.1g（10 万单位）,袋,0.1,g,ROOM_TEMPERATURE,是,是,是,RESTRICTED,是,是,是,7,否,,,,,,,,ORAL,QD,否,是,ACTIVE
MED-2026-W021-04,阿奇霉素干混悬剂,Azithromycin,WESTERN,ORAL_LIQUID,0.1g（10 万单位）,瓶,0.1,g,ROOM_TEMPERATURE,是,是,是,RESTRICTED,是,是,是,7,否,,,,,,,,ORAL,QD,否,是,ACTIVE
MED-2026-W021-05,阿奇霉素注射用无菌粉末,Azithromycin,WESTERN,INJECTION,0.5g（50 万单位）,支,0.5,g,ROOM_TEMPERATURE,是,是,是,RESTRICTED,是,是,是,7,否,,,,,,,,IVGTT,QD,否,是,ACTIVE
MED-2026-W022-01,克拉霉素片,Clarithromycin,WESTERN,TABLET,0.125g（12.5 万单位）,片,0.125,g,ROOM_TEMPERATURE,是,是,是,NON_RESTRICTED,是,否,是,7,否,,,,,,,,ORAL,TID,否,是,ACTIVE
MED-2026-W022-02,克拉霉素片,Clarithromycin,WESTERN,TABLET,0.25g（25 万单位）,片,0.25,g,ROOM_TEMPERATURE,是,是,是,NON_RESTRICTED,是,否,是,7,否,,,,,,,,ORAL,TID,否,是,ACTIVE
MED-2026-W022-03,克拉霉素颗粒,Clarithromycin,WESTERN,GRANULE,0.125g（12.5 万单位）,袋,0.125,g,ROOM_TEMPERATURE,是,是,是,NON_RESTRICTED,是,否,是,7,否,,,,,,,,ORAL,QD,否,是,ACTIVE
MED-2026-W022-04,克拉霉素颗粒,Clarithromycin,WESTERN,GRANULE,0.25g（25 万单位）,袋,0.25,g,ROOM_TEMPERATURE,是,是,是,NON_RESTRICTED,是,否,是,7,否,,,,,,,,ORAL,QD,否,是,ACTIVE
MED-2026-W023-01,克林霉素胶囊,Clindamycin,WESTERN,CAPSULE,0.075g,粒,0.075,g,ROOM_TEMPERATURE,是,是,是,NON_RESTRICTED,是,否,是,7,否,,,,,,,,ORAL,TID,否,是,ACTIVE
MED-2026-W023-02,克林霉素胶囊,Clindamycin,WESTERN,CAPSULE,0.15g,粒,0.15,g,ROOM_TEMPERATURE,是,是,是,NON_RESTRICTED,是,否,是,7,否,,,,,,,,ORAL,TID,否,是,ACTIVE
MED-2026-W023-03,克林霉素颗粒,Clindamycin,WESTERN,GRANULE,75mg,袋,75,mg,ROOM_TEMPERATURE,是,是,是,NON_RESTRICTED,是,否,是,7,否,,,,,,,,ORAL,QD,否,是,ACTIVE
MED-2026-W023-04,克林霉素注射液,Clindamycin,WESTERN,INJECTION,1ml ∶150mg,支,1,ml,ROOM_TEMPERATURE,是,是,是,NON_RESTRICTED,是,否,是,7,否,,,,,,,,IM,QD,否,是,ACTIVE
MED-2026-W023-05,克林霉素注射液,Clindamycin,WESTERN,INJECTION,2ml ∶300mg,支,2,ml,ROOM_TEMPERATURE,是,是,是,NON_RESTRICTED,是,否,是,7,否,,,,,,,,IM,QD,否,是,ACTIVE
MED-2026-W023-06,克林霉素注射液,Clindamycin,WESTERN,INJECTION,4ml ∶600mg,支,4,ml,ROOM_TEMPERATURE,是,是,是,NON_RESTRICTED,是,否,是,7,否,,,,,,,,IM,QD,否,是,ACTIVE
MED-2026-W023-07,克林霉素注射液,Clindamycin,WESTERN,INJECTION,6ml ∶900mg,支,6,ml,ROOM_TEMPERATURE,是,是,是,NON_RESTRICTED,是,否,是,7,否,,,,,,,,IM,QD,否,是,ACTIVE
MED-2026-W024-01,磷霉素钠注射用无菌粉末,Fosfomycin,WESTERN,INJECTION,1.0g（100 万单位）,支,1.0,g,ROOM_TEMPERATURE,是,是,是,NON_RESTRICTED,是,否,是,7,否,,,,,,,,IVGTT,QD,否,是,ACTIVE
MED-2026-W024-02,磷霉素钠注射用无菌粉末,Fosfomycin,WESTERN,INJECTION,2.0g（200 万单位）,支,2.0,g,ROOM_TEMPERATURE,是,是,是,NON_RESTRICTED,是,否,是,7,否,,,,,,,,IVGTT,QD,否,是,ACTIVE
MED-2026-W024-03,磷霉素钠注射用无菌粉末,Fosfomycin,WESTERN,INJECTION,4.0g（400 万单位）,支,4.0,g,ROOM_TEMPERATURE,是,是,是,NON_RESTRICTED,是,否,是,7,否,,,,,,,,IVGTT,QD,否,是,ACTIVE
MED-2026-W024-04,磷霉素散,Fosfomycin,WESTERN,POWDER,3.0g（300 万单位）,袋,3.0,g,ROOM_TEMPERATURE,是,是,是,NON_RESTRICTED,是,否,是,7,否,,,,,,,,ORAL,QD,否,是,ACTIVE
MED-2026-W025-01,夫西地酸注射用无菌粉末,Fusidic Acid,WESTERN,INJECTION,0.125g,支,0.125,g,ROOM_TEMPERATURE,是,是,是,NON_RESTRICTED,是,否,是,7,否,,,,,,,,IVGTT,QD,否,是,ACTIVE
MED-2026-W025-02,夫西地酸注射用无菌粉末,Fusidic Acid,WESTERN,INJECTION,0.25g,支,0.25,g,ROOM_TEMPERATURE,是,是,是,NON_RESTRICTED,是,否,是,7,否,,,,,,,,IVGTT,QD,否,是,ACTIVE
MED-2026-W025-03,夫西地酸注射用无菌粉末,Fusidic Acid,WESTERN,INJECTION,0.5g,支,0.5,g,ROOM_TEMPERATURE,是,是,是,NON_RESTRICTED,是,否,是,7,否,,,,,,,,IVGTT,QD,否,是,ACTIVE
MED-2026-W026-01,复方磺胺甲噁（ 恶）唑片,Compound Sulfamethoxazole,WESTERN,TABLET,400mg∶80mg,片,400,mg,ROOM_TEMPERATURE,是,是,是,NON_RESTRICTED,是,否,是,7,否,,,,,,,,ORAL,TID,否,是,ACTIVE
MED-2026-W026-02,复方磺胺甲噁（ 恶）唑注射液,Compound Sulfamethoxazole,WESTERN,INJECTION,5ml ∶400mg∶80mg［磺胺甲噁（恶）唑∶甲氧苄啶］,支,400,mg,ROOM_TEMPERATURE,是,是,是,NON_RESTRICTED,是,否,是,7,否,,,,,,,,IM,QD,否,是,ACTIVE
MED-2026-W027-01,磺胺嘧啶片,Sulfadiazine,WESTERN,TABLET,0.5g,片,0.5,g,ROOM_TEMPERATURE,是,是,是,NON_RESTRICTED,是,否,是,7,否,,,,,,,,ORAL,TID,否,是,ACTIVE
MED-2026-W027-02,磺胺嘧啶注射液,Sulfadiazine,WESTERN,INJECTION,2ml ∶0.4g,支,2,ml,ROOM_TEMPERATURE,是,是,是,NON_RESTRICTED,是,否,是,7,否,,,,,,,,IM,QD,否,是,ACTIVE
MED-2026-W027-03,磺胺嘧啶注射液,Sulfadiazine,WESTERN,INJECTION,5ml ∶1g,支,5,ml,ROOM_TEMPERATURE,是,是,是,NON_RESTRICTED,是,否,是,7,否,,,,,,,,IM,QD,否,是,ACTIVE
MED-2026-W028-01,诺氟沙星片,Norfloxacin,WESTERN,TABLET,0.1g,片,0.1,g,ROOM_TEMPERATURE,是,是,是,NON_RESTRICTED,是,否,是,7,否,,,,,,,,ORAL,TID,否,是,ACTIVE
MED-2026-W028-02,诺氟沙星胶囊,Norfloxacin,WESTERN,CAPSULE,0.1g,粒,0.1,g,ROOM_TEMPERATURE,是,是,是,NON_RESTRICTED,是,否,是,7,否,,,,,,,,ORAL,TID,否,是,ACTIVE
MED-2026-W029-01,环丙沙星片,Ciprofloxacin,WESTERN,TABLET,0.25g,片,0.25,g,ROOM_TEMPERATURE,是,是,是,NON_RESTRICTED,是,否,是,7,否,,,,,,,,ORAL,TID,否,是,ACTIVE
MED-2026-W029-02,环丙沙星片,Ciprofloxacin,WESTERN,TABLET,0.5g （乳酸盐）氯化钠注射液：100ml ∶0.2g,片,0.5,g,ROOM_TEMPERATURE,是,是,是,NON_RESTRICTED,是,否,是,7,否,,,,,,,,ORAL,TID,否,是,ACTIVE
MED-2026-W030-01,左氧氟沙星片,Levofloxacin,WESTERN,TABLET,0.25g,片,0.25,g,ROOM_TEMPERATURE,是,是,是,RESTRICTED,是,是,是,7,否,,,,,,,,ORAL,TID,否,是,ACTIVE
MED-2026-W030-02,左氧氟沙星片,Levofloxacin,WESTERN,TABLET,0.5g,片,0.5,g,ROOM_TEMPERATURE,是,是,是,RESTRICTED,是,是,是,7,否,,,,,,,,ORAL,TID,否,是,ACTIVE
MED-2026-W030-03,左氧氟沙星氯化钠注射液,Levofloxacin,WESTERN,INJECTION,50ml ∶0.25g,支,50,ml,ROOM_TEMPERATURE,是,是,是,RESTRICTED,是,是,是,7,否,,,,,,,,IM,QD,否,是,ACTIVE
MED-2026-W030-04,左氧氟沙星氯化钠注射液,Levofloxacin,WESTERN,INJECTION,100ml ∶0.5g,支,100,ml,ROOM_TEMPERATURE,是,是,是,RESTRICTED,是,是,是,7,否,,,,,,,,IM,QD,否,是,ACTIVE
MED-2026-W031-01,莫西沙星片,Moxifloxacin,WESTERN,TABLET,0.4g,片,0.4,g,ROOM_TEMPERATURE,是,是,是,RESTRICTED,是,是,是,7,否,,,,,,,,ORAL,TID,否,是,ACTIVE
MED-2026-W031-02,莫西沙星氯化钠注射液,Moxifloxacin,WESTERN,INJECTION,250ml（莫西沙星0.4g 与氯化钠 2.0g）,支,250,ml,ROOM_TEMPERATURE,是,是,是,RESTRICTED,是,是,是,7,否,,,,,,,,IM,QD,否,是,ACTIVE
MED-2026-W032-01,甲硝唑片,Metronidazole,WESTERN,TABLET,0.2g,片,0.2,g,ROOM_TEMPERATURE,是,是,是,NON_RESTRICTED,是,否,是,7,否,,,,,,,,ORAL,TID,否,是,ACTIVE
MED-2026-W032-02,甲硝唑胶囊,Metronidazole,WESTERN,CAPSULE,0.2g,粒,0.2,g,ROOM_TEMPERATURE,是,是,是,NON_RESTRICTED,是,否,是,7,否,,,,,,,,ORAL,TID,否,是,ACTIVE
MED-2026-W032-03,甲硝唑氯化钠注射液,Metronidazole,WESTERN,INJECTION,100ml ∶0.5g,支,100,ml,ROOM_TEMPERATURE,是,是,是,NON_RESTRICTED,是,否,是,7,否,,,,,,,,IM,QD,否,是,ACTIVE
MED-2026-W033,替硝唑片,Tinidazole,WESTERN,TABLET,0.5g,片,0.5,g,ROOM_TEMPERATURE,是,是,是,NON_RESTRICTED,是,否,是,7,否,,,,,,,,ORAL,TID,否,是,ACTIVE
MED-2026-W034,呋喃妥因肠溶片,Nitrofurantoin,WESTERN,TABLET,50mg,片,50,mg,ROOM_TEMPERATURE,是,是,是,NON_RESTRICTED,是,否,是,7,否,,,,,,,,ORAL,TID,否,是,ACTIVE
MED-2026-W035,结核病用药常规定制,JHBYY,WESTERN,TABLET,以国家专项规定为准,片,,,ROOM_TEMPERATURE,是,是,是,NON_RESTRICTED,是,否,是,7,否,,,,,,,,ORAL,TID,否,是,ACTIVE
MED-2026-W036-01,氨苯砜片,Dapsone,WESTERN,TABLET,50mg,片,50,mg,ROOM_TEMPERATURE,是,是,是,NON_RESTRICTED,是,否,是,7,否,,,,,,,,ORAL,TID,否,是,ACTIVE
MED-2026-W036-02,氨苯砜片,Dapsone,WESTERN,TABLET,100mg,片,100,mg,ROOM_TEMPERATURE,是,是,是,NON_RESTRICTED,是,否,是,7,否,,,,,,,,ORAL,TID,否,是,ACTIVE
MED-2026-W037-01,氟康唑片,Fluconazole,WESTERN,TABLET,50mg,片,50,mg,ROOM_TEMPERATURE,是,是,是,RESTRICTED,是,是,是,7,否,,,,,,,,ORAL,TID,否,是,ACTIVE
MED-2026-W037-02,氟康唑片,Fluconazole,WESTERN,TABLET,100mg,片,100,mg,ROOM_TEMPERATURE,是,是,是,RESTRICTED,是,是,是,7,否,,,,,,,,ORAL,TID,否,是,ACTIVE
MED-2026-W037-03,氟康唑片,Fluconazole,WESTERN,TABLET,150mg,片,150,mg,ROOM_TEMPERATURE,是,是,是,RESTRICTED,是,是,是,7,否,,,,,,,,ORAL,TID,否,是,ACTIVE
MED-2026-W037-04,氟康唑胶囊,Fluconazole,WESTERN,CAPSULE,50mg,粒,50,mg,ROOM_TEMPERATURE,是,是,是,RESTRICTED,是,是,是,7,否,,,,,,,,ORAL,TID,否,是,ACTIVE
MED-2026-W037-05,氟康唑胶囊,Fluconazole,WESTERN,CAPSULE,100mg,粒,100,mg,ROOM_TEMPERATURE,是,是,是,RESTRICTED,是,是,是,7,否,,,,,,,,ORAL,TID,否,是,ACTIVE
MED-2026-W037-06,氟康唑胶囊,Fluconazole,WESTERN,CAPSULE,150mg,粒,150,mg,ROOM_TEMPERATURE,是,是,是,RESTRICTED,是,是,是,7,否,,,,,,,,ORAL,TID,否,是,ACTIVE
MED-2026-W037-07,氟康唑氯化钠注射液,Fluconazole,WESTERN,INJECTION,100ml ∶0.2g,支,100,ml,ROOM_TEMPERATURE,是,是,是,RESTRICTED,是,是,是,7,否,,,,,,,,IM,QD,否,是,ACTIVE
MED-2026-W038-01,伊曲康唑分散片,Itraconazole,WESTERN,TABLET,0.1g,片,0.1,g,ROOM_TEMPERATURE,是,是,是,NON_RESTRICTED,是,否,是,7,否,,,,,,,,ORAL,TID,否,是,ACTIVE
MED-2026-W038-02,伊曲康唑颗粒,Itraconazole,WESTERN,GRANULE,0.1g,袋,0.1,g,ROOM_TEMPERATURE,是,是,是,NON_RESTRICTED,是,否,是,7,否,,,,,,,,ORAL,QD,否,是,ACTIVE
MED-2026-W038-03,伊曲康唑胶囊,Itraconazole,WESTERN,CAPSULE,0.1g,粒,0.1,g,ROOM_TEMPERATURE,是,是,是,NON_RESTRICTED,是,否,是,7,否,,,,,,,,ORAL,TID,否,是,ACTIVE
MED-2026-W038-04,伊曲康唑口服溶液剂,Itraconazole,WESTERN,ORAL_LIQUID,150ml ∶1.5g,瓶,150,ml,ROOM_TEMPERATURE,是,是,是,NON_RESTRICTED,是,否,是,7,否,,,,,,,,ORAL,QD,否,是,ACTIVE
MED-2026-W039-01,两性霉素注射用无菌粉末,B Amphotericin B,WESTERN,INJECTION,5mg（5000 单 位）,支,5,mg,ROOM_TEMPERATURE,是,是,是,NON_RESTRICTED,是,否,是,7,否,,,,,,,,IVGTT,QD,否,是,ACTIVE
MED-2026-W039-02,两性霉素注射用无菌粉末,B Amphotericin B,WESTERN,INJECTION,25mg（2.5 万单位）,支,25,mg,ROOM_TEMPERATURE,是,是,是,NON_RESTRICTED,是,否,是,7,否,,,,,,,,IVGTT,QD,否,是,ACTIVE
MED-2026-W039-03,两性霉素注射用无菌粉末,B Amphotericin B,WESTERN,INJECTION,50mg 注射用脂质体：50mg（5 万单位）,支,50,mg,ROOM_TEMPERATURE,是,是,是,NON_RESTRICTED,是,否,是,7,否,,,,,,,,IVGTT,QD,否,是,ACTIVE
MED-2026-W040-01,卡泊芬净注射用无菌粉末,Caspofungin,WESTERN,INJECTION,50mg,支,50,mg,ROOM_TEMPERATURE,是,是,是,SPECIAL,否,是,否,,否,,,,,,,,IVGTT,QD,否,是,ACTIVE
MED-2026-W040-02,卡泊芬净注射用无菌粉末,Caspofungin,WESTERN,INJECTION,70mg,支,70,mg,ROOM_TEMPERATURE,是,是,是,SPECIAL,否,是,否,,否,,,,,,,,IVGTT,QD,否,是,ACTIVE
MED-2026-W041-01,小檗碱片,Berberine,WESTERN,TABLET,50mg,片,50,mg,ROOM_TEMPERATURE,是,是,是,NON_RESTRICTED,是,否,是,7,否,,,,,,,,ORAL,TID,否,是,ACTIVE
MED-2026-W041-02,小檗碱片,Berberine,WESTERN,TABLET,100mg,片,100,mg,ROOM_TEMPERATURE,是,是,是,NON_RESTRICTED,是,否,是,7,否,,,,,,,,ORAL,TID,否,是,ACTIVE
MED-2026-W042-01,阿昔洛韦片,Aciclovir,WESTERN,TABLET,0.1g,片,0.1,g,ROOM_TEMPERATURE,是,是,是,NON_RESTRICTED,是,否,是,7,否,,,,,,,,ORAL,TID,否,是,ACTIVE
MED-2026-W042-02,阿昔洛韦片,Aciclovir,WESTERN,TABLET,0.2g,片,0.2,g,ROOM_TEMPERATURE,是,是,是,NON_RESTRICTED,是,否,是,7,否,,,,,,,,ORAL,TID,否,是,ACTIVE
MED-2026-W042-03,阿昔洛韦胶囊,Aciclovir,WESTERN,CAPSULE,0.2g,粒,0.2,g,ROOM_TEMPERATURE,是,是,是,NON_RESTRICTED,是,否,是,7,否,,,,,,,,ORAL,TID,否,是,ACTIVE
MED-2026-W042-04,阿昔洛韦注射用无菌粉末,Aciclovir,WESTERN,INJECTION,0.25g,支,0.25,g,ROOM_TEMPERATURE,是,是,是,NON_RESTRICTED,是,否,是,7,否,,,,,,,,IVGTT,QD,否,是,ACTIVE
MED-2026-W043-01,更昔洛韦注射用无菌粉末,Ganciclovir,WESTERN,INJECTION,0.05g,支,0.05,g,ROOM_TEMPERATURE,是,是,是,NON_RESTRICTED,是,否,是,7,否,,,,,,,,IVGTT,QD,否,是,ACTIVE
MED-2026-W043-02,更昔洛韦注射用无菌粉末,Ganciclovir,WESTERN,INJECTION,0.15g,支,0.15,g,ROOM_TEMPERATURE,是,是,是,NON_RESTRICTED,是,否,是,7,否,,,,,,,,IVGTT,QD,否,是,ACTIVE
MED-2026-W043-03,更昔洛韦注射用无菌粉末,Ganciclovir,WESTERN,INJECTION,0.25g,支,0.25,g,ROOM_TEMPERATURE,是,是,是,NON_RESTRICTED,是,否,是,7,否,,,,,,,,IVGTT,QD,否,是,ACTIVE
MED-2026-W043-04,更昔洛韦注射用无菌粉末,Ganciclovir,WESTERN,INJECTION,0.5g,支,0.5,g,ROOM_TEMPERATURE,是,是,是,NON_RESTRICTED,是,否,是,7,否,,,,,,,,IVGTT,QD,否,是,ACTIVE
MED-2026-W044-01,奥司他韦胶囊,Oseltamivir,WESTERN,CAPSULE,30mg,粒,30,mg,ROOM_TEMPERATURE,是,是,是,NON_RESTRICTED,是,否,是,7,否,,,,,,,,ORAL,TID,否,是,ACTIVE
MED-2026-W044-02,奥司他韦胶囊,Oseltamivir,WESTERN,CAPSULE,45mg,粒,45,mg,ROOM_TEMPERATURE,是,是,是,NON_RESTRICTED,是,否,是,7,否,,,,,,,,ORAL,TID,否,是,ACTIVE
MED-2026-W044-03,奥司他韦胶囊,Oseltamivir,WESTERN,CAPSULE,75mg,粒,75,mg,ROOM_TEMPERATURE,是,是,是,NON_RESTRICTED,是,否,是,7,否,,,,,,,,ORAL,TID,否,是,ACTIVE
MED-2026-W044-04,奥司他韦颗粒,Oseltamivir,WESTERN,GRANULE,15mg,袋,15,mg,ROOM_TEMPERATURE,是,是,是,NON_RESTRICTED,是,否,是,7,否,,,,,,,,ORAL,QD,否,是,ACTIVE
MED-2026-W044-05,奥司他韦颗粒,Oseltamivir,WESTERN,GRANULE,25mg,袋,25,mg,ROOM_TEMPERATURE,是,是,是,NON_RESTRICTED,是,否,是,7,否,,,,,,,,ORAL,QD,否,是,ACTIVE
MED-2026-W044-06,奥司他韦干混悬剂,Oseltamivir,WESTERN,ORAL_LIQUID,0.36g,瓶,0.36,g,ROOM_TEMPERATURE,是,是,是,NON_RESTRICTED,是,否,是,7,否,,,,,,,,ORAL,QD,否,是,ACTIVE
MED-2026-W045-01,恩替卡韦片,Entecavir,WESTERN,TABLET,0.5mg,片,0.5,mg,ROOM_TEMPERATURE,是,是,是,NON_RESTRICTED,是,否,是,7,否,,,,,,,,ORAL,TID,否,是,ACTIVE
MED-2026-W045-02,恩替卡韦片,Entecavir,WESTERN,TABLET,1mg,片,1,mg,ROOM_TEMPERATURE,是,是,是,NON_RESTRICTED,是,否,是,7,否,,,,,,,,ORAL,TID,否,是,ACTIVE
MED-2026-W045-03,恩替卡韦分散片,Entecavir,WESTERN,TABLET,0.5mg,片,0.5,mg,ROOM_TEMPERATURE,是,是,是,NON_RESTRICTED,是,否,是,7,否,,,,,,,,ORAL,TID,否,是,ACTIVE
MED-2026-W045-04,恩替卡韦分散片,Entecavir,WESTERN,TABLET,1mg,片,1,mg,ROOM_TEMPERATURE,是,是,是,NON_RESTRICTED,是,否,是,7,否,,,,,,,,ORAL,TID,否,是,ACTIVE
MED-2026-W045-05,恩替卡韦胶囊,Entecavir,WESTERN,CAPSULE,0.5mg,粒,0.5,mg,ROOM_TEMPERATURE,是,是,是,NON_RESTRICTED,是,否,是,7,否,,,,,,,,ORAL,TID,否,是,ACTIVE
MED-2026-W045-06,恩替卡韦口服溶液剂,Entecavir,WESTERN,ORAL_LIQUID,210ml ∶10.5mg,瓶,210,ml,ROOM_TEMPERATURE,是,是,是,NON_RESTRICTED,是,否,是,7,否,,,,,,,,ORAL,QD,否,是,ACTIVE
MED-2026-W046-01,利巴韦林片,Ribavirin,WESTERN,TABLET,0.1g,片,0.1,g,ROOM_TEMPERATURE,是,是,是,NON_RESTRICTED,是,否,是,7,否,,,,,,,,ORAL,TID,否,是,ACTIVE
MED-2026-W046-02,利巴韦林胶囊,Ribavirin,WESTERN,CAPSULE,0.1g,粒,0.1,g,ROOM_TEMPERATURE,是,是,是,NON_RESTRICTED,是,否,是,7,否,,,,,,,,ORAL,TID,否,是,ACTIVE
MED-2026-W047,索磷布韦维帕他韦片,Sofosbuvir and Velpatasvir,WESTERN,TABLET,每片 含 400mg 索磷布韦和100mg 维帕他韦,片,400,mg,ROOM_TEMPERATURE,是,是,是,NON_RESTRICTED,是,否,是,7,否,,,,,,,,ORAL,TID,否,是,ACTIVE
MED-2026-W048-01,替诺福韦二吡呋酯片,Tenofovir Disoproxil,WESTERN,TABLET,0.3g,片,0.3,g,ROOM_TEMPERATURE,是,是,是,NON_RESTRICTED,是,否,是,7,否,,,,,,,,ORAL,TID,否,是,ACTIVE
MED-2026-W048-02,替诺福韦二吡呋酯胶囊,Tenofovir Disoproxil,WESTERN,CAPSULE,0.3g,粒,0.3,g,ROOM_TEMPERATURE,是,是,是,NON_RESTRICTED,是,否,是,7,否,,,,,,,,ORAL,TID,否,是,ACTIVE
MED-2026-W049,丙酚替诺福韦片,TenofovirAlafenamide,WESTERN,TABLET,25mg,片,25,mg,ROOM_TEMPERATURE,是,是,是,NON_RESTRICTED,是,否,是,7,否,,,,,,,,ORAL,TID,否,是,ACTIVE
MED-2026-W050-01,人干扰素人干扰素α1b注射液,Human Interferon,WESTERN,INJECTION,10μg∶0.5ml,支,10,μg,REFRIGERATED,是,是,是,NON_RESTRICTED,是,否,是,7,否,,,,,,,,IM,QD,否,是,ACTIVE
MED-2026-W050-02,人干扰素人干扰素α1b注射液,Human Interferon,WESTERN,INJECTION,30μg∶1ml注射用人干扰素α1b ∶10μg,支,30,μg,REFRIGERATED,是,是,是,NON_RESTRICTED,是,否,是,7,否,,,,,,,,IM,QD,否,是,ACTIVE
MED-2026-W050-03,人干扰素人干扰素α1b注射液,Human Interferon,WESTERN,INJECTION,30μg人干扰素α2a 注射液,支,30,μg,REFRIGERATED,是,是,是,NON_RESTRICTED,是,否,是,7,否,,,,,,,,IM,QD,否,是,ACTIVE
MED-2026-W050-04,人干扰素人干扰素α1b注射液,Human Interferon,WESTERN,INJECTION,注射用人干扰素α2a ∶300 万 IU,支,,,REFRIGERATED,是,是,是,NON_RESTRICTED,是,否,是,7,否,,,,,,,,IM,QD,否,是,ACTIVE
MED-2026-W050-05,人干扰素人干扰素α1b注射液,Human Interferon,WESTERN,INJECTION,500 万 IU人干扰素α2b 注射液,支,,,REFRIGERATED,是,是,是,NON_RESTRICTED,是,否,是,7,否,,,,,,,,IM,QD,否,是,ACTIVE
MED-2026-W050-06,人干扰素人干扰素α1b注射液,Human Interferon,WESTERN,INJECTION,注射用人干扰素α2b ∶300 万 IU,支,,,REFRIGERATED,是,是,是,NON_RESTRICTED,是,否,是,7,否,,,,,,,,IM,QD,否,是,ACTIVE
MED-2026-W050-07,人干扰素人干扰素α1b注射液,Human Interferon,WESTERN,INJECTION,500 万 IU,支,,,REFRIGERATED,是,是,是,NON_RESTRICTED,是,否,是,7,否,,,,,,,,IM,QD,否,是,ACTIVE
MED-2026-W051,艾滋病用药常规定制,AZBYY,WESTERN,TABLET,以国家专项规定为准,片,,,ROOM_TEMPERATURE,是,是,是,NON_RESTRICTED,是,否,是,7,否,,,,,,,,ORAL,TID,否,是,ACTIVE
MED-2026-W052-01,氯喹片,Chloroquine,WESTERN,TABLET,250mg,片,250,mg,ROOM_TEMPERATURE,是,是,否,,否,否,否,,否,,,,,,,,ORAL,BID,否,是,ACTIVE
MED-2026-W052-02,氯喹注射液,Chloroquine,WESTERN,INJECTION,5ml ∶322mg,支,5,ml,ROOM_TEMPERATURE,是,是,否,,否,否,否,,否,,,,,,,,IM,BID,否,是,ACTIVE
MED-2026-W053-01,羟氯喹片,Hydroxychloroquine,WESTERN,TABLET,0.1g,片,0.1,g,ROOM_TEMPERATURE,是,是,否,,否,否,否,,否,,,,,,,,ORAL,BID,否,是,ACTIVE
MED-2026-W053-02,羟氯喹片,Hydroxychloroquine,WESTERN,TABLET,0.2g,片,0.2,g,ROOM_TEMPERATURE,是,是,否,,否,否,否,,否,,,,,,,,ORAL,BID,否,是,ACTIVE
MED-2026-W054,伯氨喹片,Primaquine,WESTERN,TABLET,13.2mg,片,13.2,mg,ROOM_TEMPERATURE,是,是,否,,否,否,否,,否,,,,,,,,ORAL,BID,否,是,ACTIVE
MED-2026-W055,乙胺嘧啶片,Pyrimethamine,WESTERN,TABLET,6.25mg,片,6.25,mg,ROOM_TEMPERATURE,是,是,否,,否,否,否,,否,,,,,,,,ORAL,BID,否,是,ACTIVE
MED-2026-W056,青蒿素类药物常规定制,QHSLYW,WESTERN,TABLET,以国家专项规定为准,片,,,ROOM_TEMPERATURE,是,是,否,,否,否,否,,否,,,,,,,,ORAL,BID,否,是,ACTIVE
MED-2026-W057,葡萄糖酸锑钠注射液,Sodium Stibogluconate,WESTERN,INJECTION,6ml（按锑计 0.6g，约相当于葡萄糖酸锑钠 1.9g）,支,6,ml,ROOM_TEMPERATURE,是,是,否,,否,否,否,,否,,,,,,,,IVGTT,BID,否,是,ACTIVE
MED-2026-W058,吡喹酮片,Praziquantel,WESTERN,TABLET,0.2g,片,0.2,g,ROOM_TEMPERATURE,是,是,否,,否,否,否,,否,,,,,,,,ORAL,BID,否,是,ACTIVE
MED-2026-W059-01,阿苯达唑片,Albendazole,WESTERN,TABLET,0.1g,片,0.1,g,ROOM_TEMPERATURE,是,是,否,,否,否,否,,否,,,,,,,,ORAL,BID,否,是,ACTIVE
MED-2026-W059-02,阿苯达唑片,Albendazole,WESTERN,TABLET,0.2g,片,0.2,g,ROOM_TEMPERATURE,是,是,否,,否,否,否,,否,,,,,,,,ORAL,BID,否,是,ACTIVE
MED-2026-W059-03,阿苯达唑胶囊,Albendazole,WESTERN,CAPSULE,0.1g,粒,0.1,g,ROOM_TEMPERATURE,是,是,否,,否,否,否,,否,,,,,,,,ORAL,BID,否,是,ACTIVE
MED-2026-W059-04,阿苯达唑胶囊,Albendazole,WESTERN,CAPSULE,0.2g,粒,0.2,g,ROOM_TEMPERATURE,是,是,否,,否,否,否,,否,,,,,,,,ORAL,BID,否,是,ACTIVE
MED-2026-W060-01,利多卡因注射液,Lidocaine,WESTERN,INJECTION,5ml ∶86.5mg,支,5,ml,ROOM_TEMPERATURE,是,是,否,,否,否,否,,否,,,,,,,,IM,BID,否,是,ACTIVE
MED-2026-W060-02,利多卡因注射液,Lidocaine,WESTERN,INJECTION,10ml ∶0.173g,支,10,ml,ROOM_TEMPERATURE,是,是,否,,否,否,否,,否,,,,,,,,IM,BID,否,是,ACTIVE
MED-2026-W060-03,利多卡因注射液,Lidocaine,WESTERN,INJECTION,2ml ∶4mg,支,2,ml,ROOM_TEMPERATURE,是,是,否,,否,否,否,,否,,,,,,,,IM,BID,否,是,ACTIVE
MED-2026-W060-04,利多卡因注射液,Lidocaine,WESTERN,INJECTION,5ml ∶0.1g,支,5,ml,ROOM_TEMPERATURE,是,是,否,,否,否,否,,否,,,,,,,,IM,BID,否,是,ACTIVE
MED-2026-W060-05,利多卡因注射液,Lidocaine,WESTERN,INJECTION,10ml ∶0.2g,支,10,ml,ROOM_TEMPERATURE,是,是,否,,否,否,否,,否,,,,,,,,IM,BID,否,是,ACTIVE
MED-2026-W060-06,利多卡因凝胶剂,Lidocaine,WESTERN,CREAM,2%,支,,,ROOM_TEMPERATURE,是,是,否,,否,否,否,,否,,,,,,,,TOPICAL,BID,否,是,ACTIVE
MED-2026-W060-07,利多卡因胶浆剂,Lidocaine,WESTERN,TABLET,10g∶0.2g,片,10,g,ROOM_TEMPERATURE,是,是,否,,否,否,否,,否,,,,,,,,ORAL,BID,否,是,ACTIVE
MED-2026-W061-01,布比卡因注射液,Bupivacaine,WESTERN,INJECTION,5ml ∶25mg,支,5,ml,ROOM_TEMPERATURE,是,是,否,,否,否,否,,否,,,,,,,,IM,BID,否,是,ACTIVE
MED-2026-W061-02,布比卡因注射液,Bupivacaine,WESTERN,INJECTION,5ml ∶37.5mg,支,5,ml,ROOM_TEMPERATURE,是,是,否,,否,否,否,,否,,,,,,,,IM,BID,否,是,ACTIVE
MED-2026-W061-03,布比卡因注射液,Bupivacaine,WESTERN,INJECTION,10ml ∶75mg,支,10,ml,ROOM_TEMPERATURE,是,是,否,,否,否,否,,否,,,,,,,,IM,BID,否,是,ACTIVE
MED-2026-W062-01,罗哌卡因注射液,Ropivacaine,WESTERN,INJECTION,10ml ∶75mg,支,10,ml,ROOM_TEMPERATURE,是,是,否,,否,否,否,,否,,,,,,,,IM,BID,否,是,ACTIVE
MED-2026-W062-02,罗哌卡因注射液,Ropivacaine,WESTERN,INJECTION,10ml ∶100mg,支,10,ml,ROOM_TEMPERATURE,是,是,否,,否,否,否,,否,,,,,,,,IM,BID,否,是,ACTIVE
MED-2026-W063-01,丁卡因注射用无菌粉末,Tetracaine,WESTERN,INJECTION,10mg,支,10,mg,ROOM_TEMPERATURE,是,是,否,,否,否,否,,否,,,,,,,,IVGTT,BID,否,是,ACTIVE
MED-2026-W063-02,丁卡因注射用无菌粉末,Tetracaine,WESTERN,INJECTION,25mg,支,25,mg,ROOM_TEMPERATURE,是,是,否,,否,否,否,,否,,,,,,,,IVGTT,BID,否,是,ACTIVE
MED-2026-W063-03,丁卡因注射用无菌粉末,Tetracaine,WESTERN,INJECTION,50mg,支,50,mg,ROOM_TEMPERATURE,是,是,否,,否,否,否,,否,,,,,,,,IVGTT,BID,否,是,ACTIVE
MED-2026-W063-04,丁卡因凝胶剂,Tetracaine,WESTERN,CREAM,1.5g∶70mg,支,1.5,g,ROOM_TEMPERATURE,是,是,否,,否,否,否,,否,,,,,,,,TOPICAL,BID,否,是,ACTIVE
MED-2026-W064-01,氯胺酮注射液,Ketamine,WESTERN,INJECTION,2ml ∶0.1g,支,2,ml,ROOM_TEMPERATURE,是,是,否,,否,否,否,,否,,,,,,,,IM,BID,否,是,ACTIVE
MED-2026-W064-02,氯胺酮注射液,Ketamine,WESTERN,INJECTION,10ml ∶0.1g,支,10,ml,ROOM_TEMPERATURE,是,是,否,,否,否,否,,否,,,,,,,,IM,BID,否,是,ACTIVE
MED-2026-W065-01,丙泊酚乳状注射液,Propofol,WESTERN,INJECTION,10ml ∶0.1g,支,10,ml,ROOM_TEMPERATURE,是,是,否,,否,否,否,,否,,,,,,,,IM,BID,否,是,ACTIVE
MED-2026-W065-02,丙泊酚乳状注射液,Propofol,WESTERN,INJECTION,20ml ∶0.2g,支,20,ml,ROOM_TEMPERATURE,是,是,否,,否,否,否,,否,,,,,,,,IM,BID,否,是,ACTIVE
MED-2026-W065-03,丙泊酚乳状注射液,Propofol,WESTERN,INJECTION,50ml ∶0.5g,支,50,ml,ROOM_TEMPERATURE,是,是,否,,否,否,否,,否,,,,,,,,IM,BID,否,是,ACTIVE
MED-2026-W065-04,丙泊酚乳状注射液,Propofol,WESTERN,INJECTION,50ml ∶1g,支,50,ml,ROOM_TEMPERATURE,是,是,否,,否,否,否,,否,,,,,,,,IM,BID,否,是,ACTIVE
MED-2026-W066-01,瑞芬太尼注射用无菌粉末,Remifentanil,WESTERN,INJECTION,1mg,支,1,mg,ROOM_TEMPERATURE,是,是,否,,否,否,否,,否,,,,,,,,IVGTT,BID,否,是,ACTIVE
MED-2026-W066-02,瑞芬太尼注射用无菌粉末,Remifentanil,WESTERN,INJECTION,2mg,支,2,mg,ROOM_TEMPERATURE,是,是,否,,否,否,否,,否,,,,,,,,IVGTT,BID,否,是,ACTIVE
MED-2026-W066-03,瑞芬太尼注射用无菌粉末,Remifentanil,WESTERN,INJECTION,5mg,支,5,mg,ROOM_TEMPERATURE,是,是,否,,否,否,否,,否,,,,,,,,IVGTT,BID,否,是,ACTIVE
MED-2026-W067-01,七氟烷吸入溶液剂,Sevoflurane,WESTERN,ORAL_LIQUID,100ml,瓶,100,ml,ROOM_TEMPERATURE,是,是,否,,否,否,否,,否,,,,,,,,ORAL,BID,否,是,ACTIVE
MED-2026-W067-02,七氟烷吸入溶液剂,Sevoflurane,WESTERN,ORAL_LIQUID,120ml,瓶,120,ml,ROOM_TEMPERATURE,是,是,否,,否,否,否,,否,,,,,,,,ORAL,BID,否,是,ACTIVE
MED-2026-W067-03,七氟烷吸入溶液剂,Sevoflurane,WESTERN,ORAL_LIQUID,250ml,瓶,250,ml,ROOM_TEMPERATURE,是,是,否,,否,否,否,,否,,,,,,,,ORAL,BID,否,是,ACTIVE
MED-2026-W068-01,罗库溴铵注射液,Rocuronium Bromide,WESTERN,INJECTION,2.5ml ∶25mg,支,2.5,ml,ROOM_TEMPERATURE,是,是,否,,否,否,否,,否,,,,,,,,IM,BID,否,是,ACTIVE
MED-2026-W068-02,罗库溴铵注射液,Rocuronium Bromide,WESTERN,INJECTION,5ml ∶50mg,支,5,ml,ROOM_TEMPERATURE,是,是,否,,否,否,否,,否,,,,,,,,IM,BID,否,是,ACTIVE
MED-2026-W069-01,氯化琥珀胆碱注射液,Suxamethonium Chloride,WESTERN,INJECTION,1ml ∶50mg,支,1,ml,ROOM_TEMPERATURE,是,是,否,,否,否,否,,否,,,,,,,,IM,BID,否,是,ACTIVE
MED-2026-W069-02,氯化琥珀胆碱注射液,Suxamethonium Chloride,WESTERN,INJECTION,2ml ∶100mg,支,2,ml,ROOM_TEMPERATURE,是,是,否,,否,否,否,,否,,,,,,,,IM,BID,否,是,ACTIVE
MED-2026-W070,维库溴铵注射用无菌粉末,Vecuronium Bromide,WESTERN,INJECTION,4mg,支,4,mg,ROOM_TEMPERATURE,是,是,否,,否,否,否,,否,,,,,,,,IVGTT,BID,否,是,ACTIVE
MED-2026-W071,芬太尼注射液,Fentanyl,WESTERN,INJECTION,2ml ∶0.1mg贴剂,支,2,ml,ROOM_TEMPERATURE,是,是,否,,否,否,否,,否,,,,,,,,IM,BID,否,是,ACTIVE
MED-2026-W072-01,哌替啶注射液,Pethidine,WESTERN,INJECTION,1ml ∶50mg,支,1,ml,ROOM_TEMPERATURE,是,是,否,,否,否,否,,否,,,,,,,,IM,BID,否,是,ACTIVE
MED-2026-W072-02,哌替啶注射液,Pethidine,WESTERN,INJECTION,2ml ∶100mg,支,2,ml,ROOM_TEMPERATURE,是,是,否,,否,否,否,,否,,,,,,,,IM,BID,否,是,ACTIVE
MED-2026-W073-01,吗啡片,Morphine,WESTERN,TABLET,常规说明书规格,片,,,ROOM_TEMPERATURE,是,是,否,,否,否,否,,否,,,,,,,,ORAL,BID,否,是,ACTIVE
MED-2026-W073-02,吗啡缓释片,Morphine,WESTERN,TABLET,常规说明书规格,片,,,ROOM_TEMPERATURE,是,是,否,,否,否,否,,否,,,,,,,,ORAL,BID,否,是,ACTIVE
MED-2026-W073-03,吗啡口服溶液剂,Morphine,WESTERN,ORAL_LIQUID,常规说明书规格,瓶,,,ROOM_TEMPERATURE,是,是,否,,否,否,否,,否,,,,,,,,ORAL,BID,否,是,ACTIVE
MED-2026-W073-04,吗啡注射液,Morphine,WESTERN,INJECTION,常规说明书规格,支,,,ROOM_TEMPERATURE,是,是,否,,否,否,否,,否,,,,,,,,IM,BID,否,是,ACTIVE
MED-2026-W074-01,羟考酮缓释片,Oxycodone,WESTERN,TABLET,5mg,片,5,mg,ROOM_TEMPERATURE,是,是,否,,否,否,否,,否,,,,,,,,ORAL,BID,否,是,ACTIVE
MED-2026-W074-02,羟考酮缓释片,Oxycodone,WESTERN,TABLET,10mg,片,10,mg,ROOM_TEMPERATURE,是,是,否,,否,否,否,,否,,,,,,,,ORAL,BID,否,是,ACTIVE
MED-2026-W074-03,羟考酮缓释片,Oxycodone,WESTERN,TABLET,40mg,片,40,mg,ROOM_TEMPERATURE,是,是,否,,否,否,否,,否,,,,,,,,ORAL,BID,否,是,ACTIVE
MED-2026-W074-04,羟考酮注射液,Oxycodone,WESTERN,INJECTION,1ml ∶10mg,支,1,ml,ROOM_TEMPERATURE,是,是,否,,否,否,否,,否,,,,,,,,IM,BID,否,是,ACTIVE
MED-2026-W075-01,普瑞巴林胶囊,Pregabalin,WESTERN,CAPSULE,75mg,粒,75,mg,ROOM_TEMPERATURE,是,是,否,,否,否,否,,否,,,,,,,,ORAL,BID,否,是,ACTIVE
MED-2026-W075-02,普瑞巴林胶囊,Pregabalin,WESTERN,CAPSULE,150mg,粒,150,mg,ROOM_TEMPERATURE,是,是,否,,否,否,否,,否,,,,,,,,ORAL,BID,否,是,ACTIVE
MED-2026-W075-03,普瑞巴林口服溶液剂,Pregabalin,WESTERN,ORAL_LIQUID,100ml ∶2g,瓶,100,ml,ROOM_TEMPERATURE,是,是,否,,否,否,否,,否,,,,,,,,ORAL,BID,否,是,ACTIVE
MED-2026-W076-01,对乙酰氨基酚片,Paracetamol,WESTERN,TABLET,0.3g,片,0.3,g,ROOM_TEMPERATURE,是,是,否,,否,否,否,,否,,,,,,,,ORAL,PRN,否,是,ACTIVE
MED-2026-W076-02,对乙酰氨基酚片,Paracetamol,WESTERN,TABLET,0.5g,片,0.5,g,ROOM_TEMPERATURE,是,是,否,,否,否,否,,否,,,,,,,,ORAL,PRN,否,是,ACTIVE
MED-2026-W076-03,对乙酰氨基酚口服溶液剂,Paracetamol,WESTERN,ORAL_LIQUID,100ml ∶2.4g颗粒剂,瓶,100,ml,ROOM_TEMPERATURE,是,是,否,,否,否,否,,否,,,,,,,,ORAL,PRN,否,是,ACTIVE
MED-2026-W076-04,对乙酰氨基酚口服溶液剂,Paracetamol,WESTERN,ORAL_LIQUID,混悬液,瓶,,,ROOM_TEMPERATURE,是,是,否,,否,否,否,,否,,,,,,,,ORAL,PRN,否,是,ACTIVE
MED-2026-W076-05,对乙酰氨基酚口服溶液剂,Paracetamol,WESTERN,ORAL_LIQUID,干混悬剂,瓶,,,ROOM_TEMPERATURE,是,是,否,,否,否,否,,否,,,,,,,,ORAL,PRN,否,是,ACTIVE
MED-2026-W076-06,对乙酰氨基酚口服溶液剂,Paracetamol,WESTERN,ORAL_LIQUID,栓剂,瓶,,,ROOM_TEMPERATURE,是,是,否,,否,否,否,,否,,,,,,,,ORAL,PRN,否,是,ACTIVE
MED-2026-W077-01,阿司匹林片,Aspirin,WESTERN,TABLET,0.3g,片,0.3,g,ROOM_TEMPERATURE,是,是,否,,否,否,否,,否,,,,,,,,ORAL,QD,是,是,ACTIVE
MED-2026-W077-02,阿司匹林片,Aspirin,WESTERN,TABLET,0.5g,片,0.5,g,ROOM_TEMPERATURE,是,是,否,,否,否,否,,否,,,,,,,,ORAL,QD,是,是,ACTIVE
MED-2026-W077-03,阿司匹林肠溶片,Aspirin,WESTERN,TABLET,0.3g,片,0.3,g,ROOM_TEMPERATURE,是,是,否,,否,否,否,,否,,,,,,,,ORAL,QD,是,是,ACTIVE
MED-2026-W078-01,布洛芬片,Ibuprofen,WESTERN,TABLET,0.1g,片,0.1,g,ROOM_TEMPERATURE,是,是,否,,否,否,否,,否,,,,,,,,ORAL,PRN,否,是,ACTIVE
MED-2026-W078-02,布洛芬片,Ibuprofen,WESTERN,TABLET,0.2g,片,0.2,g,ROOM_TEMPERATURE,是,是,否,,否,否,否,,否,,,,,,,,ORAL,PRN,否,是,ACTIVE
MED-2026-W078-03,布洛芬颗粒,Ibuprofen,WESTERN,GRANULE,0.1g,袋,0.1,g,ROOM_TEMPERATURE,是,是,否,,否,否,否,,否,,,,,,,,ORAL,PRN,否,是,ACTIVE
MED-2026-W078-04,布洛芬颗粒,Ibuprofen,WESTERN,GRANULE,0.2g,袋,0.2,g,ROOM_TEMPERATURE,是,是,否,,否,否,否,,否,,,,,,,,ORAL,PRN,否,是,ACTIVE
MED-2026-W078-05,布洛芬胶囊,Ibuprofen,WESTERN,CAPSULE,0.2g,粒,0.2,g,ROOM_TEMPERATURE,是,是,否,,否,否,否,,否,,,,,,,,ORAL,PRN,否,是,ACTIVE
MED-2026-W078-06,布洛芬缓释（片剂、胶囊）,Ibuprofen,WESTERN,CAPSULE,0.3g,粒,0.3,g,ROOM_TEMPERATURE,是,是,否,,否,否,否,,否,,,,,,,,ORAL,PRN,否,是,ACTIVE
MED-2026-W078-07,布洛芬混悬液,Ibuprofen,WESTERN,ORAL_LIQUID,60ml ∶1.2g,瓶,60,ml,ROOM_TEMPERATURE,是,是,否,,否,否,否,,否,,,,,,,,ORAL,PRN,否,是,ACTIVE
MED-2026-W078-08,布洛芬混悬液,Ibuprofen,WESTERN,ORAL_LIQUID,100ml ∶2g,瓶,100,ml,ROOM_TEMPERATURE,是,是,否,,否,否,否,,否,,,,,,,,ORAL,PRN,否,是,ACTIVE
MED-2026-W079-01,双氯芬酸钠肠溶片,Diclofenac Sodium,WESTERN,TABLET,25mg,片,25,mg,ROOM_TEMPERATURE,是,是,否,,否,否,否,,否,,,,,,,,ORAL,BID,否,是,ACTIVE
MED-2026-W079-02,双氯芬酸钠缓释片剂,Diclofenac Sodium,WESTERN,TABLET,50mg,片,50,mg,ROOM_TEMPERATURE,是,是,否,,否,否,否,,否,,,,,,,,ORAL,BID,否,是,ACTIVE
MED-2026-W079-03,双氯芬酸钠缓释片剂,Diclofenac Sodium,WESTERN,TABLET,75mg,片,75,mg,ROOM_TEMPERATURE,是,是,否,,否,否,否,,否,,,,,,,,ORAL,BID,否,是,ACTIVE
MED-2026-W079-04,双氯芬酸钠缓释片剂,Diclofenac Sodium,WESTERN,TABLET,100mg,片,100,mg,ROOM_TEMPERATURE,是,是,否,,否,否,否,,否,,,,,,,,ORAL,BID,否,是,ACTIVE
MED-2026-W079-05,双氯芬酸钠缓释胶囊,Diclofenac Sodium,WESTERN,CAPSULE,50mg,粒,50,mg,ROOM_TEMPERATURE,是,是,否,,否,否,否,,否,,,,,,,,ORAL,BID,否,是,ACTIVE
MED-2026-W079-06,双氯芬酸钠缓释胶囊,Diclofenac Sodium,WESTERN,CAPSULE,100mg,粒,100,mg,ROOM_TEMPERATURE,是,是,否,,否,否,否,,否,,,,,,,,ORAL,BID,否,是,ACTIVE
MED-2026-W080,洛索洛芬钠片,Loxoprofen Sodium,WESTERN,TABLET,60mg,片,60,mg,ROOM_TEMPERATURE,是,是,否,,否,否,否,,否,,,,,,,,ORAL,BID,否,是,ACTIVE
MED-2026-W081,氟比洛芬酯注射液,Flurbinprofen Axetil,WESTERN,INJECTION,5ml ∶50mg,支,5,ml,ROOM_TEMPERATURE,是,是,否,,否,否,否,,否,,,,,,,,IM,BID,否,是,ACTIVE
MED-2026-W082-01,吲哚美辛栓,Indometacin,WESTERN,SUPPOSITORY,25mg,枚,25,mg,ROOM_TEMPERATURE,是,是,否,,否,否,否,,否,,,,,,,,RECTAL,BID,否,是,ACTIVE
MED-2026-W082-02,吲哚美辛栓,Indometacin,WESTERN,SUPPOSITORY,50mg,枚,50,mg,ROOM_TEMPERATURE,是,是,否,,否,否,否,,否,,,,,,,,RECTAL,BID,否,是,ACTIVE
MED-2026-W082-03,吲哚美辛栓,Indometacin,WESTERN,SUPPOSITORY,100mg,枚,100,mg,ROOM_TEMPERATURE,是,是,否,,否,否,否,,否,,,,,,,,RECTAL,BID,否,是,ACTIVE
MED-2026-W083-01,来氟米特片,Leflunomide,WESTERN,TABLET,5mg,片,5,mg,ROOM_TEMPERATURE,是,是,否,,否,否,否,,否,,,,,,,,ORAL,BID,否,是,ACTIVE
MED-2026-W083-02,来氟米特片,Leflunomide,WESTERN,TABLET,10mg,片,10,mg,ROOM_TEMPERATURE,是,是,否,,否,否,否,,否,,,,,,,,ORAL,BID,否,是,ACTIVE
MED-2026-W083-03,来氟米特片,Leflunomide,WESTERN,TABLET,20mg,片,20,mg,ROOM_TEMPERATURE,是,是,否,,否,否,否,,否,,,,,,,,ORAL,BID,否,是,ACTIVE
MED-2026-W084-01,美沙拉秦肠溶片,Mesalazine,WESTERN,TABLET,0.25g,片,0.25,g,ROOM_TEMPERATURE,是,是,否,,否,否,否,,否,,,,,,,,ORAL,BID,否,是,ACTIVE
MED-2026-W084-02,美沙拉秦肠溶片,Mesalazine,WESTERN,TABLET,0.5g,片,0.5,g,ROOM_TEMPERATURE,是,是,否,,否,否,否,,否,,,,,,,,ORAL,BID,否,是,ACTIVE
MED-2026-W084-03,美沙拉秦缓释片,Mesalazine,WESTERN,TABLET,0.5g,片,0.5,g,ROOM_TEMPERATURE,是,是,否,,否,否,否,,否,,,,,,,,ORAL,BID,否,是,ACTIVE
MED-2026-W084-04,美沙拉秦栓,Mesalazine,WESTERN,SUPPOSITORY,0.5g,枚,0.5,g,ROOM_TEMPERATURE,是,是,否,,否,否,否,,否,,,,,,,,RECTAL,BID,否,是,ACTIVE
MED-2026-W084-05,美沙拉秦栓,Mesalazine,WESTERN,SUPPOSITORY,1g,枚,1,g,ROOM_TEMPERATURE,是,是,否,,否,否,否,,否,,,,,,,,RECTAL,BID,否,是,ACTIVE
MED-2026-W084-06,美沙拉秦缓释颗粒,Mesalazine,WESTERN,GRANULE,0.5g,袋,0.5,g,ROOM_TEMPERATURE,是,是,否,,否,否,否,,否,,,,,,,,ORAL,BID,否,是,ACTIVE
MED-2026-W084-07,美沙拉秦灌肠剂,Mesalazine,WESTERN,ORAL_LIQUID,60g∶4g,瓶,60,g,ROOM_TEMPERATURE,是,是,否,,否,否,否,,否,,,,,,,,ORAL,BID,否,是,ACTIVE
MED-2026-W085,青霉胺片,Penicillamine,WESTERN,TABLET,0.125g,片,0.125,g,ROOM_TEMPERATURE,是,是,否,,否,否,否,,否,,,,,,,,ORAL,BID,否,是,ACTIVE
MED-2026-W086,别嘌醇片,Allopurinol,WESTERN,TABLET,0.1g,片,0.1,g,ROOM_TEMPERATURE,是,是,否,,否,否,否,,否,,,,,,,,ORAL,BID,否,是,ACTIVE
MED-2026-W087-01,非布司他片,Febuxostat,WESTERN,TABLET,20mg,片,20,mg,ROOM_TEMPERATURE,是,是,否,,否,否,否,,否,,,,,,,,ORAL,BID,否,是,ACTIVE
MED-2026-W087-02,非布司他片,Febuxostat,WESTERN,TABLET,40mg,片,40,mg,ROOM_TEMPERATURE,是,是,否,,否,否,否,,否,,,,,,,,ORAL,BID,否,是,ACTIVE
MED-2026-W087-03,非布司他片,Febuxostat,WESTERN,TABLET,80mg,片,80,mg,ROOM_TEMPERATURE,是,是,否,,否,否,否,,否,,,,,,,,ORAL,BID,否,是,ACTIVE
MED-2026-W088,秋水仙碱片,Colchicine,WESTERN,TABLET,0.5mg,片,0.5,mg,ROOM_TEMPERATURE,是,是,否,,否,否,否,,否,,,,,,,,ORAL,BID,否,是,ACTIVE
MED-2026-W089-01,苯溴马隆片,Benzbromarone,WESTERN,TABLET,50mg,片,50,mg,ROOM_TEMPERATURE,是,是,否,,否,否,否,,否,,,,,,,,ORAL,BID,否,是,ACTIVE
MED-2026-W089-02,苯溴马隆胶囊,Benzbromarone,WESTERN,CAPSULE,50mg,粒,50,mg,ROOM_TEMPERATURE,是,是,否,,否,否,否,,否,,,,,,,,ORAL,BID,否,是,ACTIVE
MED-2026-W090,金刚烷胺片,Amantadine,WESTERN,TABLET,0.1g,片,0.1,g,ROOM_TEMPERATURE,是,是,否,,否,否,否,,否,,,,,,,,ORAL,QD,是,是,ACTIVE
MED-2026-W091,苯海索片,Trihexyphenidyl,WESTERN,TABLET,2mg,片,2,mg,ROOM_TEMPERATURE,是,是,否,,否,否,否,,否,,,,,,,,ORAL,QD,是,是,ACTIVE
MED-2026-W092-01,多巴丝肼片,Levodopa and Benserazide Hydrochloride,WESTERN,TABLET,0.125g,片,0.125,g,ROOM_TEMPERATURE,是,是,否,,否,否,否,,否,,,,,,,,ORAL,QD,是,是,ACTIVE
MED-2026-W092-02,多巴丝肼片,Levodopa and Benserazide Hydrochloride,WESTERN,TABLET,0.25g（0.2g∶0.05g）,片,0.2,g,ROOM_TEMPERATURE,是,是,否,,否,否,否,,否,,,,,,,,ORAL,QD,是,是,ACTIVE
MED-2026-W092-03,多巴丝肼胶囊,Levodopa and Benserazide Hydrochloride,WESTERN,CAPSULE,0.125g,粒,0.125,g,ROOM_TEMPERATURE,是,是,否,,否,否,否,,否,,,,,,,,ORAL,QD,是,是,ACTIVE
MED-2026-W092-04,多巴丝肼胶囊,Levodopa and Benserazide Hydrochloride,WESTERN,CAPSULE,0.25g（0.2g∶0.05g）,粒,0.2,g,ROOM_TEMPERATURE,是,是,否,,否,否,否,,否,,,,,,,,ORAL,QD,是,是,ACTIVE
MED-2026-W093-01,普拉克索片,Pramipexole,WESTERN,TABLET,0.125mg,片,0.125,mg,ROOM_TEMPERATURE,是,是,否,,否,否,否,,否,,,,,,,,ORAL,QD,是,是,ACTIVE
MED-2026-W093-02,普拉克索片,Pramipexole,WESTERN,TABLET,0.25mg,片,0.25,mg,ROOM_TEMPERATURE,是,是,否,,否,否,否,,否,,,,,,,,ORAL,QD,是,是,ACTIVE
MED-2026-W093-03,普拉克索片,Pramipexole,WESTERN,TABLET,1.0mg,片,1.0,mg,ROOM_TEMPERATURE,是,是,否,,否,否,否,,否,,,,,,,,ORAL,QD,是,是,ACTIVE
MED-2026-W093-04,普拉克索缓释片,Pramipexole,WESTERN,TABLET,0.375mg,片,0.375,mg,ROOM_TEMPERATURE,是,是,否,,否,否,否,,否,,,,,,,,ORAL,QD,是,是,ACTIVE
MED-2026-W093-05,普拉克索缓释片,Pramipexole,WESTERN,TABLET,0.75mg,片,0.75,mg,ROOM_TEMPERATURE,是,是,否,,否,否,否,,否,,,,,,,,ORAL,QD,是,是,ACTIVE
MED-2026-W093-06,普拉克索缓释片,Pramipexole,WESTERN,TABLET,1.5mg,片,1.5,mg,ROOM_TEMPERATURE,是,是,否,,否,否,否,,否,,,,,,,,ORAL,QD,是,是,ACTIVE
MED-2026-W093-07,普拉克索缓释片,Pramipexole,WESTERN,TABLET,3.0mg,片,3.0,mg,ROOM_TEMPERATURE,是,是,否,,否,否,否,,否,,,,,,,,ORAL,QD,是,是,ACTIVE
MED-2026-W093-08,普拉克索缓释片,Pramipexole,WESTERN,TABLET,4.5mg,片,4.5,mg,ROOM_TEMPERATURE,是,是,否,,否,否,否,,否,,,,,,,,ORAL,QD,是,是,ACTIVE
MED-2026-W094,恩他卡朋片,Entacapone,WESTERN,TABLET,0.2g,片,0.2,g,ROOM_TEMPERATURE,是,是,否,,否,否,否,,否,,,,,,,,ORAL,QD,是,是,ACTIVE
MED-2026-W095,溴隐亭片,Bromocriptine,WESTERN,TABLET,2.5mg,片,2.5,mg,ROOM_TEMPERATURE,是,是,否,,否,否,否,,否,,,,,,,,ORAL,QD,是,是,ACTIVE
MED-2026-W096-01,新斯的明注射液,Neostigmine,WESTERN,INJECTION,1ml ∶0.5mg,支,1,ml,ROOM_TEMPERATURE,是,是,否,,否,否,否,,否,,,,,,,,IM,QD,是,是,ACTIVE
MED-2026-W096-02,新斯的明注射液,Neostigmine,WESTERN,INJECTION,2ml ∶1mg,支,2,ml,ROOM_TEMPERATURE,是,是,否,,否,否,否,,否,,,,,,,,IM,QD,是,是,ACTIVE
MED-2026-W096-03,新斯的明注射液,Neostigmine,WESTERN,INJECTION,4ml ∶2mg,支,4,ml,ROOM_TEMPERATURE,是,是,否,,否,否,否,,否,,,,,,,,IM,QD,是,是,ACTIVE
MED-2026-W097,溴吡斯的明片,Pyridostigmine Bromide,WESTERN,TABLET,60mg,片,60,mg,ROOM_TEMPERATURE,是,是,否,,否,否,否,,否,,,,,,,,ORAL,QD,是,是,ACTIVE
MED-2026-W098-01,卡马西平片,Carbamazepine,WESTERN,TABLET,0.1g,片,0.1,g,ROOM_TEMPERATURE,是,是,否,,否,否,否,,否,,,,,,,,ORAL,QD,是,是,ACTIVE
MED-2026-W098-02,卡马西平片,Carbamazepine,WESTERN,TABLET,0.2g,片,0.2,g,ROOM_TEMPERATURE,是,是,否,,否,否,否,,否,,,,,,,,ORAL,QD,是,是,ACTIVE
MED-2026-W098-03,卡马西平缓释片,Carbamazepine,WESTERN,TABLET,0.1g,片,0.1,g,ROOM_TEMPERATURE,是,是,否,,否,否,否,,否,,,,,,,,ORAL,QD,是,是,ACTIVE
MED-2026-W098-04,卡马西平缓释片,Carbamazepine,WESTERN,TABLET,0.2g,片,0.2,g,ROOM_TEMPERATURE,是,是,否,,否,否,否,,否,,,,,,,,ORAL,QD,是,是,ACTIVE
MED-2026-W098-05,卡马西平缓释片,Carbamazepine,WESTERN,TABLET,0.4g,片,0.4,g,ROOM_TEMPERATURE,是,是,否,,否,否,否,,否,,,,,,,,ORAL,QD,是,是,ACTIVE
MED-2026-W099-01,奥卡西平片,Oxcarbazepine,WESTERN,TABLET,0.15g,片,0.15,g,ROOM_TEMPERATURE,是,是,否,,否,否,否,,否,,,,,,,,ORAL,QD,是,是,ACTIVE
MED-2026-W099-02,奥卡西平片,Oxcarbazepine,WESTERN,TABLET,0.3g,片,0.3,g,ROOM_TEMPERATURE,是,是,否,,否,否,否,,否,,,,,,,,ORAL,QD,是,是,ACTIVE
MED-2026-W099-03,奥卡西平混悬液,Oxcarbazepine,WESTERN,ORAL_LIQUID,60mg/ml,瓶,60,mg,ROOM_TEMPERATURE,是,是,否,,否,否,否,,否,,,,,,,,ORAL,QD,是,是,ACTIVE
MED-2026-W100-01,丙戊酸钠片,Sodium Valproate,WESTERN,TABLET,0.1g,片,0.1,g,ROOM_TEMPERATURE,是,是,否,,否,否,否,,否,,,,,,,,ORAL,QD,是,是,ACTIVE
MED-2026-W100-02,丙戊酸钠片,Sodium Valproate,WESTERN,TABLET,0.2g,片,0.2,g,ROOM_TEMPERATURE,是,是,否,,否,否,否,,否,,,,,,,,ORAL,QD,是,是,ACTIVE
MED-2026-W100-03,丙戊酸钠缓释片,Sodium Valproate,WESTERN,TABLET,0.5g,片,0.5,g,ROOM_TEMPERATURE,是,是,否,,否,否,否,,否,,,,,,,,ORAL,QD,是,是,ACTIVE
MED-2026-W100-04,丙戊酸钠口服溶液剂,Sodium Valproate,WESTERN,ORAL_LIQUID,300ml ∶12g,瓶,300,ml,ROOM_TEMPERATURE,是,是,否,,否,否,否,,否,,,,,,,,ORAL,QD,是,是,ACTIVE
MED-2026-W100-05,丙戊酸钠注射用浓溶液,Sodium Valproate,WESTERN,INJECTION,3ml ∶0.3g,支,3,ml,ROOM_TEMPERATURE,是,是,否,,否,否,否,,否,,,,,,,,IVGTT,QD,是,是,ACTIVE
MED-2026-W100-06,丙戊酸钠注射用浓溶液,Sodium Valproate,WESTERN,INJECTION,4ml ∶0.4g,支,4,ml,ROOM_TEMPERATURE,是,是,否,,否,否,否,,否,,,,,,,,IVGTT,QD,是,是,ACTIVE
MED-2026-W100-07,丙戊酸钠注射用浓溶液,Sodium Valproate,WESTERN,INJECTION,5ml ∶0.5g,支,5,ml,ROOM_TEMPERATURE,是,是,否,,否,否,否,,否,,,,,,,,IVGTT,QD,是,是,ACTIVE
MED-2026-W101-01,苯妥英钠片,Phenytoin Sodium,WESTERN,TABLET,50mg,片,50,mg,ROOM_TEMPERATURE,是,是,否,,否,否,否,,否,,,,,,,,ORAL,QD,是,是,ACTIVE
MED-2026-W101-02,苯妥英钠片,Phenytoin Sodium,WESTERN,TABLET,100mg,片,100,mg,ROOM_TEMPERATURE,是,是,否,,否,否,否,,否,,,,,,,,ORAL,QD,是,是,ACTIVE
MED-2026-W102-01,苯巴比妥片,Phenobarbital,WESTERN,TABLET,15mg,片,15,mg,ROOM_TEMPERATURE,是,是,否,,否,否,否,,否,,,,,,,,ORAL,QD,是,是,ACTIVE
MED-2026-W102-02,苯巴比妥片,Phenobarbital,WESTERN,TABLET,30mg,片,30,mg,ROOM_TEMPERATURE,是,是,否,,否,否,否,,否,,,,,,,,ORAL,QD,是,是,ACTIVE
MED-2026-W102-03,苯巴比妥片,Phenobarbital,WESTERN,TABLET,100mg,片,100,mg,ROOM_TEMPERATURE,是,是,否,,否,否,否,,否,,,,,,,,ORAL,QD,是,是,ACTIVE
MED-2026-W102-04,苯巴比妥注射液,Phenobarbital,WESTERN,INJECTION,1ml ∶0.1g,支,1,ml,ROOM_TEMPERATURE,是,是,否,,否,否,否,,否,,,,,,,,IM,QD,是,是,ACTIVE
MED-2026-W102-05,苯巴比妥注射液,Phenobarbital,WESTERN,INJECTION,2ml ∶0.2g,支,2,ml,ROOM_TEMPERATURE,是,是,否,,否,否,否,,否,,,,,,,,IM,QD,是,是,ACTIVE
MED-2026-W102-06,苯巴比妥注射用无菌粉末,Phenobarbital,WESTERN,INJECTION,0.1g,支,0.1,g,ROOM_TEMPERATURE,是,是,否,,否,否,否,,否,,,,,,,,IVGTT,QD,是,是,ACTIVE
MED-2026-W103-01,拉莫三嗪片,Lamotrigine,WESTERN,TABLET,25mg,片,25,mg,ROOM_TEMPERATURE,是,是,否,,否,否,否,,否,,,,,,,,ORAL,QD,是,是,ACTIVE
MED-2026-W103-02,拉莫三嗪片,Lamotrigine,WESTERN,TABLET,50mg,片,50,mg,ROOM_TEMPERATURE,是,是,否,,否,否,否,,否,,,,,,,,ORAL,QD,是,是,ACTIVE
MED-2026-W103-03,拉莫三嗪片,Lamotrigine,WESTERN,TABLET,100mg,片,100,mg,ROOM_TEMPERATURE,是,是,否,,否,否,否,,否,,,,,,,,ORAL,QD,是,是,ACTIVE
MED-2026-W103-04,拉莫三嗪分散片,Lamotrigine,WESTERN,TABLET,25mg,片,25,mg,ROOM_TEMPERATURE,是,是,否,,否,否,否,,否,,,,,,,,ORAL,QD,是,是,ACTIVE
MED-2026-W103-05,拉莫三嗪分散片,Lamotrigine,WESTERN,TABLET,50mg,片,50,mg,ROOM_TEMPERATURE,是,是,否,,否,否,否,,否,,,,,,,,ORAL,QD,是,是,ACTIVE
MED-2026-W104-01,左乙拉西坦片,Levetiracetam,WESTERN,TABLET,0.25g,片,0.25,g,ROOM_TEMPERATURE,是,是,否,,否,否,否,,否,,,,,,,,ORAL,QD,是,是,ACTIVE
MED-2026-W104-02,左乙拉西坦片,Levetiracetam,WESTERN,TABLET,0.5g,片,0.5,g,ROOM_TEMPERATURE,是,是,否,,否,否,否,,否,,,,,,,,ORAL,QD,是,是,ACTIVE
MED-2026-W104-03,左乙拉西坦缓释片,Levetiracetam,WESTERN,TABLET,0.5g,片,0.5,g,ROOM_TEMPERATURE,是,是,否,,否,否,否,,否,,,,,,,,ORAL,QD,是,是,ACTIVE
MED-2026-W104-04,左乙拉西坦缓释片,Levetiracetam,WESTERN,TABLET,0.75g,片,0.75,g,ROOM_TEMPERATURE,是,是,否,,否,否,否,,否,,,,,,,,ORAL,QD,是,是,ACTIVE
MED-2026-W104-05,左乙拉西坦口服溶液剂,Levetiracetam,WESTERN,ORAL_LIQUID,100ml ∶10g,瓶,100,ml,ROOM_TEMPERATURE,是,是,否,,否,否,否,,否,,,,,,,,ORAL,QD,是,是,ACTIVE
MED-2026-W104-06,左乙拉西坦口服溶液剂,Levetiracetam,WESTERN,ORAL_LIQUID,150ml ∶15g,瓶,150,ml,ROOM_TEMPERATURE,是,是,否,,否,否,否,,否,,,,,,,,ORAL,QD,是,是,ACTIVE
MED-2026-W104-07,左乙拉西坦口服溶液剂,Levetiracetam,WESTERN,ORAL_LIQUID,300ml ∶30g 注射用浓溶液：5ml ∶0.5g,瓶,300,ml,ROOM_TEMPERATURE,是,是,否,,否,否,否,,否,,,,,,,,ORAL,QD,是,是,ACTIVE
MED-2026-W105-01,尼莫地平片,Nimodipine,WESTERN,TABLET,20mg,片,20,mg,ROOM_TEMPERATURE,是,是,否,,否,否,否,,否,,,,,,,,ORAL,QD,是,是,ACTIVE
MED-2026-W105-02,尼莫地平片,Nimodipine,WESTERN,TABLET,30mg,片,30,mg,ROOM_TEMPERATURE,是,是,否,,否,否,否,,否,,,,,,,,ORAL,QD,是,是,ACTIVE
MED-2026-W105-03,尼莫地平胶囊,Nimodipine,WESTERN,CAPSULE,20mg,粒,20,mg,ROOM_TEMPERATURE,是,是,否,,否,否,否,,否,,,,,,,,ORAL,QD,是,是,ACTIVE
MED-2026-W105-04,尼莫地平胶囊,Nimodipine,WESTERN,CAPSULE,30mg,粒,30,mg,ROOM_TEMPERATURE,是,是,否,,否,否,否,,否,,,,,,,,ORAL,QD,是,是,ACTIVE
MED-2026-W105-05,尼莫地平注射液,Nimodipine,WESTERN,INJECTION,50ml ∶10mg,支,50,ml,ROOM_TEMPERATURE,是,是,否,,否,否,否,,否,,,,,,,,IM,QD,是,是,ACTIVE
MED-2026-W106-01,甘露醇注射液,Mannitol,WESTERN,INJECTION,50ml ∶10g,支,50,ml,ROOM_TEMPERATURE,是,是,否,,否,否,否,,否,,,,,,,,IM,QD,是,是,ACTIVE
MED-2026-W106-02,甘露醇注射液,Mannitol,WESTERN,INJECTION,100ml ∶20g,支,100,ml,ROOM_TEMPERATURE,是,是,否,,否,否,否,,否,,,,,,,,IM,QD,是,是,ACTIVE
MED-2026-W106-03,甘露醇注射液,Mannitol,WESTERN,INJECTION,250ml ∶50g,支,250,ml,ROOM_TEMPERATURE,是,是,否,,否,否,否,,否,,,,,,,,IM,QD,是,是,ACTIVE
MED-2026-W106-04,甘露醇注射液,Mannitol,WESTERN,INJECTION,3000ml ∶150g（冲洗用）,支,3000,ml,ROOM_TEMPERATURE,是,是,否,,否,否,否,,否,,,,,,,,IM,QD,是,是,ACTIVE
MED-2026-W107-01,倍他司汀片,Betahistine,WESTERN,TABLET,4mg,片,4,mg,ROOM_TEMPERATURE,是,是,否,,否,否,否,,否,,,,,,,,ORAL,QD,是,是,ACTIVE
MED-2026-W107-02,倍他司汀片,Betahistine,WESTERN,TABLET,6mg,片,6,mg,ROOM_TEMPERATURE,是,是,否,,否,否,否,,否,,,,,,,,ORAL,QD,是,是,ACTIVE
MED-2026-W108-01,氟桂利嗪片,Flunarizine,WESTERN,TABLET,5mg,片,5,mg,ROOM_TEMPERATURE,是,是,否,,否,否,否,,否,,,,,,,,ORAL,QD,是,是,ACTIVE
MED-2026-W108-02,氟桂利嗪胶囊,Flunarizine,WESTERN,CAPSULE,5mg,粒,5,mg,ROOM_TEMPERATURE,是,是,否,,否,否,否,,否,,,,,,,,ORAL,QD,是,是,ACTIVE
MED-2026-W109-01,丁苯酞软胶囊,Butylphthalide,WESTERN,CAPSULE,0.1g,粒,0.1,g,ROOM_TEMPERATURE,是,是,否,,否,否,否,,否,,,,,,,,ORAL,QD,是,是,ACTIVE
MED-2026-W109-02,丁苯酞氯化钠注射液,Butylphthalide,WESTERN,INJECTION,100ml ∶25mg,支,100,ml,ROOM_TEMPERATURE,是,是,否,,否,否,否,,否,,,,,,,,IM,QD,是,是,ACTIVE
MED-2026-W110,依达拉奉右莰醇注射用浓溶液,Edaravone and Dexborneol,WESTERN,INJECTION,5ml：依达拉奉10mg 与右莰醇 2.5mg,支,5,ml,ROOM_TEMPERATURE,是,是,否,,否,否,否,,否,,,,,,,,IVGTT,QD,是,是,ACTIVE
MED-2026-W111-01,胞磷胆碱钠注射液,Citicoline Sodium,WESTERN,INJECTION,2ml ∶0.25g,支,2,ml,ROOM_TEMPERATURE,是,是,否,,否,否,否,,否,,,,,,,,IM,QD,是,是,ACTIVE
MED-2026-W111-02,胞磷胆碱钠注射液,Citicoline Sodium,WESTERN,INJECTION,4ml ∶0.5g,支,4,ml,ROOM_TEMPERATURE,是,是,否,,否,否,否,,否,,,,,,,,IM,QD,是,是,ACTIVE
MED-2026-W112-01,尼可刹米注射液,Nikethamide,WESTERN,INJECTION,1.5ml ∶0.375g,支,1.5,ml,ROOM_TEMPERATURE,是,是,否,,否,否,否,,否,,,,,,,,IM,QD,是,是,ACTIVE
MED-2026-W112-02,尼可刹米注射液,Nikethamide,WESTERN,INJECTION,2ml ∶0.5g,支,2,ml,ROOM_TEMPERATURE,是,是,否,,否,否,否,,否,,,,,,,,IM,QD,是,是,ACTIVE
MED-2026-W113-01,洛贝林注射液,Lobeline,WESTERN,INJECTION,1ml ∶3mg,支,1,ml,ROOM_TEMPERATURE,是,是,否,,否,否,否,,否,,,,,,,,IM,QD,是,是,ACTIVE
MED-2026-W113-02,洛贝林注射液,Lobeline,WESTERN,INJECTION,1ml ∶10mg,支,1,ml,ROOM_TEMPERATURE,是,是,否,,否,否,否,,否,,,,,,,,IM,QD,是,是,ACTIVE
MED-2026-W114-01,石杉碱甲片,HuperzineA,WESTERN,TABLET,50μg,片,50,μg,ROOM_TEMPERATURE,是,是,否,,否,否,否,,否,,,,,,,,ORAL,QD,是,是,ACTIVE
MED-2026-W114-02,石杉碱甲胶囊,HuperzineA,WESTERN,CAPSULE,50μg,粒,50,μg,ROOM_TEMPERATURE,是,是,否,,否,否,否,,否,,,,,,,,ORAL,QD,是,是,ACTIVE
MED-2026-W115-01,多奈哌齐片,Donepezil,WESTERN,TABLET,5mg,片,5,mg,ROOM_TEMPERATURE,是,是,否,,否,否,否,,否,,,,,,,,ORAL,QD,是,是,ACTIVE
MED-2026-W115-02,多奈哌齐片,Donepezil,WESTERN,TABLET,10mg,片,10,mg,ROOM_TEMPERATURE,是,是,否,,否,否,否,,否,,,,,,,,ORAL,QD,是,是,ACTIVE
MED-2026-W115-03,多奈哌齐分散片,Donepezil,WESTERN,TABLET,5mg,片,5,mg,ROOM_TEMPERATURE,是,是,否,,否,否,否,,否,,,,,,,,ORAL,QD,是,是,ACTIVE
MED-2026-W115-04,多奈哌齐口崩片,Donepezil,WESTERN,TABLET,5mg,片,5,mg,ROOM_TEMPERATURE,是,是,否,,否,否,否,,否,,,,,,,,ORAL,QD,是,是,ACTIVE
MED-2026-W116-01,奋乃静片,Perphenazine,WESTERN,TABLET,2mg,片,2,mg,ROOM_TEMPERATURE,是,是,否,,否,否,否,,否,,,,,,,,ORAL,QD,是,是,ACTIVE
MED-2026-W116-02,奋乃静片,Perphenazine,WESTERN,TABLET,4mg,片,4,mg,ROOM_TEMPERATURE,是,是,否,,否,否,否,,否,,,,,,,,ORAL,QD,是,是,ACTIVE
MED-2026-W116-03,奋乃静注射液,Perphenazine,WESTERN,INJECTION,1ml ∶5mg,支,1,ml,ROOM_TEMPERATURE,是,是,否,,否,否,否,,否,,,,,,,,IM,QD,是,是,ACTIVE
MED-2026-W117-01,氯丙嗪片,Chlorpromazine,WESTERN,TABLET,12.5mg,片,12.5,mg,ROOM_TEMPERATURE,是,是,否,,否,否,否,,否,,,,,,,,ORAL,QD,是,是,ACTIVE
MED-2026-W117-02,氯丙嗪片,Chlorpromazine,WESTERN,TABLET,25mg,片,25,mg,ROOM_TEMPERATURE,是,是,否,,否,否,否,,否,,,,,,,,ORAL,QD,是,是,ACTIVE
MED-2026-W117-03,氯丙嗪片,Chlorpromazine,WESTERN,TABLET,50mg,片,50,mg,ROOM_TEMPERATURE,是,是,否,,否,否,否,,否,,,,,,,,ORAL,QD,是,是,ACTIVE
MED-2026-W117-04,氯丙嗪注射液,Chlorpromazine,WESTERN,INJECTION,1ml ∶10mg,支,1,ml,ROOM_TEMPERATURE,是,是,否,,否,否,否,,否,,,,,,,,IM,QD,是,是,ACTIVE
MED-2026-W117-05,氯丙嗪注射液,Chlorpromazine,WESTERN,INJECTION,1ml ∶25mg,支,1,ml,ROOM_TEMPERATURE,是,是,否,,否,否,否,,否,,,,,,,,IM,QD,是,是,ACTIVE
MED-2026-W117-06,氯丙嗪注射液,Chlorpromazine,WESTERN,INJECTION,2ml ∶50mg,支,2,ml,ROOM_TEMPERATURE,是,是,否,,否,否,否,,否,,,,,,,,IM,QD,是,是,ACTIVE
MED-2026-W118-01,氟哌啶醇片,Haloperidol,WESTERN,TABLET,2mg,片,2,mg,ROOM_TEMPERATURE,是,是,否,,否,否,否,,否,,,,,,,,ORAL,QD,是,是,ACTIVE
MED-2026-W118-02,氟哌啶醇片,Haloperidol,WESTERN,TABLET,4mg,片,4,mg,ROOM_TEMPERATURE,是,是,否,,否,否,否,,否,,,,,,,,ORAL,QD,是,是,ACTIVE
MED-2026-W118-03,氟哌啶醇注射液,Haloperidol,WESTERN,INJECTION,1ml ∶5mg,支,1,ml,ROOM_TEMPERATURE,是,是,否,,否,否,否,,否,,,,,,,,IM,QD,是,是,ACTIVE
MED-2026-W119-01,舒必利片,Sulpiride,WESTERN,TABLET,10mg,片,10,mg,ROOM_TEMPERATURE,是,是,否,,否,否,否,,否,,,,,,,,ORAL,QD,是,是,ACTIVE
MED-2026-W119-02,舒必利片,Sulpiride,WESTERN,TABLET,50mg,片,50,mg,ROOM_TEMPERATURE,是,是,否,,否,否,否,,否,,,,,,,,ORAL,QD,是,是,ACTIVE
MED-2026-W119-03,舒必利片,Sulpiride,WESTERN,TABLET,100mg,片,100,mg,ROOM_TEMPERATURE,是,是,否,,否,否,否,,否,,,,,,,,ORAL,QD,是,是,ACTIVE
MED-2026-W120-01,氨磺必利片,Amisulpride,WESTERN,TABLET,50mg,片,50,mg,ROOM_TEMPERATURE,是,是,否,,否,否,否,,否,,,,,,,,ORAL,QD,是,是,ACTIVE
MED-2026-W120-02,氨磺必利片,Amisulpride,WESTERN,TABLET,200mg,片,200,mg,ROOM_TEMPERATURE,是,是,否,,否,否,否,,否,,,,,,,,ORAL,QD,是,是,ACTIVE
MED-2026-W121,癸氟奋乃静注射液,Fluphenazine Decanoate,WESTERN,INJECTION,1ml ∶25mg,支,1,ml,ROOM_TEMPERATURE,是,是,否,,否,否,否,,否,,,,,,,,IM,QD,是,是,ACTIVE
MED-2026-W122-01,氯氮平片,Clozapine,WESTERN,TABLET,25mg,片,25,mg,ROOM_TEMPERATURE,是,是,否,,否,否,否,,否,,,,,,,,ORAL,QD,是,是,ACTIVE
MED-2026-W122-02,氯氮平片,Clozapine,WESTERN,TABLET,50mg,片,50,mg,ROOM_TEMPERATURE,是,是,否,,否,否,否,,否,,,,,,,,ORAL,QD,是,是,ACTIVE
MED-2026-W122-03,氯氮平口崩片,Clozapine,WESTERN,TABLET,25mg,片,25,mg,ROOM_TEMPERATURE,是,是,否,,否,否,否,,否,,,,,,,,ORAL,QD,是,是,ACTIVE
MED-2026-W122-04,氯氮平口崩片,Clozapine,WESTERN,TABLET,100mg,片,100,mg,ROOM_TEMPERATURE,是,是,否,,否,否,否,,否,,,,,,,,ORAL,QD,是,是,ACTIVE
MED-2026-W123-01,奥氮平片,Olanzapine,WESTERN,TABLET,5mg,片,5,mg,ROOM_TEMPERATURE,是,是,否,,否,否,否,,否,,,,,,,,ORAL,QD,是,是,ACTIVE
MED-2026-W123-02,奥氮平片,Olanzapine,WESTERN,TABLET,10mg,片,10,mg,ROOM_TEMPERATURE,是,是,否,,否,否,否,,否,,,,,,,,ORAL,QD,是,是,ACTIVE
MED-2026-W123-03,奥氮平口崩片,Olanzapine,WESTERN,TABLET,5mg,片,5,mg,ROOM_TEMPERATURE,是,是,否,,否,否,否,,否,,,,,,,,ORAL,QD,是,是,ACTIVE
MED-2026-W124-01,利培酮片,Risperidone,WESTERN,TABLET,1mg,片,1,mg,ROOM_TEMPERATURE,是,是,否,,否,否,否,,否,,,,,,,,ORAL,QD,是,是,ACTIVE
MED-2026-W124-02,利培酮片,Risperidone,WESTERN,TABLET,2mg,片,2,mg,ROOM_TEMPERATURE,是,是,否,,否,否,否,,否,,,,,,,,ORAL,QD,是,是,ACTIVE
MED-2026-W124-03,利培酮口崩片,Risperidone,WESTERN,TABLET,1mg,片,1,mg,ROOM_TEMPERATURE,是,是,否,,否,否,否,,否,,,,,,,,ORAL,QD,是,是,ACTIVE
MED-2026-W124-04,利培酮口服溶液剂,Risperidone,WESTERN,ORAL_LIQUID,0.1%,瓶,,,ROOM_TEMPERATURE,是,是,否,,否,否,否,,否,,,,,,,,ORAL,QD,是,是,ACTIVE
MED-2026-W125-01,帕利哌酮缓释片,Paliperidone,WESTERN,TABLET,3mg,片,3,mg,ROOM_TEMPERATURE,是,是,否,,否,否,否,,否,,,,,,,,ORAL,QD,是,是,ACTIVE
MED-2026-W125-02,帕利哌酮缓释片,Paliperidone,WESTERN,TABLET,6mg,片,6,mg,ROOM_TEMPERATURE,是,是,否,,否,否,否,,否,,,,,,,,ORAL,QD,是,是,ACTIVE
MED-2026-W125-03,帕利哌酮缓释片,Paliperidone,WESTERN,TABLET,9mg,片,9,mg,ROOM_TEMPERATURE,是,是,否,,否,否,否,,否,,,,,,,,ORAL,QD,是,是,ACTIVE
MED-2026-W125-04,帕利哌酮注射液,Paliperidone,WESTERN,INJECTION,0.75ml ∶75mg,支,0.75,ml,ROOM_TEMPERATURE,是,是,否,,否,否,否,,否,,,,,,,,IM,QD,是,是,ACTIVE
MED-2026-W125-05,帕利哌酮注射液,Paliperidone,WESTERN,INJECTION,1.0ml ∶100mg,支,1.0,ml,ROOM_TEMPERATURE,是,是,否,,否,否,否,,否,,,,,,,,IM,QD,是,是,ACTIVE
MED-2026-W125-06,帕利哌酮注射液,Paliperidone,WESTERN,INJECTION,1.5ml ∶150mg,支,1.5,ml,ROOM_TEMPERATURE,是,是,否,,否,否,否,,否,,,,,,,,IM,QD,是,是,ACTIVE
MED-2026-W126-01,喹硫平片,Quetiapine,WESTERN,TABLET,25mg,片,25,mg,ROOM_TEMPERATURE,是,是,否,,否,否,否,,否,,,,,,,,ORAL,QD,是,是,ACTIVE
MED-2026-W126-02,喹硫平片,Quetiapine,WESTERN,TABLET,100mg,片,100,mg,ROOM_TEMPERATURE,是,是,否,,否,否,否,,否,,,,,,,,ORAL,QD,是,是,ACTIVE
MED-2026-W127-01,阿立哌唑片,Aripiprazole,WESTERN,TABLET,5mg,片,5,mg,ROOM_TEMPERATURE,是,是,否,,否,否,否,,否,,,,,,,,ORAL,QD,是,是,ACTIVE
MED-2026-W127-02,阿立哌唑片,Aripiprazole,WESTERN,TABLET,10mg,片,10,mg,ROOM_TEMPERATURE,是,是,否,,否,否,否,,否,,,,,,,,ORAL,QD,是,是,ACTIVE
MED-2026-W127-03,阿立哌唑口崩片,Aripiprazole,WESTERN,TABLET,5mg,片,5,mg,ROOM_TEMPERATURE,是,是,否,,否,否,否,,否,,,,,,,,ORAL,QD,是,是,ACTIVE
MED-2026-W127-04,阿立哌唑口崩片,Aripiprazole,WESTERN,TABLET,10mg,片,10,mg,ROOM_TEMPERATURE,是,是,否,,否,否,否,,否,,,,,,,,ORAL,QD,是,是,ACTIVE
MED-2026-W128,五氟利多片,Penfluridol,WESTERN,TABLET,20mg,片,20,mg,ROOM_TEMPERATURE,是,是,否,,否,否,否,,否,,,,,,,,ORAL,QD,是,是,ACTIVE
MED-2026-W129-01,鲁拉西酮片,Lurasidone,WESTERN,TABLET,20mg,片,20,mg,ROOM_TEMPERATURE,是,是,否,,否,否,否,,否,,,,,,,,ORAL,QD,是,是,ACTIVE
MED-2026-W129-02,鲁拉西酮片,Lurasidone,WESTERN,TABLET,40mg,片,40,mg,ROOM_TEMPERATURE,是,是,否,,否,否,否,,否,,,,,,,,ORAL,QD,是,是,ACTIVE
MED-2026-W129-03,鲁拉西酮片,Lurasidone,WESTERN,TABLET,80mg,片,80,mg,ROOM_TEMPERATURE,是,是,否,,否,否,否,,否,,,,,,,,ORAL,QD,是,是,ACTIVE
MED-2026-W130-01,帕罗西汀片,Paroxetine,WESTERN,TABLET,20mg,片,20,mg,ROOM_TEMPERATURE,是,是,否,,否,否,否,,否,,,,,,,,ORAL,QD,是,是,ACTIVE
MED-2026-W130-02,帕罗西汀肠溶缓释片,Paroxetine,WESTERN,TABLET,12.5mg,片,12.5,mg,ROOM_TEMPERATURE,是,是,否,,否,否,否,,否,,,,,,,,ORAL,QD,是,是,ACTIVE
MED-2026-W130-03,帕罗西汀肠溶缓释片,Paroxetine,WESTERN,TABLET,25mg,片,25,mg,ROOM_TEMPERATURE,是,是,否,,否,否,否,,否,,,,,,,,ORAL,QD,是,是,ACTIVE
MED-2026-W130-04,帕罗西汀肠溶缓释片,Paroxetine,WESTERN,TABLET,37.5mg,片,37.5,mg,ROOM_TEMPERATURE,是,是,否,,否,否,否,,否,,,,,,,,ORAL,QD,是,是,ACTIVE
MED-2026-W131-01,氟西汀片,Fluoxetine,WESTERN,TABLET,10mg,片,10,mg,ROOM_TEMPERATURE,是,是,否,,否,否,否,,否,,,,,,,,ORAL,QD,是,是,ACTIVE
MED-2026-W131-02,氟西汀胶囊,Fluoxetine,WESTERN,CAPSULE,20mg,粒,20,mg,ROOM_TEMPERATURE,是,是,否,,否,否,否,,否,,,,,,,,ORAL,QD,是,是,ACTIVE
MED-2026-W131-03,氟西汀分散片,Fluoxetine,WESTERN,TABLET,20mg,片,20,mg,ROOM_TEMPERATURE,是,是,否,,否,否,否,,否,,,,,,,,ORAL,QD,是,是,ACTIVE
MED-2026-W132,阿米替林片,Amitriptyline,WESTERN,TABLET,25mg,片,25,mg,ROOM_TEMPERATURE,是,是,否,,否,否,否,,否,,,,,,,,ORAL,QD,是,是,ACTIVE
MED-2026-W133,多塞平片,Doxepin,WESTERN,TABLET,25mg,片,25,mg,ROOM_TEMPERATURE,是,是,否,,否,否,否,,否,,,,,,,,ORAL,QD,是,是,ACTIVE
MED-2026-W134-01,米氮平片,Mirtazapine,WESTERN,TABLET,15mg,片,15,mg,ROOM_TEMPERATURE,是,是,否,,否,否,否,,否,,,,,,,,ORAL,QD,是,是,ACTIVE
MED-2026-W134-02,米氮平片,Mirtazapine,WESTERN,TABLET,30mg,片,30,mg,ROOM_TEMPERATURE,是,是,否,,否,否,否,,否,,,,,,,,ORAL,QD,是,是,ACTIVE
MED-2026-W135-01,氯米帕明片,Clomipramine,WESTERN,TABLET,10mg,片,10,mg,ROOM_TEMPERATURE,是,是,否,,否,否,否,,否,,,,,,,,ORAL,QD,是,是,ACTIVE
MED-2026-W135-02,氯米帕明片,Clomipramine,WESTERN,TABLET,25mg,片,25,mg,ROOM_TEMPERATURE,是,是,否,,否,否,否,,否,,,,,,,,ORAL,QD,是,是,ACTIVE
MED-2026-W135-03,氯米帕明注射液,Clomipramine,WESTERN,INJECTION,2ml ∶25mg,支,2,ml,ROOM_TEMPERATURE,是,是,否,,否,否,否,,否,,,,,,,,IM,QD,是,是,ACTIVE
MED-2026-W136-01,艾司西酞普兰片,Escitalopram,WESTERN,TABLET,5mg,片,5,mg,ROOM_TEMPERATURE,是,是,否,,否,否,否,,否,,,,,,,,ORAL,QD,是,是,ACTIVE
MED-2026-W136-02,艾司西酞普兰片,Escitalopram,WESTERN,TABLET,10mg,片,10,mg,ROOM_TEMPERATURE,是,是,否,,否,否,否,,否,,,,,,,,ORAL,QD,是,是,ACTIVE
MED-2026-W136-03,艾司西酞普兰片,Escitalopram,WESTERN,TABLET,20mg,片,20,mg,ROOM_TEMPERATURE,是,是,否,,否,否,否,,否,,,,,,,,ORAL,QD,是,是,ACTIVE
MED-2026-W137-01,文拉法辛片,Venlafaxine,WESTERN,TABLET,25mg,片,25,mg,ROOM_TEMPERATURE,是,是,否,,否,否,否,,否,,,,,,,,ORAL,QD,是,是,ACTIVE
MED-2026-W137-02,文拉法辛片,Venlafaxine,WESTERN,TABLET,50mg,片,50,mg,ROOM_TEMPERATURE,是,是,否,,否,否,否,,否,,,,,,,,ORAL,QD,是,是,ACTIVE
MED-2026-W137-03,文拉法辛胶囊,Venlafaxine,WESTERN,CAPSULE,25mg,粒,25,mg,ROOM_TEMPERATURE,是,是,否,,否,否,否,,否,,,,,,,,ORAL,QD,是,是,ACTIVE
MED-2026-W137-04,文拉法辛胶囊,Venlafaxine,WESTERN,CAPSULE,50mg,粒,50,mg,ROOM_TEMPERATURE,是,是,否,,否,否,否,,否,,,,,,,,ORAL,QD,是,是,ACTIVE
MED-2026-W137-05,文拉法辛缓释片,Venlafaxine,WESTERN,TABLET,75mg,片,75,mg,ROOM_TEMPERATURE,是,是,否,,否,否,否,,否,,,,,,,,ORAL,QD,是,是,ACTIVE
MED-2026-W137-06,文拉法辛缓释胶囊,Venlafaxine,WESTERN,CAPSULE,75mg,粒,75,mg,ROOM_TEMPERATURE,是,是,否,,否,否,否,,否,,,,,,,,ORAL,QD,是,是,ACTIVE
MED-2026-W137-07,文拉法辛缓释胶囊,Venlafaxine,WESTERN,CAPSULE,150mg,粒,150,mg,ROOM_TEMPERATURE,是,是,否,,否,否,否,,否,,,,,,,,ORAL,QD,是,是,ACTIVE
MED-2026-W138-01,舍曲林片,Sertraline,WESTERN,TABLET,25mg,片,25,mg,ROOM_TEMPERATURE,是,是,否,,否,否,否,,否,,,,,,,,ORAL,QD,是,是,ACTIVE
MED-2026-W138-02,舍曲林片,Sertraline,WESTERN,TABLET,50mg,片,50,mg,ROOM_TEMPERATURE,是,是,否,,否,否,否,,否,,,,,,,,ORAL,QD,是,是,ACTIVE
MED-2026-W138-03,舍曲林片,Sertraline,WESTERN,TABLET,100mg,片,100,mg,ROOM_TEMPERATURE,是,是,否,,否,否,否,,否,,,,,,,,ORAL,QD,是,是,ACTIVE
MED-2026-W138-04,舍曲林胶囊,Sertraline,WESTERN,CAPSULE,50mg,粒,50,mg,ROOM_TEMPERATURE,是,是,否,,否,否,否,,否,,,,,,,,ORAL,QD,是,是,ACTIVE
MED-2026-W139-01,地西泮片,Diazepam,WESTERN,TABLET,2.5mg,片,2.5,mg,ROOM_TEMPERATURE,是,是,否,,否,否,否,,否,,,,,,,,ORAL,QD,是,是,ACTIVE
MED-2026-W139-02,地西泮片,Diazepam,WESTERN,TABLET,5mg,片,5,mg,ROOM_TEMPERATURE,是,是,否,,否,否,否,,否,,,,,,,,ORAL,QD,是,是,ACTIVE
MED-2026-W139-03,地西泮注射液,Diazepam,WESTERN,INJECTION,2ml ∶10mg,支,2,ml,ROOM_TEMPERATURE,是,是,否,,否,否,否,,否,,,,,,,,IM,QD,是,是,ACTIVE
MED-2026-W140-01,氯硝西泮片,Clonazepam,WESTERN,TABLET,0.5mg,片,0.5,mg,ROOM_TEMPERATURE,是,是,否,,否,否,否,,否,,,,,,,,ORAL,QD,是,是,ACTIVE
MED-2026-W140-02,氯硝西泮片,Clonazepam,WESTERN,TABLET,2mg,片,2,mg,ROOM_TEMPERATURE,是,是,否,,否,否,否,,否,,,,,,,,ORAL,QD,是,是,ACTIVE
MED-2026-W141-01,劳拉西泮片,Lorazepam,WESTERN,TABLET,0.5mg,片,0.5,mg,ROOM_TEMPERATURE,是,是,否,,否,否,否,,否,,,,,,,,ORAL,QD,是,是,ACTIVE
MED-2026-W141-02,劳拉西泮片,Lorazepam,WESTERN,TABLET,1mg,片,1,mg,ROOM_TEMPERATURE,是,是,否,,否,否,否,,否,,,,,,,,ORAL,QD,是,是,ACTIVE
MED-2026-W142-01,艾司唑仑片,Estazolam,WESTERN,TABLET,1mg,片,1,mg,ROOM_TEMPERATURE,是,是,否,,否,否,否,,否,,,,,,,,ORAL,QD,是,是,ACTIVE
MED-2026-W142-02,艾司唑仑片,Estazolam,WESTERN,TABLET,2mg,片,2,mg,ROOM_TEMPERATURE,是,是,否,,否,否,否,,否,,,,,,,,ORAL,QD,是,是,ACTIVE
MED-2026-W143,阿普唑仑片,Alprazolam,WESTERN,TABLET,0.4mg,片,0.4,mg,ROOM_TEMPERATURE,是,是,否,,否,否,否,,否,,,,,,,,ORAL,QD,是,是,ACTIVE
MED-2026-W144-01,坦度螺酮片,Tandospirone,WESTERN,TABLET,5mg,片,5,mg,ROOM_TEMPERATURE,是,是,否,,否,否,否,,否,,,,,,,,ORAL,QD,是,是,ACTIVE
MED-2026-W144-02,坦度螺酮片,Tandospirone,WESTERN,TABLET,10mg,片,10,mg,ROOM_TEMPERATURE,是,是,否,,否,否,否,,否,,,,,,,,ORAL,QD,是,是,ACTIVE
MED-2026-W144-03,坦度螺酮胶囊,Tandospirone,WESTERN,CAPSULE,5mg,粒,5,mg,ROOM_TEMPERATURE,是,是,否,,否,否,否,,否,,,,,,,,ORAL,QD,是,是,ACTIVE
MED-2026-W144-04,坦度螺酮胶囊,Tandospirone,WESTERN,CAPSULE,10mg,粒,10,mg,ROOM_TEMPERATURE,是,是,否,,否,否,否,,否,,,,,,,,ORAL,QD,是,是,ACTIVE
MED-2026-W145,丁螺环酮片,Buspirone,WESTERN,TABLET,5mg,片,5,mg,ROOM_TEMPERATURE,是,是,否,,否,否,否,,否,,,,,,,,ORAL,QD,是,是,ACTIVE
MED-2026-W146-01,碳酸锂片,Lithium Carbonate,WESTERN,TABLET,0.25g,片,0.25,g,ROOM_TEMPERATURE,是,是,否,,否,否,否,,否,,,,,,,,ORAL,QD,是,是,ACTIVE
MED-2026-W146-02,碳酸锂缓释片,Lithium Carbonate,WESTERN,TABLET,0.3g,片,0.3,g,ROOM_TEMPERATURE,是,是,否,,否,否,否,,否,,,,,,,,ORAL,QD,是,是,ACTIVE
MED-2026-W147-01,佐匹克隆片,Zopiclone,WESTERN,TABLET,3.75mg,片,3.75,mg,ROOM_TEMPERATURE,是,是,否,,否,否,否,,否,,,,,,,,ORAL,QD,是,是,ACTIVE
MED-2026-W147-02,佐匹克隆片,Zopiclone,WESTERN,TABLET,7.5mg,片,7.5,mg,ROOM_TEMPERATURE,是,是,否,,否,否,否,,否,,,,,,,,ORAL,QD,是,是,ACTIVE
MED-2026-W148-01,右佐匹克隆片,Dexzopiclone,WESTERN,TABLET,1mg,片,1,mg,ROOM_TEMPERATURE,是,是,否,,否,否,否,,否,,,,,,,,ORAL,QD,是,是,ACTIVE
MED-2026-W148-02,右佐匹克隆片,Dexzopiclone,WESTERN,TABLET,2mg,片,2,mg,ROOM_TEMPERATURE,是,是,否,,否,否,否,,否,,,,,,,,ORAL,QD,是,是,ACTIVE
MED-2026-W148-03,右佐匹克隆片,Dexzopiclone,WESTERN,TABLET,3mg,片,3,mg,ROOM_TEMPERATURE,是,是,否,,否,否,否,,否,,,,,,,,ORAL,QD,是,是,ACTIVE
MED-2026-W149-01,咪达唑仑片,Midazolam,WESTERN,TABLET,15mg,片,15,mg,ROOM_TEMPERATURE,是,是,否,,否,否,否,,否,,,,,,,,ORAL,QD,是,是,ACTIVE
MED-2026-W149-02,咪达唑仑口服溶液剂,Midazolam,WESTERN,ORAL_LIQUID,0.2%,瓶,,,ROOM_TEMPERATURE,是,是,否,,否,否,否,,否,,,,,,,,ORAL,QD,是,是,ACTIVE
MED-2026-W149-03,咪达唑仑注射液,Midazolam,WESTERN,INJECTION,1ml ∶5mg,支,1,ml,ROOM_TEMPERATURE,是,是,否,,否,否,否,,否,,,,,,,,IM,QD,是,是,ACTIVE
MED-2026-W149-04,咪达唑仑注射液,Midazolam,WESTERN,INJECTION,2ml ∶10mg,支,2,ml,ROOM_TEMPERATURE,是,是,否,,否,否,否,,否,,,,,,,,IM,QD,是,是,ACTIVE
MED-2026-W150-01,唑吡坦片,Zolpidem,WESTERN,TABLET,5mg,片,5,mg,ROOM_TEMPERATURE,是,是,否,,否,否,否,,否,,,,,,,,ORAL,QD,是,是,ACTIVE
MED-2026-W150-02,唑吡坦片,Zolpidem,WESTERN,TABLET,10mg,片,10,mg,ROOM_TEMPERATURE,是,是,否,,否,否,否,,否,,,,,,,,ORAL,QD,是,是,ACTIVE
MED-2026-W151-01,硝酸甘油片,Nitroglycerin,WESTERN,TABLET,0.5mg,片,0.5,mg,ROOM_TEMPERATURE,是,是,否,,否,否,否,,否,,,,,,,,ORAL,QD,是,是,ACTIVE
MED-2026-W151-02,硝酸甘油舌下片,Nitroglycerin,WESTERN,TABLET,0.6mg,片,0.6,mg,ROOM_TEMPERATURE,是,是,否,,否,否,否,,否,,,,,,,,ORAL,QD,是,是,ACTIVE
MED-2026-W151-03,硝酸甘油注射液,Nitroglycerin,WESTERN,INJECTION,1ml ∶5mg,支,1,ml,ROOM_TEMPERATURE,是,是,否,,否,否,否,,否,,,,,,,,IM,QD,是,是,ACTIVE
MED-2026-W152-01,硝酸异山梨酯片,Isosorbide Dinitrate,WESTERN,TABLET,5mg,片,5,mg,ROOM_TEMPERATURE,是,是,否,,否,否,否,,否,,,,,,,,ORAL,QD,是,是,ACTIVE
MED-2026-W152-02,硝酸异山梨酯注射液,Isosorbide Dinitrate,WESTERN,INJECTION,10ml ∶10mg,支,10,ml,ROOM_TEMPERATURE,是,是,否,,否,否,否,,否,,,,,,,,IM,QD,是,是,ACTIVE
MED-2026-W152-03,硝酸异山梨酯氯化钠注射液,Isosorbide Dinitrate,WESTERN,INJECTION,100ml ∶10mg,支,100,ml,ROOM_TEMPERATURE,是,是,否,,否,否,否,,否,,,,,,,,IM,QD,是,是,ACTIVE
MED-2026-W152-04,硝酸异山梨酯葡萄糖注射液,Isosorbide Dinitrate,WESTERN,INJECTION,100ml ∶10mg,支,100,ml,ROOM_TEMPERATURE,是,是,否,,否,否,否,,否,,,,,,,,IM,QD,是,是,ACTIVE
MED-2026-W153-01,单硝酸异山梨酯片,Isosorbide Mononitrate,WESTERN,TABLET,10mg,片,10,mg,ROOM_TEMPERATURE,是,是,否,,否,否,否,,否,,,,,,,,ORAL,QD,是,是,ACTIVE
MED-2026-W153-02,单硝酸异山梨酯片,Isosorbide Mononitrate,WESTERN,TABLET,20mg,片,20,mg,ROOM_TEMPERATURE,是,是,否,,否,否,否,,否,,,,,,,,ORAL,QD,是,是,ACTIVE
MED-2026-W153-03,单硝酸异山梨酯缓释片,Isosorbide Mononitrate,WESTERN,TABLET,30mg,片,30,mg,ROOM_TEMPERATURE,是,是,否,,否,否,否,,否,,,,,,,,ORAL,QD,是,是,ACTIVE
MED-2026-W153-04,单硝酸异山梨酯缓释片,Isosorbide Mononitrate,WESTERN,TABLET,40mg,片,40,mg,ROOM_TEMPERATURE,是,是,否,,否,否,否,,否,,,,,,,,ORAL,QD,是,是,ACTIVE
MED-2026-W153-05,单硝酸异山梨酯缓释片,Isosorbide Mononitrate,WESTERN,TABLET,50mg,片,50,mg,ROOM_TEMPERATURE,是,是,否,,否,否,否,,否,,,,,,,,ORAL,QD,是,是,ACTIVE
MED-2026-W153-06,单硝酸异山梨酯缓释片,Isosorbide Mononitrate,WESTERN,TABLET,60mg,片,60,mg,ROOM_TEMPERATURE,是,是,否,,否,否,否,,否,,,,,,,,ORAL,QD,是,是,ACTIVE
MED-2026-W153-07,单硝酸异山梨酯缓释胶囊,Isosorbide Mononitrate,WESTERN,CAPSULE,40mg,粒,40,mg,ROOM_TEMPERATURE,是,是,否,,否,否,否,,否,,,,,,,,ORAL,QD,是,是,ACTIVE
MED-2026-W153-08,单硝酸异山梨酯缓释胶囊,Isosorbide Mononitrate,WESTERN,CAPSULE,50mg,粒,50,mg,ROOM_TEMPERATURE,是,是,否,,否,否,否,,否,,,,,,,,ORAL,QD,是,是,ACTIVE
MED-2026-W153-09,单硝酸异山梨酯注射液,Isosorbide Mononitrate,WESTERN,INJECTION,1ml ∶10mg,支,1,ml,ROOM_TEMPERATURE,是,是,否,,否,否,否,,否,,,,,,,,IM,QD,是,是,ACTIVE
MED-2026-W153-10,单硝酸异山梨酯注射液,Isosorbide Mononitrate,WESTERN,INJECTION,5ml ∶20mg,支,5,ml,ROOM_TEMPERATURE,是,是,否,,否,否,否,,否,,,,,,,,IM,QD,是,是,ACTIVE
MED-2026-W154-01,硝苯地平片,Nifedipine,WESTERN,TABLET,5mg,片,5,mg,ROOM_TEMPERATURE,是,是,否,,否,否,否,,否,,,,,,,,ORAL,QD,是,是,ACTIVE
MED-2026-W154-02,硝苯地平片,Nifedipine,WESTERN,TABLET,10mg,片,10,mg,ROOM_TEMPERATURE,是,是,否,,否,否,否,,否,,,,,,,,ORAL,QD,是,是,ACTIVE
MED-2026-W155-01,地尔硫䓬片,Diltiazem,WESTERN,TABLET,30mg,片,30,mg,ROOM_TEMPERATURE,是,是,否,,否,否,否,,否,,,,,,,,ORAL,QD,是,是,ACTIVE
MED-2026-W155-02,地尔硫䓬缓释胶囊,Diltiazem,WESTERN,CAPSULE,90mg,粒,90,mg,ROOM_TEMPERATURE,是,是,否,,否,否,否,,否,,,,,,,,ORAL,QD,是,是,ACTIVE
MED-2026-W156,尼可地尔片,Nicorandil,WESTERN,TABLET,5mg,片,5,mg,ROOM_TEMPERATURE,是,是,否,,否,否,否,,否,,,,,,,,ORAL,QD,是,是,ACTIVE
MED-2026-W157-01,曲美他嗪片,Trimetazidine,WESTERN,TABLET,20mg,片,20,mg,ROOM_TEMPERATURE,是,是,否,,否,否,否,,否,,,,,,,,ORAL,QD,是,是,ACTIVE
MED-2026-W157-02,曲美他嗪缓释片,Trimetazidine,WESTERN,TABLET,35mg,片,35,mg,ROOM_TEMPERATURE,是,是,否,,否,否,否,,否,,,,,,,,ORAL,QD,是,是,ACTIVE
MED-2026-W158-01,美西律片,Mexiletine,WESTERN,TABLET,50mg,片,50,mg,ROOM_TEMPERATURE,是,是,否,,否,否,否,,否,,,,,,,,ORAL,QD,是,是,ACTIVE
MED-2026-W158-02,美西律片,Mexiletine,WESTERN,TABLET,100mg,片,100,mg,ROOM_TEMPERATURE,是,是,否,,否,否,否,,否,,,,,,,,ORAL,QD,是,是,ACTIVE
MED-2026-W159-01,普罗帕酮片,Propafenone,WESTERN,TABLET,50mg,片,50,mg,ROOM_TEMPERATURE,是,是,否,,否,否,否,,否,,,,,,,,ORAL,QD,是,是,ACTIVE
MED-2026-W159-02,普罗帕酮片,Propafenone,WESTERN,TABLET,100mg,片,100,mg,ROOM_TEMPERATURE,是,是,否,,否,否,否,,否,,,,,,,,ORAL,QD,是,是,ACTIVE
MED-2026-W159-03,普罗帕酮片,Propafenone,WESTERN,TABLET,150mg,片,150,mg,ROOM_TEMPERATURE,是,是,否,,否,否,否,,否,,,,,,,,ORAL,QD,是,是,ACTIVE
MED-2026-W159-04,普罗帕酮注射液,Propafenone,WESTERN,INJECTION,10ml ∶35mg,支,10,ml,ROOM_TEMPERATURE,是,是,否,,否,否,否,,否,,,,,,,,IM,QD,是,是,ACTIVE
MED-2026-W159-05,普罗帕酮注射液,Propafenone,WESTERN,INJECTION,20ml ∶70mg,支,20,ml,ROOM_TEMPERATURE,是,是,否,,否,否,否,,否,,,,,,,,IM,QD,是,是,ACTIVE
MED-2026-W160,普萘洛尔片,Propranolol,WESTERN,TABLET,10mg,片,10,mg,ROOM_TEMPERATURE,是,是,否,,否,否,否,,否,,,,,,,,ORAL,QD,是,是,ACTIVE
MED-2026-W161-01,阿替洛尔片,Atenolol,WESTERN,TABLET,12.5mg,片,12.5,mg,ROOM_TEMPERATURE,是,是,否,,否,否,否,,否,,,,,,,,ORAL,QD,是,是,ACTIVE
MED-2026-W161-02,阿替洛尔片,Atenolol,WESTERN,TABLET,25mg,片,25,mg,ROOM_TEMPERATURE,是,是,否,,否,否,否,,否,,,,,,,,ORAL,QD,是,是,ACTIVE
MED-2026-W161-03,阿替洛尔片,Atenolol,WESTERN,TABLET,50mg,片,50,mg,ROOM_TEMPERATURE,是,是,否,,否,否,否,,否,,,,,,,,ORAL,QD,是,是,ACTIVE
MED-2026-W162-01,美托洛尔片,Metoprolol,WESTERN,TABLET,25mg,片,25,mg,ROOM_TEMPERATURE,是,是,否,,否,否,否,,否,,,,,,,,ORAL,QD,是,是,ACTIVE
MED-2026-W162-02,美托洛尔片,Metoprolol,WESTERN,TABLET,50mg （琥珀酸盐）缓释（片、胶囊）：47.5mg,片,50,mg,ROOM_TEMPERATURE,是,是,否,,否,否,否,,否,,,,,,,,ORAL,QD,是,是,ACTIVE
MED-2026-W162-03,美托洛尔注射液,Metoprolol,WESTERN,INJECTION,5ml ∶5mg,支,5,ml,ROOM_TEMPERATURE,是,是,否,,否,否,否,,否,,,,,,,,IM,QD,是,是,ACTIVE
MED-2026-W163-01,艾司洛尔注射液,Esmolol,WESTERN,INJECTION,1ml ∶0.1g,支,1,ml,ROOM_TEMPERATURE,是,是,否,,否,否,否,,否,,,,,,,,IM,QD,是,是,ACTIVE
MED-2026-W163-02,艾司洛尔注射液,Esmolol,WESTERN,INJECTION,2ml ∶0.2g,支,2,ml,ROOM_TEMPERATURE,是,是,否,,否,否,否,,否,,,,,,,,IM,QD,是,是,ACTIVE
MED-2026-W163-03,艾司洛尔注射液,Esmolol,WESTERN,INJECTION,10ml ∶0.1g,支,10,ml,ROOM_TEMPERATURE,是,是,否,,否,否,否,,否,,,,,,,,IM,QD,是,是,ACTIVE
MED-2026-W164,索他洛尔片,Sotalol,WESTERN,TABLET,80mg,片,80,mg,ROOM_TEMPERATURE,是,是,否,,否,否,否,,否,,,,,,,,ORAL,QD,是,是,ACTIVE
MED-2026-W165-01,胺碘酮片,Amiodarone,WESTERN,TABLET,0.2g,片,0.2,g,ROOM_TEMPERATURE,是,是,否,,否,否,否,,否,,,,,,,,ORAL,QD,是,是,ACTIVE
MED-2026-W165-02,胺碘酮注射液,Amiodarone,WESTERN,INJECTION,2ml ∶0.15g,支,2,ml,ROOM_TEMPERATURE,是,是,否,,否,否,否,,否,,,,,,,,IM,QD,是,是,ACTIVE
MED-2026-W165-03,胺碘酮注射液,Amiodarone,WESTERN,INJECTION,3ml ∶0.15g,支,3,ml,ROOM_TEMPERATURE,是,是,否,,否,否,否,,否,,,,,,,,IM,QD,是,是,ACTIVE
MED-2026-W166-01,维拉帕米片,Verapamil,WESTERN,TABLET,40mg,片,40,mg,ROOM_TEMPERATURE,是,是,否,,否,否,否,,否,,,,,,,,ORAL,QD,是,是,ACTIVE
MED-2026-W166-02,维拉帕米注射液,Verapamil,WESTERN,INJECTION,2ml ∶5mg,支,2,ml,ROOM_TEMPERATURE,是,是,否,,否,否,否,,否,,,,,,,,IM,QD,是,是,ACTIVE
MED-2026-W167,伊布利特注射液,Ibutilide,WESTERN,INJECTION,10ml ∶1mg,支,10,ml,ROOM_TEMPERATURE,是,是,否,,否,否,否,,否,,,,,,,,IM,QD,是,是,ACTIVE
MED-2026-W168,莫雷西嗪片,Moracizine,WESTERN,TABLET,50mg,片,50,mg,ROOM_TEMPERATURE,是,是,否,,否,否,否,,否,,,,,,,,ORAL,QD,是,是,ACTIVE
MED-2026-W169-01,地高辛片,Digoxin,WESTERN,TABLET,0.25mg,片,0.25,mg,ROOM_TEMPERATURE,是,是,否,,否,否,否,,否,,,,,,,,ORAL,QD,是,是,ACTIVE
MED-2026-W169-02,地高辛口服溶液剂,Digoxin,WESTERN,ORAL_LIQUID,10ml ∶0.5mg,瓶,10,ml,ROOM_TEMPERATURE,是,是,否,,否,否,否,,否,,,,,,,,ORAL,QD,是,是,ACTIVE
MED-2026-W169-03,地高辛口服溶液剂,Digoxin,WESTERN,ORAL_LIQUID,30ml ∶1.5mg,瓶,30,ml,ROOM_TEMPERATURE,是,是,否,,否,否,否,,否,,,,,,,,ORAL,QD,是,是,ACTIVE
MED-2026-W169-04,地高辛口服溶液剂,Digoxin,WESTERN,ORAL_LIQUID,50ml ∶2.5mg,瓶,50,ml,ROOM_TEMPERATURE,是,是,否,,否,否,否,,否,,,,,,,,ORAL,QD,是,是,ACTIVE
MED-2026-W169-05,地高辛口服溶液剂,Digoxin,WESTERN,ORAL_LIQUID,100ml ∶5mg,瓶,100,ml,ROOM_TEMPERATURE,是,是,否,,否,否,否,,否,,,,,,,,ORAL,QD,是,是,ACTIVE
MED-2026-W169-06,地高辛注射液,Digoxin,WESTERN,INJECTION,2ml ∶0.5mg,支,2,ml,ROOM_TEMPERATURE,是,是,否,,否,否,否,,否,,,,,,,,IM,QD,是,是,ACTIVE
MED-2026-W170,去乙酰毛花苷注射液,Deslanoside,WESTERN,INJECTION,2ml ∶0.4mg,支,2,ml,ROOM_TEMPERATURE,是,是,否,,否,否,否,,否,,,,,,,,IM,QD,是,是,ACTIVE
MED-2026-W171-01,伊伐布雷定片,Ivabradine,WESTERN,TABLET,5mg,片,5,mg,ROOM_TEMPERATURE,是,是,否,,否,否,否,,否,,,,,,,,ORAL,QD,是,是,ACTIVE
MED-2026-W171-02,伊伐布雷定片,Ivabradine,WESTERN,TABLET,7.5mg,片,7.5,mg,ROOM_TEMPERATURE,是,是,否,,否,否,否,,否,,,,,,,,ORAL,QD,是,是,ACTIVE
MED-2026-W172-01,米力农注射液,Milrinone,WESTERN,INJECTION,5ml ∶5mg,支,5,ml,ROOM_TEMPERATURE,是,是,否,,否,否,否,,否,,,,,,,,IM,QD,是,是,ACTIVE
MED-2026-W172-02,米力农注射液,Milrinone,WESTERN,INJECTION,10ml ∶10mg,支,10,ml,ROOM_TEMPERATURE,是,是,否,,否,否,否,,否,,,,,,,,IM,QD,是,是,ACTIVE
MED-2026-W173-01,卡托普利片,Captopril,WESTERN,TABLET,12.5mg,片,12.5,mg,ROOM_TEMPERATURE,是,是,否,,否,否,否,,否,,,,,,,,ORAL,QD,是,是,ACTIVE
MED-2026-W173-02,卡托普利片,Captopril,WESTERN,TABLET,25mg,片,25,mg,ROOM_TEMPERATURE,是,是,否,,否,否,否,,否,,,,,,,,ORAL,QD,是,是,ACTIVE
MED-2026-W174-01,依那普利片,Enalapril,WESTERN,TABLET,2.5mg,片,2.5,mg,ROOM_TEMPERATURE,是,是,否,,否,否,否,,否,,,,,,,,ORAL,QD,是,是,ACTIVE
MED-2026-W174-02,依那普利片,Enalapril,WESTERN,TABLET,5mg,片,5,mg,ROOM_TEMPERATURE,是,是,否,,否,否,否,,否,,,,,,,,ORAL,QD,是,是,ACTIVE
MED-2026-W174-03,依那普利片,Enalapril,WESTERN,TABLET,10mg,片,10,mg,ROOM_TEMPERATURE,是,是,否,,否,否,否,,否,,,,,,,,ORAL,QD,是,是,ACTIVE
MED-2026-W175-01,赖诺普利片,Lisinopril,WESTERN,TABLET,5mg,片,5,mg,ROOM_TEMPERATURE,是,是,否,,否,否,否,,否,,,,,,,,ORAL,QD,是,是,ACTIVE
MED-2026-W175-02,赖诺普利片,Lisinopril,WESTERN,TABLET,10mg,片,10,mg,ROOM_TEMPERATURE,是,是,否,,否,否,否,,否,,,,,,,,ORAL,QD,是,是,ACTIVE
MED-2026-W175-03,赖诺普利胶囊,Lisinopril,WESTERN,CAPSULE,5mg,粒,5,mg,ROOM_TEMPERATURE,是,是,否,,否,否,否,,否,,,,,,,,ORAL,QD,是,是,ACTIVE
MED-2026-W175-04,赖诺普利胶囊,Lisinopril,WESTERN,CAPSULE,10mg,粒,10,mg,ROOM_TEMPERATURE,是,是,否,,否,否,否,,否,,,,,,,,ORAL,QD,是,是,ACTIVE
MED-2026-W176-01,培哚普利叔丁胺片,Perindopril tert-Butylamine,WESTERN,TABLET,2mg,片,2,mg,ROOM_TEMPERATURE,是,是,否,,否,否,否,,否,,,,,,,,ORAL,QD,是,是,ACTIVE
MED-2026-W176-02,培哚普利叔丁胺片,Perindopril tert-Butylamine,WESTERN,TABLET,4mg,片,4,mg,ROOM_TEMPERATURE,是,是,否,,否,否,否,,否,,,,,,,,ORAL,QD,是,是,ACTIVE
MED-2026-W176-03,培哚普利叔丁胺片,Perindopril tert-Butylamine,WESTERN,TABLET,8mg,片,8,mg,ROOM_TEMPERATURE,是,是,否,,否,否,否,,否,,,,,,,,ORAL,QD,是,是,ACTIVE
MED-2026-W177-01,缬沙坦片,Valsartan,WESTERN,TABLET,80mg,片,80,mg,ROOM_TEMPERATURE,是,是,否,,否,否,否,,否,,,,,,,,ORAL,QD,是,是,ACTIVE
MED-2026-W177-02,缬沙坦胶囊,Valsartan,WESTERN,CAPSULE,80mg,粒,80,mg,ROOM_TEMPERATURE,是,是,否,,否,否,否,,否,,,,,,,,ORAL,QD,是,是,ACTIVE
MED-2026-W178-01,替米沙坦片,Telmisartan,WESTERN,TABLET,20mg,片,20,mg,ROOM_TEMPERATURE,是,是,否,,否,否,否,,否,,,,,,,,ORAL,QD,是,是,ACTIVE
MED-2026-W178-02,替米沙坦片,Telmisartan,WESTERN,TABLET,40mg,片,40,mg,ROOM_TEMPERATURE,是,是,否,,否,否,否,,否,,,,,,,,ORAL,QD,是,是,ACTIVE
MED-2026-W178-03,替米沙坦片,Telmisartan,WESTERN,TABLET,80mg,片,80,mg,ROOM_TEMPERATURE,是,是,否,,否,否,否,,否,,,,,,,,ORAL,QD,是,是,ACTIVE
MED-2026-W178-04,替米沙坦胶囊,Telmisartan,WESTERN,CAPSULE,40mg,粒,40,mg,ROOM_TEMPERATURE,是,是,否,,否,否,否,,否,,,,,,,,ORAL,QD,是,是,ACTIVE
MED-2026-W179-01,厄贝沙坦片,Irbesartan,WESTERN,TABLET,0.075g,片,0.075,g,ROOM_TEMPERATURE,是,是,否,,否,否,否,,否,,,,,,,,ORAL,QD,是,是,ACTIVE
MED-2026-W179-02,厄贝沙坦片,Irbesartan,WESTERN,TABLET,0.15g,片,0.15,g,ROOM_TEMPERATURE,是,是,否,,否,否,否,,否,,,,,,,,ORAL,QD,是,是,ACTIVE
MED-2026-W179-03,厄贝沙坦分散片,Irbesartan,WESTERN,TABLET,0.15g,片,0.15,g,ROOM_TEMPERATURE,是,是,否,,否,否,否,,否,,,,,,,,ORAL,QD,是,是,ACTIVE
MED-2026-W180-01,缬沙坦氨氯地平片剂(Ⅰ),Valsartan and Amlodipine,WESTERN,TABLET,每片 含缬沙坦 80mg,片,80,mg,ROOM_TEMPERATURE,是,是,否,,否,否,否,,否,,,,,,,,ORAL,QD,是,是,ACTIVE
MED-2026-W180-02,缬沙坦氨氯地平片剂(Ⅰ),Valsartan and Amlodipine,WESTERN,TABLET,氨氯地平 5mg,片,5,mg,ROOM_TEMPERATURE,是,是,否,,否,否,否,,否,,,,,,,,ORAL,QD,是,是,ACTIVE
MED-2026-W180-03,缬沙坦氨氯地平片剂(Ⅱ),Valsartan and Amlodipine,WESTERN,TABLET,每片 含缬沙坦 160mg,片,160,mg,ROOM_TEMPERATURE,是,是,否,,否,否,否,,否,,,,,,,,ORAL,QD,是,是,ACTIVE
MED-2026-W180-04,缬沙坦氨氯地平片剂(Ⅱ),Valsartan and Amlodipine,WESTERN,TABLET,氨氯地平 5mg,片,5,mg,ROOM_TEMPERATURE,是,是,否,,否,否,否,,否,,,,,,,,ORAL,QD,是,是,ACTIVE
MED-2026-W181,硝普钠注射用无菌粉末,Sodium Nitroprusside,WESTERN,INJECTION,50mg,支,50,mg,ROOM_TEMPERATURE,是,是,否,,否,否,否,,否,,,,,,,,IVGTT,QD,是,是,ACTIVE
MED-2026-W182-01,硫酸镁注射液,Magnesium Sulfate,WESTERN,INJECTION,2ml ∶1g,支,2,ml,ROOM_TEMPERATURE,是,是,否,,否,否,否,,否,,,,,,,,IM,QD,是,是,ACTIVE
MED-2026-W182-02,硫酸镁注射液,Magnesium Sulfate,WESTERN,INJECTION,10ml ∶1g,支,10,ml,ROOM_TEMPERATURE,是,是,否,,否,否,否,,否,,,,,,,,IM,QD,是,是,ACTIVE
MED-2026-W182-03,硫酸镁注射液,Magnesium Sulfate,WESTERN,INJECTION,10ml ∶2.5g,支,10,ml,ROOM_TEMPERATURE,是,是,否,,否,否,否,,否,,,,,,,,IM,QD,是,是,ACTIVE
MED-2026-W182-04,硫酸镁注射液,Magnesium Sulfate,WESTERN,INJECTION,10ml ∶5g,支,10,ml,ROOM_TEMPERATURE,是,是,否,,否,否,否,,否,,,,,,,,IM,QD,是,是,ACTIVE
MED-2026-W182-05,硫酸镁注射液,Magnesium Sulfate,WESTERN,INJECTION,20ml ∶10g,支,20,ml,ROOM_TEMPERATURE,是,是,否,,否,否,否,,否,,,,,,,,IM,QD,是,是,ACTIVE
MED-2026-W183,尼群地平片,Nitrendipine,WESTERN,TABLET,10mg,片,10,mg,ROOM_TEMPERATURE,是,是,否,,否,否,否,,否,,,,,,,,ORAL,QD,是,是,ACTIVE
MED-2026-W184-01,非洛地平片,Felodipine,WESTERN,TABLET,2.5mg,片,2.5,mg,ROOM_TEMPERATURE,是,是,否,,否,否,否,,否,,,,,,,,ORAL,QD,是,是,ACTIVE
MED-2026-W184-02,非洛地平片,Felodipine,WESTERN,TABLET,5mg,片,5,mg,ROOM_TEMPERATURE,是,是,否,,否,否,否,,否,,,,,,,,ORAL,QD,是,是,ACTIVE
MED-2026-W184-03,非洛地平缓释片,Felodipine,WESTERN,TABLET,2.5mg,片,2.5,mg,ROOM_TEMPERATURE,是,是,否,,否,否,否,,否,,,,,,,,ORAL,QD,是,是,ACTIVE
MED-2026-W184-04,非洛地平缓释片,Felodipine,WESTERN,TABLET,5mg,片,5,mg,ROOM_TEMPERATURE,是,是,否,,否,否,否,,否,,,,,,,,ORAL,QD,是,是,ACTIVE
MED-2026-W185,氨氯地平片,Amlodipine,WESTERN,TABLET,5mg,片,5,mg,ROOM_TEMPERATURE,是,是,否,,否,否,否,,否,,,,,,,,ORAL,QD,是,是,ACTIVE
MED-2026-W186-01,左氨氯地平片,Levamlodipine,WESTERN,TABLET,2.5mg,片,2.5,mg,ROOM_TEMPERATURE,是,是,否,,否,否,否,,否,,,,,,,,ORAL,QD,是,是,ACTIVE
MED-2026-W186-02,左氨氯地平片,Levamlodipine,WESTERN,TABLET,5mg,片,5,mg,ROOM_TEMPERATURE,是,是,否,,否,否,否,,否,,,,,,,,ORAL,QD,是,是,ACTIVE
MED-2026-W186-03,左氨氯地平片,Levamlodipine,WESTERN,TABLET,2.5mg,片,2.5,mg,ROOM_TEMPERATURE,是,是,否,,否,否,否,,否,,,,,,,,ORAL,QD,是,是,ACTIVE
MED-2026-W187-01,比索洛尔片,Bisoprolol,WESTERN,TABLET,2.5mg,片,2.5,mg,ROOM_TEMPERATURE,是,是,否,,否,否,否,,否,,,,,,,,ORAL,QD,是,是,ACTIVE
MED-2026-W187-02,比索洛尔片,Bisoprolol,WESTERN,TABLET,5mg,片,5,mg,ROOM_TEMPERATURE,是,是,否,,否,否,否,,否,,,,,,,,ORAL,QD,是,是,ACTIVE
MED-2026-W188-01,拉贝洛尔片,Labetalol,WESTERN,TABLET,50mg,片,50,mg,ROOM_TEMPERATURE,是,是,否,,否,否,否,,否,,,,,,,,ORAL,QD,是,是,ACTIVE
MED-2026-W188-02,拉贝洛尔片,Labetalol,WESTERN,TABLET,100mg,片,100,mg,ROOM_TEMPERATURE,是,是,否,,否,否,否,,否,,,,,,,,ORAL,QD,是,是,ACTIVE
MED-2026-W189-01,乌拉地尔缓释（片剂、胶囊）,Urapidil,WESTERN,CAPSULE,30mg,粒,30,mg,ROOM_TEMPERATURE,是,是,否,,否,否,否,,否,,,,,,,,ORAL,QD,是,是,ACTIVE
MED-2026-W189-02,乌拉地尔注射液,Urapidil,WESTERN,INJECTION,5ml ∶25mg,支,5,ml,ROOM_TEMPERATURE,是,是,否,,否,否,否,,否,,,,,,,,IM,QD,是,是,ACTIVE
MED-2026-W189-03,乌拉地尔注射液,Urapidil,WESTERN,INJECTION,10ml ∶50mg,支,10,ml,ROOM_TEMPERATURE,是,是,否,,否,否,否,,否,,,,,,,,IM,QD,是,是,ACTIVE
MED-2026-W190-01,吲达帕胺片,Indapamide,WESTERN,TABLET,2.5mg,片,2.5,mg,ROOM_TEMPERATURE,是,是,否,,否,否,否,,否,,,,,,,,ORAL,QD,是,是,ACTIVE
MED-2026-W190-02,吲达帕胺缓释片,Indapamide,WESTERN,TABLET,1.5mg,片,1.5,mg,ROOM_TEMPERATURE,是,是,否,,否,否,否,,否,,,,,,,,ORAL,QD,是,是,ACTIVE
MED-2026-W191-01,酚妥拉明注射液,Phentolamine,WESTERN,INJECTION,1ml ∶10mg,支,1,ml,ROOM_TEMPERATURE,是,是,否,,否,否,否,,否,,,,,,,,IM,QD,是,是,ACTIVE
MED-2026-W191-02,酚妥拉明注射用无菌粉末,Phentolamine,WESTERN,INJECTION,10mg,支,10,mg,ROOM_TEMPERATURE,是,是,否,,否,否,否,,否,,,,,,,,IVGTT,QD,是,是,ACTIVE
MED-2026-W192-01,哌唑嗪片,Prazosin,WESTERN,TABLET,1mg,片,1,mg,ROOM_TEMPERATURE,是,是,否,,否,否,否,,否,,,,,,,,ORAL,QD,是,是,ACTIVE
MED-2026-W192-02,哌唑嗪片,Prazosin,WESTERN,TABLET,2mg,片,2,mg,ROOM_TEMPERATURE,是,是,否,,否,否,否,,否,,,,,,,,ORAL,QD,是,是,ACTIVE
MED-2026-W193-01,波生坦片,Bosentan,WESTERN,TABLET,125mg,片,125,mg,ROOM_TEMPERATURE,是,是,否,,否,否,否,,否,,,,,,,,ORAL,QD,是,是,ACTIVE
MED-2026-W193-02,波生坦分散片,Bosentan,WESTERN,TABLET,32mg,片,32,mg,ROOM_TEMPERATURE,是,是,否,,否,否,否,,否,,,,,,,,ORAL,QD,是,是,ACTIVE
MED-2026-W194,肾上腺素注射液,Epinephrine,WESTERN,INJECTION,1ml ∶1mg,支,1,ml,ROOM_TEMPERATURE,是,是,否,,否,否,否,,否,,,,,,,,IM,QD,是,是,ACTIVE
MED-2026-W195-01,去甲肾上腺素注射液,Norepinephrine,WESTERN,INJECTION,1ml ∶2mg,支,1,ml,ROOM_TEMPERATURE,是,是,否,,否,否,否,,否,,,,,,,,IM,QD,是,是,ACTIVE
MED-2026-W195-02,去甲肾上腺素注射液,Norepinephrine,WESTERN,INJECTION,2ml ∶10mg,支,2,ml,ROOM_TEMPERATURE,是,是,否,,否,否,否,,否,,,,,,,,IM,QD,是,是,ACTIVE
MED-2026-W195-03,去甲肾上腺素注射液,Norepinephrine,WESTERN,INJECTION,4ml ∶8mg,支,4,ml,ROOM_TEMPERATURE,是,是,否,,否,否,否,,否,,,,,,,,IM,QD,是,是,ACTIVE
MED-2026-W196,异丙肾上腺素注射液,Isoprenaline,WESTERN,INJECTION,2ml ∶1mg,支,2,ml,ROOM_TEMPERATURE,是,是,否,,否,否,否,,否,,,,,,,,IM,QD,是,是,ACTIVE
MED-2026-W197-01,间羟胺注射液,Metaraminol,WESTERN,INJECTION,1ml ∶10mg,支,1,ml,ROOM_TEMPERATURE,是,是,否,,否,否,否,,否,,,,,,,,IM,QD,是,是,ACTIVE
MED-2026-W197-02,间羟胺注射液,Metaraminol,WESTERN,INJECTION,5ml ∶50mg,支,5,ml,ROOM_TEMPERATURE,是,是,否,,否,否,否,,否,,,,,,,,IM,QD,是,是,ACTIVE
MED-2026-W198-01,多巴胺注射液,Dopamine,WESTERN,INJECTION,2ml ∶20mg,支,2,ml,ROOM_TEMPERATURE,是,是,否,,否,否,否,,否,,,,,,,,IM,QD,是,是,ACTIVE
MED-2026-W198-02,多巴胺注射液,Dopamine,WESTERN,INJECTION,2.5ml ∶50mg,支,2.5,ml,ROOM_TEMPERATURE,是,是,否,,否,否,否,,否,,,,,,,,IM,QD,是,是,ACTIVE
MED-2026-W198-03,多巴胺注射液,Dopamine,WESTERN,INJECTION,5ml ∶100mg,支,5,ml,ROOM_TEMPERATURE,是,是,否,,否,否,否,,否,,,,,,,,IM,QD,是,是,ACTIVE
MED-2026-W198-04,多巴胺注射液,Dopamine,WESTERN,INJECTION,5ml ∶200mg,支,5,ml,ROOM_TEMPERATURE,是,是,否,,否,否,否,,否,,,,,,,,IM,QD,是,是,ACTIVE
MED-2026-W199-01,多巴酚丁胺注射液,Dobutamine,WESTERN,INJECTION,2ml ∶20mg,支,2,ml,ROOM_TEMPERATURE,是,是,否,,否,否,否,,否,,,,,,,,IM,QD,是,是,ACTIVE
MED-2026-W199-02,多巴酚丁胺注射液,Dobutamine,WESTERN,INJECTION,5ml ∶100mg,支,5,ml,ROOM_TEMPERATURE,是,是,否,,否,否,否,,否,,,,,,,,IM,QD,是,是,ACTIVE
MED-2026-W200-01,辛伐他汀片,Simvastatin,WESTERN,TABLET,10mg,片,10,mg,ROOM_TEMPERATURE,是,是,否,,否,否,否,,否,,,,,,,,ORAL,QD,是,是,ACTIVE
MED-2026-W200-02,辛伐他汀片,Simvastatin,WESTERN,TABLET,20mg,片,20,mg,ROOM_TEMPERATURE,是,是,否,,否,否,否,,否,,,,,,,,ORAL,QD,是,是,ACTIVE
MED-2026-W201-01,阿托伐他汀片,Atorvastatin,WESTERN,TABLET,10mg,片,10,mg,ROOM_TEMPERATURE,是,是,否,,否,否,否,,否,,,,,,,,ORAL,QD,是,是,ACTIVE
MED-2026-W201-02,阿托伐他汀片,Atorvastatin,WESTERN,TABLET,20mg,片,20,mg,ROOM_TEMPERATURE,是,是,否,,否,否,否,,否,,,,,,,,ORAL,QD,是,是,ACTIVE
MED-2026-W202-01,瑞舒伐他汀片,Rosuvastatin,WESTERN,TABLET,5mg,片,5,mg,ROOM_TEMPERATURE,是,是,否,,否,否,否,,否,,,,,,,,ORAL,QD,是,是,ACTIVE
MED-2026-W202-02,瑞舒伐他汀片,Rosuvastatin,WESTERN,TABLET,10mg,片,10,mg,ROOM_TEMPERATURE,是,是,否,,否,否,否,,否,,,,,,,,ORAL,QD,是,是,ACTIVE
MED-2026-W202-03,瑞舒伐他汀片,Rosuvastatin,WESTERN,TABLET,20mg,片,20,mg,ROOM_TEMPERATURE,是,是,否,,否,否,否,,否,,,,,,,,ORAL,QD,是,是,ACTIVE
MED-2026-W202-04,瑞舒伐他汀胶囊,Rosuvastatin,WESTERN,CAPSULE,5mg,粒,5,mg,ROOM_TEMPERATURE,是,是,否,,否,否,否,,否,,,,,,,,ORAL,QD,是,是,ACTIVE
MED-2026-W202-05,瑞舒伐他汀胶囊,Rosuvastatin,WESTERN,CAPSULE,10mg,粒,10,mg,ROOM_TEMPERATURE,是,是,否,,否,否,否,,否,,,,,,,,ORAL,QD,是,是,ACTIVE
MED-2026-W202-06,瑞舒伐他汀胶囊,Rosuvastatin,WESTERN,CAPSULE,20mg,粒,20,mg,ROOM_TEMPERATURE,是,是,否,,否,否,否,,否,,,,,,,,ORAL,QD,是,是,ACTIVE
MED-2026-W203-01,非诺贝特片,Fenofibrate,WESTERN,TABLET,0.1g,片,0.1,g,ROOM_TEMPERATURE,是,是,否,,否,否,否,,否,,,,,,,,ORAL,QD,是,是,ACTIVE
MED-2026-W203-02,非诺贝特分散片,Fenofibrate,WESTERN,TABLET,0.1g,片,0.1,g,ROOM_TEMPERATURE,是,是,否,,否,否,否,,否,,,,,,,,ORAL,QD,是,是,ACTIVE
MED-2026-W203-03,非诺贝特胶囊,Fenofibrate,WESTERN,CAPSULE,0.1g,粒,0.1,g,ROOM_TEMPERATURE,是,是,否,,否,否,否,,否,,,,,,,,ORAL,QD,是,是,ACTIVE
MED-2026-W203-04,非诺贝特胶囊,Fenofibrate,WESTERN,CAPSULE,0.2g,粒,0.2,g,ROOM_TEMPERATURE,是,是,否,,否,否,否,,否,,,,,,,,ORAL,QD,是,是,ACTIVE
MED-2026-W204,依折麦布片,Ezetimibe,WESTERN,TABLET,10mg,片,10,mg,ROOM_TEMPERATURE,是,是,否,,否,否,否,,否,,,,,,,,ORAL,QD,是,是,ACTIVE
MED-2026-W205-01,溴己新片,Bromhexine,WESTERN,TABLET,8mg,片,8,mg,ROOM_TEMPERATURE,是,是,否,,否,否,否,,否,,,,,,,,ORAL,BID,否,是,ACTIVE
MED-2026-W205-02,溴己新口服溶液剂,Bromhexine,WESTERN,ORAL_LIQUID,40ml ∶80mg,瓶,40,ml,ROOM_TEMPERATURE,是,是,否,,否,否,否,,否,,,,,,,,ORAL,BID,否,是,ACTIVE
MED-2026-W205-03,溴己新注射液,Bromhexine,WESTERN,INJECTION,2ml ∶4mg,支,2,ml,ROOM_TEMPERATURE,是,是,否,,否,否,否,,否,,,,,,,,IM,BID,否,是,ACTIVE
MED-2026-W206-01,氨溴索片,Ambroxol,WESTERN,TABLET,30mg,片,30,mg,ROOM_TEMPERATURE,是,是,否,,否,否,否,,否,,,,,,,,ORAL,BID,否,是,ACTIVE
MED-2026-W206-02,氨溴索分散片,Ambroxol,WESTERN,TABLET,30mg,片,30,mg,ROOM_TEMPERATURE,是,是,否,,否,否,否,,否,,,,,,,,ORAL,BID,否,是,ACTIVE
MED-2026-W206-03,氨溴索胶囊,Ambroxol,WESTERN,CAPSULE,30mg,粒,30,mg,ROOM_TEMPERATURE,是,是,否,,否,否,否,,否,,,,,,,,ORAL,BID,否,是,ACTIVE
MED-2026-W206-04,氨溴索口服溶液剂,Ambroxol,WESTERN,ORAL_LIQUID,0.3%,瓶,,,ROOM_TEMPERATURE,是,是,否,,否,否,否,,否,,,,,,,,ORAL,BID,否,是,ACTIVE
MED-2026-W206-05,氨溴索口服溶液剂,Ambroxol,WESTERN,ORAL_LIQUID,0.6%,瓶,,,ROOM_TEMPERATURE,是,是,否,,否,否,否,,否,,,,,,,,ORAL,BID,否,是,ACTIVE
MED-2026-W206-06,氨溴索吸入用溶液,Ambroxol,WESTERN,TABLET,2ml ∶15mg,片,2,ml,ROOM_TEMPERATURE,是,是,否,,否,否,否,,否,,,,,,,,ORAL,BID,否,是,ACTIVE
MED-2026-W206-07,氨溴索注射液,Ambroxol,WESTERN,INJECTION,2ml ∶15mg,支,2,ml,ROOM_TEMPERATURE,是,是,否,,否,否,否,,否,,,,,,,,IM,BID,否,是,ACTIVE
MED-2026-W207-01,桉柠蒎肠溶胶囊,"Eucalyptol, Limonene and Pinene",WESTERN,CAPSULE,0.12g,粒,0.12,g,ROOM_TEMPERATURE,是,是,否,,否,否,否,,否,,,,,,,,ORAL,BID,否,是,ACTIVE
MED-2026-W207-02,桉柠蒎肠溶胶囊,"Eucalyptol, Limonene and Pinene",WESTERN,CAPSULE,0.3g,粒,0.3,g,ROOM_TEMPERATURE,是,是,否,,否,否,否,,否,,,,,,,,ORAL,BID,否,是,ACTIVE
MED-2026-W208-01,羧甲司坦片,Carbocysteine,WESTERN,TABLET,0.1g,片,0.1,g,ROOM_TEMPERATURE,是,是,否,,否,否,否,,否,,,,,,,,ORAL,BID,否,是,ACTIVE
MED-2026-W208-02,羧甲司坦片,Carbocysteine,WESTERN,TABLET,0.25g,片,0.25,g,ROOM_TEMPERATURE,是,是,否,,否,否,否,,否,,,,,,,,ORAL,BID,否,是,ACTIVE
MED-2026-W208-03,羧甲司坦口服溶液剂,Carbocysteine,WESTERN,ORAL_LIQUID,10ml ∶0.2g,瓶,10,ml,ROOM_TEMPERATURE,是,是,否,,否,否,否,,否,,,,,,,,ORAL,BID,否,是,ACTIVE
MED-2026-W208-04,羧甲司坦口服溶液剂,Carbocysteine,WESTERN,ORAL_LIQUID,10ml ∶0.5g,瓶,10,ml,ROOM_TEMPERATURE,是,是,否,,否,否,否,,否,,,,,,,,ORAL,BID,否,是,ACTIVE
MED-2026-W209-01,乙酰半胱氨酸颗粒,Acetylcysteine,WESTERN,GRANULE,0.1g,袋,0.1,g,ROOM_TEMPERATURE,是,是,否,,否,否,否,,否,,,,,,,,ORAL,BID,否,是,ACTIVE
MED-2026-W209-02,乙酰半胱氨酸颗粒,Acetylcysteine,WESTERN,GRANULE,0.2g,袋,0.2,g,ROOM_TEMPERATURE,是,是,否,,否,否,否,,否,,,,,,,,ORAL,BID,否,是,ACTIVE
MED-2026-W209-03,乙酰半胱氨酸泡腾片,Acetylcysteine,WESTERN,TABLET,0.6g,片,0.6,g,ROOM_TEMPERATURE,是,是,否,,否,否,否,,否,,,,,,,,ORAL,BID,否,是,ACTIVE
MED-2026-W209-04,乙酰半胱氨酸吸入用溶液,Acetylcysteine,WESTERN,TABLET,3ml ∶0.3g,片,3,ml,ROOM_TEMPERATURE,是,是,否,,否,否,否,,否,,,,,,,,ORAL,BID,否,是,ACTIVE
MED-2026-W210-01,复方甘草片,Compound Liquorice,WESTERN,TABLET,常规说明书规格,片,,,ROOM_TEMPERATURE,是,是,否,,否,否,否,,否,,,,,,,,ORAL,BID,否,是,ACTIVE
MED-2026-W210-02,复方甘草口服溶液剂,Compound Liquorice,WESTERN,ORAL_LIQUID,常规说明书规格,瓶,,,ROOM_TEMPERATURE,是,是,否,,否,否,否,,否,,,,,,,,ORAL,BID,否,是,ACTIVE
MED-2026-W211,喷托维林片,Pentoxyverine,WESTERN,TABLET,25mg,片,25,mg,ROOM_TEMPERATURE,是,是,否,,否,否,否,,否,,,,,,,,ORAL,BID,否,是,ACTIVE
MED-2026-W212-01,可待因片,Codeine,WESTERN,TABLET,15mg,片,15,mg,ROOM_TEMPERATURE,是,是,否,,否,否,否,,否,,,,,,,,ORAL,BID,否,是,ACTIVE
MED-2026-W212-02,可待因片,Codeine,WESTERN,TABLET,30mg,片,30,mg,ROOM_TEMPERATURE,是,是,否,,否,否,否,,否,,,,,,,,ORAL,BID,否,是,ACTIVE
MED-2026-W213-01,右美沙芬片,Dextromethorphan,WESTERN,TABLET,15mg,片,15,mg,ROOM_TEMPERATURE,是,是,否,,否,否,否,,否,,,,,,,,ORAL,BID,否,是,ACTIVE
MED-2026-W213-02,右美沙芬颗粒,Dextromethorphan,WESTERN,GRANULE,15mg,袋,15,mg,ROOM_TEMPERATURE,是,是,否,,否,否,否,,否,,,,,,,,ORAL,BID,否,是,ACTIVE
MED-2026-W213-03,右美沙芬口服溶液剂,Dextromethorphan,WESTERN,ORAL_LIQUID,10ml ∶15mg,瓶,10,ml,ROOM_TEMPERATURE,是,是,否,,否,否,否,,否,,,,,,,,ORAL,BID,否,是,ACTIVE
MED-2026-W214-01,复方甲氧那明胶囊,Compound Methoxyphenamine Hydrochloride,WESTERN,CAPSULE,每粒 含盐酸甲氧那明12.5mg,粒,12.5,mg,ROOM_TEMPERATURE,是,是,否,,否,否,否,,否,,,,,,,,ORAL,BID,否,是,ACTIVE
MED-2026-W214-02,复方甲氧那明胶囊,Compound Methoxyphenamine Hydrochloride,WESTERN,CAPSULE,那可丁 7mg,粒,7,mg,ROOM_TEMPERATURE,是,是,否,,否,否,否,,否,,,,,,,,ORAL,BID,否,是,ACTIVE
MED-2026-W214-03,复方甲氧那明胶囊,Compound Methoxyphenamine Hydrochloride,WESTERN,CAPSULE,氨茶碱 25mg,粒,25,mg,ROOM_TEMPERATURE,是,是,否,,否,否,否,,否,,,,,,,,ORAL,BID,否,是,ACTIVE
MED-2026-W214-04,复方甲氧那明胶囊,Compound Methoxyphenamine Hydrochloride,WESTERN,CAPSULE,马来酸氯苯那敏 2mg,粒,2,mg,ROOM_TEMPERATURE,是,是,否,,否,否,否,,否,,,,,,,,ORAL,BID,否,是,ACTIVE
MED-2026-W215-01,氨茶碱片,Aminophylline,WESTERN,TABLET,0.1g,片,0.1,g,ROOM_TEMPERATURE,是,是,否,,否,否,否,,否,,,,,,,,ORAL,PRN,否,是,ACTIVE
MED-2026-W215-02,氨茶碱片,Aminophylline,WESTERN,TABLET,0.2g,片,0.2,g,ROOM_TEMPERATURE,是,是,否,,否,否,否,,否,,,,,,,,ORAL,PRN,否,是,ACTIVE
MED-2026-W215-03,氨茶碱缓释片,Aminophylline,WESTERN,TABLET,0.1g,片,0.1,g,ROOM_TEMPERATURE,是,是,否,,否,否,否,,否,,,,,,,,ORAL,PRN,否,是,ACTIVE
MED-2026-W215-04,氨茶碱注射液,Aminophylline,WESTERN,INJECTION,2ml ∶0.25g,支,2,ml,ROOM_TEMPERATURE,是,是,否,,否,否,否,,否,,,,,,,,IM,PRN,否,是,ACTIVE
MED-2026-W215-05,氨茶碱注射液,Aminophylline,WESTERN,INJECTION,2ml ∶0.5g,支,2,ml,ROOM_TEMPERATURE,是,是,否,,否,否,否,,否,,,,,,,,IM,PRN,否,是,ACTIVE
MED-2026-W215-06,氨茶碱注射液,Aminophylline,WESTERN,INJECTION,10ml ∶0.25g,支,10,ml,ROOM_TEMPERATURE,是,是,否,,否,否,否,,否,,,,,,,,IM,PRN,否,是,ACTIVE
MED-2026-W216,茶碱缓释片,Theophylline,WESTERN,TABLET,0.1g,片,0.1,g,ROOM_TEMPERATURE,是,是,否,,否,否,否,,否,,,,,,,,ORAL,BID,否,是,ACTIVE
MED-2026-W217-01,沙丁胺醇吸入气雾剂,Salbutamol,WESTERN,AEROSOL,200 揿：每揿 100μg,支,100,μg,ROOM_TEMPERATURE,是,是,否,,否,否,否,,否,,,,,,,,INHALATION,BID,否,是,ACTIVE
MED-2026-W217-02,沙丁胺醇200 揿,Salbutamol,WESTERN,TABLET,每揿 140μg,片,140,μg,ROOM_TEMPERATURE,是,是,否,,否,否,否,,否,,,,,,,,ORAL,BID,否,是,ACTIVE
MED-2026-W217-03,沙丁胺醇吸入用溶液,Salbutamol,WESTERN,TABLET,2.5ml ∶5mg,片,2.5,ml,ROOM_TEMPERATURE,是,是,否,,否,否,否,,否,,,,,,,,ORAL,BID,否,是,ACTIVE
MED-2026-W218-01,异丙托溴铵气雾剂,Ipratropium Bromide,WESTERN,AEROSOL,14g∶8.4mg,支,14,g,ROOM_TEMPERATURE,是,是,否,,否,否,否,,否,,,,,,,,INHALATION,BID,否,是,ACTIVE
MED-2026-W218-02,异丙托溴铵吸入用溶液,Ipratropium Bromide,WESTERN,TABLET,2ml ∶0.5mg,片,2,ml,ROOM_TEMPERATURE,是,是,否,,否,否,否,,否,,,,,,,,ORAL,BID,否,是,ACTIVE
MED-2026-W219,噻托溴铵吸入粉雾剂,Tiotropium Bromide,WESTERN,AEROSOL,18μg,支,18,μg,ROOM_TEMPERATURE,是,是,否,,否,否,否,,否,,,,,,,,INHALATION,BID,否,是,ACTIVE
MED-2026-W220-01,孟鲁司特片,Montelukast,WESTERN,TABLET,10mg,片,10,mg,ROOM_TEMPERATURE,是,是,否,,否,否,否,,否,,,,,,,,ORAL,BID,否,是,ACTIVE
MED-2026-W220-02,孟鲁司特咀嚼片,Montelukast,WESTERN,TABLET,4mg,片,4,mg,ROOM_TEMPERATURE,是,是,否,,否,否,否,,否,,,,,,,,ORAL,BID,否,是,ACTIVE
MED-2026-W220-03,孟鲁司特咀嚼片,Montelukast,WESTERN,TABLET,5mg,片,5,mg,ROOM_TEMPERATURE,是,是,否,,否,否,否,,否,,,,,,,,ORAL,BID,否,是,ACTIVE
MED-2026-W220-04,孟鲁司特颗粒,Montelukast,WESTERN,GRANULE,4mg,袋,4,mg,ROOM_TEMPERATURE,是,是,否,,否,否,否,,否,,,,,,,,ORAL,BID,否,是,ACTIVE
MED-2026-W220-05,孟鲁司特口溶膜,Montelukast,WESTERN,TABLET,4mg,片,4,mg,ROOM_TEMPERATURE,是,是,否,,否,否,否,,否,,,,,,,,ORAL,BID,否,是,ACTIVE
MED-2026-W220-06,孟鲁司特口溶膜,Montelukast,WESTERN,TABLET,5mg,片,5,mg,ROOM_TEMPERATURE,是,是,否,,否,否,否,,否,,,,,,,,ORAL,BID,否,是,ACTIVE
MED-2026-W221-01,丙酸氟替卡松吸入气雾剂,Fluticasone Propionate,WESTERN,AEROSOL,50μg/ 揿,支,50,μg,ROOM_TEMPERATURE,是,是,否,,否,否,否,,否,,,,,,,,INHALATION,BID,否,是,ACTIVE
MED-2026-W221-02,丙酸氟替卡松吸入气雾剂,Fluticasone Propionate,WESTERN,AEROSOL,125μg/ 揿,支,125,μg,ROOM_TEMPERATURE,是,是,否,,否,否,否,,否,,,,,,,,INHALATION,BID,否,是,ACTIVE
MED-2026-W221-03,丙酸氟替卡松雾化吸入用混悬液,Fluticasone Propionate,WESTERN,ORAL_LIQUID,2ml ∶0.5mg,瓶,2,ml,ROOM_TEMPERATURE,是,是,否,,否,否,否,,否,,,,,,,,ORAL,BID,否,是,ACTIVE
MED-2026-W222-01,布地奈德吸入气雾剂,Budesonide,WESTERN,AEROSOL,每瓶 100 揿,支,,,ROOM_TEMPERATURE,是,是,否,,否,否,否,,否,,,,,,,,INHALATION,BID,否,是,ACTIVE
MED-2026-W222-02,布地奈德吸入气雾剂,Budesonide,WESTERN,AEROSOL,每揿含布地奈德 200μg,支,200,μg,ROOM_TEMPERATURE,是,是,否,,否,否,否,,否,,,,,,,,INHALATION,BID,否,是,ACTIVE
MED-2026-W222-03,布地奈德每瓶 200 揿,Budesonide,WESTERN,TABLET,常规说明书规格,片,,,ROOM_TEMPERATURE,是,是,否,,否,否,否,,否,,,,,,,,ORAL,BID,否,是,ACTIVE
MED-2026-W222-04,布地奈德每揿含布地奈德 100μg,Budesonide,WESTERN,TABLET,常规说明书规格,片,,,ROOM_TEMPERATURE,是,是,否,,否,否,否,,否,,,,,,,,ORAL,BID,否,是,ACTIVE
MED-2026-W222-05,布地奈德吸入粉雾剂,Budesonide,WESTERN,AEROSOL,0.1mg/ 吸,支,0.1,mg,ROOM_TEMPERATURE,是,是,否,,否,否,否,,否,,,,,,,,INHALATION,BID,否,是,ACTIVE
MED-2026-W222-06,布地奈德0.2mg,Budesonide,WESTERN,TABLET,常规说明书规格,片,,,ROOM_TEMPERATURE,是,是,否,,否,否,否,,否,,,,,,,,ORAL,BID,否,是,ACTIVE
MED-2026-W222-07,布地奈德200μg/ 吸,Budesonide,WESTERN,TABLET,常规说明书规格,片,,,ROOM_TEMPERATURE,是,是,否,,否,否,否,,否,,,,,,,,ORAL,BID,否,是,ACTIVE
MED-2026-W222-08,布地奈德200 吸/ 支,Budesonide,WESTERN,TABLET,常规说明书规格,片,,,ROOM_TEMPERATURE,是,是,否,,否,否,否,,否,,,,,,,,ORAL,BID,否,是,ACTIVE
MED-2026-W222-09,布地奈德雾化吸入用混悬液,Budesonide,WESTERN,ORAL_LIQUID,2ml ∶1mg,瓶,2,ml,ROOM_TEMPERATURE,是,是,否,,否,否,否,,否,,,,,,,,ORAL,BID,否,是,ACTIVE
MED-2026-W223-01,布地奈德福莫特罗吸入粉雾剂,Budesonide and Formoterol,WESTERN,AEROSOL,80μg/4.5μg/吸,支,80,μg,ROOM_TEMPERATURE,是,是,否,,否,否,否,,否,,,,,,,,INHALATION,BID,否,是,ACTIVE
MED-2026-W223-02,布地奈德福莫特罗吸入粉雾剂,Budesonide and Formoterol,WESTERN,AEROSOL,160μg/4.5μg/ 吸,支,160,μg,ROOM_TEMPERATURE,是,是,否,,否,否,否,,否,,,,,,,,INHALATION,BID,否,是,ACTIVE
MED-2026-W223-03,布地奈德福莫特罗吸入粉雾剂,Budesonide and Formoterol,WESTERN,AEROSOL,320μg/9μg/ 吸,支,320,μg,ROOM_TEMPERATURE,是,是,否,,否,否,否,,否,,,,,,,,INHALATION,BID,否,是,ACTIVE
MED-2026-W224,茚达特罗格隆溴铵吸入粉雾剂,Indacaterol and Glycopyrronium,WESTERN,AEROSOL,110μg/50μg/ 粒,支,110,μg,ROOM_TEMPERATURE,是,是,否,,否,否,否,,否,,,,,,,,INHALATION,BID,否,是,ACTIVE
MED-2026-W225-01,布地格福吸入气雾剂,"Budesonide, Glycopyrronium and Formoterol",WESTERN,AEROSOL,每瓶 120 揿,支,,,ROOM_TEMPERATURE,是,是,否,,否,否,否,,否,,,,,,,,INHALATION,BID,否,是,ACTIVE
MED-2026-W225-02,布地格福吸入气雾剂,"Budesonide, Glycopyrronium and Formoterol",WESTERN,AEROSOL,每揿含布地奈德 160μg,支,160,μg,ROOM_TEMPERATURE,是,是,否,,否,否,否,,否,,,,,,,,INHALATION,BID,否,是,ACTIVE
MED-2026-W225-03,布地格福吸入气雾剂,"Budesonide, Glycopyrronium and Formoterol",WESTERN,AEROSOL,格隆铵 7.2μg 和富马酸福莫特罗 4.8μg,支,7.2,μg,ROOM_TEMPERATURE,是,是,否,,否,否,否,,否,,,,,,,,INHALATION,BID,否,是,ACTIVE
MED-2026-W226-01,汉防己甲素片,Tetrandrine,WESTERN,TABLET,20mg,片,20,mg,ROOM_TEMPERATURE,是,是,否,,否,否,否,,否,,,,,,,,ORAL,BID,否,是,ACTIVE
MED-2026-W226-02,汉防己甲素注射液,Tetrandrine,WESTERN,INJECTION,2ml ∶30mg,支,2,ml,ROOM_TEMPERATURE,是,是,否,,否,否,否,,否,,,,,,,,IM,BID,否,是,ACTIVE
MED-2026-W227-01,尼达尼布软胶囊,Nintedanib,WESTERN,CAPSULE,100mg,粒,100,mg,ROOM_TEMPERATURE,是,是,否,,否,否,否,,否,,,,,,,,ORAL,BID,否,是,ACTIVE
MED-2026-W227-02,尼达尼布软胶囊,Nintedanib,WESTERN,CAPSULE,150mg,粒,150,mg,ROOM_TEMPERATURE,是,是,否,,否,否,否,,否,,,,,,,,ORAL,BID,否,是,ACTIVE
MED-2026-W228,复方氢氧化铝片,Compound Aluminium Hydroxide,WESTERN,TABLET,常规说明书规格,片,,,ROOM_TEMPERATURE,是,是,否,,否,否,否,,否,,,,,,,,ORAL,BID,否,是,ACTIVE
MED-2026-W229-01,雷尼替丁片,Ranitidine,WESTERN,TABLET,0.15g,片,0.15,g,ROOM_TEMPERATURE,是,是,否,,否,否,否,,否,,,,,,,,ORAL,BID,否,是,ACTIVE
MED-2026-W229-02,雷尼替丁胶囊,Ranitidine,WESTERN,CAPSULE,0.15g,粒,0.15,g,ROOM_TEMPERATURE,是,是,否,,否,否,否,,否,,,,,,,,ORAL,BID,否,是,ACTIVE
MED-2026-W229-03,雷尼替丁注射液,Ranitidine,WESTERN,INJECTION,2ml ∶50mg,支,2,ml,ROOM_TEMPERATURE,是,是,否,,否,否,否,,否,,,,,,,,IM,BID,否,是,ACTIVE
MED-2026-W230-01,法莫替丁片,Famotidine,WESTERN,TABLET,20mg,片,20,mg,ROOM_TEMPERATURE,是,是,否,,否,否,否,,否,,,,,,,,ORAL,BID,否,是,ACTIVE
MED-2026-W230-02,法莫替丁胶囊,Famotidine,WESTERN,CAPSULE,20mg,粒,20,mg,ROOM_TEMPERATURE,是,是,否,,否,否,否,,否,,,,,,,,ORAL,BID,否,是,ACTIVE
MED-2026-W230-03,法莫替丁注射液,Famotidine,WESTERN,INJECTION,2ml ∶20mg,支,2,ml,ROOM_TEMPERATURE,是,是,否,,否,否,否,,否,,,,,,,,IM,BID,否,是,ACTIVE
MED-2026-W230-04,法莫替丁注射用无菌粉末,Famotidine,WESTERN,INJECTION,20mg,支,20,mg,ROOM_TEMPERATURE,是,是,否,,否,否,否,,否,,,,,,,,IVGTT,BID,否,是,ACTIVE
MED-2026-W231-01,奥美拉唑肠溶（片剂、胶囊）,Omeprazole,WESTERN,CAPSULE,10mg,粒,10,mg,ROOM_TEMPERATURE,是,是,否,,否,否,否,,否,,,,,,,,ORAL,BID,否,是,ACTIVE
MED-2026-W231-02,奥美拉唑肠溶（片剂、胶囊）,Omeprazole,WESTERN,CAPSULE,20mg,粒,20,mg,ROOM_TEMPERATURE,是,是,否,,否,否,否,,否,,,,,,,,ORAL,BID,否,是,ACTIVE
MED-2026-W231-03,奥美拉唑注射用无菌粉末,Omeprazole,WESTERN,INJECTION,40mg,支,40,mg,ROOM_TEMPERATURE,是,是,否,,否,否,否,,否,,,,,,,,IVGTT,BID,否,是,ACTIVE
MED-2026-W232-01,艾司奥美拉唑肠溶（片剂、胶囊）,Esomeprazole,WESTERN,CAPSULE,20mg,粒,20,mg,ROOM_TEMPERATURE,是,是,否,,否,否,否,,否,,,,,,,,ORAL,BID,否,是,ACTIVE
MED-2026-W232-02,艾司奥美拉唑肠溶干混悬剂,Esomeprazole,WESTERN,ORAL_LIQUID,10mg,瓶,10,mg,ROOM_TEMPERATURE,是,是,否,,否,否,否,,否,,,,,,,,ORAL,BID,否,是,ACTIVE
MED-2026-W232-03,艾司奥美拉唑肠溶干混悬剂,Esomeprazole,WESTERN,ORAL_LIQUID,20mg,瓶,20,mg,ROOM_TEMPERATURE,是,是,否,,否,否,否,,否,,,,,,,,ORAL,BID,否,是,ACTIVE
MED-2026-W232-04,艾司奥美拉唑肠溶干混悬剂,Esomeprazole,WESTERN,ORAL_LIQUID,40mg,瓶,40,mg,ROOM_TEMPERATURE,是,是,否,,否,否,否,,否,,,,,,,,ORAL,BID,否,是,ACTIVE
MED-2026-W232-05,艾司奥美拉唑注射用无菌粉末,Esomeprazole,WESTERN,INJECTION,40mg,支,40,mg,ROOM_TEMPERATURE,是,是,否,,否,否,否,,否,,,,,,,,IVGTT,BID,否,是,ACTIVE
MED-2026-W233-01,雷贝拉唑肠溶片,Rabeprazole,WESTERN,TABLET,10mg,片,10,mg,ROOM_TEMPERATURE,是,是,否,,否,否,否,,否,,,,,,,,ORAL,BID,否,是,ACTIVE
MED-2026-W233-02,雷贝拉唑肠溶片,Rabeprazole,WESTERN,TABLET,20mg,片,20,mg,ROOM_TEMPERATURE,是,是,否,,否,否,否,,否,,,,,,,,ORAL,BID,否,是,ACTIVE
MED-2026-W234-01,枸橼酸铋钾片,Bismuth Potassium Citrate,WESTERN,TABLET,0.3g（含 0.11g 铋）,片,0.3,g,ROOM_TEMPERATURE,是,是,否,,否,否,否,,否,,,,,,,,ORAL,BID,否,是,ACTIVE
MED-2026-W234-02,枸橼酸铋钾胶囊,Bismuth Potassium Citrate,WESTERN,CAPSULE,0.3g（含 0.11g 铋）,粒,0.3,g,ROOM_TEMPERATURE,是,是,否,,否,否,否,,否,,,,,,,,ORAL,BID,否,是,ACTIVE
MED-2026-W234-03,枸橼酸铋钾颗粒,Bismuth Potassium Citrate,WESTERN,GRANULE,每袋 含 0.11g 铋,袋,0.11,g,ROOM_TEMPERATURE,是,是,否,,否,否,否,,否,,,,,,,,ORAL,BID,否,是,ACTIVE
MED-2026-W235-01,胶体果胶铋胶囊,Colloidal Bismuth Pectin,WESTERN,CAPSULE,50mg,粒,50,mg,ROOM_TEMPERATURE,是,是,否,,否,否,否,,否,,,,,,,,ORAL,BID,否,是,ACTIVE
MED-2026-W235-02,胶体果胶铋胶囊,Colloidal Bismuth Pectin,WESTERN,CAPSULE,100mg（以铋计）,粒,100,mg,ROOM_TEMPERATURE,是,是,否,,否,否,否,,否,,,,,,,,ORAL,BID,否,是,ACTIVE
MED-2026-W235-03,胶体果胶铋颗粒,Colloidal Bismuth Pectin,WESTERN,GRANULE,150mg（以铋计）,袋,150,mg,ROOM_TEMPERATURE,是,是,否,,否,否,否,,否,,,,,,,,ORAL,BID,否,是,ACTIVE
MED-2026-W236,铝碳酸镁咀嚼片,Hydrotalcite,WESTERN,TABLET,0.5g,片,0.5,g,ROOM_TEMPERATURE,是,是,否,,否,否,否,,否,,,,,,,,ORAL,BID,否,是,ACTIVE
MED-2026-W237-01,乳酶生片,Lactasin,WESTERN,TABLET,0.15g,片,0.15,g,ROOM_TEMPERATURE,是,是,否,,否,否,否,,否,,,,,,,,ORAL,BID,否,是,ACTIVE
MED-2026-W237-02,乳酶生片,Lactasin,WESTERN,TABLET,0.3g,片,0.3,g,ROOM_TEMPERATURE,是,是,否,,否,否,否,,否,,,,,,,,ORAL,BID,否,是,ACTIVE
MED-2026-W238-01,胰酶肠溶片,Pancreatin,WESTERN,TABLET,300mg,片,300,mg,ROOM_TEMPERATURE,是,是,否,,否,否,否,,否,,,,,,,,ORAL,BID,否,是,ACTIVE
MED-2026-W238-02,胰酶肠溶胶囊,Pancreatin,WESTERN,CAPSULE,150mg,粒,150,mg,ROOM_TEMPERATURE,是,是,否,,否,否,否,,否,,,,,,,,ORAL,BID,否,是,ACTIVE
MED-2026-W239-01,山莨菪碱片剂（含消旋）,Anisodamine,WESTERN,TABLET,5mg,片,5,mg,ROOM_TEMPERATURE,是,是,否,,否,否,否,,否,,,,,,,,ORAL,BID,否,是,ACTIVE
MED-2026-W239-02,山莨菪碱片剂（含消旋）,Anisodamine,WESTERN,TABLET,10mg,片,10,mg,ROOM_TEMPERATURE,是,是,否,,否,否,否,,否,,,,,,,,ORAL,BID,否,是,ACTIVE
MED-2026-W239-03,山莨菪碱注射液（含消旋）,Anisodamine,WESTERN,INJECTION,1ml ∶2mg,支,1,ml,ROOM_TEMPERATURE,是,是,否,,否,否,否,,否,,,,,,,,IM,BID,否,是,ACTIVE
MED-2026-W239-04,山莨菪碱注射液（含消旋）,Anisodamine,WESTERN,INJECTION,1ml ∶10mg,支,1,ml,ROOM_TEMPERATURE,是,是,否,,否,否,否,,否,,,,,,,,IM,BID,否,是,ACTIVE
MED-2026-W240-01,阿托品片,Atropine,WESTERN,TABLET,0.3mg,片,0.3,mg,ROOM_TEMPERATURE,是,是,否,,否,否,否,,否,,,,,,,,ORAL,BID,否,是,ACTIVE
MED-2026-W240-02,阿托品注射液,Atropine,WESTERN,INJECTION,1ml ∶0.5mg,支,1,ml,ROOM_TEMPERATURE,是,是,否,,否,否,否,,否,,,,,,,,IM,BID,否,是,ACTIVE
MED-2026-W240-03,阿托品注射液,Atropine,WESTERN,INJECTION,1ml ∶1mg,支,1,ml,ROOM_TEMPERATURE,是,是,否,,否,否,否,,否,,,,,,,,IM,BID,否,是,ACTIVE
MED-2026-W240-04,阿托品注射液,Atropine,WESTERN,INJECTION,1ml ∶5mg,支,1,ml,ROOM_TEMPERATURE,是,是,否,,否,否,否,,否,,,,,,,,IM,BID,否,是,ACTIVE
MED-2026-W240-05,阿托品注射液,Atropine,WESTERN,INJECTION,2ml ∶1mg,支,2,ml,ROOM_TEMPERATURE,是,是,否,,否,否,否,,否,,,,,,,,IM,BID,否,是,ACTIVE
MED-2026-W241,多潘立酮片,Domperidone,WESTERN,TABLET,10mg,片,10,mg,ROOM_TEMPERATURE,是,是,否,,否,否,否,,否,,,,,,,,ORAL,BID,否,是,ACTIVE
MED-2026-W242-01,甲氧氯普胺片,Metoclopramide,WESTERN,TABLET,5mg,片,5,mg,ROOM_TEMPERATURE,是,是,否,,否,否,否,,否,,,,,,,,ORAL,BID,否,是,ACTIVE
MED-2026-W242-02,甲氧氯普胺注射液,Metoclopramide,WESTERN,INJECTION,1ml ∶10mg,支,1,ml,ROOM_TEMPERATURE,是,是,否,,否,否,否,,否,,,,,,,,IM,BID,否,是,ACTIVE
MED-2026-W242-03,甲氧氯普胺注射液,Metoclopramide,WESTERN,INJECTION,2ml ∶10mg,支,2,ml,ROOM_TEMPERATURE,是,是,否,,否,否,否,,否,,,,,,,,IM,BID,否,是,ACTIVE
MED-2026-W243,莫沙必利片,Mosapride,WESTERN,TABLET,5mg,片,5,mg,ROOM_TEMPERATURE,是,是,否,,否,否,否,,否,,,,,,,,ORAL,BID,否,是,ACTIVE
MED-2026-W244,匹维溴铵片,Pinaverium Bromide,WESTERN,TABLET,50mg,片,50,mg,ROOM_TEMPERATURE,是,是,否,,否,否,否,,否,,,,,,,,ORAL,BID,否,是,ACTIVE
MED-2026-W245-01,昂丹司琼片,Ondansetron,WESTERN,TABLET,4mg,片,4,mg,ROOM_TEMPERATURE,是,是,否,,否,否,否,,否,,,,,,,,ORAL,BID,否,是,ACTIVE
MED-2026-W245-02,昂丹司琼片,Ondansetron,WESTERN,TABLET,8mg,片,8,mg,ROOM_TEMPERATURE,是,是,否,,否,否,否,,否,,,,,,,,ORAL,BID,否,是,ACTIVE
MED-2026-W245-03,昂丹司琼注射液,Ondansetron,WESTERN,INJECTION,2ml ∶4mg,支,2,ml,ROOM_TEMPERATURE,是,是,否,,否,否,否,,否,,,,,,,,IM,BID,否,是,ACTIVE
MED-2026-W245-04,昂丹司琼注射液,Ondansetron,WESTERN,INJECTION,4ml ∶8mg,支,4,ml,ROOM_TEMPERATURE,是,是,否,,否,否,否,,否,,,,,,,,IM,BID,否,是,ACTIVE
MED-2026-W246,开塞露灌肠剂（含甘油、山梨醇）,Enema,WESTERN,ORAL_LIQUID,常规说明书规格,瓶,,,ROOM_TEMPERATURE,是,是,否,,否,否,否,,否,,,,,,,,ORAL,BID,否,是,ACTIVE
MED-2026-W247-01,乳果糖口服溶液剂,Lactulose,WESTERN,ORAL_LIQUID,15ml ∶10g,瓶,15,ml,ROOM_TEMPERATURE,是,是,否,,否,否,否,,否,,,,,,,,ORAL,BID,否,是,ACTIVE
MED-2026-W247-02,乳果糖口服溶液剂,Lactulose,WESTERN,ORAL_LIQUID,100ml ∶66.7g,瓶,100,ml,ROOM_TEMPERATURE,是,是,否,,否,否,否,,否,,,,,,,,ORAL,BID,否,是,ACTIVE
MED-2026-W247-03,乳果糖口服溶液剂,Lactulose,WESTERN,ORAL_LIQUID,200ml ∶133.4g,瓶,200,ml,ROOM_TEMPERATURE,是,是,否,,否,否,否,,否,,,,,,,,ORAL,BID,否,是,ACTIVE
MED-2026-W248,洛哌丁胺胶囊,Loperamide,WESTERN,CAPSULE,2mg,粒,2,mg,ROOM_TEMPERATURE,是,是,否,,否,否,否,,否,,,,,,,,ORAL,BID,否,是,ACTIVE
MED-2026-W249,蒙脱石散,Montmorillonite,WESTERN,POWDER,3g,袋,3,g,ROOM_TEMPERATURE,是,是,否,,否,否,否,,否,,,,,,,,ORAL,BID,否,是,ACTIVE
MED-2026-W250,聚乙二醇散,Macrogol,WESTERN,POWDER,常规说明书规格,袋,,,ROOM_TEMPERATURE,是,是,否,,否,否,否,,否,,,,,,,,ORAL,BID,否,是,ACTIVE
MED-2026-W251,精氨酸注射液,Arginine,WESTERN,INJECTION,20ml ∶5g,支,20,ml,ROOM_TEMPERATURE,是,是,否,,否,否,否,,否,,,,,,,,IM,BID,否,是,ACTIVE
MED-2026-W252-01,联苯双酯片,Bifendate,WESTERN,TABLET,25mg,片,25,mg,ROOM_TEMPERATURE,是,是,否,,否,否,否,,否,,,,,,,,ORAL,BID,否,是,ACTIVE
MED-2026-W252-02,联苯双酯滴丸剂,Bifendate,WESTERN,OTHER,1.5mg,丸,1.5,mg,ROOM_TEMPERATURE,是,是,否,,否,否,否,,否,,,,,,,,ORAL,BID,否,是,ACTIVE
MED-2026-W253,甘草酸二铵胶囊,Diammonium Glycyrrhizinate,WESTERN,CAPSULE,50mg,粒,50,mg,ROOM_TEMPERATURE,是,是,否,,否,否,否,,否,,,,,,,,ORAL,BID,否,是,ACTIVE
MED-2026-W254-01,水飞蓟素片,Silymarin,WESTERN,TABLET,70mg,片,70,mg,ROOM_TEMPERATURE,是,是,否,,否,否,否,,否,,,,,,,,ORAL,BID,否,是,ACTIVE
MED-2026-W254-02,水飞蓟素胶囊,Silymarin,WESTERN,CAPSULE,140mg,粒,140,mg,ROOM_TEMPERATURE,是,是,否,,否,否,否,,否,,,,,,,,ORAL,BID,否,是,ACTIVE
MED-2026-W255-01,多烯磷脂酰胆碱胶囊,Polyene Phosphatidylcholine,WESTERN,CAPSULE,228mg,粒,228,mg,ROOM_TEMPERATURE,是,是,否,,否,否,否,,否,,,,,,,,ORAL,BID,否,是,ACTIVE
MED-2026-W255-02,多烯磷脂酰胆碱注射液,Polyene Phosphatidylcholine,WESTERN,INJECTION,5ml ∶232.5mg,支,5,ml,ROOM_TEMPERATURE,是,是,否,,否,否,否,,否,,,,,,,,IM,BID,否,是,ACTIVE
MED-2026-W256-01,地衣芽孢杆菌活菌胶囊,"Bacillus Licheniformis, Live",WESTERN,CAPSULE,0.25g,粒,0.25,g,REFRIGERATED,是,是,否,,否,否,否,,否,,,,,,,,ORAL,BID,否,是,ACTIVE
MED-2026-W256-02,地衣芽孢杆菌活菌颗粒,"Bacillus Licheniformis, Live",WESTERN,GRANULE,0.5g,袋,0.5,g,REFRIGERATED,是,是,否,,否,否,否,,否,,,,,,,,ORAL,BID,否,是,ACTIVE
MED-2026-W257,枯草杆菌二联活菌肠溶胶囊,Live Combined Bacillus Subtilis and Enterociccus Faecium,WESTERN,CAPSULE,250mg,粒,250,mg,REFRIGERATED,是,是,否,,否,否,否,,否,,,,,,,,ORAL,BID,否,是,ACTIVE
MED-2026-W258-01,双歧杆菌三联活菌胶囊,Bifid Triple Viable,WESTERN,CAPSULE,0.21g,粒,0.21,g,REFRIGERATED,是,是,否,,否,否,否,,否,,,,,,,,ORAL,BID,否,是,ACTIVE
MED-2026-W258-02,双歧杆菌三联活菌肠溶胶囊,Bifid Triple Viable,WESTERN,CAPSULE,0.21g,粒,0.21,g,REFRIGERATED,是,是,否,,否,否,否,,否,,,,,,,,ORAL,BID,否,是,ACTIVE
MED-2026-W259,双歧杆菌四联活菌片,"Combined Bifidobacterium, Lactobacillus, Enterococcus and Bacillus Cereus, Live",WESTERN,TABLET,0.5g,片,0.5,g,REFRIGERATED,是,是,否,,否,否,否,,否,,,,,,,,ORAL,BID,否,是,ACTIVE
MED-2026-W260-01,熊去氧胆酸片,UrsodeoxycholicAcid,WESTERN,TABLET,50mg,片,50,mg,ROOM_TEMPERATURE,是,是,否,,否,否,否,,否,,,,,,,,ORAL,BID,否,是,ACTIVE
MED-2026-W260-02,熊去氧胆酸片,UrsodeoxycholicAcid,WESTERN,TABLET,250mg,片,250,mg,ROOM_TEMPERATURE,是,是,否,,否,否,否,,否,,,,,,,,ORAL,BID,否,是,ACTIVE
MED-2026-W260-03,熊去氧胆酸胶囊,UrsodeoxycholicAcid,WESTERN,CAPSULE,250mg,粒,250,mg,ROOM_TEMPERATURE,是,是,否,,否,否,否,,否,,,,,,,,ORAL,BID,否,是,ACTIVE
MED-2026-W260-04,熊去氧胆酸混悬液,UrsodeoxycholicAcid,WESTERN,ORAL_LIQUID,250ml ∶12.5g,瓶,250,ml,ROOM_TEMPERATURE,是,是,否,,否,否,否,,否,,,,,,,,ORAL,BID,否,是,ACTIVE
MED-2026-W261-01,柳氮磺吡啶肠溶片,Sulfasalazine,WESTERN,TABLET,0.25g,片,0.25,g,ROOM_TEMPERATURE,是,是,否,,否,否,否,,否,,,,,,,,ORAL,BID,否,是,ACTIVE
MED-2026-W261-02,柳氮磺吡啶栓,Sulfasalazine,WESTERN,SUPPOSITORY,0.5g,枚,0.5,g,ROOM_TEMPERATURE,是,是,否,,否,否,否,,否,,,,,,,,RECTAL,BID,否,是,ACTIVE
MED-2026-W262-01,呋塞米片,Furosemide,WESTERN,TABLET,20mg,片,20,mg,ROOM_TEMPERATURE,是,是,否,,否,否,否,,否,,,,,,,,ORAL,BID,否,是,ACTIVE
MED-2026-W262-02,呋塞米注射液,Furosemide,WESTERN,INJECTION,2ml ∶20mg,支,2,ml,ROOM_TEMPERATURE,是,是,否,,否,否,否,,否,,,,,,,,IM,BID,否,是,ACTIVE
MED-2026-W263-01,托拉塞米片,Torasemide,WESTERN,TABLET,5mg,片,5,mg,ROOM_TEMPERATURE,是,是,否,,否,否,否,,否,,,,,,,,ORAL,BID,否,是,ACTIVE
MED-2026-W263-02,托拉塞米片,Torasemide,WESTERN,TABLET,10mg,片,10,mg,ROOM_TEMPERATURE,是,是,否,,否,否,否,,否,,,,,,,,ORAL,BID,否,是,ACTIVE
MED-2026-W263-03,托拉塞米片,Torasemide,WESTERN,TABLET,20mg,片,20,mg,ROOM_TEMPERATURE,是,是,否,,否,否,否,,否,,,,,,,,ORAL,BID,否,是,ACTIVE
MED-2026-W263-04,托拉塞米注射液,Torasemide,WESTERN,INJECTION,2ml ∶10mg,支,2,ml,ROOM_TEMPERATURE,是,是,否,,否,否,否,,否,,,,,,,,IM,BID,否,是,ACTIVE
MED-2026-W263-05,托拉塞米注射液,Torasemide,WESTERN,INJECTION,4ml ∶20mg,支,4,ml,ROOM_TEMPERATURE,是,是,否,,否,否,否,,否,,,,,,,,IM,BID,否,是,ACTIVE
MED-2026-W264-01,氢氯噻嗪片,Hydrochlorothiazide,WESTERN,TABLET,6.25mg,片,6.25,mg,ROOM_TEMPERATURE,是,是,否,,否,否,否,,否,,,,,,,,ORAL,BID,否,是,ACTIVE
MED-2026-W264-02,氢氯噻嗪片,Hydrochlorothiazide,WESTERN,TABLET,10mg,片,10,mg,ROOM_TEMPERATURE,是,是,否,,否,否,否,,否,,,,,,,,ORAL,BID,否,是,ACTIVE
MED-2026-W264-03,氢氯噻嗪片,Hydrochlorothiazide,WESTERN,TABLET,25mg,片,25,mg,ROOM_TEMPERATURE,是,是,否,,否,否,否,,否,,,,,,,,ORAL,BID,否,是,ACTIVE
MED-2026-W265-01,螺内酯片,Spironolactone,WESTERN,TABLET,12mg,片,12,mg,ROOM_TEMPERATURE,是,是,否,,否,否,否,,否,,,,,,,,ORAL,BID,否,是,ACTIVE
MED-2026-W265-02,螺内酯片,Spironolactone,WESTERN,TABLET,20mg,片,20,mg,ROOM_TEMPERATURE,是,是,否,,否,否,否,,否,,,,,,,,ORAL,BID,否,是,ACTIVE
MED-2026-W266,氨苯蝶啶片,Triamterene,WESTERN,TABLET,50mg,片,50,mg,ROOM_TEMPERATURE,是,是,否,,否,否,否,,否,,,,,,,,ORAL,BID,否,是,ACTIVE
MED-2026-W267,非奈利酮片,Finerenone,WESTERN,TABLET,10mg,片,10,mg,ROOM_TEMPERATURE,是,是,否,,否,否,否,,否,,,,,,,,ORAL,BID,否,是,ACTIVE
MED-2026-W268-01,甘油果糖氯化钠注射液,Glycerol Fructose,WESTERN,INJECTION,250ml,支,250,ml,ROOM_TEMPERATURE,是,是,否,,否,否,否,,否,,,,,,,,IM,BID,否,是,ACTIVE
MED-2026-W268-02,甘油果糖氯化钠注射液,Glycerol Fructose,WESTERN,INJECTION,500ml,支,500,ml,ROOM_TEMPERATURE,是,是,否,,否,否,否,,否,,,,,,,,IM,BID,否,是,ACTIVE
MED-2026-W269,坦洛新缓释胶囊,Tamsulosin,WESTERN,CAPSULE,0.2mg,粒,0.2,mg,ROOM_TEMPERATURE,是,是,否,,否,否,否,,否,,,,,,,,ORAL,BID,否,是,ACTIVE
MED-2026-W270-01,特拉唑嗪片,Terazosin,WESTERN,TABLET,2mg,片,2,mg,ROOM_TEMPERATURE,是,是,否,,否,否,否,,否,,,,,,,,ORAL,BID,否,是,ACTIVE
MED-2026-W270-02,特拉唑嗪胶囊,Terazosin,WESTERN,CAPSULE,2mg,粒,2,mg,ROOM_TEMPERATURE,是,是,否,,否,否,否,,否,,,,,,,,ORAL,BID,否,是,ACTIVE
MED-2026-W271-01,非那雄胺片,Finasteride,WESTERN,TABLET,5mg,片,5,mg,ROOM_TEMPERATURE,是,是,否,,否,否,否,,否,,,,,,,,ORAL,BID,否,是,ACTIVE
MED-2026-W271-02,非那雄胺胶囊,Finasteride,WESTERN,CAPSULE,5mg,粒,5,mg,ROOM_TEMPERATURE,是,是,否,,否,否,否,,否,,,,,,,,ORAL,BID,否,是,ACTIVE
MED-2026-W272,腹膜透析液注射液（腹腔用药）,Peritoneal Dialysis Solution,WESTERN,INJECTION,常规说明书规格,支,,,ROOM_TEMPERATURE,是,是,否,,否,否,否,,否,,,,,,,,IM,BID,否,是,ACTIVE
MED-2026-W273-01,硫酸亚铁片,Ferrous Sulfate,WESTERN,TABLET,0.3g,片,0.3,g,ROOM_TEMPERATURE,是,是,否,,否,否,否,,否,,,,,,,,ORAL,QD,是,是,ACTIVE
MED-2026-W273-02,硫酸亚铁缓释片,Ferrous Sulfate,WESTERN,TABLET,0.45g,片,0.45,g,ROOM_TEMPERATURE,是,是,否,,否,否,否,,否,,,,,,,,ORAL,QD,是,是,ACTIVE
MED-2026-W274-01,右旋糖酐铁口服溶液剂,Iron Dextran,WESTERN,ORAL_LIQUID,5ml ∶25mg（Fe）,瓶,5,ml,ROOM_TEMPERATURE,是,是,否,,否,否,否,,否,,,,,,,,ORAL,QD,是,是,ACTIVE
MED-2026-W274-02,右旋糖酐铁口服溶液剂,Iron Dextran,WESTERN,ORAL_LIQUID,10ml ∶50mg（Fe）,瓶,10,ml,ROOM_TEMPERATURE,是,是,否,,否,否,否,,否,,,,,,,,ORAL,QD,是,是,ACTIVE
MED-2026-W274-03,右旋糖酐铁注射液,Iron Dextran,WESTERN,INJECTION,2ml ∶50mg（Fe）,支,2,ml,ROOM_TEMPERATURE,是,是,否,,否,否,否,,否,,,,,,,,IM,QD,是,是,ACTIVE
MED-2026-W274-04,右旋糖酐铁注射液,Iron Dextran,WESTERN,INJECTION,2ml ∶100mg（Fe）,支,2,ml,ROOM_TEMPERATURE,是,是,否,,否,否,否,,否,,,,,,,,IM,QD,是,是,ACTIVE
MED-2026-W275,琥珀酸亚铁片,Ferrous Succinate,WESTERN,TABLET,0.1g,片,0.1,g,ROOM_TEMPERATURE,是,是,否,,否,否,否,,否,,,,,,,,ORAL,QD,是,是,ACTIVE
MED-2026-W276-01,维生素注射液,B12 Vitamin B12,WESTERN,INJECTION,1ml ∶0.25mg,支,1,ml,ROOM_TEMPERATURE,是,是,否,,否,否,否,,否,,,,,,,,IM,QD,是,是,ACTIVE
MED-2026-W276-02,维生素注射液,B12 Vitamin B12,WESTERN,INJECTION,1ml ∶0.5mg,支,1,ml,ROOM_TEMPERATURE,是,是,否,,否,否,否,,否,,,,,,,,IM,QD,是,是,ACTIVE
MED-2026-W277-01,叶酸片,Folic Acid,WESTERN,TABLET,0.4mg,片,0.4,mg,ROOM_TEMPERATURE,是,是,否,,否,否,否,,否,,,,,,,,ORAL,QD,是,是,ACTIVE
MED-2026-W277-02,叶酸片,Folic Acid,WESTERN,TABLET,5mg,片,5,mg,ROOM_TEMPERATURE,是,是,否,,否,否,否,,否,,,,,,,,ORAL,QD,是,是,ACTIVE
MED-2026-W278-01,腺苷钴胺片,Cobamamide,WESTERN,TABLET,0.25mg,片,0.25,mg,ROOM_TEMPERATURE,是,是,否,,否,否,否,,否,,,,,,,,ORAL,QD,是,是,ACTIVE
MED-2026-W278-02,腺苷钴胺胶囊,Cobamamide,WESTERN,CAPSULE,0.5mg,粒,0.5,mg,ROOM_TEMPERATURE,是,是,否,,否,否,否,,否,,,,,,,,ORAL,QD,是,是,ACTIVE
MED-2026-W279-01,甲钴胺片,Mecobalamin,WESTERN,TABLET,0.5mg,片,0.5,mg,ROOM_TEMPERATURE,是,是,否,,否,否,否,,否,,,,,,,,ORAL,QD,是,是,ACTIVE
MED-2026-W279-02,甲钴胺胶囊,Mecobalamin,WESTERN,CAPSULE,0.5mg,粒,0.5,mg,ROOM_TEMPERATURE,是,是,否,,否,否,否,,否,,,,,,,,ORAL,QD,是,是,ACTIVE
MED-2026-W279-03,甲钴胺注射液,Mecobalamin,WESTERN,INJECTION,1ml ∶0.5mg,支,1,ml,ROOM_TEMPERATURE,是,是,否,,否,否,否,,否,,,,,,,,IM,QD,是,是,ACTIVE
MED-2026-W280-01,人促红素注射液,Human Erythropoietin,WESTERN,INJECTION,2000IU,支,2000,IU,ROOM_TEMPERATURE,是,是,否,,否,否,否,,否,,,,,,,,IM,QD,是,是,ACTIVE
MED-2026-W280-02,人促红素注射液,Human Erythropoietin,WESTERN,INJECTION,3000IU,支,3000,IU,ROOM_TEMPERATURE,是,是,否,,否,否,否,,否,,,,,,,,IM,QD,是,是,ACTIVE
MED-2026-W280-03,人促红素注射液,Human Erythropoietin,WESTERN,INJECTION,10000IU,支,10000,IU,ROOM_TEMPERATURE,是,是,否,,否,否,否,,否,,,,,,,,IM,QD,是,是,ACTIVE
MED-2026-W281-01,罗沙司他胶囊,Roxadustat,WESTERN,CAPSULE,20mg,粒,20,mg,ROOM_TEMPERATURE,是,是,否,,否,否,否,,否,,,,,,,,ORAL,QD,是,是,ACTIVE
MED-2026-W281-02,罗沙司他胶囊,Roxadustat,WESTERN,CAPSULE,50mg,粒,50,mg,ROOM_TEMPERATURE,是,是,否,,否,否,否,,否,,,,,,,,ORAL,QD,是,是,ACTIVE
MED-2026-W282-01,氯吡格雷片,Clopidogrel,WESTERN,TABLET,25mg,片,25,mg,ROOM_TEMPERATURE,是,是,否,,否,否,否,,否,,,,,,,,ORAL,QD,是,是,ACTIVE
MED-2026-W282-02,氯吡格雷片,Clopidogrel,WESTERN,TABLET,75mg,片,75,mg,ROOM_TEMPERATURE,是,是,否,,否,否,否,,否,,,,,,,,ORAL,QD,是,是,ACTIVE
MED-2026-W283-01,吲哚布芬片,Indobufen,WESTERN,TABLET,0.1g,片,0.1,g,ROOM_TEMPERATURE,是,是,否,,否,否,否,,否,,,,,,,,ORAL,QD,是,是,ACTIVE
MED-2026-W283-02,吲哚布芬片,Indobufen,WESTERN,TABLET,0.2g,片,0.2,g,ROOM_TEMPERATURE,是,是,否,,否,否,否,,否,,,,,,,,ORAL,QD,是,是,ACTIVE
MED-2026-W284-01,替格瑞洛片,Ticagrelor,WESTERN,TABLET,60mg,片,60,mg,ROOM_TEMPERATURE,是,是,否,,否,否,否,,否,,,,,,,,ORAL,QD,是,是,ACTIVE
MED-2026-W284-02,替格瑞洛片,Ticagrelor,WESTERN,TABLET,90mg,片,90,mg,ROOM_TEMPERATURE,是,是,否,,否,否,否,,否,,,,,,,,ORAL,QD,是,是,ACTIVE
MED-2026-W285-01,西洛他唑片,Cilostazol,WESTERN,TABLET,50mg,片,50,mg,ROOM_TEMPERATURE,是,是,否,,否,否,否,,否,,,,,,,,ORAL,QD,是,是,ACTIVE
MED-2026-W285-02,西洛他唑片,Cilostazol,WESTERN,TABLET,100mg,片,100,mg,ROOM_TEMPERATURE,是,是,否,,否,否,否,,否,,,,,,,,ORAL,QD,是,是,ACTIVE
MED-2026-W286-01,凝血酶散,Thrombin,WESTERN,POWDER,200 单位,袋,,,ROOM_TEMPERATURE,是,是,否,,否,否,否,,否,,,,,,,,ORAL,QD,是,是,ACTIVE
MED-2026-W286-02,凝血酶散,Thrombin,WESTERN,POWDER,500 单位,袋,,,ROOM_TEMPERATURE,是,是,否,,否,否,否,,否,,,,,,,,ORAL,QD,是,是,ACTIVE
MED-2026-W286-03,凝血酶散,Thrombin,WESTERN,POWDER,2000单位,袋,,,ROOM_TEMPERATURE,是,是,否,,否,否,否,,否,,,,,,,,ORAL,QD,是,是,ACTIVE
MED-2026-W287,维生素注射液,K1 Vitamin K1,WESTERN,INJECTION,1ml ∶10mg,支,1,ml,ROOM_TEMPERATURE,是,是,否,,否,否,否,,否,,,,,,,,IM,QD,是,是,ACTIVE
MED-2026-W288-01,甲萘氢醌片,Menadiol,WESTERN,TABLET,2mg,片,2,mg,ROOM_TEMPERATURE,是,是,否,,否,否,否,,否,,,,,,,,ORAL,QD,是,是,ACTIVE
MED-2026-W288-02,甲萘氢醌片,Menadiol,WESTERN,TABLET,4mg,片,4,mg,ROOM_TEMPERATURE,是,是,否,,否,否,否,,否,,,,,,,,ORAL,QD,是,是,ACTIVE
MED-2026-W289-01,氨甲苯酸注射液,Aminomethylbenzoic Acid,WESTERN,INJECTION,10ml ∶0.1g,支,10,ml,ROOM_TEMPERATURE,是,是,否,,否,否,否,,否,,,,,,,,IM,QD,是,是,ACTIVE
MED-2026-W289-02,氨甲苯酸注射液,Aminomethylbenzoic Acid,WESTERN,INJECTION,5ml ∶50mg,支,5,ml,ROOM_TEMPERATURE,是,是,否,,否,否,否,,否,,,,,,,,IM,QD,是,是,ACTIVE
MED-2026-W290-01,氨甲环酸注射液,Tranexamic Acid,WESTERN,INJECTION,2.5ml ∶0.25g,支,2.5,ml,ROOM_TEMPERATURE,是,是,否,,否,否,否,,否,,,,,,,,IM,QD,是,是,ACTIVE
MED-2026-W290-02,氨甲环酸注射液,Tranexamic Acid,WESTERN,INJECTION,5ml ∶0.25g,支,5,ml,ROOM_TEMPERATURE,是,是,否,,否,否,否,,否,,,,,,,,IM,QD,是,是,ACTIVE
MED-2026-W290-03,氨甲环酸注射液,Tranexamic Acid,WESTERN,INJECTION,5ml ∶0.5g,支,5,ml,ROOM_TEMPERATURE,是,是,否,,否,否,否,,否,,,,,,,,IM,QD,是,是,ACTIVE
MED-2026-W291-01,鱼精蛋白注射液,Protamine,WESTERN,INJECTION,5ml ∶50mg,支,5,ml,ROOM_TEMPERATURE,是,是,否,,否,否,否,,否,,,,,,,,IM,QD,是,是,ACTIVE
MED-2026-W291-02,鱼精蛋白注射液,Protamine,WESTERN,INJECTION,10ml ∶0.1g,支,10,ml,ROOM_TEMPERATURE,是,是,否,,否,否,否,,否,,,,,,,,IM,QD,是,是,ACTIVE
MED-2026-W292,血友病用药注射用无菌粉末,XYBYY,WESTERN,INJECTION,常规说明书规格,支,,,ROOM_TEMPERATURE,是,是,否,,否,否,否,,否,,,,,,,,IVGTT,QD,是,是,ACTIVE
MED-2026-W293-01,肝素注射液,Heparin,WESTERN,INJECTION,1ml ∶5000 单位,支,1,ml,ROOM_TEMPERATURE,是,是,否,,否,否,否,,否,,,,,,,,IM,QD,是,是,ACTIVE
MED-2026-W293-02,肝素注射液,Heparin,WESTERN,INJECTION,1ml ∶10000 单位,支,1,ml,ROOM_TEMPERATURE,是,是,否,,否,否,否,,否,,,,,,,,IM,QD,是,是,ACTIVE
MED-2026-W293-03,肝素注射液,Heparin,WESTERN,INJECTION,2ml ∶5000 单位,支,2,ml,ROOM_TEMPERATURE,是,是,否,,否,否,否,,否,,,,,,,,IM,QD,是,是,ACTIVE
MED-2026-W293-04,肝素注射液,Heparin,WESTERN,INJECTION,2ml ∶12500 单位,支,2,ml,ROOM_TEMPERATURE,是,是,否,,否,否,否,,否,,,,,,,,IM,QD,是,是,ACTIVE
MED-2026-W294,低分子量肝素注射液,Low Molecular Weight Heparin,WESTERN,INJECTION,常规说明书规格,支,,,ROOM_TEMPERATURE,是,是,否,,否,否,否,,否,,,,,,,,IM,QD,是,是,ACTIVE
MED-2026-W295-01,华法林片,Warfarin,WESTERN,TABLET,1mg,片,1,mg,ROOM_TEMPERATURE,是,是,否,,否,否,否,,否,,,,,,,,ORAL,QD,是,是,ACTIVE
MED-2026-W295-02,华法林片,Warfarin,WESTERN,TABLET,2.5mg,片,2.5,mg,ROOM_TEMPERATURE,是,是,否,,否,否,否,,否,,,,,,,,ORAL,QD,是,是,ACTIVE
MED-2026-W295-03,华法林片,Warfarin,WESTERN,TABLET,3mg,片,3,mg,ROOM_TEMPERATURE,是,是,否,,否,否,否,,否,,,,,,,,ORAL,QD,是,是,ACTIVE
MED-2026-W295-04,华法林片,Warfarin,WESTERN,TABLET,5mg,片,5,mg,ROOM_TEMPERATURE,是,是,否,,否,否,否,,否,,,,,,,,ORAL,QD,是,是,ACTIVE
MED-2026-W296-01,尿激酶注射用无菌粉末,Urokinase,WESTERN,INJECTION,10 万单位,支,10,万单位,ROOM_TEMPERATURE,是,是,否,,否,否,否,,否,,,,,,,,IVGTT,QD,是,是,ACTIVE
MED-2026-W296-02,尿激酶注射用无菌粉末,Urokinase,WESTERN,INJECTION,25万单位,支,25,万单位,ROOM_TEMPERATURE,是,是,否,,否,否,否,,否,,,,,,,,IVGTT,QD,是,是,ACTIVE
MED-2026-W297-01,达比加群酯胶囊,Dabigatran Etexilate,WESTERN,CAPSULE,110mg,粒,110,mg,ROOM_TEMPERATURE,是,是,否,,否,否,否,,否,,,,,,,,ORAL,QD,是,是,ACTIVE
MED-2026-W297-02,达比加群酯胶囊,Dabigatran Etexilate,WESTERN,CAPSULE,150mg,粒,150,mg,ROOM_TEMPERATURE,是,是,否,,否,否,否,,否,,,,,,,,ORAL,QD,是,是,ACTIVE
MED-2026-W298-01,利伐沙班片,Rivaroxaban,WESTERN,TABLET,10mg,片,10,mg,ROOM_TEMPERATURE,是,是,否,,否,否,否,,否,,,,,,,,ORAL,QD,是,是,ACTIVE
MED-2026-W298-02,利伐沙班片,Rivaroxaban,WESTERN,TABLET,15mg,片,15,mg,ROOM_TEMPERATURE,是,是,否,,否,否,否,,否,,,,,,,,ORAL,QD,是,是,ACTIVE
MED-2026-W298-03,利伐沙班片,Rivaroxaban,WESTERN,TABLET,20mg,片,20,mg,ROOM_TEMPERATURE,是,是,否,,否,否,否,,否,,,,,,,,ORAL,QD,是,是,ACTIVE
MED-2026-W299,重组人组织型纤溶酶原激酶衍生物注射用无菌粉末,Recombinant Human Tissue-type Plasminogen Activator Derivative,WESTERN,INJECTION,18mg,支,18,mg,ROOM_TEMPERATURE,是,是,否,,否,否,否,,否,,,,,,,,IVGTT,QD,是,是,ACTIVE
MED-2026-W300-01,羟乙基淀粉 130/0.4氯化钠注射液,Hydroxyethyl Starch 130/0.4,WESTERN,INJECTION,250ml ∶15g,支,250,ml,ROOM_TEMPERATURE,是,是,否,,否,否,否,,否,,,,,,,,IM,QD,是,是,ACTIVE
MED-2026-W300-02,羟乙基淀粉 130/0.4氯化钠注射液,Hydroxyethyl Starch 130/0.4,WESTERN,INJECTION,500ml ∶30g,支,500,ml,ROOM_TEMPERATURE,是,是,否,,否,否,否,,否,,,,,,,,IM,QD,是,是,ACTIVE
MED-2026-W301,艾曲泊帕乙醇胺片,Eltrombopag Olamine,WESTERN,TABLET,25mg,片,25,mg,ROOM_TEMPERATURE,是,是,否,,否,否,否,,否,,,,,,,,ORAL,QD,是,是,ACTIVE
MED-2026-W302-01,人粒细胞刺激因子注射液,Human Granulocyte Colony-Stimulating Factor,WESTERN,INJECTION,75μg,支,75,μg,ROOM_TEMPERATURE,是,是,否,,否,否,否,,否,,,,,,,,IM,QD,是,是,ACTIVE
MED-2026-W302-02,人粒细胞刺激因子注射液,Human Granulocyte Colony-Stimulating Factor,WESTERN,INJECTION,100μg,支,100,μg,ROOM_TEMPERATURE,是,是,否,,否,否,否,,否,,,,,,,,IM,QD,是,是,ACTIVE
MED-2026-W302-03,人粒细胞刺激因子注射液,Human Granulocyte Colony-Stimulating Factor,WESTERN,INJECTION,150μg,支,150,μg,ROOM_TEMPERATURE,是,是,否,,否,否,否,,否,,,,,,,,IM,QD,是,是,ACTIVE
MED-2026-W302-04,人粒细胞刺激因子注射液,Human Granulocyte Colony-Stimulating Factor,WESTERN,INJECTION,200μg,支,200,μg,ROOM_TEMPERATURE,是,是,否,,否,否,否,,否,,,,,,,,IM,QD,是,是,ACTIVE
MED-2026-W302-05,人粒细胞刺激因子注射液,Human Granulocyte Colony-Stimulating Factor,WESTERN,INJECTION,300μg,支,300,μg,ROOM_TEMPERATURE,是,是,否,,否,否,否,,否,,,,,,,,IM,QD,是,是,ACTIVE
MED-2026-W303-01,绒促性素注射用无菌粉末,Chorionic Gonadotrophin,WESTERN,INJECTION,500 单位,支,,,ROOM_TEMPERATURE,是,是,否,,否,否,否,,否,,,,,,,,IVGTT,QD,是,是,ACTIVE
MED-2026-W303-02,绒促性素注射用无菌粉末,Chorionic Gonadotrophin,WESTERN,INJECTION,1000单位,支,,,ROOM_TEMPERATURE,是,是,否,,否,否,否,,否,,,,,,,,IVGTT,QD,是,是,ACTIVE
MED-2026-W303-03,绒促性素注射用无菌粉末,Chorionic Gonadotrophin,WESTERN,INJECTION,2000 单位,支,,,ROOM_TEMPERATURE,是,是,否,,否,否,否,,否,,,,,,,,IVGTT,QD,是,是,ACTIVE
MED-2026-W303-04,绒促性素注射用无菌粉末,Chorionic Gonadotrophin,WESTERN,INJECTION,5000 单位,支,,,ROOM_TEMPERATURE,是,是,否,,否,否,否,,否,,,,,,,,IVGTT,QD,是,是,ACTIVE
MED-2026-W304-01,去氨加压素片,Desmopressin,WESTERN,TABLET,0.089mg,片,0.089,mg,ROOM_TEMPERATURE,是,是,否,,否,否,否,,否,,,,,,,,ORAL,QD,是,是,ACTIVE
MED-2026-W304-02,去氨加压素片,Desmopressin,WESTERN,TABLET,0.178mg,片,0.178,mg,ROOM_TEMPERATURE,是,是,否,,否,否,否,,否,,,,,,,,ORAL,QD,是,是,ACTIVE
MED-2026-W304-03,去氨加压素口服溶液剂,Desmopressin,WESTERN,ORAL_LIQUID,15ml ∶5.4mg,瓶,15,ml,ROOM_TEMPERATURE,是,是,否,,否,否,否,,否,,,,,,,,ORAL,QD,是,是,ACTIVE
MED-2026-W304-04,去氨加压素注射液,Desmopressin,WESTERN,INJECTION,1ml ∶3.56μg,支,1,ml,ROOM_TEMPERATURE,是,是,否,,否,否,否,,否,,,,,,,,IM,QD,是,是,ACTIVE
MED-2026-W304-05,去氨加压素注射液,Desmopressin,WESTERN,INJECTION,1ml ∶13.35μg,支,1,ml,ROOM_TEMPERATURE,是,是,否,,否,否,否,,否,,,,,,,,IM,QD,是,是,ACTIVE
MED-2026-W305-01,人生长激素注射用无菌粉末,Human Growth Hormone,WESTERN,INJECTION,0.85mg,支,0.85,mg,REFRIGERATED,是,是,否,,否,否,否,,否,,,,,,,,IVGTT,QD,是,是,ACTIVE
MED-2026-W305-02,人生长激素注射用无菌粉末,Human Growth Hormone,WESTERN,INJECTION,1.0mg,支,1.0,mg,REFRIGERATED,是,是,否,,否,否,否,,否,,,,,,,,IVGTT,QD,是,是,ACTIVE
MED-2026-W305-03,人生长激素注射用无菌粉末,Human Growth Hormone,WESTERN,INJECTION,1.2mg,支,1.2,mg,REFRIGERATED,是,是,否,,否,否,否,,否,,,,,,,,IVGTT,QD,是,是,ACTIVE
MED-2026-W305-04,人生长激素注射用无菌粉末,Human Growth Hormone,WESTERN,INJECTION,1.33mg,支,1.33,mg,REFRIGERATED,是,是,否,,否,否,否,,否,,,,,,,,IVGTT,QD,是,是,ACTIVE
MED-2026-W305-05,人生长激素注射用无菌粉末,Human Growth Hormone,WESTERN,INJECTION,1.6mg,支,1.6,mg,REFRIGERATED,是,是,否,,否,否,否,,否,,,,,,,,IVGTT,QD,是,是,ACTIVE
MED-2026-W305-06,人生长激素注射用无菌粉末,Human Growth Hormone,WESTERN,INJECTION,2.0mg,支,2.0,mg,REFRIGERATED,是,是,否,,否,否,否,,否,,,,,,,,IVGTT,QD,是,是,ACTIVE
MED-2026-W305-07,人生长激素注射用无菌粉末,Human Growth Hormone,WESTERN,INJECTION,3.7mg,支,3.7,mg,REFRIGERATED,是,是,否,,否,否,否,,否,,,,,,,,IVGTT,QD,是,是,ACTIVE
MED-2026-W305-08,人生长激素注射用无菌粉末,Human Growth Hormone,WESTERN,INJECTION,4.0mg,支,4.0,mg,REFRIGERATED,是,是,否,,否,否,否,,否,,,,,,,,IVGTT,QD,是,是,ACTIVE
MED-2026-W306,生长抑素注射用无菌粉末,Somatostatin,WESTERN,INJECTION,3mg,支,3,mg,ROOM_TEMPERATURE,是,是,否,,否,否,否,,否,,,,,,,,IVGTT,QD,是,是,ACTIVE
MED-2026-W307-01,氢化可的松片,Hydrocortisone,WESTERN,TABLET,10mg,片,10,mg,ROOM_TEMPERATURE,是,是,否,,否,否,否,,否,,,,,,,,ORAL,QD,是,是,ACTIVE
MED-2026-W307-02,氢化可的松片,Hydrocortisone,WESTERN,TABLET,20mg,片,20,mg,ROOM_TEMPERATURE,是,是,否,,否,否,否,,否,,,,,,,,ORAL,QD,是,是,ACTIVE
MED-2026-W307-03,氢化可的松注射液,Hydrocortisone,WESTERN,INJECTION,2ml ∶10mg,支,2,ml,ROOM_TEMPERATURE,是,是,否,,否,否,否,,否,,,,,,,,IM,QD,是,是,ACTIVE
MED-2026-W307-04,氢化可的松注射液,Hydrocortisone,WESTERN,INJECTION,5ml ∶25mg,支,5,ml,ROOM_TEMPERATURE,是,是,否,,否,否,否,,否,,,,,,,,IM,QD,是,是,ACTIVE
MED-2026-W307-05,氢化可的松注射液,Hydrocortisone,WESTERN,INJECTION,20ml ∶100mg,支,20,ml,ROOM_TEMPERATURE,是,是,否,,否,否,否,,否,,,,,,,,IM,QD,是,是,ACTIVE
MED-2026-W307-06,氢化可的松注射用无菌粉末,Hydrocortisone,WESTERN,INJECTION,50mg,支,50,mg,ROOM_TEMPERATURE,是,是,否,,否,否,否,,否,,,,,,,,IVGTT,QD,是,是,ACTIVE
MED-2026-W307-07,氢化可的松注射用无菌粉末,Hydrocortisone,WESTERN,INJECTION,100mg,支,100,mg,ROOM_TEMPERATURE,是,是,否,,否,否,否,,否,,,,,,,,IVGTT,QD,是,是,ACTIVE
MED-2026-W308,泼尼松片,Prednisone,WESTERN,TABLET,5mg,片,5,mg,ROOM_TEMPERATURE,是,是,否,,否,否,否,,否,,,,,,,,ORAL,QD,是,是,ACTIVE
MED-2026-W309-01,甲泼尼龙片,Methylprednisolone,WESTERN,TABLET,4mg,片,4,mg,ROOM_TEMPERATURE,是,是,否,,否,否,否,,否,,,,,,,,ORAL,QD,是,是,ACTIVE
MED-2026-W309-02,甲泼尼龙注射用无菌粉末,Methylprednisolone,WESTERN,INJECTION,40mg,支,40,mg,ROOM_TEMPERATURE,是,是,否,,否,否,否,,否,,,,,,,,IVGTT,QD,是,是,ACTIVE
MED-2026-W309-03,甲泼尼龙注射用无菌粉末,Methylprednisolone,WESTERN,INJECTION,125mg,支,125,mg,ROOM_TEMPERATURE,是,是,否,,否,否,否,,否,,,,,,,,IVGTT,QD,是,是,ACTIVE
MED-2026-W309-04,甲泼尼龙注射用无菌粉末,Methylprednisolone,WESTERN,INJECTION,500mg,支,500,mg,ROOM_TEMPERATURE,是,是,否,,否,否,否,,否,,,,,,,,IVGTT,QD,是,是,ACTIVE
MED-2026-W310-01,地塞米松片,Dexamethasone,WESTERN,TABLET,0.75mg,片,0.75,mg,ROOM_TEMPERATURE,是,是,否,,否,否,否,,否,,,,,,,,ORAL,QD,是,是,ACTIVE
MED-2026-W310-02,地塞米松注射液,Dexamethasone,WESTERN,INJECTION,1ml ∶2mg,支,1,ml,ROOM_TEMPERATURE,是,是,否,,否,否,否,,否,,,,,,,,IM,QD,是,是,ACTIVE
MED-2026-W310-03,地塞米松注射液,Dexamethasone,WESTERN,INJECTION,1ml ∶5mg,支,1,ml,ROOM_TEMPERATURE,是,是,否,,否,否,否,,否,,,,,,,,IM,QD,是,是,ACTIVE
MED-2026-W311-01,胰岛素人胰岛素注射液（短效、中效和预混 30R ）,Insulin,WESTERN,INJECTION,300 单位,支,,,REFRIGERATED,是,是,否,,否,否,否,,否,,,,,,,,IM,QD,是,是,ACTIVE
MED-2026-W311-02,胰岛素人胰岛素注射液（短效、中效和预混 30R ）,Insulin,WESTERN,INJECTION,400 单位,支,,,REFRIGERATED,是,是,否,,否,否,否,,否,,,,,,,,IM,QD,是,是,ACTIVE
MED-2026-W312,甘精胰岛素注射液,Insulin Glargine,WESTERN,INJECTION,3ml ∶300 单位,支,3,ml,REFRIGERATED,是,是,否,,否,否,否,,否,,,,,,,,IM,QD,是,是,ACTIVE
MED-2026-W313,门冬胰岛素注射液,Insulin Aspart,WESTERN,INJECTION,3ml ∶300 单位,支,3,ml,REFRIGERATED,是,是,否,,否,否,否,,否,,,,,,,,IM,QD,是,是,ACTIVE
MED-2026-W314,德谷胰岛素注射液,Insulin Degludec,WESTERN,INJECTION,3ml ∶300 单位,支,3,ml,REFRIGERATED,是,是,否,,否,否,否,,否,,,,,,,,IM,QD,是,是,ACTIVE
MED-2026-W315-01,二甲双胍片,Metformin,WESTERN,TABLET,0.25g,片,0.25,g,ROOM_TEMPERATURE,是,是,否,,否,否,否,,否,,,,,,,,ORAL,QD,是,是,ACTIVE
MED-2026-W315-02,二甲双胍片,Metformin,WESTERN,TABLET,0.5g,片,0.5,g,ROOM_TEMPERATURE,是,是,否,,否,否,否,,否,,,,,,,,ORAL,QD,是,是,ACTIVE
MED-2026-W315-03,二甲双胍肠溶（片剂、胶囊）,Metformin,WESTERN,CAPSULE,0.25g,粒,0.25,g,ROOM_TEMPERATURE,是,是,否,,否,否,否,,否,,,,,,,,ORAL,QD,是,是,ACTIVE
MED-2026-W315-04,二甲双胍肠溶（片剂、胶囊）,Metformin,WESTERN,CAPSULE,0.5g,粒,0.5,g,ROOM_TEMPERATURE,是,是,否,,否,否,否,,否,,,,,,,,ORAL,QD,是,是,ACTIVE
MED-2026-W315-05,二甲双胍缓释片,Metformin,WESTERN,TABLET,0.25g,片,0.25,g,ROOM_TEMPERATURE,是,是,否,,否,否,否,,否,,,,,,,,ORAL,QD,是,是,ACTIVE
MED-2026-W315-06,二甲双胍缓释片,Metformin,WESTERN,TABLET,0.5g,片,0.5,g,ROOM_TEMPERATURE,是,是,否,,否,否,否,,否,,,,,,,,ORAL,QD,是,是,ACTIVE
MED-2026-W315-07,二甲双胍胶囊,Metformin,WESTERN,CAPSULE,0.25g,粒,0.25,g,ROOM_TEMPERATURE,是,是,否,,否,否,否,,否,,,,,,,,ORAL,QD,是,是,ACTIVE
MED-2026-W315-08,二甲双胍缓释胶囊,Metformin,WESTERN,CAPSULE,0.25g,粒,0.25,g,ROOM_TEMPERATURE,是,是,否,,否,否,否,,否,,,,,,,,ORAL,QD,是,是,ACTIVE
MED-2026-W316,格列本脲片,Glibenclamide,WESTERN,TABLET,2.5mg,片,2.5,mg,ROOM_TEMPERATURE,是,是,否,,否,否,否,,否,,,,,,,,ORAL,QD,是,是,ACTIVE
MED-2026-W317-01,格列吡嗪片,Glipizide,WESTERN,TABLET,5mg,片,5,mg,ROOM_TEMPERATURE,是,是,否,,否,否,否,,否,,,,,,,,ORAL,QD,是,是,ACTIVE
MED-2026-W317-02,格列吡嗪缓释片,Glipizide,WESTERN,TABLET,5mg,片,5,mg,ROOM_TEMPERATURE,是,是,否,,否,否,否,,否,,,,,,,,ORAL,QD,是,是,ACTIVE
MED-2026-W317-03,格列吡嗪胶囊,Glipizide,WESTERN,CAPSULE,5mg,粒,5,mg,ROOM_TEMPERATURE,是,是,否,,否,否,否,,否,,,,,,,,ORAL,QD,是,是,ACTIVE
MED-2026-W318-01,格列美脲片,Glimepiride,WESTERN,TABLET,1mg,片,1,mg,ROOM_TEMPERATURE,是,是,否,,否,否,否,,否,,,,,,,,ORAL,QD,是,是,ACTIVE
MED-2026-W318-02,格列美脲片,Glimepiride,WESTERN,TABLET,2mg,片,2,mg,ROOM_TEMPERATURE,是,是,否,,否,否,否,,否,,,,,,,,ORAL,QD,是,是,ACTIVE
MED-2026-W319,格列喹酮片,Gliquidone,WESTERN,TABLET,30mg,片,30,mg,ROOM_TEMPERATURE,是,是,否,,否,否,否,,否,,,,,,,,ORAL,QD,是,是,ACTIVE
MED-2026-W320-01,格列齐特片,Gliclazide,WESTERN,TABLET,80mg,片,80,mg,ROOM_TEMPERATURE,是,是,否,,否,否,否,,否,,,,,,,,ORAL,QD,是,是,ACTIVE
MED-2026-W320-02,格列齐特缓释片,Gliclazide,WESTERN,TABLET,30mg,片,30,mg,ROOM_TEMPERATURE,是,是,否,,否,否,否,,否,,,,,,,,ORAL,QD,是,是,ACTIVE
MED-2026-W320-03,格列齐特缓释片,Gliclazide,WESTERN,TABLET,60mg,片,60,mg,ROOM_TEMPERATURE,是,是,否,,否,否,否,,否,,,,,,,,ORAL,QD,是,是,ACTIVE
MED-2026-W321-01,阿卡波糖片,Acarbose,WESTERN,TABLET,50mg,片,50,mg,ROOM_TEMPERATURE,是,是,否,,否,否,否,,否,,,,,,,,ORAL,QD,是,是,ACTIVE
MED-2026-W321-02,阿卡波糖胶囊,Acarbose,WESTERN,CAPSULE,50mg,粒,50,mg,ROOM_TEMPERATURE,是,是,否,,否,否,否,,否,,,,,,,,ORAL,QD,是,是,ACTIVE
MED-2026-W322-01,达格列净片,Dapagliflozin,WESTERN,TABLET,5mg,片,5,mg,ROOM_TEMPERATURE,是,是,否,,否,否,否,,否,,,,,,,,ORAL,QD,是,是,ACTIVE
MED-2026-W322-02,达格列净片,Dapagliflozin,WESTERN,TABLET,10mg,片,10,mg,ROOM_TEMPERATURE,是,是,否,,否,否,否,,否,,,,,,,,ORAL,QD,是,是,ACTIVE
MED-2026-W323-01,恩格列净片,Empagliflozin,WESTERN,TABLET,10mg,片,10,mg,ROOM_TEMPERATURE,是,是,否,,否,否,否,,否,,,,,,,,ORAL,QD,是,是,ACTIVE
MED-2026-W323-02,恩格列净片,Empagliflozin,WESTERN,TABLET,25mg,片,25,mg,ROOM_TEMPERATURE,是,是,否,,否,否,否,,否,,,,,,,,ORAL,QD,是,是,ACTIVE
MED-2026-W324,利拉鲁肽注射液,Liraglutide,WESTERN,INJECTION,3ml ∶18mg,支,3,ml,ROOM_TEMPERATURE,是,是,否,,否,否,否,,否,,,,,,,,IM,QD,是,是,ACTIVE
MED-2026-W325-01,司美格鲁肽注射液,Semaglutide,WESTERN,INJECTION,1.34mg/ml,支,1.34,mg,ROOM_TEMPERATURE,是,是,否,,否,否,否,,否,,,,,,,,IM,QD,是,是,ACTIVE
MED-2026-W325-02,司美格鲁肽注射液,Semaglutide,WESTERN,INJECTION,1.5ml（预填充注射笔）,支,1.5,ml,ROOM_TEMPERATURE,是,是,否,,否,否,否,,否,,,,,,,,IM,QD,是,是,ACTIVE
MED-2026-W325-03,司美格鲁肽1.34mg/ml,Semaglutide,WESTERN,TABLET,常规说明书规格,片,,,ROOM_TEMPERATURE,是,是,否,,否,否,否,,否,,,,,,,,ORAL,QD,是,是,ACTIVE
MED-2026-W325-04,司美格鲁肽3ml（预填充注射笔）,Semaglutide,WESTERN,TABLET,常规说明书规格,片,,,ROOM_TEMPERATURE,是,是,否,,否,否,否,,否,,,,,,,,ORAL,QD,是,是,ACTIVE
MED-2026-W326-01,瑞格列奈片,Repaglinide,WESTERN,TABLET,0.5mg,片,0.5,mg,ROOM_TEMPERATURE,是,是,否,,否,否,否,,否,,,,,,,,ORAL,QD,是,是,ACTIVE
MED-2026-W326-02,瑞格列奈片,Repaglinide,WESTERN,TABLET,1mg,片,1,mg,ROOM_TEMPERATURE,是,是,否,,否,否,否,,否,,,,,,,,ORAL,QD,是,是,ACTIVE
MED-2026-W326-03,瑞格列奈片,Repaglinide,WESTERN,TABLET,2mg,片,2,mg,ROOM_TEMPERATURE,是,是,否,,否,否,否,,否,,,,,,,,ORAL,QD,是,是,ACTIVE
MED-2026-W327-01,吡格列酮片,Pioglitazone,WESTERN,TABLET,15mg,片,15,mg,ROOM_TEMPERATURE,是,是,否,,否,否,否,,否,,,,,,,,ORAL,QD,是,是,ACTIVE
MED-2026-W327-02,吡格列酮片,Pioglitazone,WESTERN,TABLET,30mg,片,30,mg,ROOM_TEMPERATURE,是,是,否,,否,否,否,,否,,,,,,,,ORAL,QD,是,是,ACTIVE
MED-2026-W327-03,吡格列酮胶囊,Pioglitazone,WESTERN,CAPSULE,15mg,粒,15,mg,ROOM_TEMPERATURE,是,是,否,,否,否,否,,否,,,,,,,,ORAL,QD,是,是,ACTIVE
MED-2026-W327-04,吡格列酮胶囊,Pioglitazone,WESTERN,CAPSULE,30mg,粒,30,mg,ROOM_TEMPERATURE,是,是,否,,否,否,否,,否,,,,,,,,ORAL,QD,是,是,ACTIVE
MED-2026-W328-01,西格列汀片,Sitagliptin,WESTERN,TABLET,25mg,片,25,mg,ROOM_TEMPERATURE,是,是,否,,否,否,否,,否,,,,,,,,ORAL,QD,是,是,ACTIVE
MED-2026-W328-02,西格列汀片,Sitagliptin,WESTERN,TABLET,50mg,片,50,mg,ROOM_TEMPERATURE,是,是,否,,否,否,否,,否,,,,,,,,ORAL,QD,是,是,ACTIVE
MED-2026-W328-03,西格列汀片,Sitagliptin,WESTERN,TABLET,100mg,片,100,mg,ROOM_TEMPERATURE,是,是,否,,否,否,否,,否,,,,,,,,ORAL,QD,是,是,ACTIVE
MED-2026-W329,利格列汀片,Linagliptin,WESTERN,TABLET,5mg,片,5,mg,ROOM_TEMPERATURE,是,是,否,,否,否,否,,否,,,,,,,,ORAL,QD,是,是,ACTIVE
MED-2026-W330,甲状腺片,Thyroid Tablets,WESTERN,TABLET,40mg,片,40,mg,ROOM_TEMPERATURE,是,是,否,,否,否,否,,否,,,,,,,,ORAL,QD,是,是,ACTIVE
MED-2026-W331-01,左甲状腺素钠片,Levothyroxine Sodium,WESTERN,TABLET,25μg,片,25,μg,ROOM_TEMPERATURE,是,是,否,,否,否,否,,否,,,,,,,,ORAL,QD,是,是,ACTIVE
MED-2026-W331-02,左甲状腺素钠片,Levothyroxine Sodium,WESTERN,TABLET,50μg,片,50,μg,ROOM_TEMPERATURE,是,是,否,,否,否,否,,否,,,,,,,,ORAL,QD,是,是,ACTIVE
MED-2026-W331-03,左甲状腺素钠片,Levothyroxine Sodium,WESTERN,TABLET,100μg,片,100,μg,ROOM_TEMPERATURE,是,是,否,,否,否,否,,否,,,,,,,,ORAL,QD,是,是,ACTIVE
MED-2026-W332-01,甲巯咪唑片,Thiamazole,WESTERN,TABLET,5mg,片,5,mg,ROOM_TEMPERATURE,是,是,否,,否,否,否,,否,,,,,,,,ORAL,QD,是,是,ACTIVE
MED-2026-W332-02,甲巯咪唑片,Thiamazole,WESTERN,TABLET,10mg,片,10,mg,ROOM_TEMPERATURE,是,是,否,,否,否,否,,否,,,,,,,,ORAL,QD,是,是,ACTIVE
MED-2026-W333-01,丙硫氧嘧啶片,Propylthiouracil,WESTERN,TABLET,50mg,片,50,mg,ROOM_TEMPERATURE,是,是,否,,否,否,否,,否,,,,,,,,ORAL,QD,是,是,ACTIVE
MED-2026-W333-02,丙硫氧嘧啶片,Propylthiouracil,WESTERN,TABLET,100mg,片,100,mg,ROOM_TEMPERATURE,是,是,否,,否,否,否,,否,,,,,,,,ORAL,QD,是,是,ACTIVE
MED-2026-W334-01,西那卡塞片,Cinacalcet,WESTERN,TABLET,25mg,片,25,mg,ROOM_TEMPERATURE,是,是,否,,否,否,否,,否,,,,,,,,ORAL,QD,是,是,ACTIVE
MED-2026-W334-02,西那卡塞片,Cinacalcet,WESTERN,TABLET,75mg,片,75,mg,ROOM_TEMPERATURE,是,是,否,,否,否,否,,否,,,,,,,,ORAL,QD,是,是,ACTIVE
MED-2026-W335,丙酸睾酮注射液,Testosterone Propionate,WESTERN,INJECTION,1ml ∶25mg,支,1,ml,ROOM_TEMPERATURE,是,是,否,,否,否,否,,否,,,,,,,,IM,QD,是,是,ACTIVE
MED-2026-W336-01,十一酸睾酮软胶囊,Testosterone Undecanoate,WESTERN,CAPSULE,40mg,粒,40,mg,ROOM_TEMPERATURE,是,是,否,,否,否,否,,否,,,,,,,,ORAL,QD,是,是,ACTIVE
MED-2026-W336-02,十一酸睾酮注射液,Testosterone Undecanoate,WESTERN,INJECTION,2ml ∶0.25g,支,2,ml,ROOM_TEMPERATURE,是,是,否,,否,否,否,,否,,,,,,,,IM,QD,是,是,ACTIVE
MED-2026-W337-01,尼尔雌醇片,Nilestriol,WESTERN,TABLET,1mg,片,1,mg,ROOM_TEMPERATURE,是,是,否,,否,否,否,,否,,,,,,,,ORAL,QD,是,是,ACTIVE
MED-2026-W337-02,尼尔雌醇片,Nilestriol,WESTERN,TABLET,2mg,片,2,mg,ROOM_TEMPERATURE,是,是,否,,否,否,否,,否,,,,,,,,ORAL,QD,是,是,ACTIVE
MED-2026-W337-03,尼尔雌醇片,Nilestriol,WESTERN,TABLET,5mg,片,5,mg,ROOM_TEMPERATURE,是,是,否,,否,否,否,,否,,,,,,,,ORAL,QD,是,是,ACTIVE
MED-2026-W338,雌二醇凝胶剂,Estradiol,WESTERN,CREAM,0.06%,支,,,ROOM_TEMPERATURE,是,是,否,,否,否,否,,否,,,,,,,,TOPICAL,QD,是,是,ACTIVE
MED-2026-W339-01,黄体酮胶囊,Progesterone,WESTERN,CAPSULE,50mg,粒,50,mg,ROOM_TEMPERATURE,是,是,否,,否,否,否,,否,,,,,,,,ORAL,QD,是,是,ACTIVE
MED-2026-W339-02,黄体酮软胶囊,Progesterone,WESTERN,CAPSULE,100mg,粒,100,mg,ROOM_TEMPERATURE,是,是,否,,否,否,否,,否,,,,,,,,ORAL,QD,是,是,ACTIVE
MED-2026-W339-03,黄体酮软胶囊,Progesterone,WESTERN,CAPSULE,200mg,粒,200,mg,ROOM_TEMPERATURE,是,是,否,,否,否,否,,否,,,,,,,,ORAL,QD,是,是,ACTIVE
MED-2026-W339-04,黄体酮注射液,Progesterone,WESTERN,INJECTION,1ml ∶10mg,支,1,ml,ROOM_TEMPERATURE,是,是,否,,否,否,否,,否,,,,,,,,IM,QD,是,是,ACTIVE
MED-2026-W339-05,黄体酮注射液,Progesterone,WESTERN,INJECTION,1ml ∶20mg,支,1,ml,ROOM_TEMPERATURE,是,是,否,,否,否,否,,否,,,,,,,,IM,QD,是,是,ACTIVE
MED-2026-W340-01,甲羟孕酮片,Medroxyprogesterone,WESTERN,TABLET,2mg,片,2,mg,ROOM_TEMPERATURE,是,是,否,,否,否,否,,否,,,,,,,,ORAL,QD,是,是,ACTIVE
MED-2026-W340-02,甲羟孕酮片,Medroxyprogesterone,WESTERN,TABLET,4mg,片,4,mg,ROOM_TEMPERATURE,是,是,否,,否,否,否,,否,,,,,,,,ORAL,QD,是,是,ACTIVE
MED-2026-W340-03,甲羟孕酮片,Medroxyprogesterone,WESTERN,TABLET,100mg,片,100,mg,ROOM_TEMPERATURE,是,是,否,,否,否,否,,否,,,,,,,,ORAL,QD,是,是,ACTIVE
MED-2026-W340-04,甲羟孕酮片,Medroxyprogesterone,WESTERN,TABLET,250mg,片,250,mg,ROOM_TEMPERATURE,是,是,否,,否,否,否,,否,,,,,,,,ORAL,QD,是,是,ACTIVE
MED-2026-W340-05,甲羟孕酮胶囊,Medroxyprogesterone,WESTERN,CAPSULE,100mg,粒,100,mg,ROOM_TEMPERATURE,是,是,否,,否,否,否,,否,,,,,,,,ORAL,QD,是,是,ACTIVE
MED-2026-W341,地屈孕酮片,Dydrogesterone,WESTERN,TABLET,10mg,片,10,mg,ROOM_TEMPERATURE,是,是,否,,否,否,否,,否,,,,,,,,ORAL,QD,是,是,ACTIVE
MED-2026-W342,地诺孕素片,Dienogest,WESTERN,TABLET,2mg,片,2,mg,ROOM_TEMPERATURE,是,是,否,,否,否,否,,否,,,,,,,,ORAL,QD,是,是,ACTIVE
MED-2026-W343-01,阿法骨化醇片,Alfacalcidol,WESTERN,TABLET,0.25μg,片,0.25,μg,ROOM_TEMPERATURE,是,是,否,,否,否,否,,否,,,,,,,,ORAL,QD,是,是,ACTIVE
MED-2026-W343-02,阿法骨化醇片,Alfacalcidol,WESTERN,TABLET,0.5μg,片,0.5,μg,ROOM_TEMPERATURE,是,是,否,,否,否,否,,否,,,,,,,,ORAL,QD,是,是,ACTIVE
MED-2026-W343-03,阿法骨化醇胶囊,Alfacalcidol,WESTERN,CAPSULE,0.25μg,粒,0.25,μg,ROOM_TEMPERATURE,是,是,否,,否,否,否,,否,,,,,,,,ORAL,QD,是,是,ACTIVE
MED-2026-W343-04,阿法骨化醇胶囊,Alfacalcidol,WESTERN,CAPSULE,0.5μg,粒,0.5,μg,ROOM_TEMPERATURE,是,是,否,,否,否,否,,否,,,,,,,,ORAL,QD,是,是,ACTIVE
MED-2026-W343-05,阿法骨化醇软胶囊,Alfacalcidol,WESTERN,CAPSULE,0.25μg,粒,0.25,μg,ROOM_TEMPERATURE,是,是,否,,否,否,否,,否,,,,,,,,ORAL,QD,是,是,ACTIVE
MED-2026-W343-06,阿法骨化醇软胶囊,Alfacalcidol,WESTERN,CAPSULE,0.5μg,粒,0.5,μg,ROOM_TEMPERATURE,是,是,否,,否,否,否,,否,,,,,,,,ORAL,QD,是,是,ACTIVE
MED-2026-W343-07,阿法骨化醇滴剂,Alfacalcidol,WESTERN,DROPS,20ml ∶40μg,瓶,20,ml,ROOM_TEMPERATURE,是,是,否,,否,否,否,,否,,,,,,,,OTIC,QD,是,是,ACTIVE
MED-2026-W344-01,维生素软胶囊,D2 Vitamin D2,WESTERN,CAPSULE,0.125mg（5000 单位）,粒,0.125,mg,ROOM_TEMPERATURE,是,是,否,,否,否,否,,否,,,,,,,,ORAL,QD,是,是,ACTIVE
MED-2026-W344-02,维生素软胶囊,D2 Vitamin D2,WESTERN,CAPSULE,0.25mg（1 万单位）,粒,0.25,mg,ROOM_TEMPERATURE,是,是,否,,否,否,否,,否,,,,,,,,ORAL,QD,是,是,ACTIVE
MED-2026-W344-03,维生素注射液,D2 Vitamin D2,WESTERN,INJECTION,1ml ∶5mg（20 万单位）,支,1,ml,ROOM_TEMPERATURE,是,是,否,,否,否,否,,否,,,,,,,,IM,QD,是,是,ACTIVE
MED-2026-W344-04,维生素注射液,D2 Vitamin D2,WESTERN,INJECTION,1ml ∶10mg（40 万单位）,支,1,ml,ROOM_TEMPERATURE,是,是,否,,否,否,否,,否,,,,,,,,IM,QD,是,是,ACTIVE
MED-2026-W345-01,碳酸钙片,D3 Calcium Carbonate and Vitamin D3,WESTERN,TABLET,每片 含碳酸钙 1.5g（相当于钙 600mg） 与维生素 D3 125 国际单位,片,1.5,g,ROOM_TEMPERATURE,是,是,否,,否,否,否,,否,,,,,,,,ORAL,QD,是,是,ACTIVE
MED-2026-W345-02,碳酸钙颗粒,D3 Calcium Carbonate and Vitamin D3,WESTERN,GRANULE,每袋 含碳酸钙1.25g（相当于钙 500mg）与维生素 D3 200国际单位（5μg）,袋,1.25,g,ROOM_TEMPERATURE,是,是,否,,否,否,否,,否,,,,,,,,ORAL,QD,是,是,ACTIVE
MED-2026-W346-01,阿仑膦酸钠片,Alendronate Sodium,WESTERN,TABLET,10mg,片,10,mg,ROOM_TEMPERATURE,是,是,否,,否,否,否,,否,,,,,,,,ORAL,QD,是,是,ACTIVE
MED-2026-W346-02,阿仑膦酸钠片,Alendronate Sodium,WESTERN,TABLET,70mg,片,70,mg,ROOM_TEMPERATURE,是,是,否,,否,否,否,,否,,,,,,,,ORAL,QD,是,是,ACTIVE
MED-2026-W347-01,氯苯那敏片,Chlorphenamine,WESTERN,TABLET,1mg,片,1,mg,ROOM_TEMPERATURE,是,是,否,,否,否,否,,否,,,,,,,,ORAL,BID,否,是,ACTIVE
MED-2026-W347-02,氯苯那敏片,Chlorphenamine,WESTERN,TABLET,4mg,片,4,mg,ROOM_TEMPERATURE,是,是,否,,否,否,否,,否,,,,,,,,ORAL,BID,否,是,ACTIVE
MED-2026-W348-01,苯海拉明片,Diphenhydramine,WESTERN,TABLET,25mg,片,25,mg,ROOM_TEMPERATURE,是,是,否,,否,否,否,,否,,,,,,,,ORAL,BID,否,是,ACTIVE
MED-2026-W348-02,苯海拉明注射液,Diphenhydramine,WESTERN,INJECTION,1ml ∶20mg,支,1,ml,ROOM_TEMPERATURE,是,是,否,,否,否,否,,否,,,,,,,,IM,BID,否,是,ACTIVE
MED-2026-W349,赛庚啶片,Cyproheptadine,WESTERN,TABLET,2mg,片,2,mg,ROOM_TEMPERATURE,是,是,否,,否,否,否,,否,,,,,,,,ORAL,BID,否,是,ACTIVE
MED-2026-W350-01,异丙嗪片,Promethazine,WESTERN,TABLET,12.5mg,片,12.5,mg,ROOM_TEMPERATURE,是,是,否,,否,否,否,,否,,,,,,,,ORAL,BID,否,是,ACTIVE
MED-2026-W350-02,异丙嗪片,Promethazine,WESTERN,TABLET,25mg,片,25,mg,ROOM_TEMPERATURE,是,是,否,,否,否,否,,否,,,,,,,,ORAL,BID,否,是,ACTIVE
MED-2026-W350-03,异丙嗪注射液,Promethazine,WESTERN,INJECTION,1ml ∶25mg,支,1,ml,ROOM_TEMPERATURE,是,是,否,,否,否,否,,否,,,,,,,,IM,BID,否,是,ACTIVE
MED-2026-W350-04,异丙嗪注射液,Promethazine,WESTERN,INJECTION,2ml ∶50mg,支,2,ml,ROOM_TEMPERATURE,是,是,否,,否,否,否,,否,,,,,,,,IM,BID,否,是,ACTIVE
MED-2026-W351-01,氯雷他定片,Loratadine,WESTERN,TABLET,10mg,片,10,mg,ROOM_TEMPERATURE,是,是,否,,否,否,否,,否,,,,,,,,ORAL,BID,否,是,ACTIVE
MED-2026-W351-02,氯雷他定胶囊,Loratadine,WESTERN,CAPSULE,5mg,粒,5,mg,ROOM_TEMPERATURE,是,是,否,,否,否,否,,否,,,,,,,,ORAL,BID,否,是,ACTIVE
MED-2026-W351-03,氯雷他定胶囊,Loratadine,WESTERN,CAPSULE,10mg,粒,10,mg,ROOM_TEMPERATURE,是,是,否,,否,否,否,,否,,,,,,,,ORAL,BID,否,是,ACTIVE
MED-2026-W351-04,氯雷他定糖浆剂,Loratadine,WESTERN,ORAL_LIQUID,1mg/ml,瓶,1,mg,ROOM_TEMPERATURE,是,是,否,,否,否,否,,否,,,,,,,,ORAL,BID,否,是,ACTIVE
MED-2026-W352-01,西替利嗪片,Cetirizine,WESTERN,TABLET,10mg,片,10,mg,ROOM_TEMPERATURE,是,是,否,,否,否,否,,否,,,,,,,,ORAL,BID,否,是,ACTIVE
MED-2026-W352-02,西替利嗪口服溶液剂,Cetirizine,WESTERN,ORAL_LIQUID,1mg/ml,瓶,1,mg,ROOM_TEMPERATURE,是,是,否,,否,否,否,,否,,,,,,,,ORAL,BID,否,是,ACTIVE
MED-2026-W352-03,西替利嗪滴剂,Cetirizine,WESTERN,DROPS,10mg/ml,瓶,10,mg,ROOM_TEMPERATURE,是,是,否,,否,否,否,,否,,,,,,,,OTIC,BID,否,是,ACTIVE
MED-2026-W353-01,硫唑嘌呤片,Azathioprine,WESTERN,TABLET,50mg,片,50,mg,ROOM_TEMPERATURE,是,是,否,,否,否,否,,否,,,,,,,,ORAL,BID,否,是,ACTIVE
MED-2026-W353-02,硫唑嘌呤片,Azathioprine,WESTERN,TABLET,100mg,片,100,mg,ROOM_TEMPERATURE,是,是,否,,否,否,否,,否,,,,,,,,ORAL,BID,否,是,ACTIVE
MED-2026-W354-01,环孢素胶囊,Ciclosporin,WESTERN,CAPSULE,常规说明书规格,粒,,,ROOM_TEMPERATURE,是,是,否,,否,否,否,,否,,,,,,,,ORAL,BID,否,是,ACTIVE
MED-2026-W354-02,环孢素软胶囊,Ciclosporin,WESTERN,CAPSULE,常规说明书规格,粒,,,ROOM_TEMPERATURE,是,是,否,,否,否,否,,否,,,,,,,,ORAL,BID,否,是,ACTIVE
MED-2026-W354-03,环孢素口服溶液剂,Ciclosporin,WESTERN,ORAL_LIQUID,常规说明书规格,瓶,,,ROOM_TEMPERATURE,是,是,否,,否,否,否,,否,,,,,,,,ORAL,BID,否,是,ACTIVE
MED-2026-W355-01,他克莫司胶囊,Tacrolimus,WESTERN,CAPSULE,0.5mg,粒,0.5,mg,ROOM_TEMPERATURE,是,是,否,,否,否,否,,否,,,,,,,,ORAL,BID,否,是,ACTIVE
MED-2026-W355-02,他克莫司胶囊,Tacrolimus,WESTERN,CAPSULE,1mg,粒,1,mg,ROOM_TEMPERATURE,是,是,否,,否,否,否,,否,,,,,,,,ORAL,BID,否,是,ACTIVE
MED-2026-W355-03,他克莫司缓释胶囊,Tacrolimus,WESTERN,CAPSULE,0.5mg,粒,0.5,mg,ROOM_TEMPERATURE,是,是,否,,否,否,否,,否,,,,,,,,ORAL,BID,否,是,ACTIVE
MED-2026-W355-04,他克莫司缓释胶囊,Tacrolimus,WESTERN,CAPSULE,1mg,粒,1,mg,ROOM_TEMPERATURE,是,是,否,,否,否,否,,否,,,,,,,,ORAL,BID,否,是,ACTIVE
MED-2026-W355-05,他克莫司颗粒,Tacrolimus,WESTERN,GRANULE,1mg,袋,1,mg,ROOM_TEMPERATURE,是,是,否,,否,否,否,,否,,,,,,,,ORAL,BID,否,是,ACTIVE
MED-2026-W356-01,吗替麦考酚酯片,Mycophenolate Mofetil,WESTERN,TABLET,0.25g,片,0.25,g,ROOM_TEMPERATURE,是,是,否,,否,否,否,,否,,,,,,,,ORAL,BID,否,是,ACTIVE
MED-2026-W356-02,吗替麦考酚酯片,Mycophenolate Mofetil,WESTERN,TABLET,0.5g,片,0.5,g,ROOM_TEMPERATURE,是,是,否,,否,否,否,,否,,,,,,,,ORAL,BID,否,是,ACTIVE
MED-2026-W356-03,吗替麦考酚酯分散片,Mycophenolate Mofetil,WESTERN,TABLET,0.25g,片,0.25,g,ROOM_TEMPERATURE,是,是,否,,否,否,否,,否,,,,,,,,ORAL,BID,否,是,ACTIVE
MED-2026-W356-04,吗替麦考酚酯分散片,Mycophenolate Mofetil,WESTERN,TABLET,0.5g,片,0.5,g,ROOM_TEMPERATURE,是,是,否,,否,否,否,,否,,,,,,,,ORAL,BID,否,是,ACTIVE
MED-2026-W356-05,吗替麦考酚酯胶囊,Mycophenolate Mofetil,WESTERN,CAPSULE,0.25g,粒,0.25,g,ROOM_TEMPERATURE,是,是,否,,否,否,否,,否,,,,,,,,ORAL,BID,否,是,ACTIVE
MED-2026-W357,泰它西普注射用无菌粉末,Telitacicept,WESTERN,INJECTION,80mg,支,80,mg,ROOM_TEMPERATURE,是,是,否,,否,否,否,,否,,,,,,,,IVGTT,BID,否,是,ACTIVE
MED-2026-W358,阿达木单抗注射液,Adalimumab,WESTERN,INJECTION,0.8ml ∶40mg,支,0.8,ml,ROOM_TEMPERATURE,是,是,否,,否,否,否,,否,,,,,,,,IM,BID,否,是,ACTIVE
MED-2026-W359-01,托法替布片,Tofacitinib,WESTERN,TABLET,5mg,片,5,mg,ROOM_TEMPERATURE,是,是,否,,否,否,否,,否,,,,,,,,ORAL,BID,否,是,ACTIVE
MED-2026-W359-02,托法替布缓释片,Tofacitinib,WESTERN,TABLET,11mg,片,11,mg,ROOM_TEMPERATURE,是,是,否,,否,否,否,,否,,,,,,,,ORAL,BID,否,是,ACTIVE
MED-2026-W360-01,司莫司汀胶囊,Semustine,WESTERN,CAPSULE,10mg,粒,10,mg,ROOM_TEMPERATURE,是,是,否,,否,否,否,,否,,,,,,,,ORAL,BID,否,是,ACTIVE
MED-2026-W360-02,司莫司汀胶囊,Semustine,WESTERN,CAPSULE,50mg,粒,50,mg,ROOM_TEMPERATURE,是,是,否,,否,否,否,,否,,,,,,,,ORAL,BID,否,是,ACTIVE
MED-2026-W361-01,环磷酰胺片,Cyclophosphamide,WESTERN,TABLET,50mg,片,50,mg,ROOM_TEMPERATURE,是,是,否,,否,否,否,,否,,,,,,,,ORAL,BID,否,是,ACTIVE
MED-2026-W361-02,环磷酰胺注射用无菌粉末,Cyclophosphamide,WESTERN,INJECTION,100mg,支,100,mg,ROOM_TEMPERATURE,是,是,否,,否,否,否,,否,,,,,,,,IVGTT,BID,否,是,ACTIVE
MED-2026-W361-03,环磷酰胺注射用无菌粉末,Cyclophosphamide,WESTERN,INJECTION,200mg,支,200,mg,ROOM_TEMPERATURE,是,是,否,,否,否,否,,否,,,,,,,,IVGTT,BID,否,是,ACTIVE
MED-2026-W361-04,环磷酰胺注射用无菌粉末,Cyclophosphamide,WESTERN,INJECTION,500mg,支,500,mg,ROOM_TEMPERATURE,是,是,否,,否,否,否,,否,,,,,,,,IVGTT,BID,否,是,ACTIVE
MED-2026-W362-01,异环磷酰胺注射用无菌粉末,Ifosfamide,WESTERN,INJECTION,0.5g,支,0.5,g,ROOM_TEMPERATURE,是,是,否,,否,否,否,,否,,,,,,,,IVGTT,BID,否,是,ACTIVE
MED-2026-W362-02,异环磷酰胺注射用无菌粉末,Ifosfamide,WESTERN,INJECTION,1.0g,支,1.0,g,ROOM_TEMPERATURE,是,是,否,,否,否,否,,否,,,,,,,,IVGTT,BID,否,是,ACTIVE
MED-2026-W363-01,白消安片,Busulfan,WESTERN,TABLET,0.5mg,片,0.5,mg,ROOM_TEMPERATURE,是,是,否,,否,否,否,,否,,,,,,,,ORAL,BID,否,是,ACTIVE
MED-2026-W363-02,白消安片,Busulfan,WESTERN,TABLET,2mg,片,2,mg,ROOM_TEMPERATURE,是,是,否,,否,否,否,,否,,,,,,,,ORAL,BID,否,是,ACTIVE
MED-2026-W363-03,白消安注射液,Busulfan,WESTERN,INJECTION,10ml ∶60mg,支,10,ml,ROOM_TEMPERATURE,是,是,否,,否,否,否,,否,,,,,,,,IM,BID,否,是,ACTIVE
MED-2026-W364-01,替莫唑胺胶囊,Temozolomide,WESTERN,CAPSULE,20mg,粒,20,mg,ROOM_TEMPERATURE,是,是,否,,否,否,否,,否,,,,,,,,ORAL,BID,否,是,ACTIVE
MED-2026-W364-02,替莫唑胺胶囊,Temozolomide,WESTERN,CAPSULE,100mg,粒,100,mg,ROOM_TEMPERATURE,是,是,否,,否,否,否,,否,,,,,,,,ORAL,BID,否,是,ACTIVE
MED-2026-W364-03,替莫唑胺注射用无菌粉末,Temozolomide,WESTERN,INJECTION,100mg,支,100,mg,ROOM_TEMPERATURE,是,是,否,,否,否,否,,否,,,,,,,,IVGTT,BID,否,是,ACTIVE
MED-2026-W365-01,甲氨蝶呤片,Methotrexate,WESTERN,TABLET,2.5mg,片,2.5,mg,ROOM_TEMPERATURE,是,是,否,,否,否,否,,否,,,,,,,,ORAL,BID,否,是,ACTIVE
MED-2026-W365-02,甲氨蝶呤注射液,Methotrexate,WESTERN,INJECTION,2ml ∶50mg,支,2,ml,ROOM_TEMPERATURE,是,是,否,,否,否,否,,否,,,,,,,,IM,BID,否,是,ACTIVE
MED-2026-W365-03,甲氨蝶呤注射液,Methotrexate,WESTERN,INJECTION,10ml ∶1g,支,10,ml,ROOM_TEMPERATURE,是,是,否,,否,否,否,,否,,,,,,,,IM,BID,否,是,ACTIVE
MED-2026-W365-04,甲氨蝶呤注射用无菌粉末,Methotrexate,WESTERN,INJECTION,5mg,支,5,mg,ROOM_TEMPERATURE,是,是,否,,否,否,否,,否,,,,,,,,IVGTT,BID,否,是,ACTIVE
MED-2026-W365-05,甲氨蝶呤注射用无菌粉末,Methotrexate,WESTERN,INJECTION,100mg,支,100,mg,ROOM_TEMPERATURE,是,是,否,,否,否,否,,否,,,,,,,,IVGTT,BID,否,是,ACTIVE
MED-2026-W366-01,培美曲塞注射用无菌粉末,Pemetrexed,WESTERN,INJECTION,0.1g,支,0.1,g,ROOM_TEMPERATURE,是,是,否,,否,否,否,,否,,,,,,,,IVGTT,BID,否,是,ACTIVE
MED-2026-W366-02,培美曲塞注射用无菌粉末,Pemetrexed,WESTERN,INJECTION,0.2g,支,0.2,g,ROOM_TEMPERATURE,是,是,否,,否,否,否,,否,,,,,,,,IVGTT,BID,否,是,ACTIVE
MED-2026-W366-03,培美曲塞注射用无菌粉末,Pemetrexed,WESTERN,INJECTION,0.5g,支,0.5,g,ROOM_TEMPERATURE,是,是,否,,否,否,否,,否,,,,,,,,IVGTT,BID,否,是,ACTIVE
MED-2026-W367-01,巯嘌呤片,Mercaptopurine,WESTERN,TABLET,25mg,片,25,mg,ROOM_TEMPERATURE,是,是,否,,否,否,否,,否,,,,,,,,ORAL,BID,否,是,ACTIVE
MED-2026-W367-02,巯嘌呤片,Mercaptopurine,WESTERN,TABLET,50mg,片,50,mg,ROOM_TEMPERATURE,是,是,否,,否,否,否,,否,,,,,,,,ORAL,BID,否,是,ACTIVE
MED-2026-W368-01,阿糖胞苷注射用无菌粉末,Cytarabine,WESTERN,INJECTION,50mg,支,50,mg,ROOM_TEMPERATURE,是,是,否,,否,否,否,,否,,,,,,,,IVGTT,BID,否,是,ACTIVE
MED-2026-W368-02,阿糖胞苷注射用无菌粉末,Cytarabine,WESTERN,INJECTION,100mg,支,100,mg,ROOM_TEMPERATURE,是,是,否,,否,否,否,,否,,,,,,,,IVGTT,BID,否,是,ACTIVE
MED-2026-W368-03,阿糖胞苷注射用无菌粉末,Cytarabine,WESTERN,INJECTION,500mg,支,500,mg,ROOM_TEMPERATURE,是,是,否,,否,否,否,,否,,,,,,,,IVGTT,BID,否,是,ACTIVE
MED-2026-W369,羟基脲片,Hydroxycarbamide,WESTERN,TABLET,0.5g,片,0.5,g,ROOM_TEMPERATURE,是,是,否,,否,否,否,,否,,,,,,,,ORAL,BID,否,是,ACTIVE
MED-2026-W370-01,氟尿嘧啶注射液,Fluorouracil,WESTERN,INJECTION,10ml ∶0.25g,支,10,ml,ROOM_TEMPERATURE,是,是,否,,否,否,否,,否,,,,,,,,IM,BID,否,是,ACTIVE
MED-2026-W370-02,氟尿嘧啶注射液,Fluorouracil,WESTERN,INJECTION,10ml ∶0.5g,支,10,ml,ROOM_TEMPERATURE,是,是,否,,否,否,否,,否,,,,,,,,IM,BID,否,是,ACTIVE
MED-2026-W371-01,吉西他滨注射用无菌粉末,Gemcitabine,WESTERN,INJECTION,0.2g,支,0.2,g,ROOM_TEMPERATURE,是,是,否,,否,否,否,,否,,,,,,,,IVGTT,BID,否,是,ACTIVE
MED-2026-W371-02,吉西他滨注射用无菌粉末,Gemcitabine,WESTERN,INJECTION,1.0g,支,1.0,g,ROOM_TEMPERATURE,是,是,否,,否,否,否,,否,,,,,,,,IVGTT,BID,否,是,ACTIVE
MED-2026-W372-01,依托泊苷注射液,Etoposide,WESTERN,INJECTION,2ml ∶40mg,支,2,ml,ROOM_TEMPERATURE,是,是,是,NON_RESTRICTED,是,否,是,7,否,,,,,,,,IM,QD,否,是,ACTIVE
MED-2026-W372-02,依托泊苷注射液,Etoposide,WESTERN,INJECTION,5ml ∶100mg,支,5,ml,ROOM_TEMPERATURE,是,是,是,NON_RESTRICTED,是,否,是,7,否,,,,,,,,IM,QD,否,是,ACTIVE
MED-2026-W373,多柔比星注射用无菌粉末,Doxorubicin,WESTERN,INJECTION,10mg,支,10,mg,ROOM_TEMPERATURE,是,是,是,NON_RESTRICTED,是,否,是,7,否,,,,,,,,IVGTT,QD,否,是,ACTIVE
MED-2026-W374,柔红霉素注射用无菌粉末,Daunorubicin,WESTERN,INJECTION,20mg,支,20,mg,ROOM_TEMPERATURE,是,是,是,NON_RESTRICTED,是,否,是,7,否,,,,,,,,IVGTT,QD,否,是,ACTIVE
MED-2026-W375-01,平阳霉素注射用无菌粉末,BleomycinA5,WESTERN,INJECTION,4mg,支,4,mg,ROOM_TEMPERATURE,是,是,是,NON_RESTRICTED,是,否,是,7,否,,,,,,,,IVGTT,QD,否,是,ACTIVE
MED-2026-W375-02,平阳霉素注射用无菌粉末,BleomycinA5,WESTERN,INJECTION,8mg,支,8,mg,ROOM_TEMPERATURE,是,是,是,NON_RESTRICTED,是,否,是,7,否,,,,,,,,IVGTT,QD,否,是,ACTIVE
MED-2026-W376-01,长春新碱注射液,Vincristine,WESTERN,INJECTION,1ml ∶1mg,支,1,ml,ROOM_TEMPERATURE,是,是,否,,否,否,否,,否,,,,,,,,IM,BID,否,是,ACTIVE
MED-2026-W376-02,长春新碱注射用无菌粉末,Vincristine,WESTERN,INJECTION,1mg,支,1,mg,ROOM_TEMPERATURE,是,是,否,,否,否,否,,否,,,,,,,,IVGTT,BID,否,是,ACTIVE
MED-2026-W377-01,紫杉醇注射液,Paclitaxel,WESTERN,INJECTION,5ml ∶30mg,支,5,ml,ROOM_TEMPERATURE,是,是,否,,否,否,否,,否,,,,,,,,IM,BID,否,是,ACTIVE
MED-2026-W377-02,紫杉醇注射液,Paclitaxel,WESTERN,INJECTION,10ml ∶60mg,支,10,ml,ROOM_TEMPERATURE,是,是,否,,否,否,否,,否,,,,,,,,IM,BID,否,是,ACTIVE
MED-2026-W377-03,紫杉醇注射用无菌粉末,Paclitaxel,WESTERN,INJECTION,100mg,支,100,mg,ROOM_TEMPERATURE,是,是,否,,否,否,否,,否,,,,,,,,IVGTT,BID,否,是,ACTIVE
MED-2026-W378-01,高三尖杉酯碱注射液,Homoharringtonine,WESTERN,INJECTION,1ml ∶1mg,支,1,ml,ROOM_TEMPERATURE,是,是,否,,否,否,否,,否,,,,,,,,IM,BID,否,是,ACTIVE
MED-2026-W378-02,高三尖杉酯碱注射液,Homoharringtonine,WESTERN,INJECTION,2ml ∶2mg,支,2,ml,ROOM_TEMPERATURE,是,是,否,,否,否,否,,否,,,,,,,,IM,BID,否,是,ACTIVE
MED-2026-W379,他莫昔芬片,Tamoxifen,WESTERN,TABLET,10mg,片,10,mg,ROOM_TEMPERATURE,是,是,否,,否,否,否,,否,,,,,,,,ORAL,BID,否,是,ACTIVE
MED-2026-W380,来曲唑片,Letrozole,WESTERN,TABLET,2.5mg,片,2.5,mg,ROOM_TEMPERATURE,是,是,否,,否,否,否,,否,,,,,,,,ORAL,BID,否,是,ACTIVE
MED-2026-W381-01,顺铂注射液,Cisplatin,WESTERN,INJECTION,1mg/ml,支,1,mg,ROOM_TEMPERATURE,是,是,否,,否,否,否,,否,,,,,,,,IM,BID,否,是,ACTIVE
MED-2026-W381-02,顺铂注射液,Cisplatin,WESTERN,INJECTION,5mg/ml,支,5,mg,ROOM_TEMPERATURE,是,是,否,,否,否,否,,否,,,,,,,,IM,BID,否,是,ACTIVE
MED-2026-W381-03,顺铂注射用无菌粉末,Cisplatin,WESTERN,INJECTION,10mg,支,10,mg,ROOM_TEMPERATURE,是,是,否,,否,否,否,,否,,,,,,,,IVGTT,BID,否,是,ACTIVE
MED-2026-W381-04,顺铂注射用无菌粉末,Cisplatin,WESTERN,INJECTION,20mg,支,20,mg,ROOM_TEMPERATURE,是,是,否,,否,否,否,,否,,,,,,,,IVGTT,BID,否,是,ACTIVE
MED-2026-W381-05,顺铂注射用无菌粉末,Cisplatin,WESTERN,INJECTION,30mg,支,30,mg,ROOM_TEMPERATURE,是,是,否,,否,否,否,,否,,,,,,,,IVGTT,BID,否,是,ACTIVE
MED-2026-W382-01,奥沙利铂注射液,Oxaliplatin,WESTERN,INJECTION,10ml ∶50mg,支,10,ml,ROOM_TEMPERATURE,是,是,否,,否,否,否,,否,,,,,,,,IM,BID,否,是,ACTIVE
MED-2026-W382-02,奥沙利铂注射用无菌粉末,Oxaliplatin,WESTERN,INJECTION,50mg,支,50,mg,ROOM_TEMPERATURE,是,是,否,,否,否,否,,否,,,,,,,,IVGTT,BID,否,是,ACTIVE
MED-2026-W382-03,奥沙利铂注射用无菌粉末,Oxaliplatin,WESTERN,INJECTION,100mg,支,100,mg,ROOM_TEMPERATURE,是,是,否,,否,否,否,,否,,,,,,,,IVGTT,BID,否,是,ACTIVE
MED-2026-W383-01,卡铂注射液,Carboplatin,WESTERN,INJECTION,10ml ∶100mg,支,10,ml,ROOM_TEMPERATURE,是,是,否,,否,否,否,,否,,,,,,,,IM,BID,否,是,ACTIVE
MED-2026-W383-02,卡铂注射用无菌粉末,Carboplatin,WESTERN,INJECTION,50mg,支,50,mg,ROOM_TEMPERATURE,是,是,否,,否,否,否,,否,,,,,,,,IVGTT,BID,否,是,ACTIVE
MED-2026-W383-03,卡铂注射用无菌粉末,Carboplatin,WESTERN,INJECTION,100mg,支,100,mg,ROOM_TEMPERATURE,是,是,否,,否,否,否,,否,,,,,,,,IVGTT,BID,否,是,ACTIVE
MED-2026-W384-01,三氧化二砷注射液,Arsenic Trioxide (Arsenious Acid),WESTERN,INJECTION,5ml ∶5mg,支,5,ml,ROOM_TEMPERATURE,是,是,否,,否,否,否,,否,,,,,,,,IM,BID,否,是,ACTIVE
MED-2026-W384-02,三氧化二砷注射液,Arsenic Trioxide (Arsenious Acid),WESTERN,INJECTION,10ml ∶10mg,支,10,ml,ROOM_TEMPERATURE,是,是,否,,否,否,否,,否,,,,,,,,IM,BID,否,是,ACTIVE
MED-2026-W384-03,三氧化二砷注射用无菌粉末,Arsenic Trioxide (Arsenious Acid),WESTERN,INJECTION,5mg,支,5,mg,ROOM_TEMPERATURE,是,是,否,,否,否,否,,否,,,,,,,,IVGTT,BID,否,是,ACTIVE
MED-2026-W384-04,三氧化二砷注射用无菌粉末,Arsenic Trioxide (Arsenious Acid),WESTERN,INJECTION,10mg,支,10,mg,ROOM_TEMPERATURE,是,是,否,,否,否,否,,否,,,,,,,,IVGTT,BID,否,是,ACTIVE
MED-2026-W385-01,门冬酰胺酶注射用无菌粉末,Asparaginase,WESTERN,INJECTION,5000 单位,支,,,ROOM_TEMPERATURE,是,是,否,,否,否,否,,否,,,,,,,,IVGTT,BID,否,是,ACTIVE
MED-2026-W385-02,门冬酰胺酶注射用无菌粉末,Asparaginase,WESTERN,INJECTION,10000 单位,支,,,ROOM_TEMPERATURE,是,是,否,,否,否,否,,否,,,,,,,,IVGTT,BID,否,是,ACTIVE
MED-2026-W386-01,亚叶酸钙注射液,Calcium Folinate,WESTERN,INJECTION,10ml ∶100mg,支,10,ml,ROOM_TEMPERATURE,是,是,否,,否,否,否,,否,,,,,,,,IM,BID,否,是,ACTIVE
MED-2026-W386-02,亚叶酸钙注射用无菌粉末,Calcium Folinate,WESTERN,INJECTION,3mg,支,3,mg,ROOM_TEMPERATURE,是,是,否,,否,否,否,,否,,,,,,,,IVGTT,BID,否,是,ACTIVE
MED-2026-W386-03,亚叶酸钙注射用无菌粉末,Calcium Folinate,WESTERN,INJECTION,25mg,支,25,mg,ROOM_TEMPERATURE,是,是,否,,否,否,否,,否,,,,,,,,IVGTT,BID,否,是,ACTIVE
MED-2026-W386-04,亚叶酸钙注射用无菌粉末,Calcium Folinate,WESTERN,INJECTION,50mg,支,50,mg,ROOM_TEMPERATURE,是,是,否,,否,否,否,,否,,,,,,,,IVGTT,BID,否,是,ACTIVE
MED-2026-W386-05,亚叶酸钙注射用无菌粉末,Calcium Folinate,WESTERN,INJECTION,100mg,支,100,mg,ROOM_TEMPERATURE,是,是,否,,否,否,否,,否,,,,,,,,IVGTT,BID,否,是,ACTIVE
MED-2026-W387,维A酸片,Tretinoin,WESTERN,TABLET,10mg,片,10,mg,ROOM_TEMPERATURE,是,是,否,,否,否,否,,否,,,,,,,,ORAL,BID,否,是,ACTIVE
MED-2026-W388-01,卡培他滨片,Capecitabine,WESTERN,TABLET,0.15g,片,0.15,g,ROOM_TEMPERATURE,是,是,否,,否,否,否,,否,,,,,,,,ORAL,BID,否,是,ACTIVE
MED-2026-W388-02,卡培他滨片,Capecitabine,WESTERN,TABLET,0.5g,片,0.5,g,ROOM_TEMPERATURE,是,是,否,,否,否,否,,否,,,,,,,,ORAL,BID,否,是,ACTIVE
MED-2026-W389-01,硼替佐米注射用无菌粉末,Bortezomib,WESTERN,INJECTION,1mg,支,1,mg,ROOM_TEMPERATURE,是,是,否,,否,否,否,,否,,,,,,,,IVGTT,BID,否,是,ACTIVE
MED-2026-W389-02,硼替佐米注射用无菌粉末,Bortezomib,WESTERN,INJECTION,2.5mg,支,2.5,mg,ROOM_TEMPERATURE,是,是,否,,否,否,否,,否,,,,,,,,IVGTT,BID,否,是,ACTIVE
MED-2026-W389-03,硼替佐米注射用无菌粉末,Bortezomib,WESTERN,INJECTION,3.5mg,支,3.5,mg,ROOM_TEMPERATURE,是,是,否,,否,否,否,,否,,,,,,,,IVGTT,BID,否,是,ACTIVE
MED-2026-W390-01,美司钠注射液,Mesna,WESTERN,INJECTION,2ml ∶0.2g,支,2,ml,ROOM_TEMPERATURE,是,是,否,,否,否,否,,否,,,,,,,,IM,BID,否,是,ACTIVE
MED-2026-W390-02,美司钠注射液,Mesna,WESTERN,INJECTION,4ml ∶0.4g,支,4,ml,ROOM_TEMPERATURE,是,是,否,,否,否,否,,否,,,,,,,,IM,BID,否,是,ACTIVE
MED-2026-W391,吉非替尼片,Gefitinib,WESTERN,TABLET,0.25g,片,0.25,g,ROOM_TEMPERATURE,是,是,否,,否,否,否,,否,,,,,,,,ORAL,BID,否,是,ACTIVE
MED-2026-W392-01,伊马替尼片,Imatinib,WESTERN,TABLET,0.1g,片,0.1,g,ROOM_TEMPERATURE,是,是,否,,否,否,否,,否,,,,,,,,ORAL,BID,否,是,ACTIVE
MED-2026-W392-02,伊马替尼片,Imatinib,WESTERN,TABLET,0.4g,片,0.4,g,ROOM_TEMPERATURE,是,是,否,,否,否,否,,否,,,,,,,,ORAL,BID,否,是,ACTIVE
MED-2026-W392-03,伊马替尼胶囊,Imatinib,WESTERN,CAPSULE,0.05g,粒,0.05,g,ROOM_TEMPERATURE,是,是,否,,否,否,否,,否,,,,,,,,ORAL,BID,否,是,ACTIVE
MED-2026-W392-04,伊马替尼胶囊,Imatinib,WESTERN,CAPSULE,0.1g,粒,0.1,g,ROOM_TEMPERATURE,是,是,否,,否,否,否,,否,,,,,,,,ORAL,BID,否,是,ACTIVE
MED-2026-W393,埃克替尼片,Icotinib,WESTERN,TABLET,125mg,片,125,mg,ROOM_TEMPERATURE,是,是,否,,否,否,否,,否,,,,,,,,ORAL,BID,否,是,ACTIVE
MED-2026-W394-01,奥希替尼片,Osimertinib,WESTERN,TABLET,40mg,片,40,mg,ROOM_TEMPERATURE,是,是,否,,否,否,否,,否,,,,,,,,ORAL,BID,否,是,ACTIVE
MED-2026-W394-02,奥希替尼片,Osimertinib,WESTERN,TABLET,80mg,片,80,mg,ROOM_TEMPERATURE,是,是,否,,否,否,否,,否,,,,,,,,ORAL,BID,否,是,ACTIVE
MED-2026-W395-01,利妥昔单抗注射液,Rituximab,WESTERN,INJECTION,100mg/10ml,支,100,mg,ROOM_TEMPERATURE,是,是,否,,否,否,否,,否,,,,,,,,IM,BID,否,是,ACTIVE
MED-2026-W395-02,利妥昔单抗注射液,Rituximab,WESTERN,INJECTION,500mg/50ml,支,500,mg,ROOM_TEMPERATURE,是,是,否,,否,否,否,,否,,,,,,,,IM,BID,否,是,ACTIVE
MED-2026-W396-01,曲妥珠单抗注射用无菌粉末,Trastuzumab,WESTERN,INJECTION,60mg,支,60,mg,ROOM_TEMPERATURE,是,是,否,,否,否,否,,否,,,,,,,,IVGTT,BID,否,是,ACTIVE
MED-2026-W396-02,曲妥珠单抗注射用无菌粉末,Trastuzumab,WESTERN,INJECTION,150mg,支,150,mg,ROOM_TEMPERATURE,是,是,否,,否,否,否,,否,,,,,,,,IVGTT,BID,否,是,ACTIVE
MED-2026-W396-03,曲妥珠单抗注射用无菌粉末,Trastuzumab,WESTERN,INJECTION,440mg,支,440,mg,ROOM_TEMPERATURE,是,是,否,,否,否,否,,否,,,,,,,,IVGTT,BID,否,是,ACTIVE
MED-2026-W397-01,贝伐珠单抗注射液,Bevacizumab,WESTERN,INJECTION,4ml ∶100mg,支,4,ml,ROOM_TEMPERATURE,是,是,否,,否,否,否,,否,,,,,,,,IM,BID,否,是,ACTIVE
MED-2026-W397-02,贝伐珠单抗注射液,Bevacizumab,WESTERN,INJECTION,16ml ∶400mg,支,16,ml,ROOM_TEMPERATURE,是,是,否,,否,否,否,,否,,,,,,,,IM,BID,否,是,ACTIVE
MED-2026-W398-01,奥拉帕利片,Olaparib,WESTERN,TABLET,100mg,片,100,mg,ROOM_TEMPERATURE,是,是,否,,否,否,否,,否,,,,,,,,ORAL,BID,否,是,ACTIVE
MED-2026-W398-02,奥拉帕利片,Olaparib,WESTERN,TABLET,150mg,片,150,mg,ROOM_TEMPERATURE,是,是,否,,否,否,否,,否,,,,,,,,ORAL,BID,否,是,ACTIVE
MED-2026-W399-01,维生素注射液,B1 Vitamin B1,WESTERN,INJECTION,2ml ∶50mg,支,2,ml,ROOM_TEMPERATURE,是,是,否,,否,否,否,,否,,,,,,,,IM,BID,否,是,ACTIVE
MED-2026-W399-02,维生素注射液,B1 Vitamin B1,WESTERN,INJECTION,2ml ∶100mg,支,2,ml,ROOM_TEMPERATURE,是,是,否,,否,否,否,,否,,,,,,,,IM,BID,否,是,ACTIVE
MED-2026-W400-01,维生素片,B2 Vitamin B2,WESTERN,TABLET,5mg,片,5,mg,ROOM_TEMPERATURE,是,是,否,,否,否,否,,否,,,,,,,,ORAL,BID,否,是,ACTIVE
MED-2026-W400-02,维生素片,B2 Vitamin B2,WESTERN,TABLET,10mg,片,10,mg,ROOM_TEMPERATURE,是,是,否,,否,否,否,,否,,,,,,,,ORAL,BID,否,是,ACTIVE
MED-2026-W401-01,维生素片,B6 Vitamin B6,WESTERN,TABLET,10mg,片,10,mg,ROOM_TEMPERATURE,是,是,否,,否,否,否,,否,,,,,,,,ORAL,BID,否,是,ACTIVE
MED-2026-W401-02,维生素注射液,B6 Vitamin B6,WESTERN,INJECTION,1ml ∶50mg,支,1,ml,ROOM_TEMPERATURE,是,是,否,,否,否,否,,否,,,,,,,,IM,BID,否,是,ACTIVE
MED-2026-W401-03,维生素注射液,B6 Vitamin B6,WESTERN,INJECTION,2ml ∶0.1g,支,2,ml,ROOM_TEMPERATURE,是,是,否,,否,否,否,,否,,,,,,,,IM,BID,否,是,ACTIVE
MED-2026-W402-01,维生素注射液,C Vitamin C,WESTERN,INJECTION,2ml ∶0.5g,支,2,ml,ROOM_TEMPERATURE,是,是,否,,否,否,否,,否,,,,,,,,IM,BID,否,是,ACTIVE
MED-2026-W402-02,维生素注射液,C Vitamin C,WESTERN,INJECTION,5ml ∶1g,支,5,ml,ROOM_TEMPERATURE,是,是,否,,否,否,否,,否,,,,,,,,IM,BID,否,是,ACTIVE
MED-2026-W403,多种维生素注射用无菌粉末,Multivitamin (12),WESTERN,INJECTION,常规说明书规格,支,,,ROOM_TEMPERATURE,是,是,否,,否,否,否,,否,,,,,,,,IVGTT,BID,否,是,ACTIVE
MED-2026-W404-01,葡萄糖酸钙片,Calcium Gluconate,WESTERN,TABLET,0.5g,片,0.5,g,ROOM_TEMPERATURE,是,是,否,,否,否,否,,否,,,,,,,,ORAL,BID,否,是,ACTIVE
MED-2026-W404-02,葡萄糖酸钙注射液,Calcium Gluconate,WESTERN,INJECTION,10ml ∶1g,支,10,ml,ROOM_TEMPERATURE,是,是,否,,否,否,否,,否,,,,,,,,IVGTT,BID,否,是,ACTIVE
MED-2026-W405,复合磷酸氢钾注射液,Composite Potassium Hydrogen Phosphate,WESTERN,INJECTION,2ml（磷酸二氢钾 0.4354g与磷酸氢二钾 0.639g）,支,2,ml,ROOM_TEMPERATURE,是,是,否,,否,否,否,,否,,,,,,,,IM,BID,否,是,ACTIVE
MED-2026-W406-01,复方氨基酸 18AA注射液,Compound Amino Acid 18AA,WESTERN,INJECTION,200ml ∶12.25g（总氨基酸）,支,200,ml,ROOM_TEMPERATURE,是,是,否,,否,否,否,,否,,,,,,,,IM,BID,否,是,ACTIVE
MED-2026-W406-02,复方氨基酸 18AA注射液,Compound Amino Acid 18AA,WESTERN,INJECTION,200ml ∶20.65g（总氨基酸）,支,200,ml,ROOM_TEMPERATURE,是,是,否,,否,否,否,,否,,,,,,,,IM,BID,否,是,ACTIVE
MED-2026-W406-03,复方氨基酸 18AA注射液,Compound Amino Acid 18AA,WESTERN,INJECTION,250ml ∶12.5g（总氨基酸）,支,250,ml,ROOM_TEMPERATURE,是,是,否,,否,否,否,,否,,,,,,,,IM,BID,否,是,ACTIVE
MED-2026-W406-04,复方氨基酸 18AA小儿复方氨基酸注射液（ 18AA- Ⅰ),Compound Amino Acid 18AA,WESTERN,INJECTION,20ml ∶1.348g（总氨基酸）小儿复方氨基酸注射液（18AA- Ⅱ)： 50ml ∶3.0g（总氨基酸）,支,20,ml,ROOM_TEMPERATURE,是,是,否,,否,否,否,,否,,,,,,,,IM,BID,否,是,ACTIVE
MED-2026-W407-01,脂肪乳氨基酸葡萄糖注射液,"Fat Emulsion, Amino Acids and Glucose",WESTERN,INJECTION,1440ml（20% 脂肪乳注射液 255ml；复方氨基酸注射液（17）300ml； 11% 葡萄糖注射液 885ml）,支,1440,ml,ROOM_TEMPERATURE,是,是,否,,否,否,否,,否,,,,,,,,IVGTT,BID,否,是,ACTIVE
MED-2026-W407-02,脂肪乳氨基酸葡萄糖注射液,"Fat Emulsion, Amino Acids and Glucose",WESTERN,INJECTION,1920ml（20% 脂肪乳注射液 340ml；复方氨基酸注射液（17）400ml； 11% 葡萄糖注射液 1180ml）,支,1920,ml,ROOM_TEMPERATURE,是,是,否,,否,否,否,,否,,,,,,,,IVGTT,BID,否,是,ACTIVE
MED-2026-W408-01,中/ 长链脂肪乳注射液,Medium and Long Chain Fat Emulsion,WESTERN,INJECTION,250ml（大豆油 12.5g；中链甘油三酸酯 12.5g）,支,250,ml,ROOM_TEMPERATURE,是,是,否,,否,否,否,,否,,,,,,,,IM,BID,否,是,ACTIVE
MED-2026-W408-02,中/ 长链脂肪乳注射液,Medium and Long Chain Fat Emulsion,WESTERN,INJECTION,250ml（大豆油 25g；中链甘油三酸酯 25g；卵磷脂 3g）,支,250,ml,ROOM_TEMPERATURE,是,是,否,,否,否,否,,否,,,,,,,,IM,BID,否,是,ACTIVE
MED-2026-W409,整蛋白型肠内营养剂（粉剂）,Intact Protein Enteral Nutrition Powder,WESTERN,POWDER,320g/ 听,袋,320,g,ROOM_TEMPERATURE,是,是,否,,否,否,否,,否,,,,,,,,ORAL,BID,否,是,ACTIVE
MED-2026-W410,口服补液盐散剂(Ⅰ、Ⅱ、Ⅲ),Oral Rehydration Salts,WESTERN,POWDER,常规说明书规格,袋,,,ROOM_TEMPERATURE,是,是,否,,否,否,否,,否,,,,,,,,ORAL,BID,否,是,ACTIVE
MED-2026-W411-01,氯化钠注射液,Sodium Chloride,WESTERN,INJECTION,0.9%（10ml、50ml、100ml、 250ml、500ml、1000ml）,支,10,ml,ROOM_TEMPERATURE,是,是,否,,否,否,否,,否,,,,,,,,IVGTT,BID,否,是,ACTIVE
MED-2026-W411-02,氯化钠注射液,Sodium Chloride,WESTERN,INJECTION,10%（10ml、100ml）,支,10,ml,ROOM_TEMPERATURE,是,是,否,,否,否,否,,否,,,,,,,,IVGTT,BID,否,是,ACTIVE
MED-2026-W412-01,葡萄糖注射液,Glucose,WESTERN,INJECTION,5%（100ml、200ml、250ml、 500ml 、1000ml）,支,100,ml,ROOM_TEMPERATURE,是,是,否,,否,否,否,,否,,,,,,,,IVGTT,BID,否,是,ACTIVE
MED-2026-W412-02,葡萄糖注射液,Glucose,WESTERN,INJECTION,10%（100ml 、 200ml 、250ml 、500ml 、1000ml）,支,100,ml,ROOM_TEMPERATURE,是,是,否,,否,否,否,,否,,,,,,,,IVGTT,BID,否,是,ACTIVE
MED-2026-W412-03,葡萄糖注射液,Glucose,WESTERN,INJECTION,25%（20ml 、100ml 、250ml、 500ml）,支,20,ml,ROOM_TEMPERATURE,是,是,否,,否,否,否,,否,,,,,,,,IVGTT,BID,否,是,ACTIVE
MED-2026-W412-04,葡萄糖注射液,Glucose,WESTERN,INJECTION,50%（20ml 、100ml、 250ml）,支,20,ml,ROOM_TEMPERATURE,是,是,否,,否,否,否,,否,,,,,,,,IVGTT,BID,否,是,ACTIVE
MED-2026-W413-01,葡萄糖氯化钠注射液,Glucose and Sodium Chloride,WESTERN,INJECTION,50ml,支,50,ml,ROOM_TEMPERATURE,是,是,否,,否,否,否,,否,,,,,,,,IVGTT,BID,否,是,ACTIVE
MED-2026-W413-02,葡萄糖氯化钠注射液,Glucose and Sodium Chloride,WESTERN,INJECTION,100ml,支,100,ml,ROOM_TEMPERATURE,是,是,否,,否,否,否,,否,,,,,,,,IVGTT,BID,否,是,ACTIVE
MED-2026-W413-03,葡萄糖氯化钠注射液,Glucose and Sodium Chloride,WESTERN,INJECTION,250ml,支,250,ml,ROOM_TEMPERATURE,是,是,否,,否,否,否,,否,,,,,,,,IVGTT,BID,否,是,ACTIVE
MED-2026-W413-04,葡萄糖氯化钠注射液,Glucose and Sodium Chloride,WESTERN,INJECTION,500ml,支,500,ml,ROOM_TEMPERATURE,是,是,否,,否,否,否,,否,,,,,,,,IVGTT,BID,否,是,ACTIVE
MED-2026-W414-01,复方氯化钠注射液,Compound Sodium Chloride,WESTERN,INJECTION,250ml,支,250,ml,ROOM_TEMPERATURE,是,是,否,,否,否,否,,否,,,,,,,,IVGTT,BID,否,是,ACTIVE
MED-2026-W414-02,复方氯化钠注射液,Compound Sodium Chloride,WESTERN,INJECTION,500ml,支,500,ml,ROOM_TEMPERATURE,是,是,否,,否,否,否,,否,,,,,,,,IVGTT,BID,否,是,ACTIVE
MED-2026-W415-01,氯化钾缓释片,Potassium Chloride,WESTERN,TABLET,0.5g,片,0.5,g,ROOM_TEMPERATURE,是,是,否,,否,否,否,,否,,,,,,,,ORAL,BID,否,是,ACTIVE
MED-2026-W415-02,氯化钾注射液,Potassium Chloride,WESTERN,INJECTION,10ml ∶1g,支,10,ml,ROOM_TEMPERATURE,是,是,否,,否,否,否,,否,,,,,,,,IM,BID,否,是,ACTIVE
MED-2026-W415-03,氯化钾注射液,Potassium Chloride,WESTERN,INJECTION,10ml ∶1.5g颗粒剂,支,10,ml,ROOM_TEMPERATURE,是,是,否,,否,否,否,,否,,,,,,,,IM,BID,否,是,ACTIVE
MED-2026-W416,乳酸钠林格注射液,Sodium Lactate Ringer's,WESTERN,INJECTION,500ml,支,500,ml,ROOM_TEMPERATURE,是,是,否,,否,否,否,,否,,,,,,,,IM,BID,否,是,ACTIVE
MED-2026-W417-01,碳酸氢钠片,Sodium Bicarbonate,WESTERN,TABLET,0.3g,片,0.3,g,ROOM_TEMPERATURE,是,是,否,,否,否,否,,否,,,,,,,,ORAL,BID,否,是,ACTIVE
MED-2026-W417-02,碳酸氢钠片,Sodium Bicarbonate,WESTERN,TABLET,0.5g,片,0.5,g,ROOM_TEMPERATURE,是,是,否,,否,否,否,,否,,,,,,,,ORAL,BID,否,是,ACTIVE
MED-2026-W417-03,碳酸氢钠注射液,Sodium Bicarbonate,WESTERN,INJECTION,10ml ∶0.5g,支,10,ml,ROOM_TEMPERATURE,是,是,否,,否,否,否,,否,,,,,,,,IM,BID,否,是,ACTIVE
MED-2026-W417-04,碳酸氢钠注射液,Sodium Bicarbonate,WESTERN,INJECTION,50ml ∶4.2g,支,50,ml,ROOM_TEMPERATURE,是,是,否,,否,否,否,,否,,,,,,,,IM,BID,否,是,ACTIVE
MED-2026-W417-05,碳酸氢钠注射液,Sodium Bicarbonate,WESTERN,INJECTION,100ml ∶1.4g,支,100,ml,ROOM_TEMPERATURE,是,是,否,,否,否,否,,否,,,,,,,,IM,BID,否,是,ACTIVE
MED-2026-W417-06,碳酸氢钠注射液,Sodium Bicarbonate,WESTERN,INJECTION,250ml ∶12.5g,支,250,ml,ROOM_TEMPERATURE,是,是,否,,否,否,否,,否,,,,,,,,IM,BID,否,是,ACTIVE
MED-2026-W418,司维拉姆片,Sevelamer,WESTERN,TABLET,0.8g,片,0.8,g,ROOM_TEMPERATURE,是,是,否,,否,否,否,,否,,,,,,,,ORAL,BID,否,是,ACTIVE
MED-2026-W419-01,硫代硫酸钠注射液,Sodium Thiosulfate,WESTERN,INJECTION,10ml ∶0.5g,支,10,ml,ROOM_TEMPERATURE,是,是,否,,否,否,否,,否,,,,,,,,IM,BID,否,是,ACTIVE
MED-2026-W419-02,硫代硫酸钠注射液,Sodium Thiosulfate,WESTERN,INJECTION,20ml ∶1.0g,支,20,ml,ROOM_TEMPERATURE,是,是,否,,否,否,否,,否,,,,,,,,IM,BID,否,是,ACTIVE
MED-2026-W419-03,硫代硫酸钠注射液,Sodium Thiosulfate,WESTERN,INJECTION,20ml ∶10g,支,20,ml,ROOM_TEMPERATURE,是,是,否,,否,否,否,,否,,,,,,,,IM,BID,否,是,ACTIVE
MED-2026-W419-04,硫代硫酸钠注射用无菌粉末,Sodium Thiosulfate,WESTERN,INJECTION,0.32g,支,0.32,g,ROOM_TEMPERATURE,是,是,否,,否,否,否,,否,,,,,,,,IVGTT,BID,否,是,ACTIVE
MED-2026-W419-05,硫代硫酸钠注射用无菌粉末,Sodium Thiosulfate,WESTERN,INJECTION,0.64g,支,0.64,g,ROOM_TEMPERATURE,是,是,否,,否,否,否,,否,,,,,,,,IVGTT,BID,否,是,ACTIVE
MED-2026-W420-01,氯解磷定注射液,Pralidoxime Chloride,WESTERN,INJECTION,2ml ∶0.25g,支,2,ml,ROOM_TEMPERATURE,是,是,否,,否,否,否,,否,,,,,,,,IM,BID,否,是,ACTIVE
MED-2026-W420-02,氯解磷定注射液,Pralidoxime Chloride,WESTERN,INJECTION,2ml ∶0.5g,支,2,ml,ROOM_TEMPERATURE,是,是,否,,否,否,否,,否,,,,,,,,IM,BID,否,是,ACTIVE
MED-2026-W421,碘解磷定注射液,Pralidoxime Iodide,WESTERN,INJECTION,20ml ∶0.5g,支,20,ml,ROOM_TEMPERATURE,是,是,否,,否,否,否,,否,,,,,,,,IM,BID,否,是,ACTIVE
MED-2026-W422-01,戊乙奎醚注射液,Penehyclidine,WESTERN,INJECTION,1ml ∶0.5mg,支,1,ml,ROOM_TEMPERATURE,是,是,否,,否,否,否,,否,,,,,,,,IM,BID,否,是,ACTIVE
MED-2026-W422-02,戊乙奎醚注射液,Penehyclidine,WESTERN,INJECTION,1ml ∶1mg,支,1,ml,ROOM_TEMPERATURE,是,是,否,,否,否,否,,否,,,,,,,,IM,BID,否,是,ACTIVE
MED-2026-W422-03,戊乙奎醚注射液,Penehyclidine,WESTERN,INJECTION,2ml ∶2mg,支,2,ml,ROOM_TEMPERATURE,是,是,否,,否,否,否,,否,,,,,,,,IM,BID,否,是,ACTIVE
MED-2026-W423-01,亚甲蓝注射液,Methylthioninium Chloride,WESTERN,INJECTION,2ml ∶20mg,支,2,ml,ROOM_TEMPERATURE,是,是,否,,否,否,否,,否,,,,,,,,IM,BID,否,是,ACTIVE
MED-2026-W423-02,亚甲蓝注射液,Methylthioninium Chloride,WESTERN,INJECTION,5ml ∶50mg,支,5,ml,ROOM_TEMPERATURE,是,是,否,,否,否,否,,否,,,,,,,,IM,BID,否,是,ACTIVE
MED-2026-W423-03,亚甲蓝注射液,Methylthioninium Chloride,WESTERN,INJECTION,10ml ∶100mg,支,10,ml,ROOM_TEMPERATURE,是,是,否,,否,否,否,,否,,,,,,,,IM,BID,否,是,ACTIVE
MED-2026-W424-01,纳洛酮注射液,Naloxone,WESTERN,INJECTION,1ml ∶0.4mg,支,1,ml,ROOM_TEMPERATURE,是,是,否,,否,否,否,,否,,,,,,,,IM,BID,否,是,ACTIVE
MED-2026-W424-02,纳洛酮注射液,Naloxone,WESTERN,INJECTION,1ml ∶1mg,支,1,ml,ROOM_TEMPERATURE,是,是,否,,否,否,否,,否,,,,,,,,IM,BID,否,是,ACTIVE
MED-2026-W424-03,纳洛酮注射液,Naloxone,WESTERN,INJECTION,2ml ∶2mg,支,2,ml,ROOM_TEMPERATURE,是,是,否,,否,否,否,,否,,,,,,,,IM,BID,否,是,ACTIVE
MED-2026-W424-04,纳洛酮注射用无菌粉末,Naloxone,WESTERN,INJECTION,0.4mg,支,0.4,mg,ROOM_TEMPERATURE,是,是,否,,否,否,否,,否,,,,,,,,IVGTT,BID,否,是,ACTIVE
MED-2026-W424-05,纳洛酮注射用无菌粉末,Naloxone,WESTERN,INJECTION,1.0mg,支,1.0,mg,ROOM_TEMPERATURE,是,是,否,,否,否,否,,否,,,,,,,,IVGTT,BID,否,是,ACTIVE
MED-2026-W424-06,纳洛酮注射用无菌粉末,Naloxone,WESTERN,INJECTION,2.0mg,支,2.0,mg,ROOM_TEMPERATURE,是,是,否,,否,否,否,,否,,,,,,,,IVGTT,BID,否,是,ACTIVE
MED-2026-W425-01,乙酰胺注射液,Acetamide,WESTERN,INJECTION,2ml ∶1.0g,支,2,ml,ROOM_TEMPERATURE,是,是,否,,否,否,否,,否,,,,,,,,IM,BID,否,是,ACTIVE
MED-2026-W425-02,乙酰胺注射液,Acetamide,WESTERN,INJECTION,5ml ∶2.5g,支,5,ml,ROOM_TEMPERATURE,是,是,否,,否,否,否,,否,,,,,,,,IM,BID,否,是,ACTIVE
MED-2026-W425-03,乙酰胺注射液,Acetamide,WESTERN,INJECTION,10ml ∶5.0g,支,10,ml,ROOM_TEMPERATURE,是,是,否,,否,否,否,,否,,,,,,,,IM,BID,否,是,ACTIVE
MED-2026-W426-01,氟马西尼注射液,Flumazenil,WESTERN,INJECTION,2ml ∶0.2mg,支,2,ml,ROOM_TEMPERATURE,是,是,否,,否,否,否,,否,,,,,,,,IM,BID,否,是,ACTIVE
MED-2026-W426-02,氟马西尼注射液,Flumazenil,WESTERN,INJECTION,5ml ∶0.5mg,支,5,ml,ROOM_TEMPERATURE,是,是,否,,否,否,否,,否,,,,,,,,IM,BID,否,是,ACTIVE
MED-2026-W426-03,氟马西尼注射液,Flumazenil,WESTERN,INJECTION,10ml ∶1.0mg,支,10,ml,ROOM_TEMPERATURE,是,是,否,,否,否,否,,否,,,,,,,,IM,BID,否,是,ACTIVE
MED-2026-W427-01,破伤风抗毒素注射液,Tetanus Antitoxin,WESTERN,INJECTION,1500IU,支,1500,IU,REFRIGERATED,是,是,否,,否,否,否,,是,INTRADERMAL,DILUTED_SOLUTION,20,24,需配制标准皮试稀释液（青霉素500 U/ml），皮内注射0.1ml，观察20分钟，阴性结果24小时有效。,,,IM,BID,否,是,ACTIVE
MED-2026-W427-02,破伤风抗毒素注射液,Tetanus Antitoxin,WESTERN,INJECTION,10000IU,支,10000,IU,REFRIGERATED,是,是,否,,否,否,否,,是,INTRADERMAL,DILUTED_SOLUTION,20,24,需配制标准皮试稀释液（青霉素500 U/ml），皮内注射0.1ml，观察20分钟，阴性结果24小时有效。,,,IM,BID,否,是,ACTIVE
MED-2026-W428-01,抗狂犬病血清注射液,Rabies Antiserum,WESTERN,INJECTION,400IU,支,400,IU,ROOM_TEMPERATURE,是,是,否,,否,否,否,,否,,,,,,,,IM,BID,否,是,ACTIVE
MED-2026-W428-02,抗狂犬病血清注射液,Rabies Antiserum,WESTERN,INJECTION,700IU,支,700,IU,ROOM_TEMPERATURE,是,是,否,,否,否,否,,否,,,,,,,,IM,BID,否,是,ACTIVE
MED-2026-W429,抗蛇毒血清注射液,KSDXQ,WESTERN,INJECTION,常规说明书规格,支,,,ROOM_TEMPERATURE,是,是,否,,否,否,否,,是,INTRADERMAL,ORIGINAL_SOLUTION,20,24,使用本次处方原药按院内规程完成皮试，观察20分钟，阴性结果24小时有效。,,,IM,BID,否,是,ACTIVE
MED-2026-W430-01,破伤风人免疫球蛋白注射液,Human Tetanus Immunoglobulin,WESTERN,INJECTION,250IU（2.5ml）,支,250,IU,REFRIGERATED,是,是,否,,否,否,否,,否,,,,,,,,IM,BID,否,是,ACTIVE
MED-2026-W430-02,破伤风人免疫球蛋白注射液,Human Tetanus Immunoglobulin,WESTERN,INJECTION,500IU （5ml）,支,500,IU,REFRIGERATED,是,是,否,,否,否,否,,否,,,,,,,,IM,BID,否,是,ACTIVE
MED-2026-W431,国家免疫规划用疫苗常规定制,GJMYGHYYM,WESTERN,TABLET,以国家专项规定为准,片,,,REFRIGERATED,是,是,否,,否,否,否,,否,,,,,,,,ORAL,BID,否,是,ACTIVE
MED-2026-W432,硫酸钡干混悬剂(Ⅰ型、Ⅱ型）,Barium Sulfate,WESTERN,ORAL_LIQUID,常规说明书规格,瓶,,,ROOM_TEMPERATURE,是,是,否,,否,否,否,,否,,,,,,,,ORAL,BID,否,是,ACTIVE
MED-2026-W433,碘化油注射液,Iodinated Oil,WESTERN,INJECTION,10ml,支,10,ml,ROOM_TEMPERATURE,是,是,否,,否,否,否,,否,,,,,,,,IM,BID,否,是,ACTIVE
MED-2026-W434-01,碘海醇注射液,Iohexol,WESTERN,INJECTION,20ml ∶6g（I）,支,20,ml,ROOM_TEMPERATURE,是,是,否,,否,否,否,,否,,,,,,,,IM,BID,否,是,ACTIVE
MED-2026-W434-02,碘海醇注射液,Iohexol,WESTERN,INJECTION,50ml ∶15g （I）,支,50,ml,ROOM_TEMPERATURE,是,是,否,,否,否,否,,否,,,,,,,,IM,BID,否,是,ACTIVE
MED-2026-W434-03,碘海醇注射液,Iohexol,WESTERN,INJECTION,100ml ∶30g（I）,支,100,ml,ROOM_TEMPERATURE,是,是,否,,否,否,否,,否,,,,,,,,IM,BID,否,是,ACTIVE
MED-2026-W434-04,碘海醇注射液,Iohexol,WESTERN,INJECTION,100ml ∶35g（I）,支,100,ml,ROOM_TEMPERATURE,是,是,否,,否,否,否,,否,,,,,,,,IM,BID,否,是,ACTIVE
MED-2026-W435-01,碘佛醇注射液,Ioversol,WESTERN,INJECTION,20ml ∶6.4g（I）,支,20,ml,ROOM_TEMPERATURE,是,是,否,,否,否,否,,否,,,,,,,,IM,BID,否,是,ACTIVE
MED-2026-W435-02,碘佛醇注射液,Ioversol,WESTERN,INJECTION,50ml ∶16g （I）,支,50,ml,ROOM_TEMPERATURE,是,是,否,,否,否,否,,否,,,,,,,,IM,BID,否,是,ACTIVE
MED-2026-W435-03,碘佛醇注射液,Ioversol,WESTERN,INJECTION,100ml ∶32g（I）,支,100,ml,ROOM_TEMPERATURE,是,是,否,,否,否,否,,否,,,,,,,,IM,BID,否,是,ACTIVE
MED-2026-W435-04,碘佛醇注射液,Ioversol,WESTERN,INJECTION,100ml ∶35g（I）,支,100,ml,ROOM_TEMPERATURE,是,是,否,,否,否,否,,否,,,,,,,,IM,BID,否,是,ACTIVE
MED-2026-W436-01,钆布醇注射液,Gadobutrol,WESTERN,INJECTION,7.5ml ∶4.5354g,支,7.5,ml,ROOM_TEMPERATURE,是,是,否,,否,否,否,,否,,,,,,,,IM,BID,否,是,ACTIVE
MED-2026-W436-02,钆布醇注射液,Gadobutrol,WESTERN,INJECTION,10ml ∶6.0472g,支,10,ml,ROOM_TEMPERATURE,是,是,否,,否,否,否,,否,,,,,,,,IM,BID,否,是,ACTIVE
MED-2026-W436-03,钆布醇注射液,Gadobutrol,WESTERN,INJECTION,15ml ∶9.0708g,支,15,ml,ROOM_TEMPERATURE,是,是,否,,否,否,否,,否,,,,,,,,IM,BID,否,是,ACTIVE
MED-2026-W437,结核菌素纯蛋白衍生物注射液,Purified Protein Derivative of Tuberculin,WESTERN,INJECTION,常规说明书规格,支,,,ROOM_TEMPERATURE,是,是,否,,否,否,否,,否,,,,,,,,IM,BID,否,是,ACTIVE
MED-2026-W438,磺胺嘧啶银乳膏剂,Sulfadiazine Silver,WESTERN,CREAM,1%,支,,,ROOM_TEMPERATURE,是,是,否,,否,否,否,,否,,,,,,,,TOPICAL,BID,否,是,ACTIVE
MED-2026-W439,咪康唑乳膏剂,Miconazole,WESTERN,CREAM,2%,支,,,ROOM_TEMPERATURE,是,是,否,,否,否,否,,否,,,,,,,,TOPICAL,BID,否,是,ACTIVE
MED-2026-W440-01,特比萘芬片,Terbinafine,WESTERN,TABLET,0.125g,片,0.125,g,ROOM_TEMPERATURE,是,是,否,,否,否,否,,否,,,,,,,,ORAL,BID,否,是,ACTIVE
MED-2026-W440-02,特比萘芬片,Terbinafine,WESTERN,TABLET,0.25g,片,0.25,g,ROOM_TEMPERATURE,是,是,否,,否,否,否,,否,,,,,,,,ORAL,BID,否,是,ACTIVE
MED-2026-W440-03,特比萘芬乳膏剂,Terbinafine,WESTERN,CREAM,1%,支,,,ROOM_TEMPERATURE,是,是,否,,否,否,否,,否,,,,,,,,TOPICAL,BID,否,是,ACTIVE
MED-2026-W441-01,曲安奈德益康唑乳膏剂,Triamcinolone Acetonide and Econazole,WESTERN,CREAM,1g（曲安奈德 1mg 与硝酸益康唑 10mg）,支,1,g,ROOM_TEMPERATURE,是,是,否,,否,否,否,,否,,,,,,,,TOPICAL,BID,否,是,ACTIVE
MED-2026-W441-02,曲安奈德益康唑乳膏剂,Triamcinolone Acetonide and Econazole,WESTERN,CREAM,10g （硝酸益康唑0.10g 与曲安奈德 10mg）,支,10,g,ROOM_TEMPERATURE,是,是,否,,否,否,否,,否,,,,,,,,TOPICAL,BID,否,是,ACTIVE
MED-2026-W441-03,曲安奈德益康唑乳膏剂,Triamcinolone Acetonide and Econazole,WESTERN,CREAM,15g（硝酸益康唑 0.15g 与曲安奈德 15mg、醋酸曲安奈德 16.5mg 与硝酸益康唑 150mg）,支,15,g,ROOM_TEMPERATURE,是,是,否,,否,否,否,,否,,,,,,,,TOPICAL,BID,否,是,ACTIVE
MED-2026-W442,莫匹罗星软膏剂,Mupirocin,WESTERN,CREAM,2%,支,,,ROOM_TEMPERATURE,是,是,否,,否,否,否,,否,,,,,,,,TOPICAL,BID,否,是,ACTIVE
MED-2026-W443-01,尿素软膏剂,Urea,WESTERN,CREAM,10%,支,,,ROOM_TEMPERATURE,是,是,否,,否,否,否,,否,,,,,,,,TOPICAL,BID,否,是,ACTIVE
MED-2026-W443-02,尿素软膏剂,Urea,WESTERN,CREAM,20%,支,,,ROOM_TEMPERATURE,是,是,否,,否,否,否,,否,,,,,,,,TOPICAL,BID,否,是,ACTIVE
MED-2026-W443-03,尿素乳膏剂,Urea,WESTERN,CREAM,10%,支,,,ROOM_TEMPERATURE,是,是,否,,否,否,否,,否,,,,,,,,TOPICAL,BID,否,是,ACTIVE
MED-2026-W443-04,尿素乳膏剂,Urea,WESTERN,CREAM,20%,支,,,ROOM_TEMPERATURE,是,是,否,,否,否,否,,否,,,,,,,,TOPICAL,BID,否,是,ACTIVE
MED-2026-W444,鱼石脂软膏剂,Ichthammol,WESTERN,CREAM,10%,支,,,ROOM_TEMPERATURE,是,是,否,,否,否,否,,否,,,,,,,,TOPICAL,BID,否,是,ACTIVE
MED-2026-W445-01,水杨酸软膏剂,Salicylic Acid,WESTERN,CREAM,2%,支,,,ROOM_TEMPERATURE,是,是,否,,否,否,否,,否,,,,,,,,TOPICAL,BID,否,是,ACTIVE
MED-2026-W445-02,水杨酸软膏剂,Salicylic Acid,WESTERN,CREAM,5%,支,,,ROOM_TEMPERATURE,是,是,否,,否,否,否,,否,,,,,,,,TOPICAL,BID,否,是,ACTIVE
MED-2026-W446,糠酸莫米松乳膏剂,Mometasone Furoate,WESTERN,CREAM,0.1%,支,,,ROOM_TEMPERATURE,是,是,否,,否,否,否,,否,,,,,,,,TOPICAL,BID,否,是,ACTIVE
MED-2026-W447,炉甘石洗剂,Calamine,WESTERN,DROPS,常规说明书规格,瓶,,,ROOM_TEMPERATURE,否,是,否,,否,否,否,,否,,,,,,,,OTIC,BID,否,是,ACTIVE
MED-2026-W448,依沙吖啶外用溶液剂,Ethacridine,WESTERN,ORAL_LIQUID,0.1%,瓶,,,ROOM_TEMPERATURE,是,是,否,,否,否,否,,否,,,,,,,,ORAL,BID,否,是,ACTIVE
MED-2026-W449,司普奇拜单抗注射液,Stapokibart,WESTERN,INJECTION,2ml ∶300mg,支,2,ml,ROOM_TEMPERATURE,是,是,否,,否,否,否,,否,,,,,,,,IM,BID,否,是,ACTIVE
MED-2026-W450,氯霉素滴眼剂,Chloramphenicol,WESTERN,DROPS,8ml ∶20mg,瓶,8,ml,ROOM_TEMPERATURE,是,是,否,,否,否,否,,否,,,,,,,,OPHTHALMIC,BID,否,是,ACTIVE
MED-2026-W451-01,加替沙星滴眼剂,Gatifloxacin,WESTERN,DROPS,0.3%,瓶,,,ROOM_TEMPERATURE,是,是,否,,否,否,否,,否,,,,,,,,OPHTHALMIC,BID,否,是,ACTIVE
MED-2026-W451-02,加替沙星眼用凝胶,Gatifloxacin,WESTERN,CREAM,0.3%,支,,,ROOM_TEMPERATURE,是,是,否,,否,否,否,,否,,,,,,,,TOPICAL,BID,否,是,ACTIVE
MED-2026-W452-01,利福平滴眼剂,Rifampicin,WESTERN,DROPS,10ml ∶5mg,瓶,10,ml,ROOM_TEMPERATURE,是,是,否,,否,否,否,,否,,,,,,,,OPHTHALMIC,BID,否,是,ACTIVE
MED-2026-W452-02,利福平滴眼剂,Rifampicin,WESTERN,DROPS,10ml ∶10mg,瓶,10,ml,ROOM_TEMPERATURE,是,是,否,,否,否,否,,否,,,,,,,,OPHTHALMIC,BID,否,是,ACTIVE
MED-2026-W453,毛果芸香碱注射液,Pilocarpine,WESTERN,INJECTION,1ml ∶2mg滴眼剂,支,1,ml,ROOM_TEMPERATURE,是,是,否,,否,否,否,,否,,,,,,,,IM,BID,否,是,ACTIVE
MED-2026-W454,他氟前列素滴眼剂,Tafluprost,WESTERN,DROPS,0.0015%,瓶,,,ROOM_TEMPERATURE,是,是,否,,否,否,否,,否,,,,,,,,OPHTHALMIC,BID,否,是,ACTIVE
MED-2026-W455-01,噻吗洛尔滴眼剂,Timolol,WESTERN,DROPS,5ml ∶12.5mg,瓶,5,ml,ROOM_TEMPERATURE,是,是,否,,否,否,否,,否,,,,,,,,OPHTHALMIC,BID,否,是,ACTIVE
MED-2026-W455-02,噻吗洛尔滴眼剂,Timolol,WESTERN,DROPS,5ml ∶25mg,瓶,5,ml,ROOM_TEMPERATURE,是,是,否,,否,否,否,,否,,,,,,,,OPHTHALMIC,BID,否,是,ACTIVE
MED-2026-W456,乙酰唑胺片,Acetazolamide,WESTERN,TABLET,0.25g,片,0.25,g,ROOM_TEMPERATURE,是,是,否,,否,否,否,,否,,,,,,,,ORAL,BID,否,是,ACTIVE
MED-2026-W457-01,可的松眼膏剂,Cortisone,WESTERN,TABLET,0.25%,片,,,ROOM_TEMPERATURE,是,是,否,,否,否,否,,否,,,,,,,,ORAL,BID,否,是,ACTIVE
MED-2026-W457-02,可的松眼膏剂,Cortisone,WESTERN,TABLET,0.5%,片,,,ROOM_TEMPERATURE,是,是,否,,否,否,否,,否,,,,,,,,ORAL,BID,否,是,ACTIVE
MED-2026-W457-03,可的松眼膏剂,Cortisone,WESTERN,TABLET,1%,片,,,ROOM_TEMPERATURE,是,是,否,,否,否,否,,否,,,,,,,,ORAL,BID,否,是,ACTIVE
MED-2026-W457-04,可的松滴眼剂,Cortisone,WESTERN,DROPS,3ml ∶15mg,瓶,3,ml,ROOM_TEMPERATURE,是,是,否,,否,否,否,,否,,,,,,,,OPHTHALMIC,BID,否,是,ACTIVE
MED-2026-W458-01,复方托吡卡胺滴眼剂,Compound Tropicamide,WESTERN,DROPS,1ml（托吡卡胺 5mg，盐酸去氧肾上腺素 5mg）,瓶,1,ml,ROOM_TEMPERATURE,是,是,否,,否,否,否,,否,,,,,,,,OPHTHALMIC,BID,否,是,ACTIVE
MED-2026-W458-02,复方托吡卡胺滴眼剂,Compound Tropicamide,WESTERN,DROPS,5ml（托吡卡胺 25mg，盐酸去氧肾上腺素25mg）,瓶,5,ml,ROOM_TEMPERATURE,是,是,否,,否,否,否,,否,,,,,,,,OPHTHALMIC,BID,否,是,ACTIVE
MED-2026-W459-01,康柏西普眼用注射液,Conbercept,WESTERN,INJECTION,10mg/ml,支,10,mg,ROOM_TEMPERATURE,是,是,否,,否,否,否,,否,,,,,,,,IM,BID,否,是,ACTIVE
MED-2026-W459-02,康柏西普眼用注射液,Conbercept,WESTERN,INJECTION,0.2ml/ 支,支,0.2,ml,ROOM_TEMPERATURE,是,是,否,,否,否,否,,否,,,,,,,,IM,BID,否,是,ACTIVE
MED-2026-W459-03,康柏西普10mg/ml,Conbercept,WESTERN,TABLET,常规说明书规格,片,,,ROOM_TEMPERATURE,是,是,否,,否,否,否,,否,,,,,,,,ORAL,BID,否,是,ACTIVE
MED-2026-W459-04,康柏西普0.05ml/ 支（预充式）,Conbercept,WESTERN,TABLET,常规说明书规格,片,,,ROOM_TEMPERATURE,是,是,否,,否,否,否,,否,,,,,,,,ORAL,BID,否,是,ACTIVE
MED-2026-W460,麻黄碱滴鼻剂,Ephedrine,WESTERN,DROPS,1%,瓶,,,ROOM_TEMPERATURE,是,是,否,,否,否,否,,否,,,,,,,,OTIC,BID,否,是,ACTIVE
MED-2026-W461,氧氟沙星滴耳剂,Ofloxacin,WESTERN,DROPS,5ml ∶15mg,瓶,5,ml,ROOM_TEMPERATURE,是,是,否,,否,否,否,,否,,,,,,,,OTIC,BID,否,是,ACTIVE
MED-2026-W462,地芬尼多片,Difenidol,WESTERN,TABLET,25mg,片,25,mg,ROOM_TEMPERATURE,是,是,否,,否,否,否,,否,,,,,,,,ORAL,BID,否,是,ACTIVE
MED-2026-W463-01,羟甲唑啉滴鼻剂,Oxymetazoline,WESTERN,DROPS,3ml ∶1.5mg,瓶,3,ml,ROOM_TEMPERATURE,是,是,否,,否,否,否,,否,,,,,,,,OTIC,BID,否,是,ACTIVE
MED-2026-W463-02,羟甲唑啉滴鼻剂,Oxymetazoline,WESTERN,DROPS,5ml ∶2.5mg,瓶,5,ml,ROOM_TEMPERATURE,是,是,否,,否,否,否,,否,,,,,,,,OTIC,BID,否,是,ACTIVE
MED-2026-W463-03,羟甲唑啉滴鼻剂,Oxymetazoline,WESTERN,DROPS,10ml ∶5mg,瓶,10,ml,ROOM_TEMPERATURE,是,是,否,,否,否,否,,否,,,,,,,,OTIC,BID,否,是,ACTIVE
MED-2026-W463-04,羟甲唑啉喷雾剂,Oxymetazoline,WESTERN,AEROSOL,5ml ∶1.25mg,支,5,ml,ROOM_TEMPERATURE,是,是,否,,否,否,否,,否,,,,,,,,INHALATION,BID,否,是,ACTIVE
MED-2026-W463-05,羟甲唑啉喷雾剂,Oxymetazoline,WESTERN,AEROSOL,10ml ∶5mg,支,10,ml,ROOM_TEMPERATURE,是,是,否,,否,否,否,,否,,,,,,,,INHALATION,BID,否,是,ACTIVE
MED-2026-W464-01,缩宫素注射液,Oxytocin,WESTERN,INJECTION,1ml ∶5 单位,支,1,ml,ROOM_TEMPERATURE,是,是,否,,否,否,否,,否,,,,,,,,IM,BID,否,是,ACTIVE
MED-2026-W464-02,缩宫素注射液,Oxytocin,WESTERN,INJECTION,1ml ∶10 单位,支,1,ml,ROOM_TEMPERATURE,是,是,否,,否,否,否,,否,,,,,,,,IM,BID,否,是,ACTIVE
MED-2026-W465-01,麦角新碱注射液,Ergometrine,WESTERN,INJECTION,1ml ∶0.2mg,支,1,ml,ROOM_TEMPERATURE,是,是,否,,否,否,否,,否,,,,,,,,IM,BID,否,是,ACTIVE
MED-2026-W465-02,麦角新碱注射液,Ergometrine,WESTERN,INJECTION,1ml ∶0.5mg,支,1,ml,ROOM_TEMPERATURE,是,是,否,,否,否,否,,否,,,,,,,,IM,BID,否,是,ACTIVE
MED-2026-W466-01,垂体后叶注射液,Posterior Pituitary Injection,WESTERN,INJECTION,0.5ml ∶3 单位,支,0.5,ml,ROOM_TEMPERATURE,是,是,否,,否,否,否,,否,,,,,,,,IM,BID,否,是,ACTIVE
MED-2026-W466-02,垂体后叶注射液,Posterior Pituitary Injection,WESTERN,INJECTION,1ml ∶6 单位,支,1,ml,ROOM_TEMPERATURE,是,是,否,,否,否,否,,否,,,,,,,,IM,BID,否,是,ACTIVE
MED-2026-W467-01,米非司酮片,Mifepristone,WESTERN,TABLET,10mg,片,10,mg,ROOM_TEMPERATURE,是,是,否,,否,否,否,,否,,,,,,,,ORAL,BID,否,是,ACTIVE
MED-2026-W467-02,米非司酮片,Mifepristone,WESTERN,TABLET,25mg,片,25,mg,ROOM_TEMPERATURE,是,是,否,,否,否,否,,否,,,,,,,,ORAL,BID,否,是,ACTIVE
MED-2026-W467-03,米非司酮片,Mifepristone,WESTERN,TABLET,200mg,片,200,mg,ROOM_TEMPERATURE,是,是,否,,否,否,否,,否,,,,,,,,ORAL,BID,否,是,ACTIVE
MED-2026-W468,米索前列醇片,Misoprostol,WESTERN,TABLET,200μg,片,200,μg,ROOM_TEMPERATURE,是,是,否,,否,否,否,,否,,,,,,,,ORAL,BID,否,是,ACTIVE
MED-2026-W469-01,卡前列甲酯栓,Carboprost Methylate,WESTERN,SUPPOSITORY,0.5mg,枚,0.5,mg,ROOM_TEMPERATURE,是,是,否,,否,否,否,,否,,,,,,,,RECTAL,BID,否,是,ACTIVE
MED-2026-W469-02,卡前列甲酯栓,Carboprost Methylate,WESTERN,SUPPOSITORY,1mg,枚,1,mg,ROOM_TEMPERATURE,是,是,否,,否,否,否,,否,,,,,,,,RECTAL,BID,否,是,ACTIVE
MED-2026-W470-01,克霉唑栓,Clotrimazole,WESTERN,SUPPOSITORY,0.15g,枚,0.15,g,ROOM_TEMPERATURE,是,是,否,,否,否,否,,否,,,,,,,,RECTAL,BID,否,是,ACTIVE
MED-2026-W470-02,克霉唑阴道片,Clotrimazole,WESTERN,TABLET,0.5g,片,0.5,g,ROOM_TEMPERATURE,是,是,否,,否,否,否,,否,,,,,,,,ORAL,BID,否,是,ACTIVE
MED-2026-W471,避孕药常规定制,BYY,WESTERN,TABLET,以国家专项规定为准,片,,,ROOM_TEMPERATURE,是,是,否,,否,否,否,,否,,,,,,,,ORAL,BID,否,是,ACTIVE
MED-2026-W472,咖啡因注射液,Caffeine,WESTERN,INJECTION,1ml ∶20mg,支,1,ml,ROOM_TEMPERATURE,是,是,否,,否,否,否,,否,,,,,,,,IM,BID,否,是,ACTIVE
MED-2026-W473,牛肺表面活性剂注射用无菌粉末,Calf Pulmonary Surfactant,WESTERN,INJECTION,70mg,支,70,mg,ROOM_TEMPERATURE,是,是,否,,否,否,否,,否,,,,,,,,IVGTT,BID,否,是,ACTIVE
MED-2026-W474-01,培门冬酶注射液,Pegaspargase,WESTERN,INJECTION,2ml ∶1500IU,支,2,ml,ROOM_TEMPERATURE,是,是,否,,否,否,否,,否,,,,,,,,IM,BID,否,是,ACTIVE
MED-2026-W474-02,培门冬酶注射液,Pegaspargase,WESTERN,INJECTION,5ml ∶3750IU,支,5,ml,ROOM_TEMPERATURE,是,是,否,,否,否,否,,否,,,,,,,,IM,BID,否,是,ACTIVE
MED-2026-W475-01,水合氯醛糖浆剂,Chloral Hydrate,WESTERN,ORAL_LIQUID,10ml ∶1g,瓶,10,ml,ROOM_TEMPERATURE,是,是,否,,否,否,否,,否,,,,,,,,ORAL,BID,否,是,ACTIVE
MED-2026-W475-02,水合氯醛糖浆组合包装,Chloral Hydrate,WESTERN,ORAL_LIQUID,水合氯醛浓缩液 1.342g∶1g/ 糖浆（稀释液）9ml,瓶,1.342,g,ROOM_TEMPERATURE,是,是,否,,否,否,否,,否,,,,,,,,ORAL,BID,否,是,ACTIVE
MED-2026-W475-03,水合氯醛糖浆组合包装,Chloral Hydrate,WESTERN,ORAL_LIQUID,水合氯醛浓缩液 0.671g∶0.5g/ 糖浆（稀释液）4.5ml,瓶,0.671,g,ROOM_TEMPERATURE,是,是,否,,否,否,否,,否,,,,,,,,ORAL,BID,否,是,ACTIVE
MED-2026-W475-04,水合氯醛灌肠剂,Chloral Hydrate,WESTERN,ORAL_LIQUID,1.34g∶0.5g,瓶,1.34,g,ROOM_TEMPERATURE,是,是,否,,否,否,否,,否,,,,,,,,ORAL,BID,否,是,ACTIVE
MED-2026-W476-01,哌甲酯片,Methylphenidate,WESTERN,TABLET,10mg,片,10,mg,ROOM_TEMPERATURE,是,是,否,,否,否,否,,否,,,,,,,,ORAL,BID,否,是,ACTIVE
MED-2026-W476-02,哌甲酯片,Methylphenidate,WESTERN,TABLET,100mg,片,100,mg,ROOM_TEMPERATURE,是,是,否,,否,否,否,,否,,,,,,,,ORAL,BID,否,是,ACTIVE
MED-2026-W476-03,哌甲酯缓释片,Methylphenidate,WESTERN,TABLET,18mg,片,18,mg,ROOM_TEMPERATURE,是,是,否,,否,否,否,,否,,,,,,,,ORAL,BID,否,是,ACTIVE
MED-2026-W476-04,哌甲酯缓释片,Methylphenidate,WESTERN,TABLET,27mg,片,27,mg,ROOM_TEMPERATURE,是,是,否,,否,否,否,,否,,,,,,,,ORAL,BID,否,是,ACTIVE
MED-2026-W476-05,哌甲酯缓释片,Methylphenidate,WESTERN,TABLET,36mg,片,36,mg,ROOM_TEMPERATURE,是,是,否,,否,否,否,,否,,,,,,,,ORAL,BID,否,是,ACTIVE
MED-2026-W476-06,哌甲酯缓释胶囊,Methylphenidate,WESTERN,CAPSULE,5mg,粒,5,mg,ROOM_TEMPERATURE,是,是,否,,否,否,否,,否,,,,,,,,ORAL,BID,否,是,ACTIVE
MED-2026-W476-07,哌甲酯缓释胶囊,Methylphenidate,WESTERN,CAPSULE,10mg,粒,10,mg,ROOM_TEMPERATURE,是,是,否,,否,否,否,,否,,,,,,,,ORAL,BID,否,是,ACTIVE
MED-2026-W476-08,哌甲酯缓释胶囊,Methylphenidate,WESTERN,CAPSULE,20mg,粒,20,mg,ROOM_TEMPERATURE,是,是,否,,否,否,否,,否,,,,,,,,ORAL,BID,否,是,ACTIVE
MED-2026-W476-09,哌甲酯缓释胶囊,Methylphenidate,WESTERN,CAPSULE,30mg,粒,30,mg,ROOM_TEMPERATURE,是,是,否,,否,否,否,,否,,,,,,,,ORAL,BID,否,是,ACTIVE
MED-2026-W476-10,哌甲酯缓释胶囊,Methylphenidate,WESTERN,CAPSULE,40mg,粒,40,mg,ROOM_TEMPERATURE,是,是,否,,否,否,否,,否,,,,,,,,ORAL,BID,否,是,ACTIVE
MED-2026-T001-01,九味羌活丸（颗粒）,JWQHWKL,CHINESE_PATENT,OTHER,每丸重 9g,丸,9,g,ROOM_TEMPERATURE,是,是,否,,否,否,否,,否,,,,,,,,ORAL,TID,否,是,ACTIVE
MED-2026-T001-02,九味羌活丸（颗粒）,JWQHWKL,CHINESE_PATENT,OTHER,每 10 丸重 1.8g,丸,1.8,g,ROOM_TEMPERATURE,是,是,否,,否,否,否,,否,,,,,,,,ORAL,TID,否,是,ACTIVE
MED-2026-T001-03,九味羌活丸（颗粒）,JWQHWKL,CHINESE_PATENT,OTHER,每袋装 6g,丸,6,g,ROOM_TEMPERATURE,是,是,否,,否,否,否,,否,,,,,,,,ORAL,TID,否,是,ACTIVE
MED-2026-T001-04,九味羌活丸（颗粒）,JWQHWKL,CHINESE_PATENT,OTHER,每袋装 9g,丸,9,g,ROOM_TEMPERATURE,是,是,否,,否,否,否,,否,,,,,,,,ORAL,TID,否,是,ACTIVE
MED-2026-T001-05,九味羌活丸（颗粒）,JWQHWKL,CHINESE_PATENT,GRANULE,每袋装 5g,袋,5,g,ROOM_TEMPERATURE,是,是,否,,否,否,否,,否,,,,,,,,ORAL,TID,否,是,ACTIVE
MED-2026-T001-06,九味羌活丸（颗粒）,JWQHWKL,CHINESE_PATENT,GRANULE,每袋装 15g,袋,15,g,ROOM_TEMPERATURE,是,是,否,,否,否,否,,否,,,,,,,,ORAL,TID,否,是,ACTIVE
MED-2026-T002-01,感冒清热颗粒（胶囊）,GMQRKLJN,CHINESE_PATENT,GRANULE,每袋装 3g,袋,3,g,ROOM_TEMPERATURE,是,是,否,,否,否,否,,否,,,,,,,,ORAL,TID,否,是,ACTIVE
MED-2026-T002-02,感冒清热颗粒（胶囊）,GMQRKLJN,CHINESE_PATENT,GRANULE,每袋装 6g（相当于饮片 8.85g）,袋,6,g,ROOM_TEMPERATURE,是,是,否,,否,否,否,,否,,,,,,,,ORAL,TID,否,是,ACTIVE
MED-2026-T002-03,感冒清热颗粒（胶囊）,GMQRKLJN,CHINESE_PATENT,GRANULE,每袋装 12g（相当于饮片 8.85g）,袋,12,g,ROOM_TEMPERATURE,是,是,否,,否,否,否,,否,,,,,,,,ORAL,TID,否,是,ACTIVE
MED-2026-T002-04,感冒清热颗粒（胶囊）,GMQRKLJN,CHINESE_PATENT,CAPSULE,每粒装 0.45g,粒,0.45,g,ROOM_TEMPERATURE,是,是,否,,否,否,否,,否,,,,,,,,ORAL,TID,否,是,ACTIVE
MED-2026-T003-01,正柴胡饮颗粒,ZCHYKL,CHINESE_PATENT,GRANULE,每袋装 3g,袋,3,g,ROOM_TEMPERATURE,是,是,否,,否,否,否,,否,,,,,,,,ORAL,TID,否,是,ACTIVE
MED-2026-T003-02,正柴胡饮颗粒,ZCHYKL,CHINESE_PATENT,GRANULE,每袋装 10g,袋,10,g,ROOM_TEMPERATURE,是,是,否,,否,否,否,,否,,,,,,,,ORAL,TID,否,是,ACTIVE
MED-2026-T004-01,荆防颗粒（合剂）,JFKLHJ,CHINESE_PATENT,GRANULE,每袋装 15g,袋,15,g,ROOM_TEMPERATURE,是,是,否,,否,否,否,,否,,,,,,,,ORAL,TID,否,是,ACTIVE
MED-2026-T004-02,荆防颗粒（合剂）,JFKLHJ,CHINESE_PATENT,ORAL_LIQUID,每瓶 （支）装 10ml （每 1ml 相当于饮片 1g）,瓶,10,ml,ROOM_TEMPERATURE,是,是,否,,否,否,否,,否,,,,,,,,ORAL,TID,否,是,ACTIVE
MED-2026-T005,柴胡注射液,CHZSY,CHINESE_PATENT,INJECTION,每支装 2ml,支,2,ml,ROOM_TEMPERATURE,是,是,否,,否,否,否,,否,,,,,,,,IM,TID,否,是,ACTIVE
MED-2026-T006,金花清感颗粒,JHQGKL,CHINESE_PATENT,GRANULE,每袋装 5g（相当于饮片 17.3g）,袋,5,g,ROOM_TEMPERATURE,是,是,否,,否,否,否,,否,,,,,,,,ORAL,TID,否,是,ACTIVE
MED-2026-T007-01,银翘解毒丸（颗粒、胶囊、软胶囊、片）,YQJDWKLJNRJNP,CHINESE_PATENT,OTHER,每丸重 3g,丸,3,g,ROOM_TEMPERATURE,是,是,否,,否,否,否,,否,,,,,,,,ORAL,TID,否,是,ACTIVE
MED-2026-T007-02,银翘解毒丸（颗粒、胶囊、软胶囊、片）,YQJDWKLJNRJNP,CHINESE_PATENT,OTHER,每丸重 9g,丸,9,g,ROOM_TEMPERATURE,是,是,否,,否,否,否,,否,,,,,,,,ORAL,TID,否,是,ACTIVE
MED-2026-T007-03,银翘解毒丸（颗粒、胶囊、软胶囊、片）,YQJDWKLJNRJNP,CHINESE_PATENT,OTHER,每10 丸重 1.5g（每 1g 相当于饮片 0.61g）,丸,1.5,g,ROOM_TEMPERATURE,是,是,否,,否,否,否,,否,,,,,,,,ORAL,TID,否,是,ACTIVE
MED-2026-T007-04,银翘解毒丸（颗粒、胶囊、软胶囊、片）,YQJDWKLJNRJNP,CHINESE_PATENT,GRANULE,每袋装 15g（相当于原药材 15g）,袋,15,g,ROOM_TEMPERATURE,是,是,否,,否,否,否,,否,,,,,,,,ORAL,TID,否,是,ACTIVE
MED-2026-T007-05,银翘解毒丸（颗粒、胶囊、软胶囊、片）,YQJDWKLJNRJNP,CHINESE_PATENT,CAPSULE,每粒装 0.4g,粒,0.4,g,ROOM_TEMPERATURE,是,是,否,,否,否,否,,否,,,,,,,,ORAL,TID,否,是,ACTIVE
MED-2026-T007-06,银翘解毒丸（颗粒、胶囊、软胶囊、片）,YQJDWKLJNRJNP,CHINESE_PATENT,CAPSULE,每粒装 0.45g（相当于饮片 2.24g）,粒,0.45,g,ROOM_TEMPERATURE,是,是,否,,否,否,否,,否,,,,,,,,ORAL,TID,否,是,ACTIVE
MED-2026-T007-07,银翘解毒丸（颗粒、胶囊、软胶囊、片）,YQJDWKLJNRJNP,CHINESE_PATENT,TABLET,每片重 0.3g,片,0.3,g,ROOM_TEMPERATURE,是,是,否,,否,否,否,,否,,,,,,,,ORAL,TID,否,是,ACTIVE
MED-2026-T007-08,银翘解毒丸（颗粒、胶囊、软胶囊、片）,YQJDWKLJNRJNP,CHINESE_PATENT,TABLET,每片重 0.5g,片,0.5,g,ROOM_TEMPERATURE,是,是,否,,否,否,否,,否,,,,,,,,ORAL,TID,否,是,ACTIVE
MED-2026-T007-09,银翘解毒丸（颗粒、胶囊、软胶囊、片）,YQJDWKLJNRJNP,CHINESE_PATENT,TABLET,每片重 0.52g,片,0.52,g,ROOM_TEMPERATURE,是,是,否,,否,否,否,,否,,,,,,,,ORAL,TID,否,是,ACTIVE
MED-2026-T008-01,芎菊上清丸（颗粒、片）,QJSQWKLP,CHINESE_PATENT,OTHER,每丸重 9g,丸,9,g,ROOM_TEMPERATURE,是,是,否,,否,否,否,,否,,,,,,,,ORAL,TID,否,是,ACTIVE
MED-2026-T008-02,芎菊上清丸（颗粒、片）,QJSQWKLP,CHINESE_PATENT,OTHER,每 100丸重 6g,丸,6,g,ROOM_TEMPERATURE,是,是,否,,否,否,否,,否,,,,,,,,ORAL,TID,否,是,ACTIVE
MED-2026-T008-03,芎菊上清丸（颗粒、片）,QJSQWKLP,CHINESE_PATENT,OTHER,每袋装 6g,丸,6,g,ROOM_TEMPERATURE,是,是,否,,否,否,否,,否,,,,,,,,ORAL,TID,否,是,ACTIVE
MED-2026-T008-04,芎菊上清丸（颗粒、片）,QJSQWKLP,CHINESE_PATENT,GRANULE,每袋装 10g,袋,10,g,ROOM_TEMPERATURE,是,是,否,,否,否,否,,否,,,,,,,,ORAL,TID,否,是,ACTIVE
MED-2026-T008-05,芎菊上清丸（颗粒、片）,QJSQWKLP,CHINESE_PATENT,TABLET,每片重 0.25g,片,0.25,g,ROOM_TEMPERATURE,是,是,否,,否,否,否,,否,,,,,,,,ORAL,TID,否,是,ACTIVE
MED-2026-T008-06,芎菊上清丸（颗粒、片）,QJSQWKLP,CHINESE_PATENT,TABLET,每片重 0.3g,片,0.3,g,ROOM_TEMPERATURE,是,是,否,,否,否,否,,否,,,,,,,,ORAL,TID,否,是,ACTIVE
MED-2026-T009,牛黄清感胶囊,NHQGJN,CHINESE_PATENT,CAPSULE,每粒装 0.3g,粒,0.3,g,ROOM_TEMPERATURE,是,是,否,,否,否,否,,否,,,,,,,,ORAL,TID,否,是,ACTIVE
MED-2026-T010-01,祖卡木颗粒,ZKMKL,CHINESE_PATENT,GRANULE,每袋装 6g,袋,6,g,ROOM_TEMPERATURE,是,是,否,,否,否,否,,否,,,,,,,,ORAL,TID,否,是,ACTIVE
MED-2026-T010-02,祖卡木颗粒,ZKMKL,CHINESE_PATENT,GRANULE,每袋装 12g,袋,12,g,ROOM_TEMPERATURE,是,是,否,,否,否,否,,否,,,,,,,,ORAL,TID,否,是,ACTIVE
MED-2026-T011,复方银花解毒颗粒,FFYHJDKL,CHINESE_PATENT,GRANULE,每袋装 15g,袋,15,g,ROOM_TEMPERATURE,是,是,否,,否,否,否,,否,,,,,,,,ORAL,TID,否,是,ACTIVE
MED-2026-T012-01,柴银颗粒（口服液）,CYKLKFY,CHINESE_PATENT,GRANULE,每袋装 8g,袋,8,g,ROOM_TEMPERATURE,是,是,否,,否,否,否,,否,,,,,,,,ORAL,TID,否,是,ACTIVE
MED-2026-T012-02,柴银合剂,CYKLKFY,CHINESE_PATENT,ORAL_LIQUID,每瓶装 20ml,瓶,20,ml,ROOM_TEMPERATURE,是,是,否,,否,否,否,,否,,,,,,,,ORAL,TID,否,是,ACTIVE
MED-2026-T013-01,防风通圣丸（颗粒）,FFTSWKL,CHINESE_PATENT,OTHER,每丸重 9g,丸,9,g,ROOM_TEMPERATURE,是,是,否,,否,否,否,,否,,,,,,,,ORAL,TID,否,是,ACTIVE
MED-2026-T013-02,防风通圣丸（颗粒）,FFTSWKL,CHINESE_PATENT,OTHER,每 8 丸相当于原药材 3g,丸,3,g,ROOM_TEMPERATURE,是,是,否,,否,否,否,,否,,,,,,,,ORAL,TID,否,是,ACTIVE
MED-2026-T013-03,防风通圣丸（颗粒）,FFTSWKL,CHINESE_PATENT,OTHER,每丸重 6g,丸,6,g,ROOM_TEMPERATURE,是,是,否,,否,否,否,,否,,,,,,,,ORAL,TID,否,是,ACTIVE
MED-2026-T013-04,防风通圣丸（颗粒）,FFTSWKL,CHINESE_PATENT,OTHER,每20 丸重 1g,丸,1,g,ROOM_TEMPERATURE,是,是,否,,否,否,否,,否,,,,,,,,ORAL,TID,否,是,ACTIVE
MED-2026-T013-05,防风通圣丸（颗粒）,FFTSWKL,CHINESE_PATENT,GRANULE,每袋装 3g,袋,3,g,ROOM_TEMPERATURE,是,是,否,,否,否,否,,否,,,,,,,,ORAL,TID,否,是,ACTIVE
MED-2026-T014-01,小柴胡颗粒（片）,XCHKLP,CHINESE_PATENT,GRANULE,每袋装 10g（每袋相当于饮片 4.86g）,袋,10,g,ROOM_TEMPERATURE,是,是,否,,否,否,否,,否,,,,,,,,ORAL,TID,否,是,ACTIVE
MED-2026-T014-02,小柴胡颗粒（片）,XCHKLP,CHINESE_PATENT,GRANULE,每袋装 4g （每袋相当于饮片 4.86g）,袋,4,g,ROOM_TEMPERATURE,是,是,否,,否,否,否,,否,,,,,,,,ORAL,TID,否,是,ACTIVE
MED-2026-T014-03,小柴胡颗粒（片）,XCHKLP,CHINESE_PATENT,GRANULE,每袋装 3g,袋,3,g,ROOM_TEMPERATURE,是,是,否,,否,否,否,,否,,,,,,,,ORAL,TID,否,是,ACTIVE
MED-2026-T014-04,小柴胡颗粒（片）,XCHKLP,CHINESE_PATENT,GRANULE,每袋装 2.5g,袋,2.5,g,ROOM_TEMPERATURE,是,是,否,,否,否,否,,否,,,,,,,,ORAL,TID,否,是,ACTIVE
MED-2026-T014-05,小柴胡颗粒（片）,XCHKLP,CHINESE_PATENT,TABLET,每片重 0.4g,片,0.4,g,ROOM_TEMPERATURE,是,是,否,,否,否,否,,否,,,,,,,,ORAL,TID,否,是,ACTIVE
MED-2026-T015,玉屏风颗粒,YPFKL,CHINESE_PATENT,GRANULE,每袋装 5g（相当于饮片 10g）,袋,5,g,ROOM_TEMPERATURE,是,是,否,,否,否,否,,否,,,,,,,,ORAL,TID,否,是,ACTIVE
MED-2026-T016-01,麻仁润肠丸（软胶囊）,MRRCWRJN,CHINESE_PATENT,OTHER,每丸重 6g,丸,6,g,ROOM_TEMPERATURE,是,是,否,,否,否,否,,否,,,,,,,,ORAL,TID,否,是,ACTIVE
MED-2026-T016-02,麻仁润肠丸（软胶囊）,MRRCWRJN,CHINESE_PATENT,OTHER,每 10 粒重 1.6g,丸,1.6,g,ROOM_TEMPERATURE,是,是,否,,否,否,否,,否,,,,,,,,ORAL,TID,否,是,ACTIVE
MED-2026-T016-03,麻仁润肠丸（软胶囊）,MRRCWRJN,CHINESE_PATENT,OTHER,每袋装 6g（每 30丸重 6g）,丸,6,g,ROOM_TEMPERATURE,是,是,否,,否,否,否,,否,,,,,,,,ORAL,TID,否,是,ACTIVE
MED-2026-T016-04,麻仁润肠丸（软胶囊）,MRRCWRJN,CHINESE_PATENT,CAPSULE,每粒装 0.5g,粒,0.5,g,ROOM_TEMPERATURE,是,是,否,,否,否,否,,否,,,,,,,,ORAL,TID,否,是,ACTIVE
MED-2026-T017-01,黄连上清丸（颗粒、胶囊、片）,HLSQWKLJNP,CHINESE_PATENT,OTHER,每丸重 6g,丸,6,g,ROOM_TEMPERATURE,是,是,否,,否,否,否,,否,,,,,,,,ORAL,TID,否,是,ACTIVE
MED-2026-T017-02,黄连上清丸（颗粒、胶囊、片）,HLSQWKLJNP,CHINESE_PATENT,OTHER,每 10 丸重 0.3g,丸,0.3,g,ROOM_TEMPERATURE,是,是,否,,否,否,否,,否,,,,,,,,ORAL,TID,否,是,ACTIVE
MED-2026-T017-03,黄连上清丸（颗粒、胶囊、片）,HLSQWKLJNP,CHINESE_PATENT,OTHER,每 40 丸重 3g,丸,3,g,ROOM_TEMPERATURE,是,是,否,,否,否,否,,否,,,,,,,,ORAL,TID,否,是,ACTIVE
MED-2026-T017-04,黄连上清丸（颗粒、胶囊、片）,HLSQWKLJNP,CHINESE_PATENT,OTHER,每袋装 6g,丸,6,g,ROOM_TEMPERATURE,是,是,否,,否,否,否,,否,,,,,,,,ORAL,TID,否,是,ACTIVE
MED-2026-T017-05,黄连上清丸（颗粒、胶囊、片）,HLSQWKLJNP,CHINESE_PATENT,GRANULE,每袋装 2g,袋,2,g,ROOM_TEMPERATURE,是,是,否,,否,否,否,,否,,,,,,,,ORAL,TID,否,是,ACTIVE
MED-2026-T017-06,黄连上清丸（颗粒、胶囊、片）,HLSQWKLJNP,CHINESE_PATENT,CAPSULE,每粒装 0.4g,粒,0.4,g,ROOM_TEMPERATURE,是,是,否,,否,否,否,,否,,,,,,,,ORAL,TID,否,是,ACTIVE
MED-2026-T017-07,黄连上清丸（颗粒、胶囊、片）,HLSQWKLJNP,CHINESE_PATENT,TABLET,每片重 0.25g,片,0.25,g,ROOM_TEMPERATURE,是,是,否,,否,否,否,,否,,,,,,,,ORAL,TID,否,是,ACTIVE
MED-2026-T017-08,黄连上清丸（颗粒、胶囊、片）,HLSQWKLJNP,CHINESE_PATENT,TABLET,每片重 0.3g,片,0.3,g,ROOM_TEMPERATURE,是,是,否,,否,否,否,,否,,,,,,,,ORAL,TID,否,是,ACTIVE
MED-2026-T017-09,黄连上清丸（颗粒、胶囊、片）,HLSQWKLJNP,CHINESE_PATENT,TABLET,每片重 0.31g,片,0.31,g,ROOM_TEMPERATURE,是,是,否,,否,否,否,,否,,,,,,,,ORAL,TID,否,是,ACTIVE
MED-2026-T018-01,牛黄解毒丸（胶囊、软胶囊、片）,NHJDWJNRJNP,CHINESE_PATENT,OTHER,每丸重 3g,丸,3,g,ROOM_TEMPERATURE,否,是,否,,否,否,否,,否,,,,,,,,ORAL,TID,否,是,ACTIVE
MED-2026-T018-02,牛黄解毒丸（胶囊、软胶囊、片）,NHJDWJNRJNP,CHINESE_PATENT,OTHER,每 100丸重 5g,丸,5,g,ROOM_TEMPERATURE,否,是,否,,否,否,否,,否,,,,,,,,ORAL,TID,否,是,ACTIVE
MED-2026-T018-03,牛黄解毒丸（胶囊、软胶囊、片）,NHJDWJNRJNP,CHINESE_PATENT,OTHER,每袋装 4g,丸,4,g,ROOM_TEMPERATURE,否,是,否,,否,否,否,,否,,,,,,,,ORAL,TID,否,是,ACTIVE
MED-2026-T018-04,牛黄解毒丸（胶囊、软胶囊、片）,NHJDWJNRJNP,CHINESE_PATENT,CAPSULE,每粒装 0.3g,粒,0.3,g,ROOM_TEMPERATURE,否,是,否,,否,否,否,,否,,,,,,,,ORAL,TID,否,是,ACTIVE
MED-2026-T018-05,牛黄解毒丸（胶囊、软胶囊、片）,NHJDWJNRJNP,CHINESE_PATENT,CAPSULE,每粒装 0.4g,粒,0.4,g,ROOM_TEMPERATURE,否,是,否,,否,否,否,,否,,,,,,,,ORAL,TID,否,是,ACTIVE
MED-2026-T018-06,牛黄解毒丸（胶囊、软胶囊、片）,NHJDWJNRJNP,CHINESE_PATENT,TABLET,每片重 0.25g,片,0.25,g,ROOM_TEMPERATURE,否,是,否,,否,否,否,,否,,,,,,,,ORAL,TID,否,是,ACTIVE
MED-2026-T018-07,牛黄解毒丸（胶囊、软胶囊、片）,NHJDWJNRJNP,CHINESE_PATENT,TABLET,每片重 0.27g,片,0.27,g,ROOM_TEMPERATURE,否,是,否,,否,否,否,,否,,,,,,,,ORAL,TID,否,是,ACTIVE
MED-2026-T018-08,牛黄解毒丸（胶囊、软胶囊、片）,NHJDWJNRJNP,CHINESE_PATENT,TABLET,每片重 0.3g,片,0.3,g,ROOM_TEMPERATURE,否,是,否,,否,否,否,,否,,,,,,,,ORAL,TID,否,是,ACTIVE
MED-2026-T019-01,牛黄上清丸（胶囊、片）,NHSQWJNP,CHINESE_PATENT,OTHER,每丸重 6g,丸,6,g,ROOM_TEMPERATURE,是,是,否,,否,否,否,,否,,,,,,,,ORAL,TID,否,是,ACTIVE
MED-2026-T019-02,牛黄上清丸（胶囊、片）,NHSQWJNP,CHINESE_PATENT,OTHER,每 16 粒重 3g,丸,3,g,ROOM_TEMPERATURE,是,是,否,,否,否,否,,否,,,,,,,,ORAL,TID,否,是,ACTIVE
MED-2026-T019-03,牛黄上清丸（胶囊、片）,NHSQWJNP,CHINESE_PATENT,OTHER,每 100 粒重 10g,丸,10,g,ROOM_TEMPERATURE,是,是,否,,否,否,否,,否,,,,,,,,ORAL,TID,否,是,ACTIVE
MED-2026-T019-04,牛黄上清丸（胶囊、片）,NHSQWJNP,CHINESE_PATENT,CAPSULE,每粒装 0.3g,粒,0.3,g,ROOM_TEMPERATURE,是,是,否,,否,否,否,,否,,,,,,,,ORAL,TID,否,是,ACTIVE
MED-2026-T019-05,牛黄上清丸（胶囊、片）,NHSQWJNP,CHINESE_PATENT,TABLET,每片重 0.25g（相当于饮片 0.622g）,片,0.25,g,ROOM_TEMPERATURE,是,是,否,,否,否,否,,否,,,,,,,,ORAL,TID,否,是,ACTIVE
MED-2026-T019-06,牛黄上清丸（胶囊、片）,NHSQWJNP,CHINESE_PATENT,TABLET,每片重 0.265g（相当于饮片 0.62g）,片,0.265,g,ROOM_TEMPERATURE,是,是,否,,否,否,否,,否,,,,,,,,ORAL,TID,否,是,ACTIVE
MED-2026-T019-07,牛黄上清丸（胶囊、片）,NHSQWJNP,CHINESE_PATENT,TABLET,每片重 0.3g,片,0.3,g,ROOM_TEMPERATURE,是,是,否,,否,否,否,,否,,,,,,,,ORAL,TID,否,是,ACTIVE
MED-2026-T020-01,一清颗粒（胶囊）,YQKLJN,CHINESE_PATENT,GRANULE,每袋装 5g,袋,5,g,ROOM_TEMPERATURE,是,是,否,,否,否,否,,否,,,,,,,,ORAL,TID,否,是,ACTIVE
MED-2026-T020-02,一清颗粒（胶囊）,YQKLJN,CHINESE_PATENT,GRANULE,每袋装 7.5g,袋,7.5,g,ROOM_TEMPERATURE,是,是,否,,否,否,否,,否,,,,,,,,ORAL,TID,否,是,ACTIVE
MED-2026-T020-03,一清颗粒（胶囊）,YQKLJN,CHINESE_PATENT,GRANULE,每 1g 相当于饮片 0.98g,袋,1,g,ROOM_TEMPERATURE,是,是,否,,否,否,否,,否,,,,,,,,ORAL,TID,否,是,ACTIVE
MED-2026-T020-04,一清颗粒（胶囊）,YQKLJN,CHINESE_PATENT,CAPSULE,每粒装 0.5g,粒,0.5,g,ROOM_TEMPERATURE,是,是,否,,否,否,否,,否,,,,,,,,ORAL,TID,否,是,ACTIVE
MED-2026-T021-01,板蓝根颗粒,BLGKL,CHINESE_PATENT,GRANULE,每袋装 3g（相当于饮片 7g）,袋,3,g,ROOM_TEMPERATURE,否,是,否,,否,否,否,,否,,,,,,,,ORAL,TID,否,是,ACTIVE
MED-2026-T021-02,板蓝根颗粒,BLGKL,CHINESE_PATENT,GRANULE,每袋装 5g（相当于饮片 7g）,袋,5,g,ROOM_TEMPERATURE,否,是,否,,否,否,否,,否,,,,,,,,ORAL,TID,否,是,ACTIVE
MED-2026-T021-03,板蓝根颗粒,BLGKL,CHINESE_PATENT,GRANULE,每袋装 10g （相当于饮片14g）,袋,10,g,ROOM_TEMPERATURE,否,是,否,,否,否,否,,否,,,,,,,,ORAL,TID,否,是,ACTIVE
MED-2026-T022,金叶败毒颗粒,JYBDKL,CHINESE_PATENT,GRANULE,每袋装 10g,袋,10,g,ROOM_TEMPERATURE,是,是,否,,否,否,否,,否,,,,,,,,ORAL,TID,否,是,ACTIVE
MED-2026-T023,疏风解毒胶囊,SFJDJN,CHINESE_PATENT,CAPSULE,每粒装 0.52g（相当于饮片 2.7g）,粒,0.52,g,ROOM_TEMPERATURE,是,是,否,,否,否,否,,否,,,,,,,,ORAL,TID,否,是,ACTIVE
MED-2026-T024-01,清热解毒颗粒（口服液）,QRJDKLKFY,CHINESE_PATENT,GRANULE,每袋装 5g,袋,5,g,ROOM_TEMPERATURE,是,是,否,,否,否,否,,否,,,,,,,,ORAL,TID,否,是,ACTIVE
MED-2026-T024-02,清热解毒颗粒（口服液）,QRJDKLKFY,CHINESE_PATENT,GRANULE,每袋装 9g,袋,9,g,ROOM_TEMPERATURE,是,是,否,,否,否,否,,否,,,,,,,,ORAL,TID,否,是,ACTIVE
MED-2026-T024-03,清热解毒颗粒（口服液）,QRJDKLKFY,CHINESE_PATENT,GRANULE,每袋装 18g,袋,18,g,ROOM_TEMPERATURE,是,是,否,,否,否,否,,否,,,,,,,,ORAL,TID,否,是,ACTIVE
MED-2026-T024-04,清热解毒合剂,QRJDKLKFY,CHINESE_PATENT,ORAL_LIQUID,每支装 10ml,瓶,10,ml,ROOM_TEMPERATURE,是,是,否,,否,否,否,,否,,,,,,,,ORAL,TID,否,是,ACTIVE
MED-2026-T025,复方黄黛片,FFHDP,CHINESE_PATENT,TABLET,每片重 0.27g,片,0.27,g,ROOM_TEMPERATURE,是,是,否,,否,否,否,,否,,,,,,,,ORAL,TID,否,是,ACTIVE
MED-2026-T026,唐草片,TCP,CHINESE_PATENT,TABLET,每片重 0.4g,片,0.4,g,ROOM_TEMPERATURE,是,是,否,,否,否,否,,否,,,,,,,,ORAL,TID,否,是,ACTIVE
MED-2026-T027-01,清热八味胶囊（散、丸）,QRBWJNSW,CHINESE_PATENT,CAPSULE,每粒装 0.3g（相当于饮片 1.134g）,粒,0.3,g,ROOM_TEMPERATURE,是,是,否,,否,否,否,,否,,,,,,,,ORAL,TID,否,是,ACTIVE
MED-2026-T027-02,清热八味胶囊（散、丸）,QRBWJNSW,CHINESE_PATENT,POWDER,每袋装 15g,袋,15,g,ROOM_TEMPERATURE,是,是,否,,否,否,否,,否,,,,,,,,ORAL,TID,否,是,ACTIVE
MED-2026-T027-03,清热八味胶囊（散、丸）,QRBWJNSW,CHINESE_PATENT,OTHER,每 10 粒重 2g,丸,2,g,ROOM_TEMPERATURE,是,是,否,,否,否,否,,否,,,,,,,,ORAL,TID,否,是,ACTIVE
MED-2026-T028,热炎宁合剂,RYNHJ,CHINESE_PATENT,ORAL_LIQUID,每 1ml 相当于饮片1.30g,瓶,1,ml,ROOM_TEMPERATURE,是,是,否,,否,否,否,,否,,,,,,,,ORAL,TID,否,是,ACTIVE
MED-2026-T029-01,保济丸（口服液）,BJWKFY,CHINESE_PATENT,OTHER,每瓶装 1.85g,丸,1.85,g,ROOM_TEMPERATURE,否,是,否,,否,否,否,,否,,,,,,,,ORAL,TID,否,是,ACTIVE
MED-2026-T029-02,保济丸（口服液）,BJWKFY,CHINESE_PATENT,OTHER,每瓶装 3.7g,丸,3.7,g,ROOM_TEMPERATURE,否,是,否,,否,否,否,,否,,,,,,,,ORAL,TID,否,是,ACTIVE
MED-2026-T029-03,保济合剂,BJWKFY,CHINESE_PATENT,ORAL_LIQUID,每 1ml 相当于饮片0.187g,瓶,1,ml,ROOM_TEMPERATURE,否,是,否,,否,否,否,,否,,,,,,,,ORAL,TID,否,是,ACTIVE
MED-2026-T030-01,藿香正气水酊剂,HXZQSKFYRJN,CHINESE_PATENT,ORAL_LIQUID,每支装 10ml,瓶,10,ml,ROOM_TEMPERATURE,否,是,否,,否,否,否,,否,,,,,,,,ORAL,TID,否,是,ACTIVE
MED-2026-T030-02,藿香正气水每,HXZQSKFYRJN,CHINESE_PATENT,TABLET,常规说明书规格,片,,,ROOM_TEMPERATURE,否,是,否,,否,否,否,,否,,,,,,,,ORAL,TID,否,是,ACTIVE
MED-2026-T030-03,藿香正气水1ml 相当于饮片 0.66g,HXZQSKFYRJN,CHINESE_PATENT,TABLET,每支装 10ml,片,10,ml,ROOM_TEMPERATURE,否,是,否,,否,否,否,,否,,,,,,,,ORAL,TID,否,是,ACTIVE
MED-2026-T030-04,藿香正气水含甘草浸膏 9.76mg,HXZQSKFYRJN,CHINESE_PATENT,ORAL_LIQUID,每支装 10ml,瓶,10,ml,ROOM_TEMPERATURE,否,是,否,,否,否,否,,否,,,,,,,,ORAL,TID,否,是,ACTIVE
MED-2026-T030-05,藿香正气水广藿香油 0.78μl,HXZQSKFYRJN,CHINESE_PATENT,TABLET,每支装 10ml,片,10,ml,ROOM_TEMPERATURE,否,是,否,,否,否,否,,否,,,,,,,,ORAL,TID,否,是,ACTIVE
MED-2026-T030-06,藿香正气水紫苏叶油 0.39μl合剂,HXZQSKFYRJN,CHINESE_PATENT,ORAL_LIQUID,每支装 10ml,瓶,10,ml,ROOM_TEMPERATURE,否,是,否,,否,否,否,,否,,,,,,,,ORAL,TID,否,是,ACTIVE
MED-2026-T030-07,藿香正气水每 1ml相当于饮片 0.66g,HXZQSKFYRJN,CHINESE_PATENT,TABLET,常规说明书规格,片,,,ROOM_TEMPERATURE,否,是,否,,否,否,否,,否,,,,,,,,ORAL,TID,否,是,ACTIVE
MED-2026-T030-08,藿香正气水含甘草浸膏 10mg,HXZQSKFYRJN,CHINESE_PATENT,ORAL_LIQUID,常规说明书规格,瓶,,,ROOM_TEMPERATURE,否,是,否,,否,否,否,,否,,,,,,,,ORAL,TID,否,是,ACTIVE
MED-2026-T030-09,藿香正气水含广藿香油0.8μl,HXZQSKFYRJN,CHINESE_PATENT,TABLET,常规说明书规格,片,,,ROOM_TEMPERATURE,否,是,否,,否,否,否,,否,,,,,,,,ORAL,TID,否,是,ACTIVE
MED-2026-T030-10,藿香正气水含紫苏叶油 0.4μl,HXZQSKFYRJN,CHINESE_PATENT,TABLET,常规说明书规格,片,,,ROOM_TEMPERATURE,否,是,否,,否,否,否,,否,,,,,,,,ORAL,TID,否,是,ACTIVE
MED-2026-T030-11,藿香正气水（口服液、软胶囊）,HXZQSKFYRJN,CHINESE_PATENT,CAPSULE,每粒装 0.45g,粒,0.45,g,ROOM_TEMPERATURE,否,是,否,,否,否,否,,否,,,,,,,,ORAL,TID,否,是,ACTIVE
MED-2026-T031-01,十滴水酊剂,SDS,CHINESE_PATENT,ORAL_LIQUID,每瓶 （支）装 5ml,瓶,5,ml,ROOM_TEMPERATURE,是,是,否,,否,否,否,,否,,,,,,,,ORAL,TID,否,是,ACTIVE
MED-2026-T031-02,十滴水酊剂,SDS,CHINESE_PATENT,ORAL_LIQUID,每瓶 10ml,瓶,10,ml,ROOM_TEMPERATURE,是,是,否,,否,否,否,,否,,,,,,,,ORAL,TID,否,是,ACTIVE
MED-2026-T031-03,十滴水酊剂,SDS,CHINESE_PATENT,ORAL_LIQUID,每瓶 100ml,瓶,100,ml,ROOM_TEMPERATURE,是,是,否,,否,否,否,,否,,,,,,,,ORAL,TID,否,是,ACTIVE
MED-2026-T031-04,十滴水酊剂,SDS,CHINESE_PATENT,ORAL_LIQUID,每瓶 500ml,瓶,500,ml,ROOM_TEMPERATURE,是,是,否,,否,否,否,,否,,,,,,,,ORAL,TID,否,是,ACTIVE
MED-2026-T031-05,十滴水每1ml 相当于饮片 0.07g,SDS,CHINESE_PATENT,TABLET,常规说明书规格,片,,,ROOM_TEMPERATURE,是,是,否,,否,否,否,,否,,,,,,,,ORAL,TID,否,是,ACTIVE
MED-2026-T031-06,十滴水含樟脑 25mg,SDS,CHINESE_PATENT,TABLET,常规说明书规格,片,,,ROOM_TEMPERATURE,是,是,否,,否,否,否,,否,,,,,,,,ORAL,TID,否,是,ACTIVE
MED-2026-T031-07,十滴水桉油 12.5μl,SDS,CHINESE_PATENT,TABLET,常规说明书规格,片,,,ROOM_TEMPERATURE,是,是,否,,否,否,否,,否,,,,,,,,ORAL,TID,否,是,ACTIVE
MED-2026-T032,四妙丸,SMW,CHINESE_PATENT,OTHER,每 15 粒重 1g,丸,1,g,ROOM_TEMPERATURE,是,是,否,,否,否,否,,否,,,,,,,,ORAL,TID,否,是,ACTIVE
MED-2026-T033-01,双黄连合剂（口服液、颗粒、胶囊、片）,SHLHJKFYKLJNP,CHINESE_PATENT,ORAL_LIQUID,每瓶装 100ml,瓶,100,ml,ROOM_TEMPERATURE,否,是,否,,否,否,否,,否,,,,,,,,ORAL,TID,否,是,ACTIVE
MED-2026-T033-02,双黄连每支装 10ml（相当于饮片 7.5g）,SHLHJKFYKLJNP,CHINESE_PATENT,TABLET,常规说明书规格,片,,,ROOM_TEMPERATURE,否,是,否,,否,否,否,,否,,,,,,,,ORAL,TID,否,是,ACTIVE
MED-2026-T033-03,双黄连20ml,SHLHJKFYKLJNP,CHINESE_PATENT,TABLET,常规说明书规格,片,,,ROOM_TEMPERATURE,否,是,否,,否,否,否,,否,,,,,,,,ORAL,TID,否,是,ACTIVE
MED-2026-T033-04,双黄连每 1ml 相当于饮片1.5g,SHLHJKFYKLJNP,CHINESE_PATENT,TABLET,常规说明书规格,片,,,ROOM_TEMPERATURE,否,是,否,,否,否,否,,否,,,,,,,,ORAL,TID,否,是,ACTIVE
MED-2026-T033-05,双黄连3.0g,SHLHJKFYKLJNP,CHINESE_PATENT,TABLET,常规说明书规格,片,,,ROOM_TEMPERATURE,否,是,否,,否,否,否,,否,,,,,,,,ORAL,TID,否,是,ACTIVE
MED-2026-T033-06,双黄连合剂（口服液、颗粒、胶囊、片）,SHLHJKFYKLJNP,CHINESE_PATENT,GRANULE,每袋装 5g（相当于净饮片 15g）,袋,5,g,ROOM_TEMPERATURE,否,是,否,,否,否,否,,否,,,,,,,,ORAL,TID,否,是,ACTIVE
MED-2026-T033-07,双黄连合剂（口服液、颗粒、胶囊、片）,SHLHJKFYKLJNP,CHINESE_PATENT,GRANULE,每袋装 5g （相当于净饮片 30g）,袋,5,g,ROOM_TEMPERATURE,否,是,否,,否,否,否,,否,,,,,,,,ORAL,TID,否,是,ACTIVE
MED-2026-T033-08,双黄连合剂（口服液、颗粒、胶囊、片）,SHLHJKFYKLJNP,CHINESE_PATENT,CAPSULE,每粒装 0.4g,粒,0.4,g,ROOM_TEMPERATURE,否,是,否,,否,否,否,,否,,,,,,,,ORAL,TID,否,是,ACTIVE
MED-2026-T033-09,双黄连合剂（口服液、颗粒、胶囊、片）,SHLHJKFYKLJNP,CHINESE_PATENT,TABLET,每片重 0.53g,片,0.53,g,ROOM_TEMPERATURE,否,是,否,,否,否,否,,否,,,,,,,,ORAL,TID,否,是,ACTIVE
MED-2026-T034-01,银黄合剂,YHKFYKLJNP,CHINESE_PATENT,ORAL_LIQUID,每支装 10ml,瓶,10,ml,ROOM_TEMPERATURE,是,是,否,,否,否,否,,否,,,,,,,,ORAL,TID,否,是,ACTIVE
MED-2026-T034-02,银黄每 1ml 含金银花提取物（以绿原酸计）2.4mg,YHKFYKLJNP,CHINESE_PATENT,TABLET,常规说明书规格,片,,,ROOM_TEMPERATURE,是,是,否,,否,否,否,,否,,,,,,,,ORAL,TID,否,是,ACTIVE
MED-2026-T034-03,银黄含黄芩提取物（以黄芩苷计） 24mg,YHKFYKLJNP,CHINESE_PATENT,TABLET,常规说明书规格,片,,,ROOM_TEMPERATURE,是,是,否,,否,否,否,,否,,,,,,,,ORAL,TID,否,是,ACTIVE
MED-2026-T034-04,银黄口服液（颗粒、胶囊、片）,YHKFYKLJNP,CHINESE_PATENT,GRANULE,每袋装 2g,袋,2,g,ROOM_TEMPERATURE,是,是,否,,否,否,否,,否,,,,,,,,ORAL,TID,否,是,ACTIVE
MED-2026-T034-05,银黄口服液（颗粒、胶囊、片）,YHKFYKLJNP,CHINESE_PATENT,GRANULE,每袋装 4g（含金银花提取物 0.4g，黄芩提取物 0.16g）,袋,4,g,ROOM_TEMPERATURE,是,是,否,,否,否,否,,否,,,,,,,,ORAL,TID,否,是,ACTIVE
MED-2026-T034-06,银黄口服液（颗粒、胶囊、片）,YHKFYKLJNP,CHINESE_PATENT,CAPSULE,每粒装 0.3g（含提取物 0.14g）,粒,0.3,g,ROOM_TEMPERATURE,是,是,否,,否,否,否,,否,,,,,,,,ORAL,TID,否,是,ACTIVE
MED-2026-T034-07,银黄口服液（颗粒、胶囊、片）,YHKFYKLJNP,CHINESE_PATENT,TABLET,每片重 0.25g,片,0.25,g,ROOM_TEMPERATURE,是,是,否,,否,否,否,,否,,,,,,,,ORAL,TID,否,是,ACTIVE
MED-2026-T035-01,茵栀黄合剂,YZHKFYKL,CHINESE_PATENT,ORAL_LIQUID,每支装 10ml（含黄芩苷 0.4g）,瓶,10,ml,ROOM_TEMPERATURE,是,是,否,,否,否,否,,否,,,,,,,,ORAL,TID,否,是,ACTIVE
MED-2026-T035-02,茵栀黄口服液（颗粒）,YZHKFYKL,CHINESE_PATENT,GRANULE,每袋装 3g,袋,3,g,ROOM_TEMPERATURE,是,是,否,,否,否,否,,否,,,,,,,,ORAL,TID,否,是,ACTIVE
MED-2026-T036,复方黄连素片,FFHLSP,CHINESE_PATENT,TABLET,每片 含盐酸小檗碱30mg,片,30,mg,ROOM_TEMPERATURE,是,是,否,,否,否,否,,否,,,,,,,,ORAL,TID,否,是,ACTIVE
MED-2026-T037-01,连花清瘟胶囊（颗粒）,LHQWJNKL,CHINESE_PATENT,CAPSULE,每粒装 0.35g,粒,0.35,g,ROOM_TEMPERATURE,是,是,否,,否,否,否,,否,,,,,,,,ORAL,TID,否,是,ACTIVE
MED-2026-T037-02,连花清瘟胶囊（颗粒）,LHQWJNKL,CHINESE_PATENT,GRANULE,每袋装 6g,袋,6,g,ROOM_TEMPERATURE,是,是,否,,否,否,否,,否,,,,,,,,ORAL,TID,否,是,ACTIVE
MED-2026-T038-01,香连丸,XLW,CHINESE_PATENT,OTHER,每 6 丸相当于原生药 3g,丸,3,g,ROOM_TEMPERATURE,是,是,否,,否,否,否,,否,,,,,,,,ORAL,TID,否,是,ACTIVE
MED-2026-T038-02,香连丸,XLW,CHINESE_PATENT,OTHER,每 10 丸重 1.5g,丸,1.5,g,ROOM_TEMPERATURE,是,是,否,,否,否,否,,否,,,,,,,,ORAL,TID,否,是,ACTIVE
MED-2026-T038-03,香连丸,XLW,CHINESE_PATENT,OTHER,每12 丸重约 1g,丸,1,g,ROOM_TEMPERATURE,是,是,否,,否,否,否,,否,,,,,,,,ORAL,TID,否,是,ACTIVE
MED-2026-T038-04,香连丸,XLW,CHINESE_PATENT,OTHER,每 20 丸重1g,丸,1,g,ROOM_TEMPERATURE,是,是,否,,否,否,否,,否,,,,,,,,ORAL,TID,否,是,ACTIVE
MED-2026-T038-05,香连丸,XLW,CHINESE_PATENT,OTHER,每 100 粒重 3g （相当于饮片 3g）,丸,3,g,ROOM_TEMPERATURE,是,是,否,,否,否,否,,否,,,,,,,,ORAL,TID,否,是,ACTIVE
MED-2026-T039-01,金芪降糖片（胶囊、颗粒）,JQJTPJNKL,CHINESE_PATENT,TABLET,每片重 0.56g,片,0.56,g,ROOM_TEMPERATURE,是,是,否,,否,否,否,,否,,,,,,,,ORAL,TID,否,是,ACTIVE
MED-2026-T039-02,金芪降糖片（胶囊、颗粒）,JQJTPJNKL,CHINESE_PATENT,CAPSULE,每粒装 0.4g,粒,0.4,g,ROOM_TEMPERATURE,是,是,否,,否,否,否,,否,,,,,,,,ORAL,TID,否,是,ACTIVE
MED-2026-T039-03,金芪降糖片（胶囊、颗粒）,JQJTPJNKL,CHINESE_PATENT,GRANULE,每袋装 5g,袋,5,g,ROOM_TEMPERATURE,是,是,否,,否,否,否,,否,,,,,,,,ORAL,TID,否,是,ACTIVE
MED-2026-T040-01,附子理中丸（片）,FZLZWP,CHINESE_PATENT,OTHER,每丸重 9g,丸,9,g,ROOM_TEMPERATURE,是,是,否,,否,否,否,,否,,,,,,,,ORAL,TID,否,是,ACTIVE
MED-2026-T040-02,附子理中丸（片）,FZLZWP,CHINESE_PATENT,OTHER,每 8 丸相当于原生药 3g,丸,3,g,ROOM_TEMPERATURE,是,是,否,,否,否,否,,否,,,,,,,,ORAL,TID,否,是,ACTIVE
MED-2026-T040-03,附子理中丸（片）,FZLZWP,CHINESE_PATENT,OTHER,每袋装 6g,丸,6,g,ROOM_TEMPERATURE,是,是,否,,否,否,否,,否,,,,,,,,ORAL,TID,否,是,ACTIVE
MED-2026-T040-04,附子理中丸（片）,FZLZWP,CHINESE_PATENT,TABLET,每片重 0.25g（相当于饮片 0.43g）,片,0.25,g,ROOM_TEMPERATURE,是,是,否,,否,否,否,,否,,,,,,,,ORAL,TID,否,是,ACTIVE
MED-2026-T041-01,香砂养胃丸（颗粒、片）,XSYWWKLP,CHINESE_PATENT,OTHER,每 8 丸相当于原药材（原生药、饮片）3g,丸,3,g,ROOM_TEMPERATURE,是,是,否,,否,否,否,,否,,,,,,,,ORAL,TID,否,是,ACTIVE
MED-2026-T041-02,香砂养胃丸（颗粒、片）,XSYWWKLP,CHINESE_PATENT,OTHER,每袋装 9g,丸,9,g,ROOM_TEMPERATURE,是,是,否,,否,否,否,,否,,,,,,,,ORAL,TID,否,是,ACTIVE
MED-2026-T041-03,香砂养胃丸（颗粒、片）,XSYWWKLP,CHINESE_PATENT,GRANULE,每袋装 5g,袋,5,g,ROOM_TEMPERATURE,是,是,否,,否,否,否,,否,,,,,,,,ORAL,TID,否,是,ACTIVE
MED-2026-T041-04,香砂养胃丸（颗粒、片）,XSYWWKLP,CHINESE_PATENT,TABLET,每片重 0.6g,片,0.6,g,ROOM_TEMPERATURE,是,是,否,,否,否,否,,否,,,,,,,,ORAL,TID,否,是,ACTIVE
MED-2026-T042-01,香砂平胃丸（颗粒）,XSPWWKL,CHINESE_PATENT,OTHER,每袋 （瓶）装 6g,丸,6,g,ROOM_TEMPERATURE,是,是,否,,否,否,否,,否,,,,,,,,ORAL,TID,否,是,ACTIVE
MED-2026-T042-02,香砂平胃丸（颗粒）,XSPWWKL,CHINESE_PATENT,GRANULE,每袋装 5g,袋,5,g,ROOM_TEMPERATURE,是,是,否,,否,否,否,,否,,,,,,,,ORAL,TID,否,是,ACTIVE
MED-2026-T042-03,香砂平胃丸（颗粒）,XSPWWKL,CHINESE_PATENT,GRANULE,每袋装 10g,袋,10,g,ROOM_TEMPERATURE,是,是,否,,否,否,否,,否,,,,,,,,ORAL,TID,否,是,ACTIVE
MED-2026-T043-01,理中丸,LZW,CHINESE_PATENT,OTHER,每丸重 9g,丸,9,g,ROOM_TEMPERATURE,是,是,否,,否,否,否,,否,,,,,,,,ORAL,TID,否,是,ACTIVE
MED-2026-T043-02,理中丸,LZW,CHINESE_PATENT,OTHER,每 8 丸相当于原药材 3g,丸,3,g,ROOM_TEMPERATURE,是,是,否,,否,否,否,,否,,,,,,,,ORAL,TID,否,是,ACTIVE
MED-2026-T044-01,参麦注射液,CMZSY,CHINESE_PATENT,INJECTION,每支装 10ml,支,10,ml,ROOM_TEMPERATURE,是,是,否,,否,否,否,,否,,,,,,,,IM,TID,否,是,ACTIVE
MED-2026-T044-02,参麦注射液,CMZSY,CHINESE_PATENT,INJECTION,每支装 20ml,支,20,ml,ROOM_TEMPERATURE,是,是,否,,否,否,否,,否,,,,,,,,IM,TID,否,是,ACTIVE
MED-2026-T044-03,参麦注射液,CMZSY,CHINESE_PATENT,INJECTION,每瓶装 50ml,支,50,ml,ROOM_TEMPERATURE,是,是,否,,否,否,否,,否,,,,,,,,IM,TID,否,是,ACTIVE
MED-2026-T044-04,参麦注射液,CMZSY,CHINESE_PATENT,INJECTION,每瓶装 100ml,支,100,ml,ROOM_TEMPERATURE,是,是,否,,否,否,否,,否,,,,,,,,IM,TID,否,是,ACTIVE
MED-2026-T045-01,生脉饮合剂,SMYKLJNZSY,CHINESE_PATENT,ORAL_LIQUID,每支装 10ml,瓶,10,ml,ROOM_TEMPERATURE,是,是,否,,否,否,否,,否,,,,,,,,ORAL,TID,否,是,ACTIVE
MED-2026-T045-02,生脉饮（颗粒、胶囊、注射液）,SMYKLJNZSY,CHINESE_PATENT,GRANULE,每袋装 2g,袋,2,g,ROOM_TEMPERATURE,是,是,否,,否,否,否,,否,,,,,,,,ORAL,TID,否,是,ACTIVE
MED-2026-T045-03,生脉饮（颗粒、胶囊、注射液）,SMYKLJNZSY,CHINESE_PATENT,GRANULE,每袋装 10g,袋,10,g,ROOM_TEMPERATURE,是,是,否,,否,否,否,,否,,,,,,,,ORAL,TID,否,是,ACTIVE
MED-2026-T045-04,生脉饮（颗粒、胶囊、注射液）,SMYKLJNZSY,CHINESE_PATENT,CAPSULE,每粒装 0.3g,粒,0.3,g,ROOM_TEMPERATURE,是,是,否,,否,否,否,,否,,,,,,,,ORAL,TID,否,是,ACTIVE
MED-2026-T045-05,生脉饮（颗粒、胶囊、注射液）,SMYKLJNZSY,CHINESE_PATENT,CAPSULE,每粒装 0.35g,粒,0.35,g,ROOM_TEMPERATURE,是,是,否,,否,否,否,,否,,,,,,,,ORAL,TID,否,是,ACTIVE
MED-2026-T045-06,生脉饮（颗粒、胶囊、注射液）,SMYKLJNZSY,CHINESE_PATENT,INJECTION,每支装 10ml,支,10,ml,ROOM_TEMPERATURE,是,是,否,,否,否,否,,否,,,,,,,,IM,TID,否,是,ACTIVE
MED-2026-T045-07,生脉饮（颗粒、胶囊、注射液）,SMYKLJNZSY,CHINESE_PATENT,INJECTION,每支装 20ml,支,20,ml,ROOM_TEMPERATURE,是,是,否,,否,否,否,,否,,,,,,,,IM,TID,否,是,ACTIVE
MED-2026-T046-01,稳心颗粒,WXKL,CHINESE_PATENT,GRANULE,每袋装 5g（每 1g相当于饮片 1.8g）,袋,5,g,ROOM_TEMPERATURE,是,是,否,,否,否,否,,否,,,,,,,,ORAL,TID,否,是,ACTIVE
MED-2026-T046-02,稳心颗粒,WXKL,CHINESE_PATENT,GRANULE,每袋装 9g（每1g 相当于饮片 1.0g）,袋,9,g,ROOM_TEMPERATURE,是,是,否,,否,否,否,,否,,,,,,,,ORAL,TID,否,是,ACTIVE
MED-2026-T047-01,通宣理肺丸（颗粒、胶囊、片）,TXLFWKLJNP,CHINESE_PATENT,OTHER,每丸重 6g,丸,6,g,ROOM_TEMPERATURE,是,是,否,,否,否,否,,否,,,,,,,,ORAL,TID,否,是,ACTIVE
MED-2026-T047-02,通宣理肺丸（颗粒、胶囊、片）,TXLFWKLJNP,CHINESE_PATENT,OTHER,每 8 丸相当于原药材 3g,丸,3,g,ROOM_TEMPERATURE,是,是,否,,否,否,否,,否,,,,,,,,ORAL,TID,否,是,ACTIVE
MED-2026-T047-03,通宣理肺丸（颗粒、胶囊、片）,TXLFWKLJNP,CHINESE_PATENT,OTHER,每 100丸重 10g,丸,10,g,ROOM_TEMPERATURE,是,是,否,,否,否,否,,否,,,,,,,,ORAL,TID,否,是,ACTIVE
MED-2026-T047-04,通宣理肺丸（颗粒、胶囊、片）,TXLFWKLJNP,CHINESE_PATENT,GRANULE,每袋装 3g（相当于饮片 9.3g）,袋,3,g,ROOM_TEMPERATURE,是,是,否,,否,否,否,,否,,,,,,,,ORAL,TID,否,是,ACTIVE
MED-2026-T047-05,通宣理肺丸（颗粒、胶囊、片）,TXLFWKLJNP,CHINESE_PATENT,GRANULE,每袋装 9g,袋,9,g,ROOM_TEMPERATURE,是,是,否,,否,否,否,,否,,,,,,,,ORAL,TID,否,是,ACTIVE
MED-2026-T047-06,通宣理肺丸（颗粒、胶囊、片）,TXLFWKLJNP,CHINESE_PATENT,CAPSULE,每粒装 0.36g,粒,0.36,g,ROOM_TEMPERATURE,是,是,否,,否,否,否,,否,,,,,,,,ORAL,TID,否,是,ACTIVE
MED-2026-T047-07,通宣理肺丸（颗粒、胶囊、片）,TXLFWKLJNP,CHINESE_PATENT,TABLET,每片重 0.3g,片,0.3,g,ROOM_TEMPERATURE,是,是,否,,否,否,否,,否,,,,,,,,ORAL,TID,否,是,ACTIVE
MED-2026-T048-01,寒喘祖帕颗粒,HCZPKL,CHINESE_PATENT,GRANULE,每袋装 6g（每 1g相当于饮片 1.53g）,袋,6,g,ROOM_TEMPERATURE,是,是,否,,否,否,否,,否,,,,,,,,ORAL,TID,否,是,ACTIVE
MED-2026-T048-02,寒喘祖帕颗粒,HCZPKL,CHINESE_PATENT,GRANULE,每袋装 10g（每1g 相当于饮片 0.918g）,袋,10,g,ROOM_TEMPERATURE,是,是,否,,否,否,否,,否,,,,,,,,ORAL,TID,否,是,ACTIVE
MED-2026-T048-03,寒喘祖帕颗粒,HCZPKL,CHINESE_PATENT,GRANULE,每袋装 12g（每 1g 相当于饮片0.765g）,袋,12,g,ROOM_TEMPERATURE,是,是,否,,否,否,否,,否,,,,,,,,ORAL,TID,否,是,ACTIVE
MED-2026-T049-01,蛇胆川贝液糖浆剂,SDCBY,CHINESE_PATENT,ORAL_LIQUID,每支装 10ml,瓶,10,ml,ROOM_TEMPERATURE,是,是,否,,否,否,否,,否,,,,,,,,ORAL,TID,否,是,ACTIVE
MED-2026-T049-02,蛇胆川贝液糖浆剂,SDCBY,CHINESE_PATENT,ORAL_LIQUID,每 1ml 相当于饮片0.085g,瓶,1,ml,ROOM_TEMPERATURE,是,是,否,,否,否,否,,否,,,,,,,,ORAL,TID,否,是,ACTIVE
MED-2026-T049-03,蛇胆川贝液合剂,SDCBY,CHINESE_PATENT,ORAL_LIQUID,每支装 10ml,瓶,10,ml,ROOM_TEMPERATURE,是,是,否,,否,否,否,,否,,,,,,,,ORAL,TID,否,是,ACTIVE
MED-2026-T049-04,蛇胆川贝液合剂,SDCBY,CHINESE_PATENT,ORAL_LIQUID,每 1ml 相当于饮片0.085g,瓶,1,ml,ROOM_TEMPERATURE,是,是,否,,否,否,否,,否,,,,,,,,ORAL,TID,否,是,ACTIVE
MED-2026-T050-01,橘红丸（颗粒、胶囊、片）,JHWKLJNP,CHINESE_PATENT,OTHER,每丸重 6g,丸,6,g,ROOM_TEMPERATURE,是,是,否,,否,否,否,,否,,,,,,,,ORAL,TID,否,是,ACTIVE
MED-2026-T050-02,橘红丸（颗粒、胶囊、片）,JHWKLJNP,CHINESE_PATENT,OTHER,每 100丸重 10g,丸,10,g,ROOM_TEMPERATURE,是,是,否,,否,否,否,,否,,,,,,,,ORAL,TID,否,是,ACTIVE
MED-2026-T050-03,橘红丸（颗粒、胶囊、片）,JHWKLJNP,CHINESE_PATENT,GRANULE,每袋装 11g（相当于原生药 7g）,袋,11,g,ROOM_TEMPERATURE,是,是,否,,否,否,否,,否,,,,,,,,ORAL,TID,否,是,ACTIVE
MED-2026-T050-04,橘红丸（颗粒、胶囊、片）,JHWKLJNP,CHINESE_PATENT,CAPSULE,每粒装 0.5g,粒,0.5,g,ROOM_TEMPERATURE,是,是,否,,否,否,否,,否,,,,,,,,ORAL,TID,否,是,ACTIVE
MED-2026-T050-05,橘红丸（颗粒、胶囊、片）,JHWKLJNP,CHINESE_PATENT,TABLET,每片重 0.6g,片,0.6,g,ROOM_TEMPERATURE,是,是,否,,否,否,否,,否,,,,,,,,ORAL,TID,否,是,ACTIVE
MED-2026-T051-01,急支糖浆剂,JZTJKL,CHINESE_PATENT,ORAL_LIQUID,每 1ml 相当于饮片 0.66g,瓶,1,ml,COOL,是,是,否,,否,否,否,,否,,,,,,,,ORAL,TID,否,是,ACTIVE
MED-2026-T051-02,急支糖浆（颗粒）,JZTJKL,CHINESE_PATENT,GRANULE,每 1g 相当于饮片3.96g,袋,1,g,COOL,是,是,否,,否,否,否,,否,,,,,,,,ORAL,TID,否,是,ACTIVE
MED-2026-T052-01,肺力咳合剂（胶囊）,FLKHJJN,CHINESE_PATENT,ORAL_LIQUID,每 1ml 相当于饮片0.187g,瓶,1,ml,ROOM_TEMPERATURE,是,是,否,,否,否,否,,否,,,,,,,,ORAL,TID,否,是,ACTIVE
MED-2026-T052-02,肺力咳合剂（胶囊）,FLKHJJN,CHINESE_PATENT,CAPSULE,每粒装 0.3g,粒,0.3,g,ROOM_TEMPERATURE,是,是,否,,否,否,否,,否,,,,,,,,ORAL,TID,否,是,ACTIVE
MED-2026-T053-01,养阴清肺丸（膏、颗粒）,YYQFWGKL,CHINESE_PATENT,OTHER,每丸重 9g,丸,9,g,ROOM_TEMPERATURE,是,是,否,,否,否,否,,否,,,,,,,,ORAL,TID,否,是,ACTIVE
MED-2026-T053-02,养阴清肺丸（膏、颗粒）,YYQFWGKL,CHINESE_PATENT,OTHER,每 100粒重 10g,丸,10,g,ROOM_TEMPERATURE,是,是,否,,否,否,否,,否,,,,,,,,ORAL,TID,否,是,ACTIVE
MED-2026-T053-03,养阴清肺煎膏剂,YYQFWGKL,CHINESE_PATENT,TABLET,每瓶装 50g,片,50,g,ROOM_TEMPERATURE,是,是,否,,否,否,否,,否,,,,,,,,ORAL,TID,否,是,ACTIVE
MED-2026-T053-04,养阴清肺煎膏剂,YYQFWGKL,CHINESE_PATENT,TABLET,每瓶装 150g,片,150,g,ROOM_TEMPERATURE,是,是,否,,否,否,否,,否,,,,,,,,ORAL,TID,否,是,ACTIVE
MED-2026-T053-05,养阴清肺煎膏剂,YYQFWGKL,CHINESE_PATENT,TABLET,每瓶装 80ml,片,80,ml,ROOM_TEMPERATURE,是,是,否,,否,否,否,,否,,,,,,,,ORAL,TID,否,是,ACTIVE
MED-2026-T053-06,养阴清肺煎膏剂,YYQFWGKL,CHINESE_PATENT,TABLET,每瓶装 100ml,片,100,ml,ROOM_TEMPERATURE,是,是,否,,否,否,否,,否,,,,,,,,ORAL,TID,否,是,ACTIVE
MED-2026-T053-07,养阴清肺丸（膏、颗粒）,YYQFWGKL,CHINESE_PATENT,GRANULE,每袋装 15g,袋,15,g,ROOM_TEMPERATURE,是,是,否,,否,否,否,,否,,,,,,,,ORAL,TID,否,是,ACTIVE
MED-2026-T054-01,二母宁嗽丸（颗粒、片）,EMNSWKLP,CHINESE_PATENT,OTHER,每丸重 9g（相当于饮片 4g）,丸,9,g,ROOM_TEMPERATURE,是,是,否,,否,否,否,,否,,,,,,,,ORAL,TID,否,是,ACTIVE
MED-2026-T054-02,二母宁嗽丸（颗粒、片）,EMNSWKLP,CHINESE_PATENT,OTHER,每 100 丸重 10g颗粒剂：每袋装 3g,丸,3,g,ROOM_TEMPERATURE,是,是,否,,否,否,否,,否,,,,,,,,ORAL,TID,否,是,ACTIVE
MED-2026-T054-03,二母宁嗽丸（颗粒、片）,EMNSWKLP,CHINESE_PATENT,OTHER,每丸重 10g,丸,10,g,ROOM_TEMPERATURE,是,是,否,,否,否,否,,否,,,,,,,,ORAL,TID,否,是,ACTIVE
MED-2026-T054-04,二母宁嗽丸（颗粒、片）,EMNSWKLP,CHINESE_PATENT,TABLET,每片重 0.55g,片,0.55,g,ROOM_TEMPERATURE,是,是,否,,否,否,否,,否,,,,,,,,ORAL,TID,否,是,ACTIVE
MED-2026-T055-01,润肺膏煎膏剂,RFG,CHINESE_PATENT,TABLET,每 1g 相当于饮片 20mg,片,1,g,ROOM_TEMPERATURE,是,是,否,,否,否,否,,否,,,,,,,,ORAL,TID,否,是,ACTIVE
MED-2026-T055-02,润肺膏煎膏剂,RFG,CHINESE_PATENT,TABLET,含莱阳梨清膏485mg,片,485,mg,ROOM_TEMPERATURE,是,是,否,,否,否,否,,否,,,,,,,,ORAL,TID,否,是,ACTIVE
MED-2026-T056-01,"强力枇杷膏（蜜炼）、
强力枇杷露煎膏剂（膏滋）",QLPPGMLQLPPL,CHINESE_PATENT,TABLET,每瓶装 180g,片,180,g,ROOM_TEMPERATURE,是,是,否,,否,否,否,,否,,,,,,,,ORAL,TID,否,是,ACTIVE
MED-2026-T056-02,"强力枇杷膏（蜜炼）、
强力枇杷露煎膏剂（膏滋）",QLPPGMLQLPPL,CHINESE_PATENT,TABLET,每瓶装 240g,片,240,g,ROOM_TEMPERATURE,是,是,否,,否,否,否,,否,,,,,,,,ORAL,TID,否,是,ACTIVE
MED-2026-T056-03,"强力枇杷膏（蜜炼）、
强力枇杷露煎膏剂（膏滋）",QLPPGMLQLPPL,CHINESE_PATENT,TABLET,每瓶装 300g,片,300,g,ROOM_TEMPERATURE,是,是,否,,否,否,否,,否,,,,,,,,ORAL,TID,否,是,ACTIVE
MED-2026-T056-04,"强力枇杷膏（蜜炼）、
强力枇杷露糖浆剂",QLPPGMLQLPPL,CHINESE_PATENT,ORAL_LIQUID,每瓶装 100ml,瓶,100,ml,ROOM_TEMPERATURE,是,是,否,,否,否,否,,否,,,,,,,,ORAL,TID,否,是,ACTIVE
MED-2026-T056-05,"强力枇杷膏（蜜炼）、
强力枇杷露糖浆剂",QLPPGMLQLPPL,CHINESE_PATENT,ORAL_LIQUID,每瓶装 150ml,瓶,150,ml,ROOM_TEMPERATURE,是,是,否,,否,否,否,,否,,,,,,,,ORAL,TID,否,是,ACTIVE
MED-2026-T056-06,"强力枇杷膏（蜜炼）、
强力枇杷露糖浆剂",QLPPGMLQLPPL,CHINESE_PATENT,ORAL_LIQUID,每瓶装 250ml,瓶,250,ml,ROOM_TEMPERATURE,是,是,否,,否,否,否,,否,,,,,,,,ORAL,TID,否,是,ACTIVE
MED-2026-T056-07,"强力枇杷膏（蜜炼）、
强力枇杷露糖浆剂",QLPPGMLQLPPL,CHINESE_PATENT,ORAL_LIQUID,每瓶装 330ml,瓶,330,ml,ROOM_TEMPERATURE,是,是,否,,否,否,否,,否,,,,,,,,ORAL,TID,否,是,ACTIVE
MED-2026-T056-08,"强力枇杷膏（蜜炼）、
强力枇杷露每 1ml 相当于饮片 0. 155g",QLPPGMLQLPPL,CHINESE_PATENT,TABLET,常规说明书规格,片,,,ROOM_TEMPERATURE,是,是,否,,否,否,否,,否,,,,,,,,ORAL,TID,否,是,ACTIVE
MED-2026-T056-09,"强力枇杷膏（蜜炼）、
强力枇杷露含薄荷脑 0.15mg",QLPPGMLQLPPL,CHINESE_PATENT,TABLET,常规说明书规格,片,,,ROOM_TEMPERATURE,是,是,否,,否,否,否,,否,,,,,,,,ORAL,TID,否,是,ACTIVE
MED-2026-T057,杏贝止咳颗粒,XBZKKL,CHINESE_PATENT,GRANULE,每 1g 相当于饮片4.416g,袋,1,g,ROOM_TEMPERATURE,是,是,否,,否,否,否,,否,,,,,,,,ORAL,TID,否,是,ACTIVE
MED-2026-T058,苏黄止咳胶囊,SHZKJN,CHINESE_PATENT,CAPSULE,每粒装 0.45g,粒,0.45,g,ROOM_TEMPERATURE,是,是,否,,否,否,否,,否,,,,,,,,ORAL,TID,否,是,ACTIVE
MED-2026-T059-01,蛤蚧定喘丸（胶囊）,GJDCWJN,CHINESE_PATENT,OTHER,每丸重 9g,丸,9,g,ROOM_TEMPERATURE,是,是,否,,否,否,否,,否,,,,,,,,ORAL,TID,否,是,ACTIVE
MED-2026-T059-02,蛤蚧定喘丸（胶囊）,GJDCWJN,CHINESE_PATENT,OTHER,每 60丸重 9g,丸,9,g,ROOM_TEMPERATURE,是,是,否,,否,否,否,,否,,,,,,,,ORAL,TID,否,是,ACTIVE
MED-2026-T059-03,蛤蚧定喘丸（胶囊）,GJDCWJN,CHINESE_PATENT,CAPSULE,每粒装 0.5g（相当于饮片 1.57g）,粒,0.5,g,ROOM_TEMPERATURE,是,是,否,,否,否,否,,否,,,,,,,,ORAL,TID,否,是,ACTIVE
MED-2026-T060-01,桂龙咳喘宁胶囊（片）,GLKCNJNP,CHINESE_PATENT,CAPSULE,每粒装 0.5g（相当于饮片 1.67g）,粒,0.5,g,ROOM_TEMPERATURE,是,是,否,,否,否,否,,否,,,,,,,,ORAL,TID,否,是,ACTIVE
MED-2026-T060-02,桂龙咳喘宁胶囊（片）,GLKCNJNP,CHINESE_PATENT,TABLET,每片重 0.33g（相当于原药材 1g）,片,0.33,g,ROOM_TEMPERATURE,是,是,否,,否,否,否,,否,,,,,,,,ORAL,TID,否,是,ACTIVE
MED-2026-T060-03,桂龙咳喘宁胶囊（片）,GLKCNJNP,CHINESE_PATENT,TABLET,每片重 0.34g（相当于原药材 1g）,片,0.34,g,ROOM_TEMPERATURE,是,是,否,,否,否,否,,否,,,,,,,,ORAL,TID,否,是,ACTIVE
MED-2026-T060-04,桂龙咳喘宁胶囊（片）,GLKCNJNP,CHINESE_PATENT,TABLET,每片重 0.41g,片,0.41,g,ROOM_TEMPERATURE,是,是,否,,否,否,否,,否,,,,,,,,ORAL,TID,否,是,ACTIVE
MED-2026-T060-05,桂龙咳喘宁胶囊（片）,GLKCNJNP,CHINESE_PATENT,TABLET,每片重 0.54g,片,0.54,g,ROOM_TEMPERATURE,是,是,否,,否,否,否,,否,,,,,,,,ORAL,TID,否,是,ACTIVE
MED-2026-T061-01,固本咳喘片（颗粒、胶囊）,GBKCPKLJN,CHINESE_PATENT,TABLET,每片重 0.4g,片,0.4,g,ROOM_TEMPERATURE,是,是,否,,否,否,否,,否,,,,,,,,ORAL,TID,否,是,ACTIVE
MED-2026-T061-02,固本咳喘片（颗粒、胶囊）,GBKCPKLJN,CHINESE_PATENT,GRANULE,每袋装 2g,袋,2,g,ROOM_TEMPERATURE,是,是,否,,否,否,否,,否,,,,,,,,ORAL,TID,否,是,ACTIVE
MED-2026-T061-03,固本咳喘片（颗粒、胶囊）,GBKCPKLJN,CHINESE_PATENT,CAPSULE,每粒装 0.4g（相当于饮片 0.854g）,粒,0.4,g,ROOM_TEMPERATURE,是,是,否,,否,否,否,,否,,,,,,,,ORAL,TID,否,是,ACTIVE
MED-2026-T062,安宫牛黄丸,AGNHW,CHINESE_PATENT,OTHER,每丸重 3g,丸,3,g,ROOM_TEMPERATURE,是,是,否,,否,否,否,,否,,,,,,,,ORAL,TID,否,是,ACTIVE
MED-2026-T063-01,"清开灵颗粒（胶囊、
软胶囊、片、注射液）",QKLKLJNRJNPZSY,CHINESE_PATENT,GRANULE,每袋装 3g（含黄芩苷 20mg）,袋,3,g,ROOM_TEMPERATURE,是,是,否,,否,否,否,,否,,,,,,,,ORAL,TID,否,是,ACTIVE
MED-2026-T063-02,"清开灵颗粒（胶囊、
软胶囊、片、注射液）",QKLKLJNRJNPZSY,CHINESE_PATENT,CAPSULE,每粒装 0.25g（含黄芩苷 10mg）,粒,0.25,g,ROOM_TEMPERATURE,是,是,否,,否,否,否,,否,,,,,,,,ORAL,TID,否,是,ACTIVE
MED-2026-T063-03,"清开灵颗粒（胶囊、
软胶囊、片、注射液）",QKLKLJNRJNPZSY,CHINESE_PATENT,CAPSULE,每粒装 0.2g（含黄芩苷 10mg）,粒,0.2,g,ROOM_TEMPERATURE,是,是,否,,否,否,否,,否,,,,,,,,ORAL,TID,否,是,ACTIVE
MED-2026-T063-04,"清开灵颗粒（胶囊、
软胶囊、片、注射液）",QKLKLJNRJNPZSY,CHINESE_PATENT,CAPSULE,每粒装 0.4g（含黄芩苷 20mg）,粒,0.4,g,ROOM_TEMPERATURE,是,是,否,,否,否,否,,否,,,,,,,,ORAL,TID,否,是,ACTIVE
MED-2026-T063-05,"清开灵颗粒（胶囊、
软胶囊、片、注射液）",QKLKLJNRJNPZSY,CHINESE_PATENT,TABLET,每片重 0.5g（含黄芩苷 20mg）,片,0.5,g,ROOM_TEMPERATURE,是,是,否,,否,否,否,,否,,,,,,,,ORAL,TID,否,是,ACTIVE
MED-2026-T063-06,"清开灵颗粒（胶囊、
软胶囊、片、注射液）",QKLKLJNRJNPZSY,CHINESE_PATENT,INJECTION,每支装 2ml,支,2,ml,ROOM_TEMPERATURE,是,是,否,,否,否,否,,否,,,,,,,,IM,TID,否,是,ACTIVE
MED-2026-T063-07,"清开灵颗粒（胶囊、
软胶囊、片、注射液）",QKLKLJNRJNPZSY,CHINESE_PATENT,INJECTION,每支装 10ml,支,10,ml,ROOM_TEMPERATURE,是,是,否,,否,否,否,,否,,,,,,,,IM,TID,否,是,ACTIVE
MED-2026-T064-01,安脑丸,ANW,CHINESE_PATENT,OTHER,每丸重 3g,丸,3,g,ROOM_TEMPERATURE,是,是,否,,否,否,否,,否,,,,,,,,ORAL,TID,否,是,ACTIVE
MED-2026-T064-02,安脑丸,ANW,CHINESE_PATENT,OTHER,每 11 丸重 3g,丸,3,g,ROOM_TEMPERATURE,是,是,否,,否,否,否,,否,,,,,,,,ORAL,TID,否,是,ACTIVE
MED-2026-T065-01,珍黄安宫片,ZHAGP,CHINESE_PATENT,TABLET,每片重 0.24g,片,0.24,g,ROOM_TEMPERATURE,是,是,否,,否,否,否,,否,,,,,,,,ORAL,TID,否,是,ACTIVE
MED-2026-T065-02,珍黄安宫片,ZHAGP,CHINESE_PATENT,TABLET,每片重 0.245g,片,0.245,g,ROOM_TEMPERATURE,是,是,否,,否,否,否,,否,,,,,,,,ORAL,TID,否,是,ACTIVE
MED-2026-T066-01,七十味珍珠丸,QSWZZW,CHINESE_PATENT,OTHER,每丸重 1g,丸,1,g,ROOM_TEMPERATURE,是,是,否,,否,否,否,,否,,,,,,,,ORAL,TID,否,是,ACTIVE
MED-2026-T066-02,七十味珍珠丸,QSWZZW,CHINESE_PATENT,OTHER,每 30 丸重 1g,丸,1,g,ROOM_TEMPERATURE,是,是,否,,否,否,否,,否,,,,,,,,ORAL,TID,否,是,ACTIVE
MED-2026-T067-01,苏合香丸,SHXW,CHINESE_PATENT,OTHER,每丸重 2.4g,丸,2.4,g,ROOM_TEMPERATURE,是,是,否,,否,否,否,,否,,,,,,,,ORAL,TID,否,是,ACTIVE
MED-2026-T067-02,苏合香丸,SHXW,CHINESE_PATENT,OTHER,每丸重 3g（相当于饮片 1.54g）,丸,3,g,ROOM_TEMPERATURE,是,是,否,,否,否,否,,否,,,,,,,,ORAL,TID,否,是,ACTIVE
MED-2026-T068,礞石滚痰丸,MSGTW,CHINESE_PATENT,OTHER,每袋 （瓶）装 6g,丸,6,g,ROOM_TEMPERATURE,是,是,否,,否,否,否,,否,,,,,,,,ORAL,TID,否,是,ACTIVE
MED-2026-T069-01,补中益气丸（颗粒）,BZYQWKL,CHINESE_PATENT,OTHER,每丸重 9g,丸,9,g,ROOM_TEMPERATURE,是,是,否,,否,否,否,,否,,,,,,,,ORAL,TID,否,是,ACTIVE
MED-2026-T069-02,补中益气丸（颗粒）,BZYQWKL,CHINESE_PATENT,OTHER,每 8 丸相当于原生药 3g,丸,3,g,ROOM_TEMPERATURE,是,是,否,,否,否,否,,否,,,,,,,,ORAL,TID,否,是,ACTIVE
MED-2026-T069-03,补中益气丸（颗粒）,BZYQWKL,CHINESE_PATENT,OTHER,每袋装 6g,丸,6,g,ROOM_TEMPERATURE,是,是,否,,否,否,否,,否,,,,,,,,ORAL,TID,否,是,ACTIVE
MED-2026-T069-04,补中益气丸（颗粒）,BZYQWKL,CHINESE_PATENT,GRANULE,每袋装 3g,袋,3,g,ROOM_TEMPERATURE,是,是,否,,否,否,否,,否,,,,,,,,ORAL,TID,否,是,ACTIVE
MED-2026-T070-01,参苓白术散（丸、颗粒）,CLBZSWKL,CHINESE_PATENT,POWDER,每袋装 3g,袋,3,g,ROOM_TEMPERATURE,是,是,否,,否,否,否,,否,,,,,,,,ORAL,TID,否,是,ACTIVE
MED-2026-T070-02,参苓白术散（丸、颗粒）,CLBZSWKL,CHINESE_PATENT,POWDER,每袋装 6g,袋,6,g,ROOM_TEMPERATURE,是,是,否,,否,否,否,,否,,,,,,,,ORAL,TID,否,是,ACTIVE
MED-2026-T070-03,参苓白术散（丸、颗粒）,CLBZSWKL,CHINESE_PATENT,POWDER,每1g 相当于饮片 1g,袋,1,g,ROOM_TEMPERATURE,是,是,否,,否,否,否,,否,,,,,,,,ORAL,TID,否,是,ACTIVE
MED-2026-T070-04,参苓白术散（丸、颗粒）,CLBZSWKL,CHINESE_PATENT,OTHER,每 100 粒重 6g,丸,6,g,ROOM_TEMPERATURE,是,是,否,,否,否,否,,否,,,,,,,,ORAL,TID,否,是,ACTIVE
MED-2026-T070-05,参苓白术散（丸、颗粒）,CLBZSWKL,CHINESE_PATENT,GRANULE,每袋装 3g,袋,3,g,ROOM_TEMPERATURE,是,是,否,,否,否,否,,否,,,,,,,,ORAL,TID,否,是,ACTIVE
MED-2026-T070-06,参苓白术散（丸、颗粒）,CLBZSWKL,CHINESE_PATENT,GRANULE,每袋装 6g,袋,6,g,ROOM_TEMPERATURE,是,是,否,,否,否,否,,否,,,,,,,,ORAL,TID,否,是,ACTIVE
MED-2026-T071-01,肾衰宁胶囊（片、颗粒）,SSNJNPKL,CHINESE_PATENT,CAPSULE,每粒装 0.35g,粒,0.35,g,ROOM_TEMPERATURE,是,是,否,,否,否,否,,否,,,,,,,,ORAL,TID,否,是,ACTIVE
MED-2026-T071-02,肾衰宁胶囊（片、颗粒）,SSNJNPKL,CHINESE_PATENT,TABLET,每片重 0.36g,片,0.36,g,ROOM_TEMPERATURE,是,是,否,,否,否,否,,否,,,,,,,,ORAL,TID,否,是,ACTIVE
MED-2026-T071-03,肾衰宁胶囊（片、颗粒）,SSNJNPKL,CHINESE_PATENT,TABLET,每片重 0.43g （相当于饮片 2.4g）,片,0.43,g,ROOM_TEMPERATURE,是,是,否,,否,否,否,,否,,,,,,,,ORAL,TID,否,是,ACTIVE
MED-2026-T071-04,肾衰宁胶囊（片、颗粒）,SSNJNPKL,CHINESE_PATENT,GRANULE,每袋装 5g,袋,5,g,ROOM_TEMPERATURE,是,是,否,,否,否,否,,否,,,,,,,,ORAL,TID,否,是,ACTIVE
MED-2026-T072-01,香砂六君丸,XSLJW,CHINESE_PATENT,OTHER,每 8 丸相当于原生药 3g,丸,3,g,ROOM_TEMPERATURE,是,是,否,,否,否,否,,否,,,,,,,,ORAL,TID,否,是,ACTIVE
MED-2026-T072-02,香砂六君丸,XSLJW,CHINESE_PATENT,OTHER,每 100 粒重 6g,丸,6,g,ROOM_TEMPERATURE,是,是,否,,否,否,否,,否,,,,,,,,ORAL,TID,否,是,ACTIVE
MED-2026-T072-03,香砂六君丸,XSLJW,CHINESE_PATENT,OTHER,每袋装 6g,丸,6,g,ROOM_TEMPERATURE,是,是,否,,否,否,否,,否,,,,,,,,ORAL,TID,否,是,ACTIVE
MED-2026-T073,安胃疡胶囊,AWYJN,CHINESE_PATENT,CAPSULE,每粒 含黄酮类化合物 0.2g,粒,0.2,g,ROOM_TEMPERATURE,是,是,否,,否,否,否,,否,,,,,,,,ORAL,TID,否,是,ACTIVE
MED-2026-T074,益气和胃胶囊,YQHWJN,CHINESE_PATENT,CAPSULE,每粒装 0.5g,粒,0.5,g,ROOM_TEMPERATURE,是,是,否,,否,否,否,,否,,,,,,,,ORAL,TID,否,是,ACTIVE
MED-2026-T075-01,摩罗丹丸,MLD,CHINESE_PATENT,OTHER,每丸重 9g,丸,9,g,ROOM_TEMPERATURE,是,是,否,,否,否,否,,否,,,,,,,,ORAL,TID,否,是,ACTIVE
MED-2026-T075-02,摩罗丹丸,MLD,CHINESE_PATENT,OTHER,每 16 丸重 1.84g（相当于生药材 4.5g）,丸,1.84,g,ROOM_TEMPERATURE,是,是,否,,否,否,否,,否,,,,,,,,ORAL,TID,否,是,ACTIVE
MED-2026-T075-03,摩罗丹丸,MLD,CHINESE_PATENT,OTHER,每 55 粒重约 9g,丸,9,g,ROOM_TEMPERATURE,是,是,否,,否,否,否,,否,,,,,,,,ORAL,TID,否,是,ACTIVE
MED-2026-T076-01,胃复春片（胶囊）,WFCPJN,CHINESE_PATENT,TABLET,每片重 0.36g,片,0.36,g,ROOM_TEMPERATURE,是,是,否,,否,否,否,,否,,,,,,,,ORAL,TID,否,是,ACTIVE
MED-2026-T076-02,胃复春片（胶囊）,WFCPJN,CHINESE_PATENT,CAPSULE,每粒装 0.35g,粒,0.35,g,ROOM_TEMPERATURE,是,是,否,,否,否,否,,否,,,,,,,,ORAL,TID,否,是,ACTIVE
MED-2026-T077-01,归脾丸（合剂）,GPWHJ,CHINESE_PATENT,OTHER,每丸重 9g,丸,9,g,ROOM_TEMPERATURE,是,是,否,,否,否,否,,否,,,,,,,,ORAL,TID,否,是,ACTIVE
MED-2026-T077-02,归脾丸（合剂）,GPWHJ,CHINESE_PATENT,OTHER,每 8 丸相当于原生药 3g,丸,3,g,ROOM_TEMPERATURE,是,是,否,,否,否,否,,否,,,,,,,,ORAL,TID,否,是,ACTIVE
MED-2026-T077-03,归脾丸（合剂）,GPWHJ,CHINESE_PATENT,OTHER,每袋装 6g,丸,6,g,ROOM_TEMPERATURE,是,是,否,,否,否,否,,否,,,,,,,,ORAL,TID,否,是,ACTIVE
MED-2026-T077-04,归脾丸（合剂）,GPWHJ,CHINESE_PATENT,OTHER,每袋装 9g,丸,9,g,ROOM_TEMPERATURE,是,是,否,,否,否,否,,否,,,,,,,,ORAL,TID,否,是,ACTIVE
MED-2026-T077-05,归脾丸（合剂）,GPWHJ,CHINESE_PATENT,ORAL_LIQUID,每支装 10ml,瓶,10,ml,ROOM_TEMPERATURE,是,是,否,,否,否,否,,否,,,,,,,,ORAL,TID,否,是,ACTIVE
MED-2026-T077-06,归脾丸（合剂）,GPWHJ,CHINESE_PATENT,ORAL_LIQUID,每瓶装 100ml,瓶,100,ml,ROOM_TEMPERATURE,是,是,否,,否,否,否,,否,,,,,,,,ORAL,TID,否,是,ACTIVE
MED-2026-T078-01,健脾生血颗粒（片）,JPSXKLP,CHINESE_PATENT,GRANULE,每 1g 相当于饮片 0.36g,袋,1,g,ROOM_TEMPERATURE,是,是,否,,否,否,否,,否,,,,,,,,ORAL,TID,否,是,ACTIVE
MED-2026-T078-02,健脾生血颗粒（片）,JPSXKLP,CHINESE_PATENT,GRANULE,含硫酸亚铁（FeSO4 ·7H2O）20mg（相当于铁 4mg）,袋,20,mg,ROOM_TEMPERATURE,是,是,否,,否,否,否,,否,,,,,,,,ORAL,TID,否,是,ACTIVE
MED-2026-T078-03,健脾生血颗粒（片）,JPSXKLP,CHINESE_PATENT,TABLET,每片重 0.6g［含硫酸亚铁（FeSO4 ·7H2O） 100mg（相当于铁 20mg）］,片,0.6,g,ROOM_TEMPERATURE,是,是,否,,否,否,否,,否,,,,,,,,ORAL,TID,否,是,ACTIVE
MED-2026-T079-01,六味地黄丸（胶囊）,LWDHWJN,CHINESE_PATENT,OTHER,每丸重 9g,丸,9,g,ROOM_TEMPERATURE,是,是,否,,否,否,否,,否,,,,,,,,ORAL,TID,否,是,ACTIVE
MED-2026-T079-02,六味地黄丸（胶囊）,LWDHWJN,CHINESE_PATENT,OTHER,每 8 丸重 1.44g（每 8 丸相当于饮片、原药材 3g）,丸,1.44,g,ROOM_TEMPERATURE,是,是,否,,否,否,否,,否,,,,,,,,ORAL,TID,否,是,ACTIVE
MED-2026-T079-03,六味地黄丸（胶囊）,LWDHWJN,CHINESE_PATENT,OTHER,每袋装 6g,丸,6,g,ROOM_TEMPERATURE,是,是,否,,否,否,否,,否,,,,,,,,ORAL,TID,否,是,ACTIVE
MED-2026-T079-04,六味地黄丸（胶囊）,LWDHWJN,CHINESE_PATENT,OTHER,每袋装 9g,丸,9,g,ROOM_TEMPERATURE,是,是,否,,否,否,否,,否,,,,,,,,ORAL,TID,否,是,ACTIVE
MED-2026-T079-05,六味地黄丸（胶囊）,LWDHWJN,CHINESE_PATENT,OTHER,每瓶装 60g,丸,60,g,ROOM_TEMPERATURE,是,是,否,,否,否,否,,否,,,,,,,,ORAL,TID,否,是,ACTIVE
MED-2026-T079-06,六味地黄丸（胶囊）,LWDHWJN,CHINESE_PATENT,OTHER,每瓶装 120g,丸,120,g,ROOM_TEMPERATURE,是,是,否,,否,否,否,,否,,,,,,,,ORAL,TID,否,是,ACTIVE
MED-2026-T079-07,六味地黄丸（胶囊）,LWDHWJN,CHINESE_PATENT,CAPSULE,每粒装 0.3g,粒,0.3,g,ROOM_TEMPERATURE,是,是,否,,否,否,否,,否,,,,,,,,ORAL,TID,否,是,ACTIVE
MED-2026-T079-08,六味地黄丸（胶囊）,LWDHWJN,CHINESE_PATENT,CAPSULE,每粒装 0.5g,粒,0.5,g,ROOM_TEMPERATURE,是,是,否,,否,否,否,,否,,,,,,,,ORAL,TID,否,是,ACTIVE
MED-2026-T080-01,知柏地黄丸,ZBDHW,CHINESE_PATENT,OTHER,每丸重 0.2g,丸,0.2,g,ROOM_TEMPERATURE,是,是,否,,否,否,否,,否,,,,,,,,ORAL,TID,否,是,ACTIVE
MED-2026-T080-02,知柏地黄丸,ZBDHW,CHINESE_PATENT,OTHER,每丸重 9g,丸,9,g,ROOM_TEMPERATURE,是,是,否,,否,否,否,,否,,,,,,,,ORAL,TID,否,是,ACTIVE
MED-2026-T080-03,知柏地黄丸,ZBDHW,CHINESE_PATENT,OTHER,每 10 丸重 1.7g,丸,1.7,g,ROOM_TEMPERATURE,是,是,否,,否,否,否,,否,,,,,,,,ORAL,TID,否,是,ACTIVE
MED-2026-T080-04,知柏地黄丸,ZBDHW,CHINESE_PATENT,OTHER,每丸重 2g,丸,2,g,ROOM_TEMPERATURE,是,是,否,,否,否,否,,否,,,,,,,,ORAL,TID,否,是,ACTIVE
MED-2026-T080-05,知柏地黄丸,ZBDHW,CHINESE_PATENT,OTHER,每 100 粒重 20g,丸,20,g,ROOM_TEMPERATURE,是,是,否,,否,否,否,,否,,,,,,,,ORAL,TID,否,是,ACTIVE
MED-2026-T080-06,知柏地黄丸,ZBDHW,CHINESE_PATENT,OTHER,每袋装 6g,丸,6,g,ROOM_TEMPERATURE,是,是,否,,否,否,否,,否,,,,,,,,ORAL,TID,否,是,ACTIVE
MED-2026-T080-07,知柏地黄丸,ZBDHW,CHINESE_PATENT,OTHER,每瓶装 60g,丸,60,g,ROOM_TEMPERATURE,是,是,否,,否,否,否,,否,,,,,,,,ORAL,TID,否,是,ACTIVE
MED-2026-T080-08,知柏地黄丸,ZBDHW,CHINESE_PATENT,OTHER,每 8 丸相当于原生药 3g,丸,3,g,ROOM_TEMPERATURE,是,是,否,,否,否,否,,否,,,,,,,,ORAL,TID,否,是,ACTIVE
MED-2026-T081-01,杞菊地黄丸（胶囊、片）,QJDHWJNP,CHINESE_PATENT,OTHER,每丸重 9g,丸,9,g,ROOM_TEMPERATURE,是,是,否,,否,否,否,,否,,,,,,,,ORAL,TID,否,是,ACTIVE
MED-2026-T081-02,杞菊地黄丸（胶囊、片）,QJDHWJNP,CHINESE_PATENT,OTHER,每 8 丸相当于原药材（原生药） 3g,丸,3,g,ROOM_TEMPERATURE,是,是,否,,否,否,否,,否,,,,,,,,ORAL,TID,否,是,ACTIVE
MED-2026-T081-03,杞菊地黄丸（胶囊、片）,QJDHWJNP,CHINESE_PATENT,OTHER,每 100 丸重 10g,丸,10,g,ROOM_TEMPERATURE,是,是,否,,否,否,否,,否,,,,,,,,ORAL,TID,否,是,ACTIVE
MED-2026-T081-04,杞菊地黄丸（胶囊、片）,QJDHWJNP,CHINESE_PATENT,OTHER,每袋装 6g,丸,6,g,ROOM_TEMPERATURE,是,是,否,,否,否,否,,否,,,,,,,,ORAL,TID,否,是,ACTIVE
MED-2026-T081-05,杞菊地黄丸（胶囊、片）,QJDHWJNP,CHINESE_PATENT,OTHER,每瓶装 60g,丸,60,g,ROOM_TEMPERATURE,是,是,否,,否,否,否,,否,,,,,,,,ORAL,TID,否,是,ACTIVE
MED-2026-T081-06,杞菊地黄丸（胶囊、片）,QJDHWJNP,CHINESE_PATENT,CAPSULE,每粒装 0.3g,粒,0.3,g,ROOM_TEMPERATURE,是,是,否,,否,否,否,,否,,,,,,,,ORAL,TID,否,是,ACTIVE
MED-2026-T081-07,杞菊地黄丸（胶囊、片）,QJDHWJNP,CHINESE_PATENT,TABLET,每片重 0.3g,片,0.3,g,ROOM_TEMPERATURE,是,是,否,,否,否,否,,否,,,,,,,,ORAL,TID,否,是,ACTIVE
MED-2026-T082-01,生血宝合剂（颗粒）,SXBHJKL,CHINESE_PATENT,ORAL_LIQUID,每 1ml 相当于饮片2.67g,瓶,1,ml,ROOM_TEMPERATURE,是,是,否,,否,否,否,,否,,,,,,,,ORAL,TID,否,是,ACTIVE
MED-2026-T082-02,生血宝合剂（颗粒）,SXBHJKL,CHINESE_PATENT,GRANULE,每袋装 4g,袋,4,g,ROOM_TEMPERATURE,是,是,否,,否,否,否,,否,,,,,,,,ORAL,TID,否,是,ACTIVE
MED-2026-T082-03,生血宝合剂（颗粒）,SXBHJKL,CHINESE_PATENT,GRANULE,每袋装 8g,袋,8,g,ROOM_TEMPERATURE,是,是,否,,否,否,否,,否,,,,,,,,ORAL,TID,否,是,ACTIVE
MED-2026-T083,复方苁蓉益智胶囊,FFCRYZJN,CHINESE_PATENT,CAPSULE,每粒装 0.3g,粒,0.3,g,ROOM_TEMPERATURE,是,是,否,,否,否,否,,否,,,,,,,,ORAL,TID,否,是,ACTIVE
MED-2026-T084-01,百令胶囊（片）,BLJNP,CHINESE_PATENT,CAPSULE,每粒装 0.2g（相当于发酵冬虫夏草菌粉 0.2g）,粒,0.2,g,ROOM_TEMPERATURE,是,是,否,,否,否,否,,否,,,,,,,,ORAL,TID,否,是,ACTIVE
MED-2026-T084-02,百令胶囊（片）,BLJNP,CHINESE_PATENT,CAPSULE,每粒装 0.5g（相当于发酵冬虫夏草菌粉 0.5g）,粒,0.5,g,ROOM_TEMPERATURE,是,是,否,,否,否,否,,否,,,,,,,,ORAL,TID,否,是,ACTIVE
MED-2026-T084-03,百令胶囊（片）,BLJNP,CHINESE_PATENT,TABLET,每片重 0.44g（含发酵冬虫夏草菌粉 0.333g）,片,0.44,g,ROOM_TEMPERATURE,是,是,否,,否,否,否,,否,,,,,,,,ORAL,TID,否,是,ACTIVE
MED-2026-T084-04,百令胶囊（片）,BLJNP,CHINESE_PATENT,TABLET,每片重 0.45g（相当于发酵冬虫夏草菌粉 0.2g）,片,0.45,g,ROOM_TEMPERATURE,是,是,否,,否,否,否,,否,,,,,,,,ORAL,TID,否,是,ACTIVE
MED-2026-T085-01,金水宝胶囊（片）,JSBJNP,CHINESE_PATENT,CAPSULE,每粒装 0.33g,粒,0.33,g,ROOM_TEMPERATURE,是,是,否,,否,否,否,,否,,,,,,,,ORAL,TID,否,是,ACTIVE
MED-2026-T085-02,金水宝胶囊（片）,JSBJNP,CHINESE_PATENT,TABLET,每片重 0.42g（含发酵虫草菌粉 0.25g）,片,0.42,g,ROOM_TEMPERATURE,是,是,否,,否,否,否,,否,,,,,,,,ORAL,TID,否,是,ACTIVE
MED-2026-T086-01,金匮肾气丸（片）,JKSQWP,CHINESE_PATENT,OTHER,每丸重 6g（相当于饮片 2.7g）,丸,6,g,ROOM_TEMPERATURE,是,是,否,,否,否,否,,否,,,,,,,,ORAL,TID,否,是,ACTIVE
MED-2026-T086-02,金匮肾气丸（片）,JKSQWP,CHINESE_PATENT,OTHER,每 10 丸重 2g,丸,2,g,ROOM_TEMPERATURE,是,是,否,,否,否,否,,否,,,,,,,,ORAL,TID,否,是,ACTIVE
MED-2026-T086-03,金匮肾气丸（片）,JKSQWP,CHINESE_PATENT,OTHER,每 25 粒重 5g（每 1g 相当于饮片 0.7g）,丸,5,g,ROOM_TEMPERATURE,是,是,否,,否,否,否,,否,,,,,,,,ORAL,TID,否,是,ACTIVE
MED-2026-T086-04,金匮肾气丸（片）,JKSQWP,CHINESE_PATENT,OTHER,每 100 丸 重 20g（每 1g 相当于饮片 0.7g）,丸,20,g,ROOM_TEMPERATURE,是,是,否,,否,否,否,,否,,,,,,,,ORAL,TID,否,是,ACTIVE
MED-2026-T086-05,金匮肾气丸（片）,JKSQWP,CHINESE_PATENT,TABLET,每片重 0.27g,片,0.27,g,ROOM_TEMPERATURE,是,是,否,,否,否,否,,否,,,,,,,,ORAL,TID,否,是,ACTIVE
MED-2026-T087-01,四神丸（片）,SSWP,CHINESE_PATENT,OTHER,每袋装 9g,丸,9,g,ROOM_TEMPERATURE,是,是,否,,否,否,否,,否,,,,,,,,ORAL,TID,否,是,ACTIVE
MED-2026-T087-02,四神丸（片）,SSWP,CHINESE_PATENT,TABLET,每片重 0.3g,片,0.3,g,ROOM_TEMPERATURE,是,是,否,,否,否,否,,否,,,,,,,,ORAL,TID,否,是,ACTIVE
MED-2026-T087-03,四神丸（片）,SSWP,CHINESE_PATENT,TABLET,每片重 0.6g,片,0.6,g,ROOM_TEMPERATURE,是,是,否,,否,否,否,,否,,,,,,,,ORAL,TID,否,是,ACTIVE
MED-2026-T088-01,济生肾气丸,JSSQW,CHINESE_PATENT,OTHER,每丸重 9g,丸,9,g,ROOM_TEMPERATURE,是,是,否,,否,否,否,,否,,,,,,,,ORAL,TID,否,是,ACTIVE
MED-2026-T088-02,济生肾气丸,JSSQW,CHINESE_PATENT,OTHER,每 10丸重 2g,丸,2,g,ROOM_TEMPERATURE,是,是,否,,否,否,否,,否,,,,,,,,ORAL,TID,否,是,ACTIVE
MED-2026-T088-03,济生肾气丸,JSSQW,CHINESE_PATENT,OTHER,每袋装 6g,丸,6,g,ROOM_TEMPERATURE,是,是,否,,否,否,否,,否,,,,,,,,ORAL,TID,否,是,ACTIVE
MED-2026-T089-01,八珍丸（颗粒、胶囊）,BZWKLJN,CHINESE_PATENT,OTHER,每丸重 9g,丸,9,g,ROOM_TEMPERATURE,是,是,否,,否,否,否,,否,,,,,,,,ORAL,TID,否,是,ACTIVE
MED-2026-T089-02,八珍丸（颗粒、胶囊）,BZWKLJN,CHINESE_PATENT,OTHER,每 8 丸相当于原生药 3g,丸,3,g,ROOM_TEMPERATURE,是,是,否,,否,否,否,,否,,,,,,,,ORAL,TID,否,是,ACTIVE
MED-2026-T089-03,八珍丸（颗粒、胶囊）,BZWKLJN,CHINESE_PATENT,GRANULE,每袋装 3.5g,袋,3.5,g,ROOM_TEMPERATURE,是,是,否,,否,否,否,,否,,,,,,,,ORAL,TID,否,是,ACTIVE
MED-2026-T089-04,八珍丸（颗粒、胶囊）,BZWKLJN,CHINESE_PATENT,GRANULE,每袋装 8g,袋,8,g,ROOM_TEMPERATURE,是,是,否,,否,否,否,,否,,,,,,,,ORAL,TID,否,是,ACTIVE
MED-2026-T089-05,八珍丸（颗粒、胶囊）,BZWKLJN,CHINESE_PATENT,CAPSULE,每粒装 0.4g,粒,0.4,g,ROOM_TEMPERATURE,是,是,否,,否,否,否,,否,,,,,,,,ORAL,TID,否,是,ACTIVE
MED-2026-T090,消渴丸,XKW,CHINESE_PATENT,OTHER,每 10 丸重 2.5g（含格列本脲 2.5mg）,丸,2.5,g,ROOM_TEMPERATURE,是,是,否,,否,否,否,,否,,,,,,,,ORAL,TID,否,是,ACTIVE
MED-2026-T091-01,贞芪扶正颗粒（胶囊）,ZQFZKLJN,CHINESE_PATENT,GRANULE,每袋装 5g,袋,5,g,ROOM_TEMPERATURE,是,是,否,,否,否,否,,否,,,,,,,,ORAL,TID,否,是,ACTIVE
MED-2026-T091-02,贞芪扶正颗粒（胶囊）,ZQFZKLJN,CHINESE_PATENT,GRANULE,每袋装 15g,袋,15,g,ROOM_TEMPERATURE,是,是,否,,否,否,否,,否,,,,,,,,ORAL,TID,否,是,ACTIVE
MED-2026-T091-03,贞芪扶正颗粒（胶囊）,ZQFZKLJN,CHINESE_PATENT,CAPSULE,每粒装 0.35g（相当于原药材 3.125g）,粒,0.35,g,ROOM_TEMPERATURE,是,是,否,,否,否,否,,否,,,,,,,,ORAL,TID,否,是,ACTIVE
MED-2026-T091-04,贞芪扶正颗粒（胶囊）,ZQFZKLJN,CHINESE_PATENT,CAPSULE,每 6 粒相当于原生药 12.5g,粒,12.5,g,ROOM_TEMPERATURE,是,是,否,,否,否,否,,否,,,,,,,,ORAL,TID,否,是,ACTIVE
MED-2026-T092-01,参芪降糖颗粒（胶囊、片）,CQJTKLJNP,CHINESE_PATENT,GRANULE,每 1g 相当于饮片2.39g,袋,1,g,ROOM_TEMPERATURE,是,是,否,,否,否,否,,否,,,,,,,,ORAL,TID,否,是,ACTIVE
MED-2026-T092-02,参芪降糖颗粒（胶囊、片）,CQJTKLJNP,CHINESE_PATENT,GRANULE,含人参茎叶总皂苷17.14mg,袋,17.14,mg,ROOM_TEMPERATURE,是,是,否,,否,否,否,,否,,,,,,,,ORAL,TID,否,是,ACTIVE
MED-2026-T092-03,参芪降糖颗粒（胶囊、片）,CQJTKLJNP,CHINESE_PATENT,CAPSULE,每粒装 0.35g,粒,0.35,g,ROOM_TEMPERATURE,是,是,否,,否,否,否,,否,,,,,,,,ORAL,TID,否,是,ACTIVE
MED-2026-T092-04,参芪降糖颗粒（胶囊、片）,CQJTKLJNP,CHINESE_PATENT,TABLET,每片重 0.35g,片,0.35,g,ROOM_TEMPERATURE,是,是,否,,否,否,否,,否,,,,,,,,ORAL,TID,否,是,ACTIVE
MED-2026-T093,天芪降糖胶囊,TQJTJN,CHINESE_PATENT,CAPSULE,每粒装 0.32g,粒,0.32,g,ROOM_TEMPERATURE,是,是,否,,否,否,否,,否,,,,,,,,ORAL,TID,否,是,ACTIVE
MED-2026-T094,津力达颗粒,JLDKL,CHINESE_PATENT,GRANULE,每袋装 9g,袋,9,g,ROOM_TEMPERATURE,是,是,否,,否,否,否,,否,,,,,,,,ORAL,TID,否,是,ACTIVE
MED-2026-T095-01,益气维血胶囊（片、颗粒）,YQWXJNPKL,CHINESE_PATENT,CAPSULE,每粒装 0.45g,粒,0.45,g,ROOM_TEMPERATURE,是,是,否,,否,否,否,,否,,,,,,,,ORAL,TID,否,是,ACTIVE
MED-2026-T095-02,益气维血胶囊（片、颗粒）,YQWXJNPKL,CHINESE_PATENT,TABLET,每片重 0.57g,片,0.57,g,ROOM_TEMPERATURE,是,是,否,,否,否,否,,否,,,,,,,,ORAL,TID,否,是,ACTIVE
MED-2026-T095-03,益气维血胶囊（片、颗粒）,YQWXJNPKL,CHINESE_PATENT,GRANULE,每袋装 10g,袋,10,g,ROOM_TEMPERATURE,是,是,否,,否,否,否,,否,,,,,,,,ORAL,TID,否,是,ACTIVE
MED-2026-T096-01,玉泉胶囊（颗粒）,YQJNKL,CHINESE_PATENT,CAPSULE,每粒装 0.5g,粒,0.5,g,ROOM_TEMPERATURE,是,是,否,,否,否,否,,否,,,,,,,,ORAL,TID,否,是,ACTIVE
MED-2026-T096-02,玉泉胶囊（颗粒）,YQJNKL,CHINESE_PATENT,CAPSULE,每粒装 0.6g,粒,0.6,g,ROOM_TEMPERATURE,是,是,否,,否,否,否,,否,,,,,,,,ORAL,TID,否,是,ACTIVE
MED-2026-T096-03,玉泉胶囊（颗粒）,YQJNKL,CHINESE_PATENT,GRANULE,每袋装 5g,袋,5,g,ROOM_TEMPERATURE,是,是,否,,否,否,否,,否,,,,,,,,ORAL,TID,否,是,ACTIVE
MED-2026-T097,芪苈强心胶囊,QLQXJN,CHINESE_PATENT,CAPSULE,每粒装 0.3g（相当于饮片 1.90g）,粒,0.3,g,ROOM_TEMPERATURE,是,是,否,,否,否,否,,否,,,,,,,,ORAL,TID,否,是,ACTIVE
MED-2026-T098-01,养心定悸胶囊（颗粒）,YXDJJNKL,CHINESE_PATENT,CAPSULE,每粒装 0.5g,粒,0.5,g,ROOM_TEMPERATURE,是,是,否,,否,否,否,,否,,,,,,,,ORAL,TID,否,是,ACTIVE
MED-2026-T098-02,养心定悸胶囊（颗粒）,YXDJJNKL,CHINESE_PATENT,GRANULE,每袋装 12g,袋,12,g,ROOM_TEMPERATURE,是,是,否,,否,否,否,,否,,,,,,,,ORAL,TID,否,是,ACTIVE
MED-2026-T099-01,天王补心丸（片）,TWBXWP,CHINESE_PATENT,OTHER,每丸重 9g,丸,9,g,ROOM_TEMPERATURE,是,是,否,,否,否,否,,否,,,,,,,,ORAL,TID,否,是,ACTIVE
MED-2026-T099-02,天王补心丸（片）,TWBXWP,CHINESE_PATENT,OTHER,每 8 丸 相当于原生药（饮片）3g,丸,3,g,ROOM_TEMPERATURE,是,是,否,,否,否,否,,否,,,,,,,,ORAL,TID,否,是,ACTIVE
MED-2026-T099-03,天王补心丸（片）,TWBXWP,CHINESE_PATENT,OTHER,每袋装 6g,丸,6,g,ROOM_TEMPERATURE,是,是,否,,否,否,否,,否,,,,,,,,ORAL,TID,否,是,ACTIVE
MED-2026-T099-04,天王补心丸（片）,TWBXWP,CHINESE_PATENT,TABLET,每片重 0.5g,片,0.5,g,ROOM_TEMPERATURE,是,是,否,,否,否,否,,否,,,,,,,,ORAL,TID,否,是,ACTIVE
MED-2026-T100-01,柏子养心丸（片）,BZYXWP,CHINESE_PATENT,OTHER,每丸重 9g,丸,9,g,ROOM_TEMPERATURE,是,是,否,,否,否,否,,否,,,,,,,,ORAL,TID,否,是,ACTIVE
MED-2026-T100-02,柏子养心丸（片）,BZYXWP,CHINESE_PATENT,OTHER,每 5 丸重 1g,丸,1,g,ROOM_TEMPERATURE,是,是,否,,否,否,否,,否,,,,,,,,ORAL,TID,否,是,ACTIVE
MED-2026-T100-03,柏子养心丸（片）,BZYXWP,CHINESE_PATENT,OTHER,每袋装 6g,丸,6,g,ROOM_TEMPERATURE,是,是,否,,否,否,否,,否,,,,,,,,ORAL,TID,否,是,ACTIVE
MED-2026-T100-04,柏子养心丸（片）,BZYXWP,CHINESE_PATENT,OTHER,每袋装 9g,丸,9,g,ROOM_TEMPERATURE,是,是,否,,否,否,否,,否,,,,,,,,ORAL,TID,否,是,ACTIVE
MED-2026-T100-05,柏子养心丸（片）,BZYXWP,CHINESE_PATENT,OTHER,每瓶装 60g,丸,60,g,ROOM_TEMPERATURE,是,是,否,,否,否,否,,否,,,,,,,,ORAL,TID,否,是,ACTIVE
MED-2026-T100-06,柏子养心丸（片）,BZYXWP,CHINESE_PATENT,TABLET,每片重 0.3g,片,0.3,g,ROOM_TEMPERATURE,是,是,否,,否,否,否,,否,,,,,,,,ORAL,TID,否,是,ACTIVE
MED-2026-T101-01,枣仁安神颗粒（胶囊、液）,ZRASKLJNY,CHINESE_PATENT,GRANULE,每袋装 5g（相当于饮片 9.98g）,袋,5,g,ROOM_TEMPERATURE,是,是,否,,否,否,否,,否,,,,,,,,ORAL,TID,否,是,ACTIVE
MED-2026-T101-02,枣仁安神颗粒（胶囊、液）,ZRASKLJNY,CHINESE_PATENT,CAPSULE,每粒装 0.45g,粒,0.45,g,ROOM_TEMPERATURE,是,是,否,,否,否,否,,否,,,,,,,,ORAL,TID,否,是,ACTIVE
MED-2026-T101-03,枣仁安神合剂,ZRASKLJNY,CHINESE_PATENT,ORAL_LIQUID,每支装 10ml,瓶,10,ml,ROOM_TEMPERATURE,是,是,否,,否,否,否,,否,,,,,,,,ORAL,TID,否,是,ACTIVE
MED-2026-T102,乌灵胶囊,WLJN,CHINESE_PATENT,CAPSULE,每粒装 0.33g,粒,0.33,g,ROOM_TEMPERATURE,是,是,否,,否,否,否,,否,,,,,,,,ORAL,TID,否,是,ACTIVE
MED-2026-T103-01,甜梦胶囊（口服液）,TMJNKFY,CHINESE_PATENT,CAPSULE,每粒装 0.4g（相当于饮片 2.18g）,粒,0.4,g,ROOM_TEMPERATURE,是,是,否,,否,否,否,,否,,,,,,,,ORAL,TID,否,是,ACTIVE
MED-2026-T103-02,甜梦合剂,TMJNKFY,CHINESE_PATENT,ORAL_LIQUID,每 1ml 相当于饮片0.65g,瓶,1,ml,ROOM_TEMPERATURE,是,是,否,,否,否,否,,否,,,,,,,,ORAL,TID,否,是,ACTIVE
MED-2026-T104,安神补心六味丸,ASBXLWW,CHINESE_PATENT,OTHER,每 10 粒重 2g,丸,2,g,ROOM_TEMPERATURE,是,是,否,,否,否,否,,否,,,,,,,,ORAL,TID,否,是,ACTIVE
MED-2026-T105-01,槐角丸,HJW,CHINESE_PATENT,OTHER,每丸重 9g,丸,9,g,ROOM_TEMPERATURE,是,是,否,,否,否,否,,否,,,,,,,,ORAL,TID,否,是,ACTIVE
MED-2026-T105-02,槐角丸,HJW,CHINESE_PATENT,OTHER,每袋装 6g,丸,6,g,ROOM_TEMPERATURE,是,是,否,,否,否,否,,否,,,,,,,,ORAL,TID,否,是,ACTIVE
MED-2026-T105-03,槐角丸,HJW,CHINESE_PATENT,OTHER,每瓶装 36g,丸,36,g,ROOM_TEMPERATURE,是,是,否,,否,否,否,,否,,,,,,,,ORAL,TID,否,是,ACTIVE
MED-2026-T106,升血小板胶囊,SXXBJN,CHINESE_PATENT,CAPSULE,每粒装 0.45g,粒,0.45,g,ROOM_TEMPERATURE,是,是,否,,否,否,否,,否,,,,,,,,ORAL,TID,否,是,ACTIVE
MED-2026-T107-01,地榆升白片（胶囊）,DYSBPJN,CHINESE_PATENT,TABLET,每片重 0.1g（相当于饮片 5mg）,片,0.1,g,ROOM_TEMPERATURE,是,是,否,,否,否,否,,否,,,,,,,,ORAL,TID,否,是,ACTIVE
MED-2026-T107-02,地榆升白片（胶囊）,DYSBPJN,CHINESE_PATENT,CAPSULE,每粒装 0.1g（相当于饮片 5mg）,粒,0.1,g,ROOM_TEMPERATURE,是,是,否,,否,否,否,,否,,,,,,,,ORAL,TID,否,是,ACTIVE
MED-2026-T107-03,地榆升白片（胶囊）,DYSBPJN,CHINESE_PATENT,CAPSULE,每粒装 0.2g（相当于饮片 10mg）,粒,0.2,g,ROOM_TEMPERATURE,是,是,否,,否,否,否,,否,,,,,,,,ORAL,TID,否,是,ACTIVE
MED-2026-T108-01,血栓通胶囊（注射液）、注射用血栓通（冻干）,XSTJNZSYZSYXSTDG,CHINESE_PATENT,CAPSULE,每粒装 0.18g（含三七总皂苷 100mg）,粒,0.18,g,ROOM_TEMPERATURE,是,是,否,,否,否,否,,否,,,,,,,,ORAL,TID,否,是,ACTIVE
MED-2026-T108-02,血栓通胶囊（注射液）、注射用血栓通（冻干）,XSTJNZSYZSYXSTDG,CHINESE_PATENT,INJECTION,每支装 2ml∶70mg （三七总皂苷）,支,70,mg,ROOM_TEMPERATURE,是,是,否,,否,否,否,,否,,,,,,,,IM,TID,否,是,ACTIVE
MED-2026-T108-03,血栓通胶囊（注射液）、注射用血栓通（冻干）,XSTJNZSYZSYXSTDG,CHINESE_PATENT,INJECTION,每支装,支,,,ROOM_TEMPERATURE,是,是,否,,否,否,否,,否,,,,,,,,IM,TID,否,是,ACTIVE
MED-2026-T108-04,血栓通5ml ∶175mg（三七总皂苷）注射用无菌粉末,XSTJNZSYZSYXSTDG,CHINESE_PATENT,INJECTION,每瓶 （支）装 100mg,支,100,mg,ROOM_TEMPERATURE,是,是,否,,否,否,否,,否,,,,,,,,IVGTT,TID,否,是,ACTIVE
MED-2026-T108-05,血栓通5ml ∶175mg（三七总皂苷）注射用无菌粉末,XSTJNZSYZSYXSTDG,CHINESE_PATENT,INJECTION,每瓶 150mg,支,150,mg,ROOM_TEMPERATURE,是,是,否,,否,否,否,,否,,,,,,,,IVGTT,TID,否,是,ACTIVE
MED-2026-T108-06,血栓通5ml ∶175mg（三七总皂苷）注射用无菌粉末,XSTJNZSYZSYXSTDG,CHINESE_PATENT,INJECTION,每瓶 250mg,支,250,mg,ROOM_TEMPERATURE,是,是,否,,否,否,否,,否,,,,,,,,IVGTT,TID,否,是,ACTIVE
MED-2026-T109-01,血塞通胶囊（软胶囊、滴丸、注射液）、注射用血塞通（冻干）,XSTJNRJNDWZSYZSYXSTDG,CHINESE_PATENT,CAPSULE,50mg,粒,50,mg,ROOM_TEMPERATURE,是,是,否,,否,否,否,,否,,,,,,,,ORAL,TID,否,是,ACTIVE
MED-2026-T109-02,血塞通胶囊（软胶囊、滴丸、注射液）、注射用血塞通（冻干）,XSTJNRJNDWZSYZSYXSTDG,CHINESE_PATENT,CAPSULE,100mg,粒,100,mg,ROOM_TEMPERATURE,是,是,否,,否,否,否,,否,,,,,,,,ORAL,TID,否,是,ACTIVE
MED-2026-T109-03,血塞通胶囊（软胶囊、滴丸、注射液）、注射用血塞通（冻干）,XSTJNRJNDWZSYZSYXSTDG,CHINESE_PATENT,CAPSULE,每粒装 0.33g（含三七总皂苷60mg）,粒,0.33,g,ROOM_TEMPERATURE,是,是,否,,否,否,否,,否,,,,,,,,ORAL,TID,否,是,ACTIVE
MED-2026-T109-04,血塞通胶囊（软胶囊、滴丸、注射液）、注射用血塞通（冻干）,XSTJNRJNDWZSYZSYXSTDG,CHINESE_PATENT,CAPSULE,每粒装 0.33g（含三七总皂苷120mg）,粒,0.33,g,ROOM_TEMPERATURE,是,是,否,,否,否,否,,否,,,,,,,,ORAL,TID,否,是,ACTIVE
MED-2026-T109-05,血塞通胶囊（软胶囊、滴丸、注射液）、注射用血塞通（冻干）,XSTJNRJNDWZSYZSYXSTDG,CHINESE_PATENT,CAPSULE,每粒装 0.55g （含三七总皂苷100mg）,粒,0.55,g,ROOM_TEMPERATURE,是,是,否,,否,否,否,,否,,,,,,,,ORAL,TID,否,是,ACTIVE
MED-2026-T109-06,血塞通滴丸剂,XSTJNRJNDWZSYZSYXSTDG,CHINESE_PATENT,OTHER,每丸 含三七总皂苷 5mg,丸,5,mg,ROOM_TEMPERATURE,是,是,否,,否,否,否,,否,,,,,,,,ORAL,TID,否,是,ACTIVE
MED-2026-T109-07,血塞通滴丸剂,XSTJNRJNDWZSYZSYXSTDG,CHINESE_PATENT,OTHER,每丸重 28mg（含三七总皂苷 10mg）,丸,28,mg,ROOM_TEMPERATURE,是,是,否,,否,否,否,,否,,,,,,,,ORAL,TID,否,是,ACTIVE
MED-2026-T109-08,血塞通滴丸剂,XSTJNRJNDWZSYZSYXSTDG,CHINESE_PATENT,OTHER,每丸重 45mg （含三七总皂苷 10mg）,丸,45,mg,ROOM_TEMPERATURE,是,是,否,,否,否,否,,否,,,,,,,,ORAL,TID,否,是,ACTIVE
MED-2026-T109-09,血塞通胶囊（软胶囊、滴丸、注射液）、注射用血塞通（冻干）,XSTJNRJNDWZSYZSYXSTDG,CHINESE_PATENT,INJECTION,每支装 2ml∶100mg,支,100,mg,ROOM_TEMPERATURE,是,是,否,,否,否,否,,否,,,,,,,,IM,TID,否,是,ACTIVE
MED-2026-T109-10,血塞通胶囊（软胶囊、滴丸、注射液）、注射用血塞通（冻干）,XSTJNRJNDWZSYZSYXSTDG,CHINESE_PATENT,INJECTION,每支装 5ml∶250mg,支,250,mg,ROOM_TEMPERATURE,是,是,否,,否,否,否,,否,,,,,,,,IM,TID,否,是,ACTIVE
MED-2026-T109-11,血塞通胶囊（软胶囊、滴丸、注射液）、注射用血塞通（冻干）,XSTJNRJNDWZSYZSYXSTDG,CHINESE_PATENT,INJECTION,每支 装 10ml ∶250mg,支,10,ml,ROOM_TEMPERATURE,是,是,否,,否,否,否,,否,,,,,,,,IM,TID,否,是,ACTIVE
MED-2026-T109-12,血塞通注射用无菌粉末,XSTJNRJNDWZSYZSYXSTDG,CHINESE_PATENT,INJECTION,每支装 100mg,支,100,mg,ROOM_TEMPERATURE,是,是,否,,否,否,否,,否,,,,,,,,IVGTT,TID,否,是,ACTIVE
MED-2026-T109-13,血塞通注射用无菌粉末,XSTJNRJNDWZSYZSYXSTDG,CHINESE_PATENT,INJECTION,每支装 200mg,支,200,mg,ROOM_TEMPERATURE,是,是,否,,否,否,否,,否,,,,,,,,IVGTT,TID,否,是,ACTIVE
MED-2026-T109-14,血塞通注射用无菌粉末,XSTJNRJNDWZSYZSYXSTDG,CHINESE_PATENT,INJECTION,每支装 400mg,支,400,mg,ROOM_TEMPERATURE,是,是,否,,否,否,否,,否,,,,,,,,IVGTT,TID,否,是,ACTIVE
MED-2026-T110-01,丹参注射液,DSZSY,CHINESE_PATENT,INJECTION,每支装 2ml,支,2,ml,ROOM_TEMPERATURE,是,是,否,,否,否,否,,否,,,,,,,,IM,TID,否,是,ACTIVE
MED-2026-T110-02,丹参注射液,DSZSY,CHINESE_PATENT,INJECTION,每支装 10ml,支,10,ml,ROOM_TEMPERATURE,是,是,否,,否,否,否,,否,,,,,,,,IM,TID,否,是,ACTIVE
MED-2026-T111-01,银杏叶胶囊（片、滴丸）,YXYJNPDW,CHINESE_PATENT,CAPSULE,每粒 含总黄酮醇苷 9.6mg,粒,9.6,mg,ROOM_TEMPERATURE,是,是,否,,否,否,否,,否,,,,,,,,ORAL,TID,否,是,ACTIVE
MED-2026-T111-02,银杏叶胶囊（片、滴丸）,YXYJNPDW,CHINESE_PATENT,CAPSULE,萜类内酯 2.4mg,粒,2.4,mg,ROOM_TEMPERATURE,是,是,否,,否,否,否,,否,,,,,,,,ORAL,TID,否,是,ACTIVE
MED-2026-T111-03,银杏叶胶囊（片、滴丸）,YXYJNPDW,CHINESE_PATENT,CAPSULE,每粒 含总黄酮醇苷19.2mg,粒,19.2,mg,ROOM_TEMPERATURE,是,是,否,,否,否,否,,否,,,,,,,,ORAL,TID,否,是,ACTIVE
MED-2026-T111-04,银杏叶胶囊（片、滴丸）,YXYJNPDW,CHINESE_PATENT,CAPSULE,萜类内酯 4.8mg,粒,4.8,mg,ROOM_TEMPERATURE,是,是,否,,否,否,否,,否,,,,,,,,ORAL,TID,否,是,ACTIVE
MED-2026-T111-05,银杏叶胶囊（片、滴丸）,YXYJNPDW,CHINESE_PATENT,TABLET,每片 含总黄酮醇苷 9.6mg,片,9.6,mg,ROOM_TEMPERATURE,是,是,否,,否,否,否,,否,,,,,,,,ORAL,TID,否,是,ACTIVE
MED-2026-T111-06,银杏叶胶囊（片、滴丸）,YXYJNPDW,CHINESE_PATENT,TABLET,萜类内酯 2.4mg,片,2.4,mg,ROOM_TEMPERATURE,是,是,否,,否,否,否,,否,,,,,,,,ORAL,TID,否,是,ACTIVE
MED-2026-T111-07,银杏叶胶囊（片、滴丸）,YXYJNPDW,CHINESE_PATENT,TABLET,每片 含总黄酮醇苷19.2mg,片,19.2,mg,ROOM_TEMPERATURE,是,是,否,,否,否,否,,否,,,,,,,,ORAL,TID,否,是,ACTIVE
MED-2026-T111-08,银杏叶胶囊（片、滴丸）,YXYJNPDW,CHINESE_PATENT,TABLET,萜类内酯 4.8mg,片,4.8,mg,ROOM_TEMPERATURE,是,是,否,,否,否,否,,否,,,,,,,,ORAL,TID,否,是,ACTIVE
MED-2026-T111-09,银杏叶滴丸剂,YXYJNPDW,CHINESE_PATENT,OTHER,每丸重 60mg（相当于银杏叶提取物 16mg）,丸,60,mg,ROOM_TEMPERATURE,是,是,否,,否,否,否,,否,,,,,,,,ORAL,TID,否,是,ACTIVE
MED-2026-T111-10,银杏叶滴丸剂,YXYJNPDW,CHINESE_PATENT,OTHER,每丸重 63mg（相当于银 杏叶提取物 16mg）（薄膜衣丸）,丸,63,mg,ROOM_TEMPERATURE,是,是,否,,否,否,否,,否,,,,,,,,ORAL,TID,否,是,ACTIVE
MED-2026-T112,银丹心脑通软胶囊,YDXNTRJN,CHINESE_PATENT,CAPSULE,每粒装 0.4g,粒,0.4,g,ROOM_TEMPERATURE,是,是,否,,否,否,否,,否,,,,,,,,ORAL,TID,否,是,ACTIVE
MED-2026-T113-01,瘀血痹胶囊（颗粒、片剂）,YXBJNKLPJ,CHINESE_PATENT,CAPSULE,每粒装 0.4g,粒,0.4,g,ROOM_TEMPERATURE,是,是,否,,否,否,否,,否,,,,,,,,ORAL,TID,否,是,ACTIVE
MED-2026-T113-02,瘀血痹胶囊（颗粒、片剂）,YXBJNKLPJ,CHINESE_PATENT,GRANULE,每袋装 10g,袋,10,g,ROOM_TEMPERATURE,是,是,否,,否,否,否,,否,,,,,,,,ORAL,TID,否,是,ACTIVE
MED-2026-T113-03,瘀血痹胶囊（颗粒、片剂）,YXBJNKLPJ,CHINESE_PATENT,TABLET,每片重 0.5g,片,0.5,g,ROOM_TEMPERATURE,是,是,否,,否,否,否,,否,,,,,,,,ORAL,TID,否,是,ACTIVE
MED-2026-T114,麝香保心丸,SXBXW,CHINESE_PATENT,OTHER,每丸重 22.5mg,丸,22.5,mg,ROOM_TEMPERATURE,是,是,否,,否,否,否,,否,,,,,,,,ORAL,TID,否,是,ACTIVE
MED-2026-T115-01,脑心通丸（胶囊）,NXTWJN,CHINESE_PATENT,OTHER,每袋装 0.8g,丸,0.8,g,ROOM_TEMPERATURE,是,是,否,,否,否,否,,否,,,,,,,,ORAL,TID,否,是,ACTIVE
MED-2026-T115-02,脑心通丸（胶囊）,NXTWJN,CHINESE_PATENT,CAPSULE,每粒装 0.4g,粒,0.4,g,ROOM_TEMPERATURE,是,是,否,,否,否,否,,否,,,,,,,,ORAL,TID,否,是,ACTIVE
MED-2026-T116-01,诺迪康胶囊（颗粒）,NDKJNKL,CHINESE_PATENT,CAPSULE,每粒装 0.28g,粒,0.28,g,ROOM_TEMPERATURE,是,是,否,,否,否,否,,否,,,,,,,,ORAL,TID,否,是,ACTIVE
MED-2026-T116-02,诺迪康胶囊（颗粒）,NDKJNKL,CHINESE_PATENT,GRANULE,每袋装 5g,袋,5,g,ROOM_TEMPERATURE,是,是,否,,否,否,否,,否,,,,,,,,ORAL,TID,否,是,ACTIVE
MED-2026-T117,血栓心脉宁胶囊,XSXMNJN,CHINESE_PATENT,CAPSULE,每粒装 0.5g,粒,0.5,g,ROOM_TEMPERATURE,是,是,否,,否,否,否,,否,,,,,,,,ORAL,TID,否,是,ACTIVE
MED-2026-T118,参松养心胶囊,CSYXJN,CHINESE_PATENT,CAPSULE,每粒装 0.4g,粒,0.4,g,ROOM_TEMPERATURE,是,是,否,,否,否,否,,否,,,,,,,,ORAL,TID,否,是,ACTIVE
MED-2026-T119-01,益心舒颗粒（胶囊、片）,YXSKLJNP,CHINESE_PATENT,GRANULE,每袋装 4g,袋,4,g,ROOM_TEMPERATURE,是,是,否,,否,否,否,,否,,,,,,,,ORAL,TID,否,是,ACTIVE
MED-2026-T119-02,益心舒颗粒（胶囊、片）,YXSKLJNP,CHINESE_PATENT,GRANULE,每袋 相当于饮片 4g,袋,4,g,ROOM_TEMPERATURE,是,是,否,,否,否,否,,否,,,,,,,,ORAL,TID,否,是,ACTIVE
MED-2026-T119-03,益心舒颗粒（胶囊、片）,YXSKLJNP,CHINESE_PATENT,CAPSULE,每粒装 0.4g,粒,0.4,g,ROOM_TEMPERATURE,是,是,否,,否,否,否,,否,,,,,,,,ORAL,TID,否,是,ACTIVE
MED-2026-T119-04,益心舒颗粒（胶囊、片）,YXSKLJNP,CHINESE_PATENT,TABLET,每片重 0.4g（相当于饮片 1g）,片,0.4,g,ROOM_TEMPERATURE,是,是,否,,否,否,否,,否,,,,,,,,ORAL,TID,否,是,ACTIVE
MED-2026-T119-05,益心舒颗粒（胶囊、片）,YXSKLJNP,CHINESE_PATENT,TABLET,每片重 0.6g,片,0.6,g,ROOM_TEMPERATURE,是,是,否,,否,否,否,,否,,,,,,,,ORAL,TID,否,是,ACTIVE
MED-2026-T120,补肺活血胶囊,BFHXJN,CHINESE_PATENT,CAPSULE,每粒装 0.35g,粒,0.35,g,ROOM_TEMPERATURE,是,是,否,,否,否,否,,否,,,,,,,,ORAL,TID,否,是,ACTIVE
MED-2026-T121,灯盏生脉胶囊,DZSMJN,CHINESE_PATENT,CAPSULE,每粒装 0.18g,粒,0.18,g,ROOM_TEMPERATURE,是,是,否,,否,否,否,,否,,,,,,,,ORAL,TID,否,是,ACTIVE
MED-2026-T122,活心丸,HXW,CHINESE_PATENT,OTHER,每素丸重 20mg,丸,20,mg,ROOM_TEMPERATURE,是,是,否,,否,否,否,,否,,,,,,,,ORAL,TID,否,是,ACTIVE
MED-2026-T123-01,芪参益气滴丸滴丸剂,QCYQDW,CHINESE_PATENT,OTHER,每袋装 0.5g（每 40 丸重 1g）,丸,0.5,g,ROOM_TEMPERATURE,是,是,否,,否,否,否,,否,,,,,,,,ORAL,TID,否,是,ACTIVE
MED-2026-T123-02,芪参益气滴丸滴丸剂,QCYQDW,CHINESE_PATENT,OTHER,每袋装 0.52g （每 38 丸重 1g）,丸,0.52,g,ROOM_TEMPERATURE,是,是,否,,否,否,否,,否,,,,,,,,ORAL,TID,否,是,ACTIVE
MED-2026-T124-01,养心氏片,YXSP,CHINESE_PATENT,TABLET,每片重 0.3g,片,0.3,g,ROOM_TEMPERATURE,是,是,否,,否,否,否,,否,,,,,,,,ORAL,TID,否,是,ACTIVE
MED-2026-T124-02,养心氏片,YXSP,CHINESE_PATENT,TABLET,每片重 0.6g,片,0.6,g,ROOM_TEMPERATURE,是,是,否,,否,否,否,,否,,,,,,,,ORAL,TID,否,是,ACTIVE
MED-2026-T125,救心丸,JXW,CHINESE_PATENT,OTHER,每 10 粒重 0.25g,丸,0.25,g,ROOM_TEMPERATURE,是,是,否,,否,否,否,,否,,,,,,,,ORAL,TID,否,是,ACTIVE
MED-2026-T126-01,扶正化瘀片（胶囊）,FZHYPJN,CHINESE_PATENT,TABLET,每片重 0.4g,片,0.4,g,ROOM_TEMPERATURE,是,是,否,,否,否,否,,否,,,,,,,,ORAL,TID,否,是,ACTIVE
MED-2026-T126-02,扶正化瘀片（胶囊）,FZHYPJN,CHINESE_PATENT,TABLET,每片重 0.8g,片,0.8,g,ROOM_TEMPERATURE,是,是,否,,否,否,否,,否,,,,,,,,ORAL,TID,否,是,ACTIVE
MED-2026-T126-03,扶正化瘀片（胶囊）,FZHYPJN,CHINESE_PATENT,CAPSULE,每粒装 0.3g,粒,0.3,g,ROOM_TEMPERATURE,是,是,否,,否,否,否,,否,,,,,,,,ORAL,TID,否,是,ACTIVE
MED-2026-T126-04,扶正化瘀片（胶囊）,FZHYPJN,CHINESE_PATENT,CAPSULE,每粒装 0.5g,粒,0.5,g,ROOM_TEMPERATURE,是,是,否,,否,否,否,,否,,,,,,,,ORAL,TID,否,是,ACTIVE
MED-2026-T127,鳖甲煎丸,BJJW,CHINESE_PATENT,OTHER,常规说明书规格,丸,,,ROOM_TEMPERATURE,是,是,否,,否,否,否,,否,,,,,,,,ORAL,TID,否,是,ACTIVE
MED-2026-T128-01,冠心苏合丸（胶囊、软胶囊）,GXSHWJNRJN,CHINESE_PATENT,OTHER,每丸重 1g,丸,1,g,ROOM_TEMPERATURE,是,是,否,,否,否,否,,否,,,,,,,,ORAL,TID,否,是,ACTIVE
MED-2026-T128-02,冠心苏合丸（胶囊、软胶囊）,GXSHWJNRJN,CHINESE_PATENT,CAPSULE,每粒装 0.35g,粒,0.35,g,ROOM_TEMPERATURE,是,是,否,,否,否,否,,否,,,,,,,,ORAL,TID,否,是,ACTIVE
MED-2026-T128-03,冠心苏合丸（胶囊、软胶囊）,GXSHWJNRJN,CHINESE_PATENT,CAPSULE,每粒装 0.31g,粒,0.31,g,ROOM_TEMPERATURE,是,是,否,,否,否,否,,否,,,,,,,,ORAL,TID,否,是,ACTIVE
MED-2026-T128-04,冠心苏合丸（胶囊、软胶囊）,GXSHWJNRJN,CHINESE_PATENT,CAPSULE,每粒装 0.5g,粒,0.5,g,ROOM_TEMPERATURE,是,是,否,,否,否,否,,否,,,,,,,,ORAL,TID,否,是,ACTIVE
MED-2026-T129-01,地奥心血康胶囊（软胶囊）,DAXXKJNRJN,CHINESE_PATENT,CAPSULE,每粒 含地奥心血康100mg,粒,100,mg,ROOM_TEMPERATURE,是,是,否,,否,否,否,,否,,,,,,,,ORAL,TID,否,是,ACTIVE
MED-2026-T129-02,地奥心血康胶囊（软胶囊）,DAXXKJNRJN,CHINESE_PATENT,CAPSULE,每粒装 0.35g（含甾体总皂苷 100mg）,粒,0.35,g,ROOM_TEMPERATURE,是,是,否,,否,否,否,,否,,,,,,,,ORAL,TID,否,是,ACTIVE
MED-2026-T130,通心络胶囊,TXLJN,CHINESE_PATENT,CAPSULE,每粒装 0.26g,粒,0.26,g,ROOM_TEMPERATURE,是,是,否,,否,否,否,,否,,,,,,,,ORAL,TID,否,是,ACTIVE
MED-2026-T131-01,灯盏花素片,DZHSP,CHINESE_PATENT,TABLET,每片 含灯盏花素20mg,片,20,mg,ROOM_TEMPERATURE,是,是,否,,否,否,否,,否,,,,,,,,ORAL,TID,否,是,ACTIVE
MED-2026-T131-02,灯盏花素片,DZHSP,CHINESE_PATENT,TABLET,每片 40mg,片,40,mg,ROOM_TEMPERATURE,是,是,否,,否,否,否,,否,,,,,,,,ORAL,TID,否,是,ACTIVE
MED-2026-T132-01,脑安颗粒（胶囊、片、滴丸）,NAKLJNPDW,CHINESE_PATENT,GRANULE,每袋装 1.2g,袋,1.2,g,ROOM_TEMPERATURE,是,是,否,,否,否,否,,否,,,,,,,,ORAL,TID,否,是,ACTIVE
MED-2026-T132-02,脑安颗粒（胶囊、片、滴丸）,NAKLJNPDW,CHINESE_PATENT,CAPSULE,每粒装 0.4g,粒,0.4,g,ROOM_TEMPERATURE,是,是,否,,否,否,否,,否,,,,,,,,ORAL,TID,否,是,ACTIVE
MED-2026-T132-03,脑安颗粒（胶囊、片、滴丸）,NAKLJNPDW,CHINESE_PATENT,TABLET,每片重 0.53g,片,0.53,g,ROOM_TEMPERATURE,是,是,否,,否,否,否,,否,,,,,,,,ORAL,TID,否,是,ACTIVE
MED-2026-T132-04,脑安滴丸剂,NAKLJNPDW,CHINESE_PATENT,OTHER,每丸重 50mg,丸,50,mg,ROOM_TEMPERATURE,是,是,否,,否,否,否,,否,,,,,,,,ORAL,TID,否,是,ACTIVE
MED-2026-T133,脉血康胶囊,MXKJN,CHINESE_PATENT,CAPSULE,每粒装 0.25g,粒,0.25,g,ROOM_TEMPERATURE,是,是,否,,否,否,否,,否,,,,,,,,ORAL,TID,否,是,ACTIVE
MED-2026-T134-01,大黄䗪虫丸（片、胶囊）,DHCWPJN,CHINESE_PATENT,OTHER,每丸重 3g,丸,3,g,ROOM_TEMPERATURE,是,是,否,,否,否,否,,否,,,,,,,,ORAL,TID,否,是,ACTIVE
MED-2026-T134-02,大黄䗪虫丸（片、胶囊）,DHCWPJN,CHINESE_PATENT,TABLET,每片重 0.52g,片,0.52,g,ROOM_TEMPERATURE,是,是,否,,否,否,否,,否,,,,,,,,ORAL,TID,否,是,ACTIVE
MED-2026-T134-03,大黄䗪虫丸（片、胶囊）,DHCWPJN,CHINESE_PATENT,CAPSULE,每粒装 0.4g,粒,0.4,g,ROOM_TEMPERATURE,是,是,否,,否,否,否,,否,,,,,,,,ORAL,TID,否,是,ACTIVE
MED-2026-T135-01,血府逐瘀丸（片、口服液、胶囊）,XFZYWPKFYJN,CHINESE_PATENT,OTHER,每丸重 9g,丸,9,g,ROOM_TEMPERATURE,是,是,否,,否,否,否,,否,,,,,,,,ORAL,TID,否,是,ACTIVE
MED-2026-T135-02,血府逐瘀丸（片、口服液、胶囊）,XFZYWPKFYJN,CHINESE_PATENT,OTHER,每 10 丸重 2g,丸,2,g,ROOM_TEMPERATURE,是,是,否,,否,否,否,,否,,,,,,,,ORAL,TID,否,是,ACTIVE
MED-2026-T135-03,血府逐瘀丸（片、口服液、胶囊）,XFZYWPKFYJN,CHINESE_PATENT,OTHER,每 60 粒重 6g,丸,6,g,ROOM_TEMPERATURE,是,是,否,,否,否,否,,否,,,,,,,,ORAL,TID,否,是,ACTIVE
MED-2026-T135-04,血府逐瘀丸（片、口服液、胶囊）,XFZYWPKFYJN,CHINESE_PATENT,TABLET,每片重 0.4g,片,0.4,g,ROOM_TEMPERATURE,是,是,否,,否,否,否,,否,,,,,,,,ORAL,TID,否,是,ACTIVE
MED-2026-T135-05,血府逐瘀丸（片、口服液、胶囊）,XFZYWPKFYJN,CHINESE_PATENT,TABLET,每片重 0.42g （相当于饮片 0.74g）,片,0.42,g,ROOM_TEMPERATURE,是,是,否,,否,否,否,,否,,,,,,,,ORAL,TID,否,是,ACTIVE
MED-2026-T135-06,血府逐瘀丸（片、口服液、胶囊）,XFZYWPKFYJN,CHINESE_PATENT,TABLET,每片重 0.45g合剂：每支装 10ml,片,0.45,g,ROOM_TEMPERATURE,是,是,否,,否,否,否,,否,,,,,,,,ORAL,TID,否,是,ACTIVE
MED-2026-T135-07,血府逐瘀丸（片、口服液、胶囊）,XFZYWPKFYJN,CHINESE_PATENT,CAPSULE,每粒装 0.4g,粒,0.4,g,ROOM_TEMPERATURE,是,是,否,,否,否,否,,否,,,,,,,,ORAL,TID,否,是,ACTIVE
MED-2026-T136-01,复方丹参片（颗粒、胶囊、滴丸）,FFDSPKLJNDW,CHINESE_PATENT,TABLET,每片重 0.3g,片,0.3,g,ROOM_TEMPERATURE,是,是,否,,否,否,否,,否,,,,,,,,ORAL,TID,否,是,ACTIVE
MED-2026-T136-02,复方丹参片（颗粒、胶囊、滴丸）,FFDSPKLJNDW,CHINESE_PATENT,TABLET,每片重 0.32g （相当于饮片 0.6g）,片,0.32,g,ROOM_TEMPERATURE,是,是,否,,否,否,否,,否,,,,,,,,ORAL,TID,否,是,ACTIVE
MED-2026-T136-03,复方丹参片（颗粒、胶囊、滴丸）,FFDSPKLJNDW,CHINESE_PATENT,TABLET,每片重 0.8g（相当于饮片 1.8g）颗粒剂：每袋装 1g,片,0.8,g,ROOM_TEMPERATURE,是,是,否,,否,否,否,,否,,,,,,,,ORAL,TID,否,是,ACTIVE
MED-2026-T136-04,复方丹参片（颗粒、胶囊、滴丸）,FFDSPKLJNDW,CHINESE_PATENT,CAPSULE,每粒装 0.3g,粒,0.3,g,ROOM_TEMPERATURE,是,是,否,,否,否,否,,否,,,,,,,,ORAL,TID,否,是,ACTIVE
MED-2026-T136-05,复方丹参滴丸剂,FFDSPKLJNDW,CHINESE_PATENT,OTHER,薄膜衣滴丸每丸重 27mg,丸,27,mg,ROOM_TEMPERATURE,是,是,否,,否,否,否,,否,,,,,,,,ORAL,TID,否,是,ACTIVE
MED-2026-T137,速效救心丸滴丸剂,SXJXW,CHINESE_PATENT,OTHER,每丸重 40mg,丸,40,mg,ROOM_TEMPERATURE,是,是,否,,否,否,否,,否,,,,,,,,ORAL,TID,否,是,ACTIVE
MED-2026-T138-01,心可舒胶囊（片）,XKSJNP,CHINESE_PATENT,CAPSULE,每粒装 0.3g（相当于饮片 1.175g）,粒,0.3,g,ROOM_TEMPERATURE,是,是,否,,否,否,否,,否,,,,,,,,ORAL,TID,否,是,ACTIVE
MED-2026-T138-02,心可舒胶囊（片）,XKSJNP,CHINESE_PATENT,TABLET,每片重 0.31g,片,0.31,g,ROOM_TEMPERATURE,是,是,否,,否,否,否,,否,,,,,,,,ORAL,TID,否,是,ACTIVE
MED-2026-T138-03,心可舒胶囊（片）,XKSJNP,CHINESE_PATENT,TABLET,每片重 0.62g,片,0.62,g,ROOM_TEMPERATURE,是,是,否,,否,否,否,,否,,,,,,,,ORAL,TID,否,是,ACTIVE
MED-2026-T139,脉络宁注射液,MLNZSY,CHINESE_PATENT,INJECTION,每支装 10ml,支,10,ml,ROOM_TEMPERATURE,是,是,否,,否,否,否,,否,,,,,,,,IM,TID,否,是,ACTIVE
MED-2026-T140-01,平消胶囊（片）,PXJNP,CHINESE_PATENT,CAPSULE,每粒装 0.23g,粒,0.23,g,ROOM_TEMPERATURE,是,是,否,,否,否,否,,否,,,,,,,,ORAL,TID,否,是,ACTIVE
MED-2026-T140-02,平消胶囊（片）,PXJNP,CHINESE_PATENT,TABLET,每片重 0.23g,片,0.23,g,ROOM_TEMPERATURE,是,是,否,,否,否,否,,否,,,,,,,,ORAL,TID,否,是,ACTIVE
MED-2026-T140-03,平消胶囊（片）,PXJNP,CHINESE_PATENT,TABLET,每片重 0.24g （相当于饮片 0.405g）,片,0.24,g,ROOM_TEMPERATURE,是,是,否,,否,否,否,,否,,,,,,,,ORAL,TID,否,是,ACTIVE
MED-2026-T141-01,华蟾素片（胶囊）,HCSPJN,CHINESE_PATENT,TABLET,每片重 0.3g,片,0.3,g,ROOM_TEMPERATURE,是,是,否,,否,否,否,,否,,,,,,,,ORAL,TID,否,是,ACTIVE
MED-2026-T141-02,华蟾素片（胶囊）,HCSPJN,CHINESE_PATENT,CAPSULE,每粒装 0.25g（相当于饮片 3.5g）,粒,0.25,g,ROOM_TEMPERATURE,是,是,否,,否,否,否,,否,,,,,,,,ORAL,TID,否,是,ACTIVE
MED-2026-T141-03,华蟾素片（胶囊）,HCSPJN,CHINESE_PATENT,CAPSULE,每粒装 0.3g,粒,0.3,g,ROOM_TEMPERATURE,是,是,否,,否,否,否,,否,,,,,,,,ORAL,TID,否,是,ACTIVE
MED-2026-T142,复方斑蝥胶囊,FFBMJN,CHINESE_PATENT,CAPSULE,每粒装 0.25g,粒,0.25,g,ROOM_TEMPERATURE,是,是,否,,否,否,否,,否,,,,,,,,ORAL,TID,否,是,ACTIVE
MED-2026-T143-01,通关藤（消癌平）片（胶囊、口服液）,TGTXAPPJNKFY,CHINESE_PATENT,TABLET,每片重 0.3g,片,0.3,g,ROOM_TEMPERATURE,是,是,否,,否,否,否,,否,,,,,,,,ORAL,TID,否,是,ACTIVE
MED-2026-T143-02,通关藤（消癌平）片（胶囊、口服液）,TGTXAPPJNKFY,CHINESE_PATENT,TABLET,每片重 0.32g,片,0.32,g,ROOM_TEMPERATURE,是,是,否,,否,否,否,,否,,,,,,,,ORAL,TID,否,是,ACTIVE
MED-2026-T143-03,通关藤（消癌平）片（胶囊、口服液）,TGTXAPPJNKFY,CHINESE_PATENT,CAPSULE,每粒装 0.2g,粒,0.2,g,ROOM_TEMPERATURE,是,是,否,,否,否,否,,否,,,,,,,,ORAL,TID,否,是,ACTIVE
MED-2026-T143-04,通关藤合剂,TGTXAPPJNKFY,CHINESE_PATENT,ORAL_LIQUID,每支装 10ml,瓶,10,ml,ROOM_TEMPERATURE,是,是,否,,否,否,否,,否,,,,,,,,ORAL,TID,否,是,ACTIVE
MED-2026-T143-05,通关藤合剂,TGTXAPPJNKFY,CHINESE_PATENT,ORAL_LIQUID,每1ml 相当于饮片 1g,瓶,1,ml,ROOM_TEMPERATURE,是,是,否,,否,否,否,,否,,,,,,,,ORAL,TID,否,是,ACTIVE
MED-2026-T144-01,红金消结胶囊（片）,HJXJJNP,CHINESE_PATENT,CAPSULE,每粒装 0.4g,粒,0.4,g,ROOM_TEMPERATURE,是,是,否,,否,否,否,,否,,,,,,,,ORAL,TID,否,是,ACTIVE
MED-2026-T144-02,红金消结胶囊（片）,HJXJJNP,CHINESE_PATENT,TABLET,每片重 0.42g,片,0.42,g,ROOM_TEMPERATURE,是,是,否,,否,否,否,,否,,,,,,,,ORAL,TID,否,是,ACTIVE
MED-2026-T144-03,红金消结胶囊（片）,HJXJJNP,CHINESE_PATENT,TABLET,每片重 0.5g,片,0.5,g,ROOM_TEMPERATURE,是,是,否,,否,否,否,,否,,,,,,,,ORAL,TID,否,是,ACTIVE
MED-2026-T144-04,红金消结胶囊（片）,HJXJJNP,CHINESE_PATENT,TABLET,每片重 0.55g（相当于饮片 3.055g）,片,0.55,g,ROOM_TEMPERATURE,是,是,否,,否,否,否,,否,,,,,,,,ORAL,TID,否,是,ACTIVE
MED-2026-T145-01,逍遥丸（颗粒）,XYWKL,CHINESE_PATENT,OTHER,每丸重 9g,丸,9,g,ROOM_TEMPERATURE,是,是,否,,否,否,否,,否,,,,,,,,ORAL,TID,否,是,ACTIVE
MED-2026-T145-02,逍遥丸（颗粒）,XYWKL,CHINESE_PATENT,OTHER,每 8 丸相当于原生药（原药材、饮片）3g,丸,3,g,ROOM_TEMPERATURE,是,是,否,,否,否,否,,否,,,,,,,,ORAL,TID,否,是,ACTIVE
MED-2026-T145-03,逍遥丸（颗粒）,XYWKL,CHINESE_PATENT,OTHER,每袋装 6g,丸,6,g,ROOM_TEMPERATURE,是,是,否,,否,否,否,,否,,,,,,,,ORAL,TID,否,是,ACTIVE
MED-2026-T145-04,逍遥丸（颗粒）,XYWKL,CHINESE_PATENT,OTHER,每袋装 9g颗粒剂：每袋装 5g（相当于饮片 10.0g）,丸,9,g,ROOM_TEMPERATURE,是,是,否,,否,否,否,,否,,,,,,,,ORAL,TID,否,是,ACTIVE
MED-2026-T145-05,逍遥丸（颗粒）,XYWKL,CHINESE_PATENT,OTHER,每袋装 15g,丸,15,g,ROOM_TEMPERATURE,是,是,否,,否,否,否,,否,,,,,,,,ORAL,TID,否,是,ACTIVE
MED-2026-T146,丹栀逍遥丸,DZXYW,CHINESE_PATENT,OTHER,每袋装 6g,丸,6,g,ROOM_TEMPERATURE,是,是,否,,否,否,否,,否,,,,,,,,ORAL,TID,否,是,ACTIVE
MED-2026-T147,舒肝解郁胶囊,SGJYJN,CHINESE_PATENT,CAPSULE,每粒装 0.36g,粒,0.36,g,ROOM_TEMPERATURE,是,是,否,,否,否,否,,否,,,,,,,,ORAL,TID,否,是,ACTIVE
MED-2026-T148,解郁除烦胶囊,JYCFJN,CHINESE_PATENT,CAPSULE,每粒装 0.4g（相当于饮片 1.55g）,粒,0.4,g,ROOM_TEMPERATURE,是,是,否,,否,否,否,,否,,,,,,,,ORAL,TID,否,是,ACTIVE
MED-2026-T149-01,护肝片（颗粒、胶囊）,HGPKLJN,CHINESE_PATENT,TABLET,每片重 0.35g（相当于饮片 1.255g）,片,0.35,g,ROOM_TEMPERATURE,是,是,否,,否,否,否,,否,,,,,,,,ORAL,TID,否,是,ACTIVE
MED-2026-T149-02,护肝片（颗粒、胶囊）,HGPKLJN,CHINESE_PATENT,TABLET,每片重 0.36g（相当于饮片 1.255g）,片,0.36,g,ROOM_TEMPERATURE,是,是,否,,否,否,否,,否,,,,,,,,ORAL,TID,否,是,ACTIVE
MED-2026-T149-03,护肝片（颗粒、胶囊）,HGPKLJN,CHINESE_PATENT,TABLET,每片重 0.38g颗粒剂：每袋装 2g,片,0.38,g,ROOM_TEMPERATURE,是,是,否,,否,否,否,,否,,,,,,,,ORAL,TID,否,是,ACTIVE
MED-2026-T149-04,护肝片（颗粒、胶囊）,HGPKLJN,CHINESE_PATENT,CAPSULE,每粒装 0.35g,粒,0.35,g,ROOM_TEMPERATURE,是,是,否,,否,否,否,,否,,,,,,,,ORAL,TID,否,是,ACTIVE
MED-2026-T150-01,气滞胃痛颗粒（片）,QZWTKLP,CHINESE_PATENT,GRANULE,每袋装 2.5g,袋,2.5,g,ROOM_TEMPERATURE,是,是,否,,否,否,否,,否,,,,,,,,ORAL,TID,否,是,ACTIVE
MED-2026-T150-02,气滞胃痛颗粒（片）,QZWTKLP,CHINESE_PATENT,GRANULE,每袋装 5g,袋,5,g,ROOM_TEMPERATURE,是,是,否,,否,否,否,,否,,,,,,,,ORAL,TID,否,是,ACTIVE
MED-2026-T150-03,气滞胃痛颗粒（片）,QZWTKLP,CHINESE_PATENT,TABLET,每片重 0.5g,片,0.5,g,ROOM_TEMPERATURE,是,是,否,,否,否,否,,否,,,,,,,,ORAL,TID,否,是,ACTIVE
MED-2026-T151,胃苏颗粒,WSKL,CHINESE_PATENT,GRANULE,每袋 相当于饮片16g,袋,16,g,ROOM_TEMPERATURE,是,是,否,,否,否,否,,否,,,,,,,,ORAL,TID,否,是,ACTIVE
MED-2026-T152-01,元胡止痛片（颗粒、胶囊、滴丸）,YHZTPKLJNDW,CHINESE_PATENT,TABLET,每片重 0.25g（相当于饮片 0.67g）,片,0.25,g,ROOM_TEMPERATURE,是,是,否,,否,否,否,,否,,,,,,,,ORAL,TID,否,是,ACTIVE
MED-2026-T152-02,元胡止痛片（颗粒、胶囊、滴丸）,YHZTPKLJNDW,CHINESE_PATENT,TABLET,每片重 0.26g,片,0.26,g,ROOM_TEMPERATURE,是,是,否,,否,否,否,,否,,,,,,,,ORAL,TID,否,是,ACTIVE
MED-2026-T152-03,元胡止痛片（颗粒、胶囊、滴丸）,YHZTPKLJNDW,CHINESE_PATENT,GRANULE,每袋装 5g,袋,5,g,ROOM_TEMPERATURE,是,是,否,,否,否,否,,否,,,,,,,,ORAL,TID,否,是,ACTIVE
MED-2026-T152-04,元胡止痛片（颗粒、胶囊、滴丸）,YHZTPKLJNDW,CHINESE_PATENT,CAPSULE,每粒装 0.25g,粒,0.25,g,ROOM_TEMPERATURE,是,是,否,,否,否,否,,否,,,,,,,,ORAL,TID,否,是,ACTIVE
MED-2026-T152-05,元胡止痛片（颗粒、胶囊、滴丸）,YHZTPKLJNDW,CHINESE_PATENT,CAPSULE,每粒装 0.45g,粒,0.45,g,ROOM_TEMPERATURE,是,是,否,,否,否,否,,否,,,,,,,,ORAL,TID,否,是,ACTIVE
MED-2026-T152-06,元胡止痛滴丸剂,YHZTPKLJNDW,CHINESE_PATENT,OTHER,每 10 丸重 0.5g,丸,0.5,g,ROOM_TEMPERATURE,是,是,否,,否,否,否,,否,,,,,,,,ORAL,TID,否,是,ACTIVE
MED-2026-T153-01,三九胃泰颗粒（胶囊）,SJWTKLJN,CHINESE_PATENT,GRANULE,每袋装 2.5g,袋,2.5,g,ROOM_TEMPERATURE,是,是,否,,否,否,否,,否,,,,,,,,ORAL,TID,否,是,ACTIVE
MED-2026-T153-02,三九胃泰颗粒（胶囊）,SJWTKLJN,CHINESE_PATENT,GRANULE,每袋装 10g,袋,10,g,ROOM_TEMPERATURE,是,是,否,,否,否,否,,否,,,,,,,,ORAL,TID,否,是,ACTIVE
MED-2026-T153-03,三九胃泰颗粒（胶囊）,SJWTKLJN,CHINESE_PATENT,GRANULE,每袋装 20g,袋,20,g,ROOM_TEMPERATURE,是,是,否,,否,否,否,,否,,,,,,,,ORAL,TID,否,是,ACTIVE
MED-2026-T153-04,三九胃泰颗粒（胶囊）,SJWTKLJN,CHINESE_PATENT,CAPSULE,每粒装 0.5g,粒,0.5,g,ROOM_TEMPERATURE,是,是,否,,否,否,否,,否,,,,,,,,ORAL,TID,否,是,ACTIVE
MED-2026-T154,加味左金丸,JWZJW,CHINESE_PATENT,OTHER,每 100 丸重 6g,丸,6,g,ROOM_TEMPERATURE,是,是,否,,否,否,否,,否,,,,,,,,ORAL,TID,否,是,ACTIVE
MED-2026-T155,荜铃胃痛颗粒,BLWTKL,CHINESE_PATENT,GRANULE,每袋 相当于饮片20g,袋,20,g,ROOM_TEMPERATURE,是,是,否,,否,否,否,,否,,,,,,,,ORAL,TID,否,是,ACTIVE
MED-2026-T156,荆花胃康胶丸胶囊,JHWKJW,CHINESE_PATENT,CAPSULE,每粒装 80mg,粒,80,mg,ROOM_TEMPERATURE,是,是,否,,否,否,否,,否,,,,,,,,ORAL,TID,否,是,ACTIVE
MED-2026-T157,颠茄片,DJP,CHINESE_PATENT,TABLET,每片 含颠茄浸膏10mg,片,10,mg,ROOM_TEMPERATURE,是,是,否,,否,否,否,,否,,,,,,,,ORAL,TID,否,是,ACTIVE
MED-2026-T158,五灵胶囊,WLJN,CHINESE_PATENT,CAPSULE,每粒装 0.35g,粒,0.35,g,ROOM_TEMPERATURE,是,是,否,,否,否,否,,否,,,,,,,,ORAL,TID,否,是,ACTIVE
MED-2026-T159,枳术宽中胶囊,ZSKZJN,CHINESE_PATENT,CAPSULE,每粒装 0.43g,粒,0.43,g,ROOM_TEMPERATURE,是,是,否,,否,否,否,,否,,,,,,,,ORAL,TID,否,是,ACTIVE
MED-2026-T160-01,宽胸气雾剂,KXQWJ,CHINESE_PATENT,AEROSOL,每瓶 含内容物5.8g,支,5.8,g,ROOM_TEMPERATURE,是,是,否,,否,否,否,,否,,,,,,,,INHALATION,TID,否,是,ACTIVE
MED-2026-T160-02,宽胸气雾剂,KXQWJ,CHINESE_PATENT,AEROSOL,其中药液 2.7ml（含挥发油 0.6ml）,支,2.7,ml,ROOM_TEMPERATURE,是,是,否,,否,否,否,,否,,,,,,,,INHALATION,TID,否,是,ACTIVE
MED-2026-T160-03,宽胸气雾剂,KXQWJ,CHINESE_PATENT,AEROSOL,每瓶 60揿,支,,,ROOM_TEMPERATURE,是,是,否,,否,否,否,,否,,,,,,,,INHALATION,TID,否,是,ACTIVE
MED-2026-T160-04,宽胸气雾剂,KXQWJ,CHINESE_PATENT,AEROSOL,每揿重 69mg,支,69,mg,ROOM_TEMPERATURE,是,是,否,,否,否,否,,否,,,,,,,,INHALATION,TID,否,是,ACTIVE
MED-2026-T160-05,宽胸气雾剂每瓶 内容物重 13.8g,KXQWJ,CHINESE_PATENT,TABLET,常规说明书规格,片,,,ROOM_TEMPERATURE,是,是,否,,否,否,否,,否,,,,,,,,ORAL,TID,否,是,ACTIVE
MED-2026-T160-06,宽胸气雾剂内含药 液 4.8g（含挥发油 1.5ml ）,KXQWJ,CHINESE_PATENT,TABLET,常规说明书规格,片,,,ROOM_TEMPERATURE,是,是,否,,否,否,否,,否,,,,,,,,ORAL,TID,否,是,ACTIVE
MED-2026-T160-07,宽胸气雾剂每瓶 185 揿,KXQWJ,CHINESE_PATENT,TABLET,常规说明书规格,片,,,ROOM_TEMPERATURE,是,是,否,,否,否,否,,否,,,,,,,,ORAL,TID,否,是,ACTIVE
MED-2026-T160-08,宽胸气雾剂每揿 63mg,KXQWJ,CHINESE_PATENT,TABLET,常规说明书规格,片,,,ROOM_TEMPERATURE,是,是,否,,否,否,否,,否,,,,,,,,ORAL,TID,否,是,ACTIVE
MED-2026-T161-01,保和丸（颗粒、片）,BHWKLP,CHINESE_PATENT,OTHER,每丸重 9g,丸,9,g,ROOM_TEMPERATURE,是,是,否,,否,否,否,,否,,,,,,,,ORAL,TID,否,是,ACTIVE
MED-2026-T161-02,保和丸（颗粒、片）,BHWKLP,CHINESE_PATENT,OTHER,每 8 丸相当于原生药 3g,丸,3,g,ROOM_TEMPERATURE,是,是,否,,否,否,否,,否,,,,,,,,ORAL,TID,否,是,ACTIVE
MED-2026-T161-03,保和丸（颗粒、片）,BHWKLP,CHINESE_PATENT,OTHER,每袋装 6g,丸,6,g,ROOM_TEMPERATURE,是,是,否,,否,否,否,,否,,,,,,,,ORAL,TID,否,是,ACTIVE
MED-2026-T161-04,保和丸（颗粒、片）,BHWKLP,CHINESE_PATENT,OTHER,每袋装 9g,丸,9,g,ROOM_TEMPERATURE,是,是,否,,否,否,否,,否,,,,,,,,ORAL,TID,否,是,ACTIVE
MED-2026-T161-05,保和丸（颗粒、片）,BHWKLP,CHINESE_PATENT,GRANULE,每袋装 4.5g,袋,4.5,g,ROOM_TEMPERATURE,是,是,否,,否,否,否,,否,,,,,,,,ORAL,TID,否,是,ACTIVE
MED-2026-T161-06,保和丸（颗粒、片）,BHWKLP,CHINESE_PATENT,TABLET,每片重 0.4g,片,0.4,g,ROOM_TEMPERATURE,是,是,否,,否,否,否,,否,,,,,,,,ORAL,TID,否,是,ACTIVE
MED-2026-T162-01,六味安消散（胶囊）,LWAXSJN,CHINESE_PATENT,POWDER,每袋装 18g,袋,18,g,ROOM_TEMPERATURE,是,是,否,,否,否,否,,否,,,,,,,,ORAL,TID,否,是,ACTIVE
MED-2026-T162-02,六味安消散（胶囊）,LWAXSJN,CHINESE_PATENT,POWDER,每 1g相当于饮片 1g,袋,1,g,ROOM_TEMPERATURE,是,是,否,,否,否,否,,否,,,,,,,,ORAL,TID,否,是,ACTIVE
MED-2026-T162-03,六味安消散（胶囊）,LWAXSJN,CHINESE_PATENT,CAPSULE,每粒装 0.5g,粒,0.5,g,ROOM_TEMPERATURE,是,是,否,,否,否,否,,否,,,,,,,,ORAL,TID,否,是,ACTIVE
MED-2026-T163,四磨汤口服液合剂,SMTKFY,CHINESE_PATENT,ORAL_LIQUID,每 1ml 相当于饮片0.15g,瓶,1,ml,ROOM_TEMPERATURE,是,是,否,,否,否,否,,否,,,,,,,,ORAL,TID,否,是,ACTIVE
MED-2026-T164-01,川芎茶调丸（散、颗粒、片）,CQCDWSKLP,CHINESE_PATENT,OTHER,每 8 丸相当于原药材 3g,丸,3,g,ROOM_TEMPERATURE,是,是,否,,否,否,否,,否,,,,,,,,ORAL,TID,否,是,ACTIVE
MED-2026-T164-02,川芎茶调丸（散、颗粒、片）,CQCDWSKLP,CHINESE_PATENT,OTHER,每袋装 6g,丸,6,g,ROOM_TEMPERATURE,是,是,否,,否,否,否,,否,,,,,,,,ORAL,TID,否,是,ACTIVE
MED-2026-T164-03,川芎茶调丸（散、颗粒、片）,CQCDWSKLP,CHINESE_PATENT,POWDER,每袋装 3g,袋,3,g,ROOM_TEMPERATURE,是,是,否,,否,否,否,,否,,,,,,,,ORAL,TID,否,是,ACTIVE
MED-2026-T164-04,川芎茶调丸（散、颗粒、片）,CQCDWSKLP,CHINESE_PATENT,POWDER,每袋装 6g,袋,6,g,ROOM_TEMPERATURE,是,是,否,,否,否,否,,否,,,,,,,,ORAL,TID,否,是,ACTIVE
MED-2026-T164-05,川芎茶调丸（散、颗粒、片）,CQCDWSKLP,CHINESE_PATENT,GRANULE,每袋装 4g（相当于饮片 7.35g）,袋,4,g,ROOM_TEMPERATURE,是,是,否,,否,否,否,,否,,,,,,,,ORAL,TID,否,是,ACTIVE
MED-2026-T164-06,川芎茶调丸（散、颗粒、片）,CQCDWSKLP,CHINESE_PATENT,GRANULE,每袋装 7.8g,袋,7.8,g,ROOM_TEMPERATURE,是,是,否,,否,否,否,,否,,,,,,,,ORAL,TID,否,是,ACTIVE
MED-2026-T164-07,川芎茶调丸（散、颗粒、片）,CQCDWSKLP,CHINESE_PATENT,TABLET,每片重 0.48g,片,0.48,g,ROOM_TEMPERATURE,是,是,否,,否,否,否,,否,,,,,,,,ORAL,TID,否,是,ACTIVE
MED-2026-T165,通天口服液合剂,TTKFY,CHINESE_PATENT,ORAL_LIQUID,每 1ml 相当于饮片0.53g,瓶,1,ml,ROOM_TEMPERATURE,是,是,否,,否,否,否,,否,,,,,,,,ORAL,TID,否,是,ACTIVE
MED-2026-T166-01,都梁滴滴丸剂,DLDWRJN,CHINESE_PATENT,OTHER,每丸重 30mg,丸,30,mg,ROOM_TEMPERATURE,是,是,否,,否,否,否,,否,,,,,,,,ORAL,TID,否,是,ACTIVE
MED-2026-T166-02,都梁滴丸（软胶囊）,DLDWRJN,CHINESE_PATENT,CAPSULE,每粒装 0.54g,粒,0.54,g,ROOM_TEMPERATURE,是,是,否,,否,否,否,,否,,,,,,,,ORAL,TID,否,是,ACTIVE
MED-2026-T167,松龄血脉康胶囊,SLXMKJN,CHINESE_PATENT,CAPSULE,每粒装 0.5g,粒,0.5,g,ROOM_TEMPERATURE,是,是,否,,否,否,否,,否,,,,,,,,ORAL,TID,否,是,ACTIVE
MED-2026-T168,丹珍头痛胶囊,DZTTJN,CHINESE_PATENT,CAPSULE,每粒装 0.5g,粒,0.5,g,ROOM_TEMPERATURE,是,是,否,,否,否,否,,否,,,,,,,,ORAL,TID,否,是,ACTIVE
MED-2026-T169-01,强力定眩片（胶囊）,QLDXPJN,CHINESE_PATENT,TABLET,每片重 0.35g（相当于饮片 2.39g）,片,0.35,g,ROOM_TEMPERATURE,是,是,否,,否,否,否,,否,,,,,,,,ORAL,TID,否,是,ACTIVE
MED-2026-T169-02,强力定眩片（胶囊）,QLDXPJN,CHINESE_PATENT,CAPSULE,每粒装 0.4g,粒,0.4,g,ROOM_TEMPERATURE,是,是,否,,否,否,否,,否,,,,,,,,ORAL,TID,否,是,ACTIVE
MED-2026-T170-01,正天丸（胶囊）,ZTWJN,CHINESE_PATENT,OTHER,每袋装 6g,丸,6,g,ROOM_TEMPERATURE,是,是,否,,否,否,否,,否,,,,,,,,ORAL,TID,否,是,ACTIVE
MED-2026-T170-02,正天丸（胶囊）,ZTWJN,CHINESE_PATENT,CAPSULE,每粒装 0.45g,粒,0.45,g,ROOM_TEMPERATURE,是,是,否,,否,否,否,,否,,,,,,,,ORAL,TID,否,是,ACTIVE
MED-2026-T171-01,养血清脑丸（颗粒）,YXQNWKL,CHINESE_PATENT,OTHER,每袋装 2.5g,丸,2.5,g,ROOM_TEMPERATURE,是,是,否,,否,否,否,,否,,,,,,,,ORAL,TID,否,是,ACTIVE
MED-2026-T171-02,养血清脑丸（颗粒）,YXQNWKL,CHINESE_PATENT,GRANULE,每袋装 4g,袋,4,g,ROOM_TEMPERATURE,是,是,否,,否,否,否,,否,,,,,,,,ORAL,TID,否,是,ACTIVE
MED-2026-T172-01,消银颗粒（片）,XYKLP,CHINESE_PATENT,GRANULE,3.5g/ 袋,袋,3.5,g,ROOM_TEMPERATURE,是,是,否,,否,否,否,,否,,,,,,,,ORAL,TID,否,是,ACTIVE
MED-2026-T172-02,消银颗粒（片）,XYKLP,CHINESE_PATENT,TABLET,每片重 0.3g,片,0.3,g,ROOM_TEMPERATURE,是,是,否,,否,否,否,,否,,,,,,,,ORAL,TID,否,是,ACTIVE
MED-2026-T172-03,消银颗粒（片）,XYKLP,CHINESE_PATENT,TABLET,每片重 0.32g,片,0.32,g,ROOM_TEMPERATURE,是,是,否,,否,否,否,,否,,,,,,,,ORAL,TID,否,是,ACTIVE
MED-2026-T173,润燥止痒胶囊,RZZYJN,CHINESE_PATENT,CAPSULE,每粒装 0.5g,粒,0.5,g,ROOM_TEMPERATURE,是,是,否,,否,否,否,,否,,,,,,,,ORAL,TID,否,是,ACTIVE
MED-2026-T174,华佗再造丸,HTZZW,CHINESE_PATENT,OTHER,常规说明书规格,丸,,,ROOM_TEMPERATURE,是,是,否,,否,否,否,,否,,,,,,,,ORAL,TID,否,是,ACTIVE
MED-2026-T175-01,小活络丸,XHLW,CHINESE_PATENT,OTHER,每丸重 3g,丸,3,g,ROOM_TEMPERATURE,是,是,否,,否,否,否,,否,,,,,,,,ORAL,TID,否,是,ACTIVE
MED-2026-T175-02,小活络丸,XHLW,CHINESE_PATENT,OTHER,每 6 丸相当于原生药（原药材） 2.3g,丸,2.3,g,ROOM_TEMPERATURE,是,是,否,,否,否,否,,否,,,,,,,,ORAL,TID,否,是,ACTIVE
MED-2026-T176-01,复方风湿宁胶囊（片）,FFFSNJNP,CHINESE_PATENT,CAPSULE,每粒装 0.3g,粒,0.3,g,ROOM_TEMPERATURE,是,是,否,,否,否,否,,否,,,,,,,,ORAL,TID,否,是,ACTIVE
MED-2026-T176-02,复方风湿宁胶囊（片）,FFFSNJNP,CHINESE_PATENT,TABLET,每片重 0.2g,片,0.2,g,ROOM_TEMPERATURE,是,是,否,,否,否,否,,否,,,,,,,,ORAL,TID,否,是,ACTIVE
MED-2026-T176-03,复方风湿宁胶囊（片）,FFFSNJNP,CHINESE_PATENT,TABLET,每片重 0.21g,片,0.21,g,ROOM_TEMPERATURE,是,是,否,,否,否,否,,否,,,,,,,,ORAL,TID,否,是,ACTIVE
MED-2026-T176-04,复方风湿宁胶囊（片）,FFFSNJNP,CHINESE_PATENT,TABLET,每片重 0.48g,片,0.48,g,ROOM_TEMPERATURE,是,是,否,,否,否,否,,否,,,,,,,,ORAL,TID,否,是,ACTIVE
MED-2026-T177-01,风湿骨痛胶囊（片）,FSGTJNP,CHINESE_PATENT,CAPSULE,每粒装 0.3g,粒,0.3,g,ROOM_TEMPERATURE,是,是,否,,否,否,否,,否,,,,,,,,ORAL,TID,否,是,ACTIVE
MED-2026-T177-02,风湿骨痛胶囊（片）,FSGTJNP,CHINESE_PATENT,TABLET,每片重 0.36g,片,0.36,g,ROOM_TEMPERATURE,是,是,否,,否,否,否,,否,,,,,,,,ORAL,TID,否,是,ACTIVE
MED-2026-T177-03,风湿骨痛胶囊（片）,FSGTJNP,CHINESE_PATENT,TABLET,每片重 0.37g,片,0.37,g,ROOM_TEMPERATURE,是,是,否,,否,否,否,,否,,,,,,,,ORAL,TID,否,是,ACTIVE
MED-2026-T178,追风透骨丸,ZFTGW,CHINESE_PATENT,OTHER,每 10 丸重 1g,丸,1,g,ROOM_TEMPERATURE,是,是,否,,否,否,否,,否,,,,,,,,ORAL,TID,否,是,ACTIVE
MED-2026-T179-01,正清风痛宁缓释片（片、肠溶片）,ZQFTNHSPPCRP,CHINESE_PATENT,TABLET,每片 含盐酸青藤碱 60mg,片,60,mg,ROOM_TEMPERATURE,是,是,否,,否,否,否,,否,,,,,,,,ORAL,TID,否,是,ACTIVE
MED-2026-T179-02,正清风痛宁缓释片（片、肠溶片）,ZQFTNHSPPCRP,CHINESE_PATENT,TABLET,每片 含盐酸青藤碱20mg,片,20,mg,ROOM_TEMPERATURE,是,是,否,,否,否,否,,否,,,,,,,,ORAL,TID,否,是,ACTIVE
MED-2026-T179-03,正清风痛宁缓释片（片、肠溶片）,ZQFTNHSPPCRP,CHINESE_PATENT,TABLET,每片 含盐酸青藤碱 20mg,片,20,mg,ROOM_TEMPERATURE,是,是,否,,否,否,否,,否,,,,,,,,ORAL,TID,否,是,ACTIVE
MED-2026-T180,雷公藤多苷片,LGTDGP,CHINESE_PATENT,TABLET,10mg,片,10,mg,ROOM_TEMPERATURE,是,是,否,,否,否,否,,否,,,,,,,,ORAL,TID,否,是,ACTIVE
MED-2026-T181-01,五苓散（胶囊、片）,WLSJNP,CHINESE_PATENT,POWDER,每袋装 6g,袋,6,g,ROOM_TEMPERATURE,是,是,否,,否,否,否,,否,,,,,,,,ORAL,TID,否,是,ACTIVE
MED-2026-T181-02,五苓散（胶囊、片）,WLSJNP,CHINESE_PATENT,POWDER,每袋装 9g,袋,9,g,ROOM_TEMPERATURE,是,是,否,,否,否,否,,否,,,,,,,,ORAL,TID,否,是,ACTIVE
MED-2026-T181-03,五苓散（胶囊、片）,WLSJNP,CHINESE_PATENT,CAPSULE,每粒装 0.45g,粒,0.45,g,ROOM_TEMPERATURE,是,是,否,,否,否,否,,否,,,,,,,,ORAL,TID,否,是,ACTIVE
MED-2026-T181-04,五苓散（胶囊、片）,WLSJNP,CHINESE_PATENT,TABLET,每片重 0.35g,片,0.35,g,ROOM_TEMPERATURE,是,是,否,,否,否,否,,否,,,,,,,,ORAL,TID,否,是,ACTIVE
MED-2026-T182-01,肾炎康复片,SYKFP,CHINESE_PATENT,TABLET,每片重 0.3g,片,0.3,g,ROOM_TEMPERATURE,是,是,否,,否,否,否,,否,,,,,,,,ORAL,TID,否,是,ACTIVE
MED-2026-T182-02,肾炎康复片,SYKFP,CHINESE_PATENT,TABLET,每片重 0.48g,片,0.48,g,ROOM_TEMPERATURE,是,是,否,,否,否,否,,否,,,,,,,,ORAL,TID,否,是,ACTIVE
MED-2026-T183,尿毒清颗粒,NDQKL,CHINESE_PATENT,GRANULE,每袋装 5g,袋,5,g,ROOM_TEMPERATURE,是,是,否,,否,否,否,,否,,,,,,,,ORAL,TID,否,是,ACTIVE
MED-2026-T184,黄葵胶囊,HKJN,CHINESE_PATENT,CAPSULE,每粒装 0.43g（相当于饮片 2g）,粒,0.43,g,ROOM_TEMPERATURE,是,是,否,,否,否,否,,否,,,,,,,,ORAL,TID,否,是,ACTIVE
MED-2026-T185-01,癃清片（胶囊）,LQPJN,CHINESE_PATENT,TABLET,每片重 0.6g,片,0.6,g,ROOM_TEMPERATURE,是,是,否,,否,否,否,,否,,,,,,,,ORAL,TID,否,是,ACTIVE
MED-2026-T185-02,癃清片（胶囊）,LQPJN,CHINESE_PATENT,CAPSULE,每粒装 0.4g,粒,0.4,g,ROOM_TEMPERATURE,是,是,否,,否,否,否,,否,,,,,,,,ORAL,TID,否,是,ACTIVE
MED-2026-T185-03,癃清片（胶囊）,LQPJN,CHINESE_PATENT,CAPSULE,每粒装 0.5g,粒,0.5,g,ROOM_TEMPERATURE,是,是,否,,否,否,否,,否,,,,,,,,ORAL,TID,否,是,ACTIVE
MED-2026-T186-01,三金片,SJP,CHINESE_PATENT,TABLET,每片重 0.17g（相当于饮片2.1g）,片,0.17,g,ROOM_TEMPERATURE,是,是,否,,否,否,否,,否,,,,,,,,ORAL,TID,否,是,ACTIVE
MED-2026-T186-02,三金片,SJP,CHINESE_PATENT,TABLET,每片重 0.18g（相当于饮片2.1g）,片,0.18,g,ROOM_TEMPERATURE,是,是,否,,否,否,否,,否,,,,,,,,ORAL,TID,否,是,ACTIVE
MED-2026-T186-03,三金片,SJP,CHINESE_PATENT,TABLET,每片重 0.28g（相当于饮片 3.5g）,片,0.28,g,ROOM_TEMPERATURE,是,是,否,,否,否,否,,否,,,,,,,,ORAL,TID,否,是,ACTIVE
MED-2026-T186-04,三金片,SJP,CHINESE_PATENT,TABLET,每片重 0.32g（相当于饮片 3.5g）,片,0.32,g,ROOM_TEMPERATURE,是,是,否,,否,否,否,,否,,,,,,,,ORAL,TID,否,是,ACTIVE
MED-2026-T187-01,银花泌炎灵片,YHMYLP,CHINESE_PATENT,TABLET,每片重 0.25g,片,0.25,g,ROOM_TEMPERATURE,是,是,否,,否,否,否,,否,,,,,,,,ORAL,TID,否,是,ACTIVE
MED-2026-T187-02,银花泌炎灵片,YHMYLP,CHINESE_PATENT,TABLET,每片重 0.5g,片,0.5,g,ROOM_TEMPERATURE,是,是,否,,否,否,否,,否,,,,,,,,ORAL,TID,否,是,ACTIVE
MED-2026-T188-01,癃闭舒胶囊（片）,LBSJNP,CHINESE_PATENT,CAPSULE,每粒装 0.3g,粒,0.3,g,ROOM_TEMPERATURE,是,是,否,,否,否,否,,否,,,,,,,,ORAL,TID,否,是,ACTIVE
MED-2026-T188-02,癃闭舒胶囊（片）,LBSJNP,CHINESE_PATENT,CAPSULE,每粒装 0.45g,粒,0.45,g,ROOM_TEMPERATURE,是,是,否,,否,否,否,,否,,,,,,,,ORAL,TID,否,是,ACTIVE
MED-2026-T188-03,癃闭舒胶囊（片）,LBSJNP,CHINESE_PATENT,TABLET,每片重 0.3g,片,0.3,g,ROOM_TEMPERATURE,是,是,否,,否,否,否,,否,,,,,,,,ORAL,TID,否,是,ACTIVE
MED-2026-T188-04,癃闭舒胶囊（片）,LBSJNP,CHINESE_PATENT,TABLET,每片重 0.31g,片,0.31,g,ROOM_TEMPERATURE,是,是,否,,否,否,否,,否,,,,,,,,ORAL,TID,否,是,ACTIVE
MED-2026-T189,海昆肾喜胶囊,HKSXJN,CHINESE_PATENT,CAPSULE,每粒装 0.22g（含褐藻多糖硫酸酯 100mg）,粒,0.22,g,ROOM_TEMPERATURE,是,是,否,,否,否,否,,否,,,,,,,,ORAL,TID,否,是,ACTIVE
MED-2026-T190,尿通卡克乃其片,NTKKNQP,CHINESE_PATENT,TABLET,每片重 0.5g,片,0.5,g,ROOM_TEMPERATURE,是,是,否,,否,否,否,,否,,,,,,,,ORAL,TID,否,是,ACTIVE
MED-2026-T191-01,尪痹颗粒（胶囊、片）,WBKLJNP,CHINESE_PATENT,GRANULE,每袋装 3g,袋,3,g,ROOM_TEMPERATURE,是,是,否,,否,否,否,,否,,,,,,,,ORAL,TID,否,是,ACTIVE
MED-2026-T191-02,尪痹颗粒（胶囊、片）,WBKLJNP,CHINESE_PATENT,GRANULE,每袋装 6g,袋,6,g,ROOM_TEMPERATURE,是,是,否,,否,否,否,,否,,,,,,,,ORAL,TID,否,是,ACTIVE
MED-2026-T191-03,尪痹颗粒（胶囊、片）,WBKLJNP,CHINESE_PATENT,CAPSULE,每粒 0.55g,粒,0.55,g,ROOM_TEMPERATURE,是,是,否,,否,否,否,,否,,,,,,,,ORAL,TID,否,是,ACTIVE
MED-2026-T191-04,尪痹颗粒（胶囊、片）,WBKLJNP,CHINESE_PATENT,TABLET,每片重 0.25g,片,0.25,g,ROOM_TEMPERATURE,是,是,否,,否,否,否,,否,,,,,,,,ORAL,TID,否,是,ACTIVE
MED-2026-T191-05,尪痹颗粒（胶囊、片）,WBKLJNP,CHINESE_PATENT,TABLET,每片重 0.5g,片,0.5,g,ROOM_TEMPERATURE,是,是,否,,否,否,否,,否,,,,,,,,ORAL,TID,否,是,ACTIVE
MED-2026-T192-01,风湿液酒剂,FSY,CHINESE_PATENT,TABLET,每瓶装 10ml,片,10,ml,ROOM_TEMPERATURE,是,是,否,,否,否,否,,否,,,,,,,,ORAL,TID,否,是,ACTIVE
MED-2026-T192-02,风湿液酒剂,FSY,CHINESE_PATENT,TABLET,每瓶装 100ml,片,100,ml,ROOM_TEMPERATURE,是,是,否,,否,否,否,,否,,,,,,,,ORAL,TID,否,是,ACTIVE
MED-2026-T192-03,风湿液酒剂,FSY,CHINESE_PATENT,TABLET,每瓶装 250ml,片,250,ml,ROOM_TEMPERATURE,是,是,否,,否,否,否,,否,,,,,,,,ORAL,TID,否,是,ACTIVE
MED-2026-T193-01,普乐安胶囊（片）,PLAJNP,CHINESE_PATENT,CAPSULE,每粒装 0.375g,粒,0.375,g,ROOM_TEMPERATURE,是,是,否,,否,否,否,,否,,,,,,,,ORAL,TID,否,是,ACTIVE
MED-2026-T193-02,普乐安胶囊（片）,PLAJNP,CHINESE_PATENT,TABLET,每片重 0.57g（含油菜花粉 0.5g）,片,0.57,g,ROOM_TEMPERATURE,是,是,否,,否,否,否,,否,,,,,,,,ORAL,TID,否,是,ACTIVE
MED-2026-T193-03,普乐安胶囊（片）,PLAJNP,CHINESE_PATENT,TABLET,每片重 0.64g（含油菜花粉 0.5g）,片,0.64,g,ROOM_TEMPERATURE,是,是,否,,否,否,否,,否,,,,,,,,ORAL,TID,否,是,ACTIVE
MED-2026-T194,克痢痧胶囊,KLSJN,CHINESE_PATENT,CAPSULE,每粒装 0.28g,粒,0.28,g,ROOM_TEMPERATURE,是,是,否,,否,否,否,,否,,,,,,,,ORAL,TID,否,是,ACTIVE
MED-2026-T195,血脂康胶囊,XZKJN,CHINESE_PATENT,CAPSULE,每粒装 0.3g,粒,0.3,g,ROOM_TEMPERATURE,是,是,否,,否,否,否,,否,,,,,,,,ORAL,TID,否,是,ACTIVE
MED-2026-T196-01,荷丹片（胶囊）,HDPJN,CHINESE_PATENT,TABLET,每片重 0.73g（相当于饮片 14.125g）,片,0.73,g,ROOM_TEMPERATURE,是,是,否,,否,否,否,,否,,,,,,,,ORAL,TID,否,是,ACTIVE
MED-2026-T196-02,荷丹片（胶囊）,HDPJN,CHINESE_PATENT,CAPSULE,每粒装 0.33g（相当于饮片 7.06g）,粒,0.33,g,ROOM_TEMPERATURE,是,是,否,,否,否,否,,否,,,,,,,,ORAL,TID,否,是,ACTIVE
MED-2026-T197-01,缩泉丸（胶囊）,SQWJN,CHINESE_PATENT,OTHER,每 20 粒重 1g,丸,1,g,ROOM_TEMPERATURE,是,是,否,,否,否,否,,否,,,,,,,,ORAL,TID,否,是,ACTIVE
MED-2026-T197-02,缩泉丸（胶囊）,SQWJN,CHINESE_PATENT,CAPSULE,每粒装 0.3g,粒,0.3,g,ROOM_TEMPERATURE,是,是,否,,否,否,否,,否,,,,,,,,ORAL,TID,否,是,ACTIVE
MED-2026-T198-01,消炎利胆片（颗粒、胶囊）,XYLDPKLJN,CHINESE_PATENT,TABLET,每片重 0.24g,片,0.24,g,ROOM_TEMPERATURE,是,是,否,,否,否,否,,否,,,,,,,,ORAL,TID,否,是,ACTIVE
MED-2026-T198-02,消炎利胆片（颗粒、胶囊）,XYLDPKLJN,CHINESE_PATENT,TABLET,每片重 0.25g （相当于饮片 2.6g）,片,0.25,g,ROOM_TEMPERATURE,是,是,否,,否,否,否,,否,,,,,,,,ORAL,TID,否,是,ACTIVE
MED-2026-T198-03,消炎利胆片（颗粒、胶囊）,XYLDPKLJN,CHINESE_PATENT,TABLET,每片重 0.26g（相当于饮片 2.6g）颗粒剂：每袋装 2.5g,片,0.26,g,ROOM_TEMPERATURE,是,是,否,,否,否,否,,否,,,,,,,,ORAL,TID,否,是,ACTIVE
MED-2026-T198-04,消炎利胆片（颗粒、胶囊）,XYLDPKLJN,CHINESE_PATENT,CAPSULE,每粒装 0.45g,粒,0.45,g,ROOM_TEMPERATURE,是,是,否,,否,否,否,,否,,,,,,,,ORAL,TID,否,是,ACTIVE
MED-2026-T199,金钱胆通颗粒,JQDTKL,CHINESE_PATENT,GRANULE,每 1g 相当于饮片3.56g,袋,1,g,ROOM_TEMPERATURE,是,是,否,,否,否,否,,否,,,,,,,,ORAL,TID,否,是,ACTIVE
MED-2026-T200-01,银屑胶囊（颗粒）,YXJNKL,CHINESE_PATENT,CAPSULE,每粒装 0.45g（相当于饮片 6.75g）,粒,0.45,g,ROOM_TEMPERATURE,是,是,否,,否,否,否,,否,,,,,,,,ORAL,TID,否,是,ACTIVE
MED-2026-T200-02,银屑胶囊（颗粒）,YXJNKL,CHINESE_PATENT,GRANULE,每袋装 6g（相当于饮片27g）,袋,6,g,ROOM_TEMPERATURE,是,是,否,,否,否,否,,否,,,,,,,,ORAL,TID,否,是,ACTIVE
MED-2026-T200-03,银屑胶囊（颗粒）,YXJNKL,CHINESE_PATENT,GRANULE,每袋装 15g（相当于原药材 27g）,袋,15,g,ROOM_TEMPERATURE,是,是,否,,否,否,否,,否,,,,,,,,ORAL,TID,否,是,ACTIVE
MED-2026-T201-01,除湿止痒软膏软膏剂,CSZYRG,CHINESE_PATENT,CREAM,每支装 10g,支,10,g,COOL,是,是,否,,否,否,否,,否,,,,,,,,TOPICAL,TID,否,是,ACTIVE
MED-2026-T201-02,除湿止痒软膏软膏剂,CSZYRG,CHINESE_PATENT,CREAM,每支装 20g,支,20,g,COOL,是,是,否,,否,否,否,,否,,,,,,,,TOPICAL,TID,否,是,ACTIVE
MED-2026-T202,金蝉止痒胶囊,JCZYJN,CHINESE_PATENT,CAPSULE,每粒装 0.5g,粒,0.5,g,ROOM_TEMPERATURE,是,是,否,,否,否,否,,否,,,,,,,,ORAL,TID,否,是,ACTIVE
MED-2026-T203,季德胜蛇药片,JDSSYP,CHINESE_PATENT,TABLET,每片重 0.4g,片,0.4,g,ROOM_TEMPERATURE,是,是,否,,否,否,否,,否,,,,,,,,ORAL,TID,否,是,ACTIVE
MED-2026-T204-01,肛泰栓（软膏）,GTSRG,CHINESE_PATENT,SUPPOSITORY,每粒 相当于饮片0.086g,枚,0.086,g,COOL,是,是,否,,否,否,否,,否,,,,,,,,RECTAL,TID,否,是,ACTIVE
MED-2026-T204-02,肛泰栓（软膏）,GTSRG,CHINESE_PATENT,SUPPOSITORY,含盐酸小檗碱 36mg,枚,36,mg,COOL,是,是,否,,否,否,否,,否,,,,,,,,RECTAL,TID,否,是,ACTIVE
MED-2026-T204-03,肛泰栓（软膏）,GTSRG,CHINESE_PATENT,SUPPOSITORY,盐酸罂粟碱 7mg软膏剂：每 1g 相当于饮片 86mg,枚,7,mg,COOL,是,是,否,,否,否,否,,否,,,,,,,,RECTAL,TID,否,是,ACTIVE
MED-2026-T204-04,肛泰栓（软膏）,GTSRG,CHINESE_PATENT,SUPPOSITORY,含盐酸小檗碱36mg,枚,36,mg,COOL,是,是,否,,否,否,否,,否,,,,,,,,RECTAL,TID,否,是,ACTIVE
MED-2026-T204-05,肛泰栓（软膏）,GTSRG,CHINESE_PATENT,SUPPOSITORY,盐酸罂粟碱 7mg,枚,7,mg,COOL,是,是,否,,否,否,否,,否,,,,,,,,RECTAL,TID,否,是,ACTIVE
MED-2026-T205,"复方黄柏液涂剂（复
方黄柏液）",FFHBYTJFFHBY,CHINESE_PATENT,TABLET,每 1ml 相当于饮片0.2g,片,1,ml,ROOM_TEMPERATURE,是,是,否,,否,否,否,,否,,,,,,,,ORAL,TID,否,是,ACTIVE
MED-2026-T206-01,连翘败毒丸（膏、片）,LQBDWGP,CHINESE_PATENT,OTHER,每袋装 9g,丸,9,g,ROOM_TEMPERATURE,是,是,否,,否,否,否,,否,,,,,,,,ORAL,TID,否,是,ACTIVE
MED-2026-T206-02,连翘败毒丸（膏、片）,LQBDWGP,CHINESE_PATENT,OTHER,每 100粒重 6g,丸,6,g,ROOM_TEMPERATURE,是,是,否,,否,否,否,,否,,,,,,,,ORAL,TID,否,是,ACTIVE
MED-2026-T206-03,连翘败毒煎膏剂,LQBDWGP,CHINESE_PATENT,TABLET,每袋装 15g,片,15,g,ROOM_TEMPERATURE,是,是,否,,否,否,否,,否,,,,,,,,ORAL,TID,否,是,ACTIVE
MED-2026-T206-04,连翘败毒煎膏剂,LQBDWGP,CHINESE_PATENT,TABLET,每瓶装 60g,片,60,g,ROOM_TEMPERATURE,是,是,否,,否,否,否,,否,,,,,,,,ORAL,TID,否,是,ACTIVE
MED-2026-T206-05,连翘败毒煎膏剂,LQBDWGP,CHINESE_PATENT,TABLET,每瓶装 120g,片,120,g,ROOM_TEMPERATURE,是,是,否,,否,否,否,,否,,,,,,,,ORAL,TID,否,是,ACTIVE
MED-2026-T206-06,连翘败毒丸（膏、片）,LQBDWGP,CHINESE_PATENT,TABLET,每片重 0.6g,片,0.6,g,ROOM_TEMPERATURE,是,是,否,,否,否,否,,否,,,,,,,,ORAL,TID,否,是,ACTIVE
MED-2026-T207-01,如意金黄散,RYJHS,CHINESE_PATENT,POWDER,每袋 （瓶）装 6g,袋,6,g,ROOM_TEMPERATURE,是,是,否,,否,否,否,,否,,,,,,,,ORAL,TID,否,是,ACTIVE
MED-2026-T207-02,如意金黄散,RYJHS,CHINESE_PATENT,POWDER,每袋 9g,袋,9,g,ROOM_TEMPERATURE,是,是,否,,否,否,否,,否,,,,,,,,ORAL,TID,否,是,ACTIVE
MED-2026-T207-03,如意金黄散,RYJHS,CHINESE_PATENT,POWDER,每袋 12g,袋,12,g,ROOM_TEMPERATURE,是,是,否,,否,否,否,,否,,,,,,,,ORAL,TID,否,是,ACTIVE
MED-2026-T208-01,地榆槐角丸,DYHJW,CHINESE_PATENT,OTHER,每丸重 9g,丸,9,g,ROOM_TEMPERATURE,是,是,否,,否,否,否,,否,,,,,,,,ORAL,TID,否,是,ACTIVE
MED-2026-T208-02,地榆槐角丸,DYHJW,CHINESE_PATENT,OTHER,每 100丸重 10g,丸,10,g,ROOM_TEMPERATURE,是,是,否,,否,否,否,,否,,,,,,,,ORAL,TID,否,是,ACTIVE
MED-2026-T209,湿润烧伤膏软膏剂,SRSSG,CHINESE_PATENT,CREAM,每 1g 相当于饮片0.21g,支,1,g,ROOM_TEMPERATURE,是,是,否,,否,否,否,,否,,,,,,,,TOPICAL,TID,否,是,ACTIVE
MED-2026-T210-01,康复新液合剂,KFXY,CHINESE_PATENT,ORAL_LIQUID,每瓶装 10ml,瓶,10,ml,ROOM_TEMPERATURE,是,是,否,,否,否,否,,否,,,,,,,,ORAL,TID,否,是,ACTIVE
MED-2026-T210-02,康复新液合剂,KFXY,CHINESE_PATENT,ORAL_LIQUID,每瓶装 50ml,瓶,50,ml,ROOM_TEMPERATURE,是,是,否,,否,否,否,,否,,,,,,,,ORAL,TID,否,是,ACTIVE
MED-2026-T210-03,康复新液合剂,KFXY,CHINESE_PATENT,ORAL_LIQUID,每瓶装 100ml,瓶,100,ml,ROOM_TEMPERATURE,是,是,否,,否,否,否,,否,,,,,,,,ORAL,TID,否,是,ACTIVE
MED-2026-T210-04,康复新液合剂,KFXY,CHINESE_PATENT,ORAL_LIQUID,每1ml含美洲大蠊干燥虫体的乙醇提取物（含总氨基酸以丙氨酸计） 1mg,瓶,1,ml,ROOM_TEMPERATURE,是,是,否,,否,否,否,,否,,,,,,,,ORAL,TID,否,是,ACTIVE
MED-2026-T210-05,康复新液溶液剂,KFXY,CHINESE_PATENT,ORAL_LIQUID,每瓶装 10ml,瓶,10,ml,ROOM_TEMPERATURE,是,是,否,,否,否,否,,否,,,,,,,,ORAL,TID,否,是,ACTIVE
MED-2026-T210-06,康复新液溶液剂,KFXY,CHINESE_PATENT,ORAL_LIQUID,每瓶装 50ml,瓶,50,ml,ROOM_TEMPERATURE,是,是,否,,否,否,否,,否,,,,,,,,ORAL,TID,否,是,ACTIVE
MED-2026-T210-07,康复新液溶液剂,KFXY,CHINESE_PATENT,ORAL_LIQUID,每瓶装 100ml,瓶,100,ml,ROOM_TEMPERATURE,是,是,否,,否,否,否,,否,,,,,,,,ORAL,TID,否,是,ACTIVE
MED-2026-T211-01,肤痔清软膏软膏剂,FZQRG,CHINESE_PATENT,CREAM,每 1g 相当于饮片0.436g,支,1,g,COOL,是,是,否,,否,否,否,,否,,,,,,,,TOPICAL,TID,否,是,ACTIVE
MED-2026-T211-02,肤痔清软膏软膏剂,FZQRG,CHINESE_PATENT,CREAM,含薄荷脑 3mg,支,3,mg,COOL,是,是,否,,否,否,否,,否,,,,,,,,TOPICAL,TID,否,是,ACTIVE
MED-2026-T212-01,排石颗粒,PSKL,CHINESE_PATENT,GRANULE,每袋装 5g,袋,5,g,ROOM_TEMPERATURE,是,是,否,,否,否,否,,否,,,,,,,,ORAL,TID,否,是,ACTIVE
MED-2026-T212-02,排石颗粒,PSKL,CHINESE_PATENT,GRANULE,每袋装 20g,袋,20,g,ROOM_TEMPERATURE,是,是,否,,否,否,否,,否,,,,,,,,ORAL,TID,否,是,ACTIVE
MED-2026-T213,双石通淋胶囊,SSTLJN,CHINESE_PATENT,CAPSULE,每粒装 0.5g,粒,0.5,g,ROOM_TEMPERATURE,是,是,否,,否,否,否,,否,,,,,,,,ORAL,TID,否,是,ACTIVE
MED-2026-T214,马应龙麝香痔疮膏软膏剂,MYLSXZCG,CHINESE_PATENT,CREAM,常规说明书规格,支,,,ROOM_TEMPERATURE,是,是,否,,否,否,否,,否,,,,,,,,TOPICAL,TID,否,是,ACTIVE
MED-2026-T215-01,内消瘰疬丸,NXLLW,CHINESE_PATENT,OTHER,每 10 丸重 1.85g,丸,1.85,g,ROOM_TEMPERATURE,是,是,否,,否,否,否,,否,,,,,,,,ORAL,TID,否,是,ACTIVE
MED-2026-T215-02,内消瘰疬丸,NXLLW,CHINESE_PATENT,OTHER,每 100 粒重 6g,丸,6,g,ROOM_TEMPERATURE,是,是,否,,否,否,否,,否,,,,,,,,ORAL,TID,否,是,ACTIVE
MED-2026-T215-03,内消瘰疬丸,NXLLW,CHINESE_PATENT,OTHER,每瓶装 9g,丸,9,g,ROOM_TEMPERATURE,是,是,否,,否,否,否,,否,,,,,,,,ORAL,TID,否,是,ACTIVE
MED-2026-T216-01,小金丸（胶囊、片）,XJWJNP,CHINESE_PATENT,OTHER,每 10 丸重 6g,丸,6,g,ROOM_TEMPERATURE,是,是,否,,否,否,否,,否,,,,,,,,ORAL,TID,否,是,ACTIVE
MED-2026-T216-02,小金丸（胶囊、片）,XJWJNP,CHINESE_PATENT,OTHER,每100 丸重 3g,丸,3,g,ROOM_TEMPERATURE,是,是,否,,否,否,否,,否,,,,,,,,ORAL,TID,否,是,ACTIVE
MED-2026-T216-03,小金丸（胶囊、片）,XJWJNP,CHINESE_PATENT,OTHER,6g,丸,6,g,ROOM_TEMPERATURE,是,是,否,,否,否,否,,否,,,,,,,,ORAL,TID,否,是,ACTIVE
MED-2026-T216-04,小金丸（胶囊、片）,XJWJNP,CHINESE_PATENT,CAPSULE,每粒装 0.3g,粒,0.3,g,ROOM_TEMPERATURE,是,是,否,,否,否,否,,否,,,,,,,,ORAL,TID,否,是,ACTIVE
MED-2026-T216-05,小金丸（胶囊、片）,XJWJNP,CHINESE_PATENT,CAPSULE,每粒装 0.35g,粒,0.35,g,ROOM_TEMPERATURE,是,是,否,,否,否,否,,否,,,,,,,,ORAL,TID,否,是,ACTIVE
MED-2026-T216-06,小金丸（胶囊、片）,XJWJNP,CHINESE_PATENT,TABLET,每片重 0.36g,片,0.36,g,ROOM_TEMPERATURE,是,是,否,,否,否,否,,否,,,,,,,,ORAL,TID,否,是,ACTIVE
MED-2026-T217-01,西黄丸（胶囊）,XHWJN,CHINESE_PATENT,OTHER,每 20 丸重 1g,丸,1,g,ROOM_TEMPERATURE,是,是,否,,否,否,否,,否,,,,,,,,ORAL,TID,否,是,ACTIVE
MED-2026-T217-02,西黄丸（胶囊）,XHWJN,CHINESE_PATENT,CAPSULE,每粒装 0.25g,粒,0.25,g,ROOM_TEMPERATURE,是,是,否,,否,否,否,,否,,,,,,,,ORAL,TID,否,是,ACTIVE
MED-2026-T218-01,脉管复康片（胶囊）,MGFKPJN,CHINESE_PATENT,TABLET,每片重 0.3g,片,0.3,g,ROOM_TEMPERATURE,是,是,否,,否,否,否,,否,,,,,,,,ORAL,TID,否,是,ACTIVE
MED-2026-T218-02,脉管复康片（胶囊）,MGFKPJN,CHINESE_PATENT,TABLET,每片重 0.6g,片,0.6,g,ROOM_TEMPERATURE,是,是,否,,否,否,否,,否,,,,,,,,ORAL,TID,否,是,ACTIVE
MED-2026-T218-03,脉管复康片（胶囊）,MGFKPJN,CHINESE_PATENT,CAPSULE,每粒装 0.45g,粒,0.45,g,ROOM_TEMPERATURE,是,是,否,,否,否,否,,否,,,,,,,,ORAL,TID,否,是,ACTIVE
MED-2026-T219,木丹颗粒,MDKL,CHINESE_PATENT,GRANULE,每袋装 7g,袋,7,g,ROOM_TEMPERATURE,是,是,否,,否,否,否,,否,,,,,,,,ORAL,TID,否,是,ACTIVE
MED-2026-T220-01,京万红软膏软膏剂,JWHRG,CHINESE_PATENT,CREAM,每 1g 相当于饮片 0.161g,支,1,g,COOL,是,是,否,,否,否,否,,否,,,,,,,,TOPICAL,TID,否,是,ACTIVE
MED-2026-T220-02,京万红软膏软膏剂,JWHRG,CHINESE_PATENT,CREAM,每支装 10g,支,10,g,COOL,是,是,否,,否,否,否,,否,,,,,,,,TOPICAL,TID,否,是,ACTIVE
MED-2026-T220-03,京万红软膏软膏剂,JWHRG,CHINESE_PATENT,CREAM,每支装 20g,支,20,g,COOL,是,是,否,,否,否,否,,否,,,,,,,,TOPICAL,TID,否,是,ACTIVE
MED-2026-T220-04,京万红软膏软膏剂,JWHRG,CHINESE_PATENT,CREAM,每支装 50g,支,50,g,COOL,是,是,否,,否,否,否,,否,,,,,,,,TOPICAL,TID,否,是,ACTIVE
MED-2026-T221,灵泽片,LZP,CHINESE_PATENT,TABLET,每片重 0.58g,片,0.58,g,ROOM_TEMPERATURE,是,是,否,,否,否,否,,否,,,,,,,,ORAL,TID,否,是,ACTIVE
MED-2026-T222-01,白灵片（胶囊）,BLPJN,CHINESE_PATENT,TABLET,每片重 0.34g（相当于饮片 1.64g）,片,0.34,g,ROOM_TEMPERATURE,是,是,否,,否,否,否,,否,,,,,,,,ORAL,TID,否,是,ACTIVE
MED-2026-T222-02,白灵片（胶囊）,BLPJN,CHINESE_PATENT,CAPSULE,每粒装 0.33g,粒,0.33,g,ROOM_TEMPERATURE,是,是,否,,否,否,否,,否,,,,,,,,ORAL,TID,否,是,ACTIVE
MED-2026-T223-01,益母草膏煎膏剂,YMCGKLJNP,CHINESE_PATENT,TABLET,每瓶装 125g,片,125,g,ROOM_TEMPERATURE,是,是,否,,否,否,否,,否,,,,,,,,ORAL,TID,否,是,ACTIVE
MED-2026-T223-02,益母草膏煎膏剂,YMCGKLJNP,CHINESE_PATENT,TABLET,每瓶装 250g,片,250,g,ROOM_TEMPERATURE,是,是,否,,否,否,否,,否,,,,,,,,ORAL,TID,否,是,ACTIVE
MED-2026-T223-03,益母草膏（颗粒、胶囊、片）,YMCGKLJNP,CHINESE_PATENT,GRANULE,每袋装 15g,袋,15,g,ROOM_TEMPERATURE,是,是,否,,否,否,否,,否,,,,,,,,ORAL,TID,否,是,ACTIVE
MED-2026-T223-04,益母草膏（颗粒、胶囊、片）,YMCGKLJNP,CHINESE_PATENT,CAPSULE,每粒装 0.36g,粒,0.36,g,ROOM_TEMPERATURE,是,是,否,,否,否,否,,否,,,,,,,,ORAL,TID,否,是,ACTIVE
MED-2026-T223-05,益母草膏（颗粒、胶囊、片）,YMCGKLJNP,CHINESE_PATENT,TABLET,每片重 0.25g,片,0.25,g,ROOM_TEMPERATURE,是,是,否,,否,否,否,,否,,,,,,,,ORAL,TID,否,是,ACTIVE
MED-2026-T223-06,益母草膏（颗粒、胶囊、片）,YMCGKLJNP,CHINESE_PATENT,TABLET,每片重 0.28g,片,0.28,g,ROOM_TEMPERATURE,是,是,否,,否,否,否,,否,,,,,,,,ORAL,TID,否,是,ACTIVE
MED-2026-T223-07,益母草膏（颗粒、胶囊、片）,YMCGKLJNP,CHINESE_PATENT,TABLET,每片重 0.6g,片,0.6,g,ROOM_TEMPERATURE,是,是,否,,否,否,否,,否,,,,,,,,ORAL,TID,否,是,ACTIVE
MED-2026-T224-01,少腹逐瘀丸（颗粒、胶囊）,SFZYWKLJN,CHINESE_PATENT,OTHER,每丸重 9g,丸,9,g,ROOM_TEMPERATURE,是,是,否,,否,否,否,,否,,,,,,,,ORAL,TID,否,是,ACTIVE
MED-2026-T224-02,少腹逐瘀丸（颗粒、胶囊）,SFZYWKLJN,CHINESE_PATENT,GRANULE,每袋装 1.6g,袋,1.6,g,ROOM_TEMPERATURE,是,是,否,,否,否,否,,否,,,,,,,,ORAL,TID,否,是,ACTIVE
MED-2026-T224-03,少腹逐瘀丸（颗粒、胶囊）,SFZYWKLJN,CHINESE_PATENT,GRANULE,每袋装 5g,袋,5,g,ROOM_TEMPERATURE,是,是,否,,否,否,否,,否,,,,,,,,ORAL,TID,否,是,ACTIVE
MED-2026-T224-04,少腹逐瘀丸（颗粒、胶囊）,SFZYWKLJN,CHINESE_PATENT,CAPSULE,每粒装 0.45g,粒,0.45,g,ROOM_TEMPERATURE,是,是,否,,否,否,否,,否,,,,,,,,ORAL,TID,否,是,ACTIVE
MED-2026-T225,茜芷胶囊,QZJN,CHINESE_PATENT,CAPSULE,每粒装 0.4g,粒,0.4,g,ROOM_TEMPERATURE,是,是,否,,否,否,否,,否,,,,,,,,ORAL,TID,否,是,ACTIVE
MED-2026-T226-01,坤宁颗粒（口服液）,KNKLKFY,CHINESE_PATENT,GRANULE,每袋装 8g（相当于饮片 25g）,袋,8,g,ROOM_TEMPERATURE,是,是,否,,否,否,否,,否,,,,,,,,ORAL,TID,否,是,ACTIVE
MED-2026-T226-02,坤宁颗粒（口服液）,KNKLKFY,CHINESE_PATENT,GRANULE,每袋装 15g,袋,15,g,ROOM_TEMPERATURE,是,是,否,,否,否,否,,否,,,,,,,,ORAL,TID,否,是,ACTIVE
MED-2026-T226-03,坤宁合剂,KNKLKFY,CHINESE_PATENT,ORAL_LIQUID,每 1ml 相当于饮片1.25g,瓶,1,ml,ROOM_TEMPERATURE,是,是,否,,否,否,否,,否,,,,,,,,ORAL,TID,否,是,ACTIVE
MED-2026-T227,安宫止血颗粒,AGZXKL,CHINESE_PATENT,GRANULE,每袋装 5g,袋,5,g,ROOM_TEMPERATURE,是,是,否,,否,否,否,,否,,,,,,,,ORAL,TID,否,是,ACTIVE
MED-2026-T228,葆宫止血颗粒,BGZXKL,CHINESE_PATENT,GRANULE,每袋装 15g（每1g 相当于饮片 3.433g）,袋,15,g,ROOM_TEMPERATURE,是,是,否,,否,否,否,,否,,,,,,,,ORAL,TID,否,是,ACTIVE
MED-2026-T229,妇科十味片,FKSWP,CHINESE_PATENT,TABLET,每片重 0.3g（相当于饮片 0.32g，含碳酸钙21.67mg）,片,0.3,g,ROOM_TEMPERATURE,是,是,否,,否,否,否,,否,,,,,,,,ORAL,TID,否,是,ACTIVE
MED-2026-T230-01,妇科千金片（胶囊）,FKQJPJN,CHINESE_PATENT,TABLET,常规说明书规格,片,,,ROOM_TEMPERATURE,是,是,否,,否,否,否,,否,,,,,,,,ORAL,TID,否,是,ACTIVE
MED-2026-T230-02,妇科千金片（胶囊）,FKQJPJN,CHINESE_PATENT,CAPSULE,每粒装 0.4g,粒,0.4,g,ROOM_TEMPERATURE,是,是,否,,否,否,否,,否,,,,,,,,ORAL,TID,否,是,ACTIVE
MED-2026-T231-01,花红片（颗粒、胶囊）,HHPKLJN,CHINESE_PATENT,TABLET,每片重 0.28g,片,0.28,g,ROOM_TEMPERATURE,是,是,否,,否,否,否,,否,,,,,,,,ORAL,TID,否,是,ACTIVE
MED-2026-T231-02,花红片（颗粒、胶囊）,HHPKLJN,CHINESE_PATENT,TABLET,每片重 0.29g,片,0.29,g,ROOM_TEMPERATURE,是,是,否,,否,否,否,,否,,,,,,,,ORAL,TID,否,是,ACTIVE
MED-2026-T231-03,花红片（颗粒、胶囊）,HHPKLJN,CHINESE_PATENT,GRANULE,每袋装 2.5g,袋,2.5,g,ROOM_TEMPERATURE,是,是,否,,否,否,否,,否,,,,,,,,ORAL,TID,否,是,ACTIVE
MED-2026-T231-04,花红片（颗粒、胶囊）,HHPKLJN,CHINESE_PATENT,GRANULE,每袋装 10g,袋,10,g,ROOM_TEMPERATURE,是,是,否,,否,否,否,,否,,,,,,,,ORAL,TID,否,是,ACTIVE
MED-2026-T231-05,花红片（颗粒、胶囊）,HHPKLJN,CHINESE_PATENT,CAPSULE,每粒装 0.25g（相当于饮片 9.334g）,粒,0.25,g,ROOM_TEMPERATURE,是,是,否,,否,否,否,,否,,,,,,,,ORAL,TID,否,是,ACTIVE
MED-2026-T232-01,宫炎平片（胶囊）,GYPPJN,CHINESE_PATENT,TABLET,每片重 0.25g,片,0.25,g,ROOM_TEMPERATURE,是,是,否,,否,否,否,,否,,,,,,,,ORAL,TID,否,是,ACTIVE
MED-2026-T232-02,宫炎平片（胶囊）,GYPPJN,CHINESE_PATENT,TABLET,每片重 0.26g,片,0.26,g,ROOM_TEMPERATURE,是,是,否,,否,否,否,,否,,,,,,,,ORAL,TID,否,是,ACTIVE
MED-2026-T232-03,宫炎平片（胶囊）,GYPPJN,CHINESE_PATENT,CAPSULE,每粒装 0.2g,粒,0.2,g,ROOM_TEMPERATURE,是,是,否,,否,否,否,,否,,,,,,,,ORAL,TID,否,是,ACTIVE
MED-2026-T232-04,宫炎平片（胶囊）,GYPPJN,CHINESE_PATENT,CAPSULE,每粒装 0.25g （相当于饮片 1g）,粒,0.25,g,ROOM_TEMPERATURE,是,是,否,,否,否,否,,否,,,,,,,,ORAL,TID,否,是,ACTIVE
MED-2026-T232-05,宫炎平片（胶囊）,GYPPJN,CHINESE_PATENT,CAPSULE,每粒装 0.35g,粒,0.35,g,ROOM_TEMPERATURE,是,是,否,,否,否,否,,否,,,,,,,,ORAL,TID,否,是,ACTIVE
MED-2026-T233,妇炎消胶囊,FYXJN,CHINESE_PATENT,CAPSULE,每粒装 0.45g,粒,0.45,g,ROOM_TEMPERATURE,是,是,否,,否,否,否,,否,,,,,,,,ORAL,TID,否,是,ACTIVE
MED-2026-T234,金刚藤糖浆糖浆剂,JGTTJ,CHINESE_PATENT,ORAL_LIQUID,每瓶装 150ml,瓶,150,ml,COOL,是,是,否,,否,否,否,,否,,,,,,,,ORAL,TID,否,是,ACTIVE
MED-2026-T235,康妇消炎栓,KFXYS,CHINESE_PATENT,SUPPOSITORY,每粒重 2.0g,枚,2.0,g,ROOM_TEMPERATURE,是,是,否,,否,否,否,,否,,,,,,,,RECTAL,TID,否,是,ACTIVE
MED-2026-T236,康妇炎胶囊,KFYJN,CHINESE_PATENT,CAPSULE,每粒装 0.4g（相当于饮片 3.144g）,粒,0.4,g,ROOM_TEMPERATURE,是,是,否,,否,否,否,,否,,,,,,,,ORAL,TID,否,是,ACTIVE
MED-2026-T237,保妇康栓,BFKS,CHINESE_PATENT,SUPPOSITORY,每粒重 1.74g（含莪术油 82mg，冰片 75mg）,枚,1.74,g,ROOM_TEMPERATURE,是,是,否,,否,否,否,,否,,,,,,,,RECTAL,TID,否,是,ACTIVE
MED-2026-T238-01,艾附暖宫丸,AFNGW,CHINESE_PATENT,OTHER,每丸重 9g,丸,9,g,ROOM_TEMPERATURE,是,是,否,,否,否,否,,否,,,,,,,,ORAL,TID,否,是,ACTIVE
MED-2026-T238-02,艾附暖宫丸,AFNGW,CHINESE_PATENT,OTHER,每 45丸重 9g,丸,9,g,ROOM_TEMPERATURE,是,是,否,,否,否,否,,否,,,,,,,,ORAL,TID,否,是,ACTIVE
MED-2026-T238-03,艾附暖宫丸,AFNGW,CHINESE_PATENT,OTHER,每 100 丸重 4g,丸,4,g,ROOM_TEMPERATURE,是,是,否,,否,否,否,,否,,,,,,,,ORAL,TID,否,是,ACTIVE
MED-2026-T238-04,艾附暖宫丸,AFNGW,CHINESE_PATENT,OTHER,每丸重 10g,丸,10,g,ROOM_TEMPERATURE,是,是,否,,否,否,否,,否,,,,,,,,ORAL,TID,否,是,ACTIVE
MED-2026-T238-05,艾附暖宫丸,AFNGW,CHINESE_PATENT,OTHER,每袋装 9g,丸,9,g,ROOM_TEMPERATURE,是,是,否,,否,否,否,,否,,,,,,,,ORAL,TID,否,是,ACTIVE
MED-2026-T238-06,艾附暖宫丸,AFNGW,CHINESE_PATENT,OTHER,每瓶装 45g,丸,45,g,ROOM_TEMPERATURE,是,是,否,,否,否,否,,否,,,,,,,,ORAL,TID,否,是,ACTIVE
MED-2026-T239-01,乌鸡白凤丸（胶囊、片）,WJBFWJNP,CHINESE_PATENT,OTHER,每丸重 9g,丸,9,g,ROOM_TEMPERATURE,是,是,否,,否,否,否,,否,,,,,,,,ORAL,TID,否,是,ACTIVE
MED-2026-T239-02,乌鸡白凤丸（胶囊、片）,WJBFWJNP,CHINESE_PATENT,OTHER,每 10 丸重 1g,丸,1,g,ROOM_TEMPERATURE,是,是,否,,否,否,否,,否,,,,,,,,ORAL,TID,否,是,ACTIVE
MED-2026-T239-03,乌鸡白凤丸（胶囊、片）,WJBFWJNP,CHINESE_PATENT,OTHER,每袋装 6g,丸,6,g,ROOM_TEMPERATURE,是,是,否,,否,否,否,,否,,,,,,,,ORAL,TID,否,是,ACTIVE
MED-2026-T239-04,乌鸡白凤丸（胶囊、片）,WJBFWJNP,CHINESE_PATENT,OTHER,每袋装 9g,丸,9,g,ROOM_TEMPERATURE,是,是,否,,否,否,否,,否,,,,,,,,ORAL,TID,否,是,ACTIVE
MED-2026-T239-05,乌鸡白凤丸（胶囊、片）,WJBFWJNP,CHINESE_PATENT,CAPSULE,每粒装 0.3g,粒,0.3,g,ROOM_TEMPERATURE,是,是,否,,否,否,否,,否,,,,,,,,ORAL,TID,否,是,ACTIVE
MED-2026-T239-06,乌鸡白凤丸（胶囊、片）,WJBFWJNP,CHINESE_PATENT,TABLET,每片重 0.5g,片,0.5,g,ROOM_TEMPERATURE,是,是,否,,否,否,否,,否,,,,,,,,ORAL,TID,否,是,ACTIVE
MED-2026-T240-01,八珍益母丸（胶囊）,BZYMWJN,CHINESE_PATENT,OTHER,每丸重 9g,丸,9,g,ROOM_TEMPERATURE,是,是,否,,否,否,否,,否,,,,,,,,ORAL,TID,否,是,ACTIVE
MED-2026-T240-02,八珍益母丸（胶囊）,BZYMWJN,CHINESE_PATENT,OTHER,每袋装 6g,丸,6,g,ROOM_TEMPERATURE,是,是,否,,否,否,否,,否,,,,,,,,ORAL,TID,否,是,ACTIVE
MED-2026-T240-03,八珍益母丸（胶囊）,BZYMWJN,CHINESE_PATENT,OTHER,每袋装 9g,丸,9,g,ROOM_TEMPERATURE,是,是,否,,否,否,否,,否,,,,,,,,ORAL,TID,否,是,ACTIVE
MED-2026-T240-04,八珍益母丸（胶囊）,BZYMWJN,CHINESE_PATENT,CAPSULE,每粒装 0.35g（相当于饮片 0.921g）,粒,0.35,g,ROOM_TEMPERATURE,是,是,否,,否,否,否,,否,,,,,,,,ORAL,TID,否,是,ACTIVE
MED-2026-T241-01,补血益母丸（颗粒）,BXYMWKL,CHINESE_PATENT,OTHER,每袋装 12g（每 200丸重 12g）,丸,12,g,ROOM_TEMPERATURE,是,是,否,,否,否,否,,否,,,,,,,,ORAL,TID,否,是,ACTIVE
MED-2026-T241-02,补血益母丸（颗粒）,BXYMWKL,CHINESE_PATENT,GRANULE,每 1g 相当于饮片1.5959g,袋,1,g,ROOM_TEMPERATURE,是,是,否,,否,否,否,,否,,,,,,,,ORAL,TID,否,是,ACTIVE
MED-2026-T242-01,定坤丹丸,DKD,CHINESE_PATENT,OTHER,每丸重 10.8g（相当于饮片4.78g，含复方滇鸡血藤膏 0.25g）,丸,10.8,g,ROOM_TEMPERATURE,是,是,否,,否,否,否,,否,,,,,,,,ORAL,TID,否,是,ACTIVE
MED-2026-T242-02,定坤丹丸,DKD,CHINESE_PATENT,OTHER,每瓶装 7g （相当于饮片 5.4g）,丸,7,g,ROOM_TEMPERATURE,是,是,否,,否,否,否,,否,,,,,,,,ORAL,TID,否,是,ACTIVE
MED-2026-T243-01,更年安片（胶囊）,GNAPJN,CHINESE_PATENT,TABLET,每片重 0.3g,片,0.3,g,ROOM_TEMPERATURE,是,是,否,,否,否,否,,否,,,,,,,,ORAL,TID,否,是,ACTIVE
MED-2026-T243-02,更年安片（胶囊）,GNAPJN,CHINESE_PATENT,TABLET,每片重 0.31g,片,0.31,g,ROOM_TEMPERATURE,是,是,否,,否,否,否,,否,,,,,,,,ORAL,TID,否,是,ACTIVE
MED-2026-T243-03,更年安片（胶囊）,GNAPJN,CHINESE_PATENT,CAPSULE,每粒装 0.3g,粒,0.3,g,ROOM_TEMPERATURE,是,是,否,,否,否,否,,否,,,,,,,,ORAL,TID,否,是,ACTIVE
MED-2026-T244,坤泰胶囊,KTJN,CHINESE_PATENT,CAPSULE,每粒装 0.5g,粒,0.5,g,ROOM_TEMPERATURE,是,是,否,,否,否,否,,否,,,,,,,,ORAL,TID,否,是,ACTIVE
MED-2026-T245,滋肾育胎丸,ZSYTW,CHINESE_PATENT,OTHER,常规说明书规格,丸,,,ROOM_TEMPERATURE,是,是,否,,否,否,否,,否,,,,,,,,ORAL,TID,否,是,ACTIVE
MED-2026-T246-01,乳癖消颗粒（胶囊、片）,RPXKLJNP,CHINESE_PATENT,GRANULE,每袋装 8g（相当于原药材 6g）,袋,8,g,ROOM_TEMPERATURE,是,是,否,,否,否,否,,否,,,,,,,,ORAL,TID,否,是,ACTIVE
MED-2026-T246-02,乳癖消颗粒（胶囊、片）,RPXKLJNP,CHINESE_PATENT,CAPSULE,每粒装 0.32g,粒,0.32,g,ROOM_TEMPERATURE,是,是,否,,否,否,否,,否,,,,,,,,ORAL,TID,否,是,ACTIVE
MED-2026-T246-03,乳癖消颗粒（胶囊、片）,RPXKLJNP,CHINESE_PATENT,TABLET,每片重 0.32g,片,0.32,g,ROOM_TEMPERATURE,是,是,否,,否,否,否,,否,,,,,,,,ORAL,TID,否,是,ACTIVE
MED-2026-T246-04,乳癖消颗粒（胶囊、片）,RPXKLJNP,CHINESE_PATENT,TABLET,每片重 0.34g,片,0.34,g,ROOM_TEMPERATURE,是,是,否,,否,否,否,,否,,,,,,,,ORAL,TID,否,是,ACTIVE
MED-2026-T246-05,乳癖消颗粒（胶囊、片）,RPXKLJNP,CHINESE_PATENT,TABLET,每片重 0.67g,片,0.67,g,ROOM_TEMPERATURE,是,是,否,,否,否,否,,否,,,,,,,,ORAL,TID,否,是,ACTIVE
MED-2026-T247-01,桂枝茯苓丸（胶囊）,GZFLWJN,CHINESE_PATENT,OTHER,每丸重 6g,丸,6,g,ROOM_TEMPERATURE,是,是,否,,否,否,否,,否,,,,,,,,ORAL,TID,否,是,ACTIVE
MED-2026-T247-02,桂枝茯苓丸（胶囊）,GZFLWJN,CHINESE_PATENT,OTHER,素丸每10 丸重 1.5g,丸,1.5,g,ROOM_TEMPERATURE,是,是,否,,否,否,否,,否,,,,,,,,ORAL,TID,否,是,ACTIVE
MED-2026-T247-03,桂枝茯苓丸（胶囊）,GZFLWJN,CHINESE_PATENT,OTHER,每丸重 2.2g,丸,2.2,g,ROOM_TEMPERATURE,是,是,否,,否,否,否,,否,,,,,,,,ORAL,TID,否,是,ACTIVE
MED-2026-T247-04,桂枝茯苓丸（胶囊）,GZFLWJN,CHINESE_PATENT,OTHER,每 100丸重 10g,丸,10,g,ROOM_TEMPERATURE,是,是,否,,否,否,否,,否,,,,,,,,ORAL,TID,否,是,ACTIVE
MED-2026-T247-05,桂枝茯苓丸（胶囊）,GZFLWJN,CHINESE_PATENT,CAPSULE,每粒装 0.31g,粒,0.31,g,ROOM_TEMPERATURE,是,是,否,,否,否,否,,否,,,,,,,,ORAL,TID,否,是,ACTIVE
MED-2026-T248-01,乳块消颗粒（胶囊、片）,RKXKLJNP,CHINESE_PATENT,GRANULE,每袋装 5g,袋,5,g,ROOM_TEMPERATURE,是,是,否,,否,否,否,,否,,,,,,,,ORAL,TID,否,是,ACTIVE
MED-2026-T248-02,乳块消颗粒（胶囊、片）,RKXKLJNP,CHINESE_PATENT,GRANULE,每袋装 10g,袋,10,g,ROOM_TEMPERATURE,是,是,否,,否,否,否,,否,,,,,,,,ORAL,TID,否,是,ACTIVE
MED-2026-T248-03,乳块消颗粒（胶囊、片）,RKXKLJNP,CHINESE_PATENT,CAPSULE,每粒装 0.3g,粒,0.3,g,ROOM_TEMPERATURE,是,是,否,,否,否,否,,否,,,,,,,,ORAL,TID,否,是,ACTIVE
MED-2026-T248-04,乳块消颗粒（胶囊、片）,RKXKLJNP,CHINESE_PATENT,TABLET,每片重 0.32g,片,0.32,g,ROOM_TEMPERATURE,是,是,否,,否,否,否,,否,,,,,,,,ORAL,TID,否,是,ACTIVE
MED-2026-T248-05,乳块消颗粒（胶囊、片）,RKXKLJNP,CHINESE_PATENT,TABLET,每片重 0.36g （相当于饮片 3.85g）,片,0.36,g,ROOM_TEMPERATURE,是,是,否,,否,否,否,,否,,,,,,,,ORAL,TID,否,是,ACTIVE
MED-2026-T249-01,宫瘤清胶囊（颗粒）,GLQJNKL,CHINESE_PATENT,CAPSULE,每粒装 0.37g,粒,0.37,g,ROOM_TEMPERATURE,是,是,否,,否,否,否,,否,,,,,,,,ORAL,TID,否,是,ACTIVE
MED-2026-T249-02,宫瘤清胶囊（颗粒）,GLQJNKL,CHINESE_PATENT,GRANULE,每袋装 4g,袋,4,g,ROOM_TEMPERATURE,是,是,否,,否,否,否,,否,,,,,,,,ORAL,TID,否,是,ACTIVE
MED-2026-T250,散结镇痛胶囊,SJZTJN,CHINESE_PATENT,CAPSULE,每粒装 0.4g,粒,0.4,g,ROOM_TEMPERATURE,是,是,否,,否,否,否,,否,,,,,,,,ORAL,TID,否,是,ACTIVE
MED-2026-T251-01,明目上清丸（片）,MMSQWP,CHINESE_PATENT,OTHER,每袋 （瓶）装 9g,丸,9,g,ROOM_TEMPERATURE,是,是,否,,否,否,否,,否,,,,,,,,ORAL,TID,否,是,ACTIVE
MED-2026-T251-02,明目上清丸（片）,MMSQWP,CHINESE_PATENT,TABLET,每片重 0.6g,片,0.6,g,ROOM_TEMPERATURE,是,是,否,,否,否,否,,否,,,,,,,,ORAL,TID,否,是,ACTIVE
MED-2026-T251-03,明目上清丸（片）,MMSQWP,CHINESE_PATENT,TABLET,每片重 0.63g,片,0.63,g,ROOM_TEMPERATURE,是,是,否,,否,否,否,,否,,,,,,,,ORAL,TID,否,是,ACTIVE
MED-2026-T252,马应龙八宝眼膏眼膏剂,MYLBBYG,CHINESE_PATENT,TABLET,每 1g 相当于饮片0.05g,片,1,g,ROOM_TEMPERATURE,是,是,否,,否,否,否,,否,,,,,,,,ORAL,TID,否,是,ACTIVE
MED-2026-T253-01,黄连羊肝丸,HLYGW,CHINESE_PATENT,OTHER,每丸重 9g,丸,9,g,ROOM_TEMPERATURE,是,是,否,,否,否,否,,否,,,,,,,,ORAL,TID,否,是,ACTIVE
MED-2026-T253-02,黄连羊肝丸,HLYGW,CHINESE_PATENT,OTHER,每 20 丸重 1g,丸,1,g,ROOM_TEMPERATURE,是,是,否,,否,否,否,,否,,,,,,,,ORAL,TID,否,是,ACTIVE
MED-2026-T253-03,黄连羊肝丸,HLYGW,CHINESE_PATENT,OTHER,每 100 丸重 20g,丸,20,g,ROOM_TEMPERATURE,是,是,否,,否,否,否,,否,,,,,,,,ORAL,TID,否,是,ACTIVE
MED-2026-T254-01,珍珠明目滴眼液滴眼剂,ZZMMDYY,CHINESE_PATENT,DROPS,每 1ml 相当于饮片 1mg,瓶,1,ml,ROOM_TEMPERATURE,是,是,否,,否,否,否,,否,,,,,,,,OPHTHALMIC,TID,否,是,ACTIVE
MED-2026-T254-02,珍珠明目滴眼液滴眼剂,ZZMMDYY,CHINESE_PATENT,DROPS,含珍珠液 0.02ml,瓶,0.02,ml,ROOM_TEMPERATURE,是,是,否,,否,否,否,,否,,,,,,,,OPHTHALMIC,TID,否,是,ACTIVE
MED-2026-T254-03,珍珠明目滴眼液每瓶（支）装 8ml,ZZMMDYY,CHINESE_PATENT,TABLET,常规说明书规格,片,,,ROOM_TEMPERATURE,是,是,否,,否,否,否,,否,,,,,,,,ORAL,TID,否,是,ACTIVE
MED-2026-T254-04,珍珠明目滴眼液10ml,ZZMMDYY,CHINESE_PATENT,TABLET,常规说明书规格,片,,,ROOM_TEMPERATURE,是,是,否,,否,否,否,,否,,,,,,,,ORAL,TID,否,是,ACTIVE
MED-2026-T254-05,珍珠明目滴眼液12ml,ZZMMDYY,CHINESE_PATENT,TABLET,常规说明书规格,片,,,ROOM_TEMPERATURE,是,是,否,,否,否,否,,否,,,,,,,,ORAL,TID,否,是,ACTIVE
MED-2026-T254-06,珍珠明目滴眼液15ml,ZZMMDYY,CHINESE_PATENT,TABLET,常规说明书规格,片,,,ROOM_TEMPERATURE,是,是,否,,否,否,否,,否,,,,,,,,ORAL,TID,否,是,ACTIVE
MED-2026-T255-01,明目地黄丸,MMDHW,CHINESE_PATENT,OTHER,每丸重 9g,丸,9,g,ROOM_TEMPERATURE,是,是,否,,否,否,否,,否,,,,,,,,ORAL,TID,否,是,ACTIVE
MED-2026-T255-02,明目地黄丸,MMDHW,CHINESE_PATENT,OTHER,每 8 丸相当于原生药 3g,丸,3,g,ROOM_TEMPERATURE,是,是,否,,否,否,否,,否,,,,,,,,ORAL,TID,否,是,ACTIVE
MED-2026-T255-03,明目地黄丸,MMDHW,CHINESE_PATENT,OTHER,每袋装 6g,丸,6,g,ROOM_TEMPERATURE,是,是,否,,否,否,否,,否,,,,,,,,ORAL,TID,否,是,ACTIVE
MED-2026-T255-04,明目地黄丸,MMDHW,CHINESE_PATENT,OTHER,每袋装 9g,丸,9,g,ROOM_TEMPERATURE,是,是,否,,否,否,否,,否,,,,,,,,ORAL,TID,否,是,ACTIVE
MED-2026-T256-01,障眼明片（胶囊）,ZYMPJN,CHINESE_PATENT,TABLET,每片重 0.21g,片,0.21,g,ROOM_TEMPERATURE,是,是,否,,否,否,否,,否,,,,,,,,ORAL,TID,否,是,ACTIVE
MED-2026-T256-02,障眼明片（胶囊）,ZYMPJN,CHINESE_PATENT,TABLET,每片重 0.42g,片,0.42,g,ROOM_TEMPERATURE,是,是,否,,否,否,否,,否,,,,,,,,ORAL,TID,否,是,ACTIVE
MED-2026-T256-03,障眼明片（胶囊）,ZYMPJN,CHINESE_PATENT,CAPSULE,每粒装 0.25g,粒,0.25,g,ROOM_TEMPERATURE,是,是,否,,否,否,否,,否,,,,,,,,ORAL,TID,否,是,ACTIVE
MED-2026-T256-04,障眼明片（胶囊）,ZYMPJN,CHINESE_PATENT,CAPSULE,每粒装 0.4g,粒,0.4,g,ROOM_TEMPERATURE,是,是,否,,否,否,否,,否,,,,,,,,ORAL,TID,否,是,ACTIVE
MED-2026-T257-01,石斛夜光丸,SHYGW,CHINESE_PATENT,OTHER,每丸重 5.5g,丸,5.5,g,ROOM_TEMPERATURE,是,是,否,,否,否,否,,否,,,,,,,,ORAL,TID,否,是,ACTIVE
MED-2026-T257-02,石斛夜光丸,SHYGW,CHINESE_PATENT,OTHER,每丸重 9g,丸,9,g,ROOM_TEMPERATURE,是,是,否,,否,否,否,,否,,,,,,,,ORAL,TID,否,是,ACTIVE
MED-2026-T257-03,石斛夜光丸,SHYGW,CHINESE_PATENT,OTHER,每 100 粒重 10g,丸,10,g,ROOM_TEMPERATURE,是,是,否,,否,否,否,,否,,,,,,,,ORAL,TID,否,是,ACTIVE
MED-2026-T257-04,石斛夜光丸,SHYGW,CHINESE_PATENT,OTHER,每袋装 6g,丸,6,g,ROOM_TEMPERATURE,是,是,否,,否,否,否,,否,,,,,,,,ORAL,TID,否,是,ACTIVE
MED-2026-T257-05,石斛夜光丸,SHYGW,CHINESE_PATENT,OTHER,每袋装 7.3g,丸,7.3,g,ROOM_TEMPERATURE,是,是,否,,否,否,否,,否,,,,,,,,ORAL,TID,否,是,ACTIVE
MED-2026-T258-01,和血明目片,HXMMP,CHINESE_PATENT,TABLET,每片重 0.3g,片,0.3,g,ROOM_TEMPERATURE,是,是,否,,否,否,否,,否,,,,,,,,ORAL,TID,否,是,ACTIVE
MED-2026-T258-02,和血明目片,HXMMP,CHINESE_PATENT,TABLET,每片重 0.31g,片,0.31,g,ROOM_TEMPERATURE,是,是,否,,否,否,否,,否,,,,,,,,ORAL,TID,否,是,ACTIVE
MED-2026-T259,止血祛瘀明目片,ZXQYMMP,CHINESE_PATENT,TABLET,每片重 0.3g,片,0.3,g,ROOM_TEMPERATURE,是,是,否,,否,否,否,,否,,,,,,,,ORAL,TID,否,是,ACTIVE
MED-2026-T260-01,复方血栓通胶囊（片）,FFXSTJNP,CHINESE_PATENT,CAPSULE,每粒装 0.5g,粒,0.5,g,ROOM_TEMPERATURE,是,是,否,,否,否,否,,否,,,,,,,,ORAL,TID,否,是,ACTIVE
MED-2026-T260-02,复方血栓通胶囊（片）,FFXSTJNP,CHINESE_PATENT,TABLET,每片重 0.35g,片,0.35,g,ROOM_TEMPERATURE,是,是,否,,否,否,否,,否,,,,,,,,ORAL,TID,否,是,ACTIVE
MED-2026-T260-03,复方血栓通胶囊（片）,FFXSTJNP,CHINESE_PATENT,TABLET,每片重 0.4g,片,0.4,g,ROOM_TEMPERATURE,是,是,否,,否,否,否,,否,,,,,,,,ORAL,TID,否,是,ACTIVE
MED-2026-T261-01,耳聋左慈丸,ELZCW,CHINESE_PATENT,OTHER,每丸重 9g,丸,9,g,ROOM_TEMPERATURE,是,是,否,,否,否,否,,否,,,,,,,,ORAL,TID,否,是,ACTIVE
MED-2026-T261-02,耳聋左慈丸,ELZCW,CHINESE_PATENT,OTHER,每 8 丸相当于原生药 3g,丸,3,g,ROOM_TEMPERATURE,是,是,否,,否,否,否,,否,,,,,,,,ORAL,TID,否,是,ACTIVE
MED-2026-T261-03,耳聋左慈丸,ELZCW,CHINESE_PATENT,OTHER,每 10 丸重 1g,丸,1,g,ROOM_TEMPERATURE,是,是,否,,否,否,否,,否,,,,,,,,ORAL,TID,否,是,ACTIVE
MED-2026-T262,通窍耳聋丸,TQELW,CHINESE_PATENT,OTHER,每 100 粒重 6g（相当于饮片 4.8g）,丸,6,g,ROOM_TEMPERATURE,是,是,否,,否,否,否,,否,,,,,,,,ORAL,TID,否,是,ACTIVE
MED-2026-T263,鼻炎康片,BYKP,CHINESE_PATENT,TABLET,每片重 0.37g（含马来酸氯苯那敏 1mg）,片,0.37,g,ROOM_TEMPERATURE,是,是,否,,否,否,否,,否,,,,,,,,ORAL,TID,否,是,ACTIVE
MED-2026-T264,鼻渊通窍颗粒,BYTQKL,CHINESE_PATENT,GRANULE,每袋 相当于饮片8.4g,袋,8.4,g,ROOM_TEMPERATURE,是,是,否,,否,否,否,,否,,,,,,,,ORAL,TID,否,是,ACTIVE
MED-2026-T265-01,藿胆丸（片、滴丸）,HDWPDW,CHINESE_PATENT,OTHER,每 10 丸重 0.17g（每1g 相当于饮片 1g）,丸,0.17,g,ROOM_TEMPERATURE,是,是,否,,否,否,否,,否,,,,,,,,ORAL,TID,否,是,ACTIVE
MED-2026-T265-02,藿胆丸（片、滴丸）,HDWPDW,CHINESE_PATENT,OTHER,每 195粒约重 3g,丸,3,g,ROOM_TEMPERATURE,是,是,否,,否,否,否,,否,,,,,,,,ORAL,TID,否,是,ACTIVE
MED-2026-T265-03,藿胆丸（片、滴丸）,HDWPDW,CHINESE_PATENT,OTHER,每瓶装 36g片剂,丸,36,g,ROOM_TEMPERATURE,是,是,否,,否,否,否,,否,,,,,,,,ORAL,TID,否,是,ACTIVE
MED-2026-T265-04,藿胆滴丸剂,HDWPDW,CHINESE_PATENT,OTHER,每丸重 50mg（每1g 含猪胆酸 100mg、广藿香油 100mg）,丸,50,mg,ROOM_TEMPERATURE,是,是,否,,否,否,否,,否,,,,,,,,ORAL,TID,否,是,ACTIVE
MED-2026-T266,辛夷鼻炎丸,XYBYW,CHINESE_PATENT,OTHER,每 10 丸重 0.75g,丸,0.75,g,ROOM_TEMPERATURE,是,是,否,,否,否,否,,否,,,,,,,,ORAL,TID,否,是,ACTIVE
MED-2026-T267-01,香菊胶囊（片）,XJJNP,CHINESE_PATENT,CAPSULE,每粒装 0.3g（相当于饮片 3.186g）,粒,0.3,g,ROOM_TEMPERATURE,是,是,否,,否,否,否,,否,,,,,,,,ORAL,TID,否,是,ACTIVE
MED-2026-T267-02,香菊胶囊（片）,XJJNP,CHINESE_PATENT,TABLET,每片重 0.3g,片,0.3,g,ROOM_TEMPERATURE,是,是,否,,否,否,否,,否,,,,,,,,ORAL,TID,否,是,ACTIVE
MED-2026-T267-03,香菊胶囊（片）,XJJNP,CHINESE_PATENT,TABLET,每片重 0.32g,片,0.32,g,ROOM_TEMPERATURE,是,是,否,,否,否,否,,否,,,,,,,,ORAL,TID,否,是,ACTIVE
MED-2026-T268,鼻窦炎口服液合剂,BDYKFY,CHINESE_PATENT,ORAL_LIQUID,每 1ml 相当于饮片1.97g,瓶,1,ml,ROOM_TEMPERATURE,是,是,否,,否,否,否,,否,,,,,,,,ORAL,TID,否,是,ACTIVE
MED-2026-T269-01,辛芩颗粒,XQKL,CHINESE_PATENT,GRANULE,每袋装 5g,袋,5,g,ROOM_TEMPERATURE,是,是,否,,否,否,否,,否,,,,,,,,ORAL,TID,否,是,ACTIVE
MED-2026-T269-02,辛芩颗粒,XQKL,CHINESE_PATENT,GRANULE,每袋装 20g,袋,20,g,ROOM_TEMPERATURE,是,是,否,,否,否,否,,否,,,,,,,,ORAL,TID,否,是,ACTIVE
MED-2026-T270-01,黄氏响声丸,HSXSW,CHINESE_PATENT,OTHER,炭衣丸每丸重 0.1g,丸,0.1,g,ROOM_TEMPERATURE,是,是,否,,否,否,否,,否,,,,,,,,ORAL,TID,否,是,ACTIVE
MED-2026-T270-02,黄氏响声丸,HSXSW,CHINESE_PATENT,OTHER,0.133g,丸,0.133,g,ROOM_TEMPERATURE,是,是,否,,否,否,否,,否,,,,,,,,ORAL,TID,否,是,ACTIVE
MED-2026-T270-03,黄氏响声丸,HSXSW,CHINESE_PATENT,OTHER,糖衣丸每瓶装400 丸,丸,,,ROOM_TEMPERATURE,是,是,否,,否,否,否,,否,,,,,,,,ORAL,TID,否,是,ACTIVE
MED-2026-T271,清咽滴丸滴丸剂,QYDW,CHINESE_PATENT,OTHER,每丸重 20mg,丸,20,mg,ROOM_TEMPERATURE,是,是,否,,否,否,否,,否,,,,,,,,ORAL,TID,否,是,ACTIVE
MED-2026-T272-01,金嗓散结胶囊（颗粒、丸）,JSSJJNKLW,CHINESE_PATENT,CAPSULE,每粒装 0.4g,粒,0.4,g,ROOM_TEMPERATURE,是,是,否,,否,否,否,,否,,,,,,,,ORAL,TID,否,是,ACTIVE
MED-2026-T272-02,金嗓散结胶囊（颗粒、丸）,JSSJJNKLW,CHINESE_PATENT,GRANULE,每 1g 相当于饮片1.67g,袋,1,g,ROOM_TEMPERATURE,是,是,否,,否,否,否,,否,,,,,,,,ORAL,TID,否,是,ACTIVE
MED-2026-T272-03,金嗓散结胶囊（颗粒、丸）,JSSJJNKLW,CHINESE_PATENT,OTHER,每 10 丸重 1g,丸,1,g,ROOM_TEMPERATURE,是,是,否,,否,否,否,,否,,,,,,,,ORAL,TID,否,是,ACTIVE
MED-2026-T273-01,口炎清颗粒,KYQKL,CHINESE_PATENT,GRANULE,每袋装 3g,袋,3,g,ROOM_TEMPERATURE,是,是,否,,否,否,否,,否,,,,,,,,ORAL,TID,否,是,ACTIVE
MED-2026-T273-02,口炎清颗粒,KYQKL,CHINESE_PATENT,GRANULE,每袋装 10g,袋,10,g,ROOM_TEMPERATURE,是,是,否,,否,否,否,,否,,,,,,,,ORAL,TID,否,是,ACTIVE
MED-2026-T274-01,玄麦甘桔颗粒（胶囊）,XMGJKLJN,CHINESE_PATENT,GRANULE,每袋装 10g,袋,10,g,ROOM_TEMPERATURE,是,是,否,,否,否,否,,否,,,,,,,,ORAL,TID,否,是,ACTIVE
MED-2026-T274-02,玄麦甘桔颗粒（胶囊）,XMGJKLJN,CHINESE_PATENT,CAPSULE,每粒装 0.35g,粒,0.35,g,ROOM_TEMPERATURE,是,是,否,,否,否,否,,否,,,,,,,,ORAL,TID,否,是,ACTIVE
MED-2026-T275,口腔溃疡散,KQKYS,CHINESE_PATENT,POWDER,每瓶装 3g,袋,3,g,ROOM_TEMPERATURE,是,是,否,,否,否,否,,否,,,,,,,,ORAL,TID,否,是,ACTIVE
MED-2026-T276,西帕依固龈液合剂,XPYGKY,CHINESE_PATENT,ORAL_LIQUID,每 1ml 相当于饮片0.02g,瓶,1,ml,ROOM_TEMPERATURE,是,是,否,,否,否,否,,否,,,,,,,,ORAL,TID,否,是,ACTIVE
MED-2026-T277-01,冰硼散,BPS,CHINESE_PATENT,POWDER,每瓶 （支）装0.6g,袋,0.6,g,ROOM_TEMPERATURE,是,是,否,,否,否,否,,否,,,,,,,,ORAL,TID,否,是,ACTIVE
MED-2026-T277-02,冰硼散,BPS,CHINESE_PATENT,POWDER,每瓶 1.5g,袋,1.5,g,ROOM_TEMPERATURE,是,是,否,,否,否,否,,否,,,,,,,,ORAL,TID,否,是,ACTIVE
MED-2026-T277-03,冰硼散,BPS,CHINESE_PATENT,POWDER,每瓶 2g,袋,2,g,ROOM_TEMPERATURE,是,是,否,,否,否,否,,否,,,,,,,,ORAL,TID,否,是,ACTIVE
MED-2026-T277-04,冰硼散,BPS,CHINESE_PATENT,POWDER,每瓶 3g,袋,3,g,ROOM_TEMPERATURE,是,是,否,,否,否,否,,否,,,,,,,,ORAL,TID,否,是,ACTIVE
MED-2026-T278-01,六神丸（胶囊、凝胶）,LSWJNNJ,CHINESE_PATENT,OTHER,每 1000 粒重 3.125g,丸,3.125,g,ROOM_TEMPERATURE,是,是,否,,否,否,否,,否,,,,,,,,ORAL,TID,否,是,ACTIVE
MED-2026-T278-02,六神丸（胶囊、凝胶）,LSWJNNJ,CHINESE_PATENT,CAPSULE,每粒装 0.19g,粒,0.19,g,ROOM_TEMPERATURE,是,是,否,,否,否,否,,否,,,,,,,,ORAL,TID,否,是,ACTIVE
MED-2026-T278-03,六神凝胶剂,LSWJNNJ,CHINESE_PATENT,CREAM,每支装 10g,支,10,g,ROOM_TEMPERATURE,是,是,否,,否,否,否,,否,,,,,,,,TOPICAL,TID,否,是,ACTIVE
MED-2026-T279,百蕊颗粒,BRKL,CHINESE_PATENT,GRANULE,每 1g 相当于饮片2.4g,袋,1,g,ROOM_TEMPERATURE,是,是,否,,否,否,否,,否,,,,,,,,ORAL,TID,否,是,ACTIVE
MED-2026-T280,甘桔冰梅片,GJBMP,CHINESE_PATENT,TABLET,每片重 0.2g,片,0.2,g,ROOM_TEMPERATURE,是,是,否,,否,否,否,,否,,,,,,,,ORAL,TID,否,是,ACTIVE
MED-2026-T281-01,接骨七厘散（丸、片）,JGQLSWP,CHINESE_PATENT,POWDER,每袋装 1.5g,袋,1.5,g,ROOM_TEMPERATURE,是,是,否,,否,否,否,,否,,,,,,,,ORAL,TID,否,是,ACTIVE
MED-2026-T281-02,接骨七厘散（丸、片）,JGQLSWP,CHINESE_PATENT,OTHER,每袋装 1.5g,丸,1.5,g,ROOM_TEMPERATURE,是,是,否,,否,否,否,,否,,,,,,,,ORAL,TID,否,是,ACTIVE
MED-2026-T281-03,接骨七厘散（丸、片）,JGQLSWP,CHINESE_PATENT,OTHER,每袋装 2g,丸,2,g,ROOM_TEMPERATURE,是,是,否,,否,否,否,,否,,,,,,,,ORAL,TID,否,是,ACTIVE
MED-2026-T281-04,接骨七厘散（丸、片）,JGQLSWP,CHINESE_PATENT,TABLET,每片 相当于原生药量 0.3g,片,0.3,g,ROOM_TEMPERATURE,是,是,否,,否,否,否,,否,,,,,,,,ORAL,TID,否,是,ACTIVE
MED-2026-T282,伤科接骨片,SKJGP,CHINESE_PATENT,TABLET,每片重 0.33g,片,0.33,g,ROOM_TEMPERATURE,是,是,否,,否,否,否,,否,,,,,,,,ORAL,TID,否,是,ACTIVE
MED-2026-T283-01,云南白药散,YNBYJNGDQWJ,CHINESE_PATENT,POWDER,常规说明书规格,袋,,,ROOM_TEMPERATURE,是,是,否,,否,否,否,,否,,,,,,,,ORAL,TID,否,是,ACTIVE
MED-2026-T283-02,云南白药（胶囊、膏、酊、气雾剂）,YNBYJNGDQWJ,CHINESE_PATENT,CAPSULE,常规说明书规格,粒,,,ROOM_TEMPERATURE,是,是,否,,否,否,否,,否,,,,,,,,ORAL,TID,否,是,ACTIVE
MED-2026-T283-03,云南白药贴膏剂,YNBYJNGDQWJ,CHINESE_PATENT,PATCH,常规说明书规格,贴,,,ROOM_TEMPERATURE,是,是,否,,否,否,否,,否,,,,,,,,TRANSDERMAL,TID,否,是,ACTIVE
MED-2026-T283-04,云南白药酊剂,YNBYJNGDQWJ,CHINESE_PATENT,ORAL_LIQUID,常规说明书规格,瓶,,,ROOM_TEMPERATURE,是,是,否,,否,否,否,,否,,,,,,,,ORAL,TID,否,是,ACTIVE
MED-2026-T283-05,云南白药（胶囊、膏、酊、气雾剂）,YNBYJNGDQWJ,CHINESE_PATENT,AEROSOL,常规说明书规格,支,,,ROOM_TEMPERATURE,是,是,否,,否,否,否,,否,,,,,,,,INHALATION,TID,否,是,ACTIVE
MED-2026-T284-01,活血止痛散（胶囊、软胶囊）,HXZTSJNRJN,CHINESE_PATENT,POWDER,每袋 （瓶）装 1.5g,袋,1.5,g,ROOM_TEMPERATURE,是,是,否,,否,否,否,,否,,,,,,,,ORAL,TID,否,是,ACTIVE
MED-2026-T284-02,活血止痛散（胶囊、软胶囊）,HXZTSJNRJN,CHINESE_PATENT,CAPSULE,每粒装 0.25g,粒,0.25,g,ROOM_TEMPERATURE,是,是,否,,否,否,否,,否,,,,,,,,ORAL,TID,否,是,ACTIVE
MED-2026-T284-03,活血止痛散（胶囊、软胶囊）,HXZTSJNRJN,CHINESE_PATENT,CAPSULE,每粒装 0.5g,粒,0.5,g,ROOM_TEMPERATURE,是,是,否,,否,否,否,,否,,,,,,,,ORAL,TID,否,是,ACTIVE
MED-2026-T284-04,活血止痛散（胶囊、软胶囊）,HXZTSJNRJN,CHINESE_PATENT,CAPSULE,每粒装 0.65g（相当于饮片 0.5g）,粒,0.65,g,ROOM_TEMPERATURE,是,是,否,,否,否,否,,否,,,,,,,,ORAL,TID,否,是,ACTIVE
MED-2026-T285-01,七厘散（胶囊）,QLSJN,CHINESE_PATENT,POWDER,每瓶装 1.5g,袋,1.5,g,ROOM_TEMPERATURE,是,是,否,,否,否,否,,否,,,,,,,,ORAL,TID,否,是,ACTIVE
MED-2026-T285-02,七厘散（胶囊）,QLSJN,CHINESE_PATENT,POWDER,每瓶装 3g,袋,3,g,ROOM_TEMPERATURE,是,是,否,,否,否,否,,否,,,,,,,,ORAL,TID,否,是,ACTIVE
MED-2026-T285-03,七厘散（胶囊）,QLSJN,CHINESE_PATENT,CAPSULE,每粒装 0.5g,粒,0.5,g,ROOM_TEMPERATURE,是,是,否,,否,否,否,,否,,,,,,,,ORAL,TID,否,是,ACTIVE
MED-2026-T286-01,消痛贴膏贴膏剂,XTTG,CHINESE_PATENT,PATCH,每贴装 1.0g,贴,1.0,g,ROOM_TEMPERATURE,是,是,否,,否,否,否,,否,,,,,,,,TRANSDERMAL,TID,否,是,ACTIVE
MED-2026-T286-02,消痛贴膏贴膏剂,XTTG,CHINESE_PATENT,PATCH,1.2g,贴,1.2,g,ROOM_TEMPERATURE,是,是,否,,否,否,否,,否,,,,,,,,TRANSDERMAL,TID,否,是,ACTIVE
MED-2026-T287-01,独一味胶囊（片）,DYWJNP,CHINESE_PATENT,CAPSULE,每粒装 0.3g（相当于饮片 1.0g）,粒,0.3,g,ROOM_TEMPERATURE,是,是,否,,否,否,否,,否,,,,,,,,ORAL,TID,否,是,ACTIVE
MED-2026-T287-02,独一味胶囊（片）,DYWJNP,CHINESE_PATENT,TABLET,每片重 0.26g,片,0.26,g,ROOM_TEMPERATURE,是,是,否,,否,否,否,,否,,,,,,,,ORAL,TID,否,是,ACTIVE
MED-2026-T287-03,独一味胶囊（片）,DYWJNP,CHINESE_PATENT,TABLET,每片重 0.28g,片,0.28,g,ROOM_TEMPERATURE,是,是,否,,否,否,否,,否,,,,,,,,ORAL,TID,否,是,ACTIVE
MED-2026-T288,盘龙七片,PLQP,CHINESE_PATENT,TABLET,每片重 0.3g,片,0.3,g,ROOM_TEMPERATURE,是,是,否,,否,否,否,,否,,,,,,,,ORAL,TID,否,是,ACTIVE
MED-2026-T289,复方伤痛胶囊,FFSTJN,CHINESE_PATENT,CAPSULE,每粒装 0.3g,粒,0.3,g,ROOM_TEMPERATURE,是,是,否,,否,否,否,,否,,,,,,,,ORAL,TID,否,是,ACTIVE
MED-2026-T290,颈舒颗粒,JSKL,CHINESE_PATENT,GRANULE,每袋装 6g,袋,6,g,ROOM_TEMPERATURE,是,是,否,,否,否,否,,否,,,,,,,,ORAL,TID,否,是,ACTIVE
MED-2026-T291,颈复康颗粒,JFKKL,CHINESE_PATENT,GRANULE,每袋装 5g,袋,5,g,ROOM_TEMPERATURE,是,是,否,,否,否,否,,否,,,,,,,,ORAL,TID,否,是,ACTIVE
MED-2026-T292,腰痹通胶囊,YBTJN,CHINESE_PATENT,CAPSULE,每粒装 0.42g,粒,0.42,g,ROOM_TEMPERATURE,是,是,否,,否,否,否,,否,,,,,,,,ORAL,TID,否,是,ACTIVE
MED-2026-T293-01,滑膜炎颗粒（片）,HMYKLP,CHINESE_PATENT,GRANULE,每 1g 相当于饮片3g,袋,1,g,ROOM_TEMPERATURE,是,是,否,,否,否,否,,否,,,,,,,,ORAL,TID,否,是,ACTIVE
MED-2026-T293-02,滑膜炎颗粒（片）,HMYKLP,CHINESE_PATENT,TABLET,每片重 0.5g,片,0.5,g,ROOM_TEMPERATURE,是,是,否,,否,否,否,,否,,,,,,,,ORAL,TID,否,是,ACTIVE
MED-2026-T293-03,滑膜炎颗粒（片）,HMYKLP,CHINESE_PATENT,TABLET,每片重 0.6g,片,0.6,g,ROOM_TEMPERATURE,是,是,否,,否,否,否,,否,,,,,,,,ORAL,TID,否,是,ACTIVE
MED-2026-T294-01,舒筋活血丸（片）,SJHXWP,CHINESE_PATENT,OTHER,每丸重 6g,丸,6,g,ROOM_TEMPERATURE,是,是,否,,否,否,否,,否,,,,,,,,ORAL,TID,否,是,ACTIVE
MED-2026-T294-02,舒筋活血丸（片）,SJHXWP,CHINESE_PATENT,TABLET,每片重 0.3g,片,0.3,g,ROOM_TEMPERATURE,是,是,否,,否,否,否,,否,,,,,,,,ORAL,TID,否,是,ACTIVE
MED-2026-T295-01,狗皮膏膏药,GPG,CHINESE_PATENT,PATCH,每张净重12g,贴,12,g,ROOM_TEMPERATURE,是,是,否,,否,否,否,,否,,,,,,,,TRANSDERMAL,TID,否,是,ACTIVE
MED-2026-T295-02,狗皮膏膏药,GPG,CHINESE_PATENT,PATCH,15g,贴,15,g,ROOM_TEMPERATURE,是,是,否,,否,否,否,,否,,,,,,,,TRANSDERMAL,TID,否,是,ACTIVE
MED-2026-T295-03,狗皮膏膏药,GPG,CHINESE_PATENT,PATCH,24g,贴,24,g,ROOM_TEMPERATURE,是,是,否,,否,否,否,,否,,,,,,,,TRANSDERMAL,TID,否,是,ACTIVE
MED-2026-T295-04,狗皮膏膏药,GPG,CHINESE_PATENT,PATCH,30g,贴,30,g,ROOM_TEMPERATURE,是,是,否,,否,否,否,,否,,,,,,,,TRANSDERMAL,TID,否,是,ACTIVE
MED-2026-T296-01,骨痛灵酊酊剂,GTLD,CHINESE_PATENT,ORAL_LIQUID,每袋装 10ml,瓶,10,ml,ROOM_TEMPERATURE,是,是,否,,否,否,否,,否,,,,,,,,ORAL,TID,否,是,ACTIVE
MED-2026-T296-02,骨痛灵酊酊剂,GTLD,CHINESE_PATENT,ORAL_LIQUID,每瓶装 30ml,瓶,30,ml,ROOM_TEMPERATURE,是,是,否,,否,否,否,,否,,,,,,,,ORAL,TID,否,是,ACTIVE
MED-2026-T296-03,骨痛灵酊酊剂,GTLD,CHINESE_PATENT,ORAL_LIQUID,每瓶装 60ml,瓶,60,ml,ROOM_TEMPERATURE,是,是,否,,否,否,否,,否,,,,,,,,ORAL,TID,否,是,ACTIVE
MED-2026-T296-04,骨痛灵酊酊剂,GTLD,CHINESE_PATENT,ORAL_LIQUID,每瓶装 100ml,瓶,100,ml,ROOM_TEMPERATURE,是,是,否,,否,否,否,,否,,,,,,,,ORAL,TID,否,是,ACTIVE
MED-2026-T296-05,骨痛灵酊酊剂,GTLD,CHINESE_PATENT,ORAL_LIQUID,每瓶装 250ml,瓶,250,ml,ROOM_TEMPERATURE,是,是,否,,否,否,否,,否,,,,,,,,ORAL,TID,否,是,ACTIVE
MED-2026-T297,通络祛痛膏贴膏剂,TLQTG,CHINESE_PATENT,PATCH,7cm × 10cm,贴,,,ROOM_TEMPERATURE,是,是,否,,否,否,否,,否,,,,,,,,TRANSDERMAL,TID,否,是,ACTIVE
MED-2026-T298,复方南星止痛膏贴膏剂,FFNXZTG,CHINESE_PATENT,PATCH,10cm × 13cm,贴,,,ROOM_TEMPERATURE,是,是,否,,否,否,否,,否,,,,,,,,TRANSDERMAL,TID,否,是,ACTIVE
MED-2026-T299,麝香追风止痛膏贴膏剂,SXZFZTG,CHINESE_PATENT,PATCH,7cm × 10cm,贴,,,ROOM_TEMPERATURE,是,是,否,,否,否,否,,否,,,,,,,,TRANSDERMAL,TID,否,是,ACTIVE
MED-2026-T300-01,仙灵骨葆胶囊（片）,XLGBJNP,CHINESE_PATENT,CAPSULE,每粒装 0.5g,粒,0.5,g,ROOM_TEMPERATURE,是,是,否,,否,否,否,,否,,,,,,,,ORAL,TID,否,是,ACTIVE
MED-2026-T300-02,仙灵骨葆胶囊（片）,XLGBJNP,CHINESE_PATENT,TABLET,每片重 0.3g,片,0.3,g,ROOM_TEMPERATURE,是,是,否,,否,否,否,,否,,,,,,,,ORAL,TID,否,是,ACTIVE
MED-2026-T301-01,恒古骨伤愈合剂,HGGSYHJ,CHINESE_PATENT,ORAL_LIQUID,12.5ml/瓶,瓶,12.5,ml,ROOM_TEMPERATURE,是,是,否,,否,否,否,,否,,,,,,,,ORAL,TID,否,是,ACTIVE
MED-2026-T301-02,恒古骨伤愈合剂,HGGSYHJ,CHINESE_PATENT,ORAL_LIQUID,25ml/ 瓶,瓶,25,ml,ROOM_TEMPERATURE,是,是,否,,否,否,否,,否,,,,,,,,ORAL,TID,否,是,ACTIVE
MED-2026-T302-01,小儿柴桂退热颗粒（口服液）,XECGTRKLKFY,CHINESE_PATENT,GRANULE,每袋装 2.5g（每 1g 相当于饮片1.0g）,袋,2.5,g,ROOM_TEMPERATURE,是,是,否,,否,否,否,,否,,,,,,,,ORAL,TID,否,是,ACTIVE
MED-2026-T302-02,小儿柴桂退热颗粒（口服液）,XECGTRKLKFY,CHINESE_PATENT,GRANULE,每袋装 4g （每 1g 相当于饮片1.25g）,袋,4,g,ROOM_TEMPERATURE,是,是,否,,否,否,否,,否,,,,,,,,ORAL,TID,否,是,ACTIVE
MED-2026-T302-03,小儿柴桂退热颗粒（口服液）,XECGTRKLKFY,CHINESE_PATENT,GRANULE,每袋装 5g（每 1g 相当于饮片 1.0g）合剂：每 1ml 相当于饮片 0.5g,袋,5,g,ROOM_TEMPERATURE,是,是,否,,否,否,否,,否,,,,,,,,ORAL,TID,否,是,ACTIVE
MED-2026-T303-01,小儿青翘颗粒,XEQQKL,CHINESE_PATENT,GRANULE,每袋装 5g,袋,5,g,ROOM_TEMPERATURE,是,是,否,,否,否,否,,否,,,,,,,,ORAL,TID,否,是,ACTIVE
MED-2026-T303-02,小儿青翘颗粒,XEQQKL,CHINESE_PATENT,GRANULE,每袋装 7.5g,袋,7.5,g,ROOM_TEMPERATURE,是,是,否,,否,否,否,,否,,,,,,,,ORAL,TID,否,是,ACTIVE
MED-2026-T304-01,小儿宝泰康颗粒,XEBTKKL,CHINESE_PATENT,GRANULE,每袋装 2.6g,袋,2.6,g,ROOM_TEMPERATURE,是,是,否,,否,否,否,,否,,,,,,,,ORAL,TID,否,是,ACTIVE
MED-2026-T304-02,小儿宝泰康颗粒,XEBTKKL,CHINESE_PATENT,GRANULE,每袋装 4g,袋,4,g,ROOM_TEMPERATURE,是,是,否,,否,否,否,,否,,,,,,,,ORAL,TID,否,是,ACTIVE
MED-2026-T304-03,小儿宝泰康颗粒,XEBTKKL,CHINESE_PATENT,GRANULE,每袋装 8g,袋,8,g,ROOM_TEMPERATURE,是,是,否,,否,否,否,,否,,,,,,,,ORAL,TID,否,是,ACTIVE
MED-2026-T305-01,小儿热速清合剂,XERSQKFYKL,CHINESE_PATENT,ORAL_LIQUID,每支装 10ml（每 1ml 相当于饮片 1.1625g）颗粒剂：每袋装 2g,瓶,10,ml,ROOM_TEMPERATURE,是,是,否,,否,否,否,,否,,,,,,,,ORAL,TID,否,是,ACTIVE
MED-2026-T305-02,小儿热速清合剂,XERSQKFYKL,CHINESE_PATENT,ORAL_LIQUID,每支装 6g,瓶,6,g,ROOM_TEMPERATURE,是,是,否,,否,否,否,,否,,,,,,,,ORAL,TID,否,是,ACTIVE
MED-2026-T306-01,小儿豉翘清热颗粒,XESQQRKL,CHINESE_PATENT,GRANULE,每袋装 2g,袋,2,g,ROOM_TEMPERATURE,是,是,否,,否,否,否,,否,,,,,,,,ORAL,TID,否,是,ACTIVE
MED-2026-T306-02,小儿豉翘清热颗粒,XESQQRKL,CHINESE_PATENT,GRANULE,每袋装 4g,袋,4,g,ROOM_TEMPERATURE,是,是,否,,否,否,否,,否,,,,,,,,ORAL,TID,否,是,ACTIVE
MED-2026-T307-01,小儿泻速停颗粒,XEXSTKL,CHINESE_PATENT,GRANULE,每袋装 3g,袋,3,g,ROOM_TEMPERATURE,是,是,否,,否,否,否,,否,,,,,,,,ORAL,TID,否,是,ACTIVE
MED-2026-T307-02,小儿泻速停颗粒,XEXSTKL,CHINESE_PATENT,GRANULE,每袋装 5g,袋,5,g,ROOM_TEMPERATURE,是,是,否,,否,否,否,,否,,,,,,,,ORAL,TID,否,是,ACTIVE
MED-2026-T307-03,小儿泻速停颗粒,XEXSTKL,CHINESE_PATENT,GRANULE,每袋装 10g,袋,10,g,ROOM_TEMPERATURE,是,是,否,,否,否,否,,否,,,,,,,,ORAL,TID,否,是,ACTIVE
MED-2026-T308-01,小儿肺热咳喘颗粒（口服液）,XEFRKCKLKFY,CHINESE_PATENT,GRANULE,每袋装 3g,袋,3,g,ROOM_TEMPERATURE,是,是,否,,否,否,否,,否,,,,,,,,ORAL,TID,否,是,ACTIVE
MED-2026-T308-02,小儿肺热咳喘颗粒（口服液）,XEFRKCKLKFY,CHINESE_PATENT,GRANULE,每袋装 4g （相当于饮片 10.6g）,袋,4,g,ROOM_TEMPERATURE,是,是,否,,否,否,否,,否,,,,,,,,ORAL,TID,否,是,ACTIVE
MED-2026-T308-03,小儿肺热咳喘合剂,XEFRKCKLKFY,CHINESE_PATENT,ORAL_LIQUID,每支装 10ml（每1ml 相当于饮片 1.77g）,瓶,10,ml,ROOM_TEMPERATURE,是,是,否,,否,否,否,,否,,,,,,,,ORAL,TID,否,是,ACTIVE
MED-2026-T309,金振口服液合剂,JZKFY,CHINESE_PATENT,ORAL_LIQUID,每支装 10ml（每1ml 相当于饮片 0.27g）,瓶,10,ml,ROOM_TEMPERATURE,是,是,否,,否,否,否,,否,,,,,,,,ORAL,TID,否,是,ACTIVE
MED-2026-T310,小儿定喘口服液合剂,XEDCKFY,CHINESE_PATENT,ORAL_LIQUID,每 1ml 相当于饮片1.0g,瓶,1,ml,ROOM_TEMPERATURE,是,是,否,,否,否,否,,否,,,,,,,,ORAL,TID,否,是,ACTIVE
MED-2026-T311,清宣止咳颗粒,QXZKKL,CHINESE_PATENT,GRANULE,每袋装 10g,袋,10,g,ROOM_TEMPERATURE,是,是,否,,否,否,否,,否,,,,,,,,ORAL,TID,否,是,ACTIVE
MED-2026-T312,小儿消积止咳口服液合剂,XEXJZKKFY,CHINESE_PATENT,ORAL_LIQUID,每 1ml 相当于饮片1.0g,瓶,1,ml,ROOM_TEMPERATURE,是,是,否,,否,否,否,,否,,,,,,,,ORAL,TID,否,是,ACTIVE
MED-2026-T313-01,小儿肺咳颗粒,XEFKKL,CHINESE_PATENT,GRANULE,每袋装 2g,袋,2,g,ROOM_TEMPERATURE,是,是,否,,否,否,否,,否,,,,,,,,ORAL,TID,否,是,ACTIVE
MED-2026-T313-02,小儿肺咳颗粒,XEFKKL,CHINESE_PATENT,GRANULE,每袋装 3g,袋,3,g,ROOM_TEMPERATURE,是,是,否,,否,否,否,,否,,,,,,,,ORAL,TID,否,是,ACTIVE
MED-2026-T313-03,小儿肺咳颗粒,XEFKKL,CHINESE_PATENT,GRANULE,每袋装 6g,袋,6,g,ROOM_TEMPERATURE,是,是,否,,否,否,否,,否,,,,,,,,ORAL,TID,否,是,ACTIVE
MED-2026-T314-01,健儿消食口服液合剂,JEXSKFY,CHINESE_PATENT,ORAL_LIQUID,每支装 10ml（相当于饮片 3g）,瓶,10,ml,ROOM_TEMPERATURE,否,是,否,,否,否,否,,否,,,,,,,,ORAL,TID,否,是,ACTIVE
MED-2026-T314-02,健儿消食口服液合剂,JEXSKFY,CHINESE_PATENT,ORAL_LIQUID,每 1ml 相当于饮片 0.3g,瓶,1,ml,ROOM_TEMPERATURE,否,是,否,,否,否,否,,否,,,,,,,,ORAL,TID,否,是,ACTIVE
MED-2026-T315,醒脾养儿颗粒,XPYEKL,CHINESE_PATENT,GRANULE,每袋装 2g,袋,2,g,ROOM_TEMPERATURE,是,是,否,,否,否,否,,否,,,,,,,,ORAL,TID,否,是,ACTIVE
MED-2026-T316,小儿黄龙颗粒,XEHLKL,CHINESE_PATENT,GRANULE,每袋装 5g,袋,5,g,ROOM_TEMPERATURE,是,是,否,,否,否,否,,否,,,,,,,,ORAL,TID,否,是,ACTIVE
MED-2026-T317-01,芍麻止痉颗粒,SMZJKL,CHINESE_PATENT,GRANULE,每袋装 2.5g（相当于饮片 9.4g）,袋,2.5,g,ROOM_TEMPERATURE,是,是,否,,否,否,否,,否,,,,,,,,ORAL,TID,否,是,ACTIVE
MED-2026-T317-02,芍麻止痉颗粒,SMZJKL,CHINESE_PATENT,GRANULE,每袋装 5g（相当于饮片 18.8g）,袋,5,g,ROOM_TEMPERATURE,是,是,否,,否,否,否,,否,,,,,,,,ORAL,TID,否,是,ACTIVE
MED-2026-T318-01,小儿化食丸（口服液）,XEHSWKFY,CHINESE_PATENT,OTHER,每丸重 1.5g,丸,1.5,g,ROOM_TEMPERATURE,是,是,否,,否,否,否,,否,,,,,,,,ORAL,TID,否,是,ACTIVE
MED-2026-T318-02,小儿化食合剂,XEHSWKFY,CHINESE_PATENT,ORAL_LIQUID,每支装 10ml,瓶,10,ml,ROOM_TEMPERATURE,是,是,否,,否,否,否,,否,,,,,,,,ORAL,TID,否,是,ACTIVE